"配方 ID","原料序号","原料可选项（中文名 <ID>）","候选物品数量","备注"
"farmersdelight:cutting/brown_mushroom_colony","1","棕色蘑菇菌落 <farmersdelight:brown_mushroom_colony>","","原料"
"farmersdelight:cutting/brown_mushroom_colony","2","{""type"":""farmersdelight:item_ability"",""action"":""knife_dig""}","","工具"
"farmersdelight:cutting/brown_mushroom_colony","3","#c:tools/knife","","工具"
"farmersdelight:chopping_board/add/sweet_berry_cheesecake_slice","1","甜浆果芝士派 <farmersdelight:sweet_berry_cheesecake>","","原料"
"kaleidoscope_cookery:millstone/light_blue_dye_from_blue_orchid","1","兰花 <minecraft:blue_orchid>","","原料"
"kaleidoscope_cookery:flex_pot/candied_potato","1","糖 <minecraft:sugar>","","原料"
"kaleidoscope_cookery:flex_pot/candied_potato","2","马铃薯 <minecraft:potato>","","原料"
"kaleidoscope_cookery:flex_pot/candied_potato","3","碗 <minecraft:bowl>","","容器/载体"
"spawn:rotten_flesh_from_zombified_flower","1","腐尸花 <spawn:zombified_flower>","","原料"
"kaleidoscope_cookery:flex_stockpot/hui_noodle","1","#c:foods/raw_mutton","","原料"
"kaleidoscope_cookery:flex_stockpot/hui_noodle","2","生面条 <kaleidoscope_cookery:raw_noodles>","","原料"
"farmersdelight:cutting/ink_sac","1","墨囊 <minecraft:ink_sac>","","原料"
"farmersdelight:cutting/ink_sac","2","{""type"":""farmersdelight:item_ability"",""action"":""knife_dig""}","","工具"
"farmersdelight:cutting/ink_sac","3","#c:tools/knife","","工具"
"kaleidoscope_cookery:millstone/gold_nugget_from_gilded_blackstone","1","镶金黑石 <minecraft:gilded_blackstone>","","原料"
"farmersdelight:cooked_chicken_cuts_from_smoking","1","生鸡肉丁 <farmersdelight:chicken_cuts>","","原料"
"kaleidoscope_cookery:stockpot/shengjian_mantou_count_6","1","裹馅面食 <kaleidoscope_cookery:stuffed_dough_food>","","原料"
"kaleidoscope_cookery:stockpot/shengjian_mantou_count_6","2","裹馅面食 <kaleidoscope_cookery:stuffed_dough_food>","","原料"
"kaleidoscope_cookery:stockpot/shengjian_mantou_count_6","3","裹馅面食 <kaleidoscope_cookery:stuffed_dough_food>","","原料"
"kaleidoscope_cookery:stockpot/shengjian_mantou_count_6","4","裹馅面食 <kaleidoscope_cookery:stuffed_dough_food>","","原料"
"kaleidoscope_cookery:stockpot/shengjian_mantou_count_6","5","裹馅面食 <kaleidoscope_cookery:stuffed_dough_food>","","原料"
"kaleidoscope_cookery:stockpot/shengjian_mantou_count_6","6","裹馅面食 <kaleidoscope_cookery:stuffed_dough_food>","","原料"
"kaleidoscope_cookery:stockpot/shengjian_mantou_count_5","1","裹馅面食 <kaleidoscope_cookery:stuffed_dough_food>","","原料"
"kaleidoscope_cookery:stockpot/shengjian_mantou_count_5","2","裹馅面食 <kaleidoscope_cookery:stuffed_dough_food>","","原料"
"kaleidoscope_cookery:stockpot/shengjian_mantou_count_5","3","裹馅面食 <kaleidoscope_cookery:stuffed_dough_food>","","原料"
"kaleidoscope_cookery:stockpot/shengjian_mantou_count_5","4","裹馅面食 <kaleidoscope_cookery:stuffed_dough_food>","","原料"
"kaleidoscope_cookery:stockpot/shengjian_mantou_count_5","5","裹馅面食 <kaleidoscope_cookery:stuffed_dough_food>","","原料"
"kaleidoscope_cookery:stockpot/shengjian_mantou_count_8","1","裹馅面食 <kaleidoscope_cookery:stuffed_dough_food>","","原料"
"kaleidoscope_cookery:stockpot/shengjian_mantou_count_8","2","裹馅面食 <kaleidoscope_cookery:stuffed_dough_food>","","原料"
"kaleidoscope_cookery:stockpot/shengjian_mantou_count_8","3","裹馅面食 <kaleidoscope_cookery:stuffed_dough_food>","","原料"
"kaleidoscope_cookery:stockpot/shengjian_mantou_count_8","4","裹馅面食 <kaleidoscope_cookery:stuffed_dough_food>","","原料"
"kaleidoscope_cookery:stockpot/shengjian_mantou_count_8","5","裹馅面食 <kaleidoscope_cookery:stuffed_dough_food>","","原料"
"kaleidoscope_cookery:stockpot/shengjian_mantou_count_8","6","裹馅面食 <kaleidoscope_cookery:stuffed_dough_food>","","原料"
"kaleidoscope_cookery:stockpot/shengjian_mantou_count_8","7","裹馅面食 <kaleidoscope_cookery:stuffed_dough_food>","","原料"
"kaleidoscope_cookery:stockpot/shengjian_mantou_count_8","8","裹馅面食 <kaleidoscope_cookery:stuffed_dough_food>","","原料"
"kaleidoscope_cookery:stockpot/shengjian_mantou_count_7","1","裹馅面食 <kaleidoscope_cookery:stuffed_dough_food>","","原料"
"kaleidoscope_cookery:stockpot/shengjian_mantou_count_7","2","裹馅面食 <kaleidoscope_cookery:stuffed_dough_food>","","原料"
"kaleidoscope_cookery:stockpot/shengjian_mantou_count_7","3","裹馅面食 <kaleidoscope_cookery:stuffed_dough_food>","","原料"
"kaleidoscope_cookery:stockpot/shengjian_mantou_count_7","4","裹馅面食 <kaleidoscope_cookery:stuffed_dough_food>","","原料"
"kaleidoscope_cookery:stockpot/shengjian_mantou_count_7","5","裹馅面食 <kaleidoscope_cookery:stuffed_dough_food>","","原料"
"kaleidoscope_cookery:stockpot/shengjian_mantou_count_7","6","裹馅面食 <kaleidoscope_cookery:stuffed_dough_food>","","原料"
"kaleidoscope_cookery:stockpot/shengjian_mantou_count_7","7","裹馅面食 <kaleidoscope_cookery:stuffed_dough_food>","","原料"
"kaleidoscope_cookery:stockpot/shengjian_mantou_count_2","1","裹馅面食 <kaleidoscope_cookery:stuffed_dough_food>","","原料"
"kaleidoscope_cookery:stockpot/shengjian_mantou_count_2","2","裹馅面食 <kaleidoscope_cookery:stuffed_dough_food>","","原料"
"kaleidoscope_cookery:stockpot/shengjian_mantou_count_1","1","裹馅面食 <kaleidoscope_cookery:stuffed_dough_food>","","原料"
"kaleidoscope_cookery:stockpot/shengjian_mantou_count_4","1","裹馅面食 <kaleidoscope_cookery:stuffed_dough_food>","","原料"
"kaleidoscope_cookery:stockpot/shengjian_mantou_count_4","2","裹馅面食 <kaleidoscope_cookery:stuffed_dough_food>","","原料"
"kaleidoscope_cookery:stockpot/shengjian_mantou_count_4","3","裹馅面食 <kaleidoscope_cookery:stuffed_dough_food>","","原料"
"kaleidoscope_cookery:stockpot/shengjian_mantou_count_4","4","裹馅面食 <kaleidoscope_cookery:stuffed_dough_food>","","原料"
"kaleidoscope_cookery:stockpot/shengjian_mantou_count_3","1","裹馅面食 <kaleidoscope_cookery:stuffed_dough_food>","","原料"
"kaleidoscope_cookery:stockpot/shengjian_mantou_count_3","2","裹馅面食 <kaleidoscope_cookery:stuffed_dough_food>","","原料"
"kaleidoscope_cookery:stockpot/shengjian_mantou_count_3","3","裹馅面食 <kaleidoscope_cookery:stuffed_dough_food>","","原料"
"farmersdelight:integration/create/milling/wild_beetroots","1","海甜菜 <farmersdelight:wild_beetroots>","","原料"
"kaleidoscope_cookery:stockpot/shengjian_mantou_count_9","1","裹馅面食 <kaleidoscope_cookery:stuffed_dough_food>","","原料"
"kaleidoscope_cookery:stockpot/shengjian_mantou_count_9","2","裹馅面食 <kaleidoscope_cookery:stuffed_dough_food>","","原料"
"kaleidoscope_cookery:stockpot/shengjian_mantou_count_9","3","裹馅面食 <kaleidoscope_cookery:stuffed_dough_food>","","原料"
"kaleidoscope_cookery:stockpot/shengjian_mantou_count_9","4","裹馅面食 <kaleidoscope_cookery:stuffed_dough_food>","","原料"
"kaleidoscope_cookery:stockpot/shengjian_mantou_count_9","5","裹馅面食 <kaleidoscope_cookery:stuffed_dough_food>","","原料"
"kaleidoscope_cookery:stockpot/shengjian_mantou_count_9","6","裹馅面食 <kaleidoscope_cookery:stuffed_dough_food>","","原料"
"kaleidoscope_cookery:stockpot/shengjian_mantou_count_9","7","裹馅面食 <kaleidoscope_cookery:stuffed_dough_food>","","原料"
"kaleidoscope_cookery:stockpot/shengjian_mantou_count_9","8","裹馅面食 <kaleidoscope_cookery:stuffed_dough_food>","","原料"
"kaleidoscope_cookery:stockpot/shengjian_mantou_count_9","9","裹馅面食 <kaleidoscope_cookery:stuffed_dough_food>","","原料"
"spawn:algal_reefstone_wall_from_algal_reefstone_stonecutting","1","藻礁石 <spawn:algal_reefstone>","","原料"
"kaleidoscope_cookery:sweet_and_sour_pork_rice_bowl","1","糖醋里脊 <kaleidoscope_cookery:sweet_and_sour_pork>","","原料"
"kaleidoscope_cookery:millstone/light_gray_dye_from_azure_bluet","1","蓝花美耳草 <minecraft:azure_bluet>","","原料"
"farmersdelight:rice_roll_medley_block","1","海带寿司 <farmersdelight:kelp_roll_slice>","","原料"
"farmersdelight:rice_roll_medley_block","2","海带寿司 <farmersdelight:kelp_roll_slice>","","原料"
"farmersdelight:rice_roll_medley_block","3","海带寿司 <farmersdelight:kelp_roll_slice>","","原料"
"farmersdelight:rice_roll_medley_block","4","鲑鱼寿司 <farmersdelight:salmon_roll>","","原料"
"farmersdelight:rice_roll_medley_block","5","鲑鱼寿司 <farmersdelight:salmon_roll>","","原料"
"farmersdelight:rice_roll_medley_block","6","鲑鱼寿司 <farmersdelight:salmon_roll>","","原料"
"farmersdelight:rice_roll_medley_block","7","鳕鱼寿司 <farmersdelight:cod_roll>","","原料"
"farmersdelight:rice_roll_medley_block","8","碗 <minecraft:bowl>","","原料"
"farmersdelight:rice_roll_medley_block","9","鳕鱼寿司 <farmersdelight:cod_roll>","","原料"
"farmersdelight:cutting/smoked_ham","1","烟熏火腿 <farmersdelight:smoked_ham>","","原料"
"farmersdelight:cutting/smoked_ham","2","{""type"":""farmersdelight:item_ability"",""action"":""knife_dig""}","","工具"
"farmersdelight:cutting/smoked_ham","3","#c:tools/knife","","工具"
"farmersdelight:blue_canvas_sign","1","#farmersdelight:canvas_signs","","原料"
"farmersdelight:blue_canvas_sign","2","#c:dyes/blue","","原料"
"kaleidoscope_cookery:pot/cooked_rice_to_sticky_rice_cake_8","1","米饭 <kaleidoscope_cookery:cooked_rice>","","原料"
"kaleidoscope_cookery:pot/cooked_rice_to_sticky_rice_cake_8","2","米饭 <kaleidoscope_cookery:cooked_rice>","","原料"
"kaleidoscope_cookery:pot/cooked_rice_to_sticky_rice_cake_8","3","米饭 <kaleidoscope_cookery:cooked_rice>","","原料"
"kaleidoscope_cookery:pot/cooked_rice_to_sticky_rice_cake_8","4","米饭 <kaleidoscope_cookery:cooked_rice>","","原料"
"kaleidoscope_cookery:pot/cooked_rice_to_sticky_rice_cake_8","5","米饭 <kaleidoscope_cookery:cooked_rice>","","原料"
"kaleidoscope_cookery:pot/cooked_rice_to_sticky_rice_cake_8","6","米饭 <kaleidoscope_cookery:cooked_rice>","","原料"
"kaleidoscope_cookery:pot/cooked_rice_to_sticky_rice_cake_8","7","米饭 <kaleidoscope_cookery:cooked_rice>","","原料"
"kaleidoscope_cookery:pot/cooked_rice_to_sticky_rice_cake_8","8","米饭 <kaleidoscope_cookery:cooked_rice>","","原料"
"kaleidoscope_cookery:pot/cooked_rice_to_sticky_rice_cake_7","1","米饭 <kaleidoscope_cookery:cooked_rice>","","原料"
"kaleidoscope_cookery:pot/cooked_rice_to_sticky_rice_cake_7","2","米饭 <kaleidoscope_cookery:cooked_rice>","","原料"
"kaleidoscope_cookery:pot/cooked_rice_to_sticky_rice_cake_7","3","米饭 <kaleidoscope_cookery:cooked_rice>","","原料"
"kaleidoscope_cookery:pot/cooked_rice_to_sticky_rice_cake_7","4","米饭 <kaleidoscope_cookery:cooked_rice>","","原料"
"kaleidoscope_cookery:pot/cooked_rice_to_sticky_rice_cake_7","5","米饭 <kaleidoscope_cookery:cooked_rice>","","原料"
"kaleidoscope_cookery:pot/cooked_rice_to_sticky_rice_cake_7","6","米饭 <kaleidoscope_cookery:cooked_rice>","","原料"
"kaleidoscope_cookery:pot/cooked_rice_to_sticky_rice_cake_7","7","米饭 <kaleidoscope_cookery:cooked_rice>","","原料"
"kaleidoscope_cookery:pot/cooked_rice_to_sticky_rice_cake_9","1","米饭 <kaleidoscope_cookery:cooked_rice>","","原料"
"kaleidoscope_cookery:pot/cooked_rice_to_sticky_rice_cake_9","2","米饭 <kaleidoscope_cookery:cooked_rice>","","原料"
"kaleidoscope_cookery:pot/cooked_rice_to_sticky_rice_cake_9","3","米饭 <kaleidoscope_cookery:cooked_rice>","","原料"
"kaleidoscope_cookery:pot/cooked_rice_to_sticky_rice_cake_9","4","米饭 <kaleidoscope_cookery:cooked_rice>","","原料"
"kaleidoscope_cookery:pot/cooked_rice_to_sticky_rice_cake_9","5","米饭 <kaleidoscope_cookery:cooked_rice>","","原料"
"kaleidoscope_cookery:pot/cooked_rice_to_sticky_rice_cake_9","6","米饭 <kaleidoscope_cookery:cooked_rice>","","原料"
"kaleidoscope_cookery:pot/cooked_rice_to_sticky_rice_cake_9","7","米饭 <kaleidoscope_cookery:cooked_rice>","","原料"
"kaleidoscope_cookery:pot/cooked_rice_to_sticky_rice_cake_9","8","米饭 <kaleidoscope_cookery:cooked_rice>","","原料"
"kaleidoscope_cookery:pot/cooked_rice_to_sticky_rice_cake_9","9","米饭 <kaleidoscope_cookery:cooked_rice>","","原料"
"kaleidoscope_cookery:flex_pot/chorus_fried_egg","1","#c:eggs","","原料"
"kaleidoscope_cookery:flex_pot/chorus_fried_egg","2","紫颂果 <minecraft:chorus_fruit>","","原料"
"kaleidoscope_cookery:flex_pot/chorus_fried_egg","3","碗 <minecraft:bowl>","","容器/载体"
"kaleidoscope_cookery:pot/cooked_rice_to_sticky_rice_cake_2","1","米饭 <kaleidoscope_cookery:cooked_rice>","","原料"
"kaleidoscope_cookery:pot/cooked_rice_to_sticky_rice_cake_2","2","米饭 <kaleidoscope_cookery:cooked_rice>","","原料"
"kaleidoscope_cookery:pot/cooked_rice_to_sticky_rice_cake_1","1","米饭 <kaleidoscope_cookery:cooked_rice>","","原料"
"kaleidoscope_cookery:pot/cooked_rice_to_sticky_rice_cake_4","1","米饭 <kaleidoscope_cookery:cooked_rice>","","原料"
"kaleidoscope_cookery:pot/cooked_rice_to_sticky_rice_cake_4","2","米饭 <kaleidoscope_cookery:cooked_rice>","","原料"
"kaleidoscope_cookery:pot/cooked_rice_to_sticky_rice_cake_4","3","米饭 <kaleidoscope_cookery:cooked_rice>","","原料"
"kaleidoscope_cookery:pot/cooked_rice_to_sticky_rice_cake_4","4","米饭 <kaleidoscope_cookery:cooked_rice>","","原料"
"farmersdelight:cyan_hanging_canvas_sign","1","#farmersdelight:hanging_canvas_signs","","原料"
"farmersdelight:cyan_hanging_canvas_sign","2","#c:dyes/cyan","","原料"
"kaleidoscope_cookery:pot/cooked_rice_to_sticky_rice_cake_3","1","米饭 <kaleidoscope_cookery:cooked_rice>","","原料"
"kaleidoscope_cookery:pot/cooked_rice_to_sticky_rice_cake_3","2","米饭 <kaleidoscope_cookery:cooked_rice>","","原料"
"kaleidoscope_cookery:pot/cooked_rice_to_sticky_rice_cake_3","3","米饭 <kaleidoscope_cookery:cooked_rice>","","原料"
"kaleidoscope_cookery:pot/cooked_rice_to_sticky_rice_cake_6","1","米饭 <kaleidoscope_cookery:cooked_rice>","","原料"
"kaleidoscope_cookery:pot/cooked_rice_to_sticky_rice_cake_6","2","米饭 <kaleidoscope_cookery:cooked_rice>","","原料"
"kaleidoscope_cookery:pot/cooked_rice_to_sticky_rice_cake_6","3","米饭 <kaleidoscope_cookery:cooked_rice>","","原料"
"kaleidoscope_cookery:pot/cooked_rice_to_sticky_rice_cake_6","4","米饭 <kaleidoscope_cookery:cooked_rice>","","原料"
"kaleidoscope_cookery:pot/cooked_rice_to_sticky_rice_cake_6","5","米饭 <kaleidoscope_cookery:cooked_rice>","","原料"
"kaleidoscope_cookery:pot/cooked_rice_to_sticky_rice_cake_6","6","米饭 <kaleidoscope_cookery:cooked_rice>","","原料"
"kaleidoscope_cookery:pot/cooked_rice_to_sticky_rice_cake_5","1","米饭 <kaleidoscope_cookery:cooked_rice>","","原料"
"kaleidoscope_cookery:pot/cooked_rice_to_sticky_rice_cake_5","2","米饭 <kaleidoscope_cookery:cooked_rice>","","原料"
"kaleidoscope_cookery:pot/cooked_rice_to_sticky_rice_cake_5","3","米饭 <kaleidoscope_cookery:cooked_rice>","","原料"
"kaleidoscope_cookery:pot/cooked_rice_to_sticky_rice_cake_5","4","米饭 <kaleidoscope_cookery:cooked_rice>","","原料"
"kaleidoscope_cookery:pot/cooked_rice_to_sticky_rice_cake_5","5","米饭 <kaleidoscope_cookery:cooked_rice>","","原料"
"farmersdelight:pot/modify/fried_rice","1","#c:crops/rice","","原料"
"farmersdelight:pot/modify/fried_rice","2","#c:eggs","","原料"
"farmersdelight:pot/modify/fried_rice","3","#c:crops/carrot","","原料"
"farmersdelight:pot/modify/fried_rice","4","#c:crops/onion","","原料"
"farmersdelight:pot/modify/fried_rice","5","碗 <minecraft:bowl>","","容器/载体"
"kaleidoscope_cookery:flex_pot/fish_flavored_shredded_pork","1","#c:foods/raw_pork","","原料"
"kaleidoscope_cookery:flex_pot/fish_flavored_shredded_pork","2","#c:crops/chilipepper","","原料"
"kaleidoscope_cookery:flex_pot/fish_flavored_shredded_pork","3","#c:mushrooms","","原料"
"kaleidoscope_cookery:flex_pot/fish_flavored_shredded_pork","4","碗 <minecraft:bowl>","","容器/载体"
"kaleidoscope_cookery:flex_stockpot/hot_dry_noodles","1","#c:crops/chilipepper","","原料"
"kaleidoscope_cookery:flex_stockpot/hot_dry_noodles","2","生面条 <kaleidoscope_cookery:raw_noodles>","","原料"
"farmersdelight:milk_bottle","1","奶桶 <minecraft:milk_bucket>","","原料"
"farmersdelight:milk_bottle","2","玻璃瓶 <minecraft:glass_bottle>","","原料"
"farmersdelight:milk_bottle","3","玻璃瓶 <minecraft:glass_bottle>","","原料"
"farmersdelight:milk_bottle","4","玻璃瓶 <minecraft:glass_bottle>","","原料"
"farmersdelight:milk_bottle","5","玻璃瓶 <minecraft:glass_bottle>","","原料"
"kaleidoscope_cookery:pot/chorus_fruit_to_popped_chorus_fruit_9","1","紫颂果 <minecraft:chorus_fruit>","","原料"
"kaleidoscope_cookery:pot/chorus_fruit_to_popped_chorus_fruit_9","2","紫颂果 <minecraft:chorus_fruit>","","原料"
"kaleidoscope_cookery:pot/chorus_fruit_to_popped_chorus_fruit_9","3","紫颂果 <minecraft:chorus_fruit>","","原料"
"kaleidoscope_cookery:pot/chorus_fruit_to_popped_chorus_fruit_9","4","紫颂果 <minecraft:chorus_fruit>","","原料"
"kaleidoscope_cookery:pot/chorus_fruit_to_popped_chorus_fruit_9","5","紫颂果 <minecraft:chorus_fruit>","","原料"
"kaleidoscope_cookery:pot/chorus_fruit_to_popped_chorus_fruit_9","6","紫颂果 <minecraft:chorus_fruit>","","原料"
"kaleidoscope_cookery:pot/chorus_fruit_to_popped_chorus_fruit_9","7","紫颂果 <minecraft:chorus_fruit>","","原料"
"kaleidoscope_cookery:pot/chorus_fruit_to_popped_chorus_fruit_9","8","紫颂果 <minecraft:chorus_fruit>","","原料"
"kaleidoscope_cookery:pot/chorus_fruit_to_popped_chorus_fruit_9","9","紫颂果 <minecraft:chorus_fruit>","","原料"
"kaleidoscope_cookery:pot/chorus_fruit_to_popped_chorus_fruit_8","1","紫颂果 <minecraft:chorus_fruit>","","原料"
"kaleidoscope_cookery:pot/chorus_fruit_to_popped_chorus_fruit_8","2","紫颂果 <minecraft:chorus_fruit>","","原料"
"kaleidoscope_cookery:pot/chorus_fruit_to_popped_chorus_fruit_8","3","紫颂果 <minecraft:chorus_fruit>","","原料"
"kaleidoscope_cookery:pot/chorus_fruit_to_popped_chorus_fruit_8","4","紫颂果 <minecraft:chorus_fruit>","","原料"
"kaleidoscope_cookery:pot/chorus_fruit_to_popped_chorus_fruit_8","5","紫颂果 <minecraft:chorus_fruit>","","原料"
"kaleidoscope_cookery:pot/chorus_fruit_to_popped_chorus_fruit_8","6","紫颂果 <minecraft:chorus_fruit>","","原料"
"kaleidoscope_cookery:pot/chorus_fruit_to_popped_chorus_fruit_8","7","紫颂果 <minecraft:chorus_fruit>","","原料"
"kaleidoscope_cookery:pot/chorus_fruit_to_popped_chorus_fruit_8","8","紫颂果 <minecraft:chorus_fruit>","","原料"
"kaleidoscope_cookery:pot/chorus_fruit_to_popped_chorus_fruit_7","1","紫颂果 <minecraft:chorus_fruit>","","原料"
"kaleidoscope_cookery:pot/chorus_fruit_to_popped_chorus_fruit_7","2","紫颂果 <minecraft:chorus_fruit>","","原料"
"kaleidoscope_cookery:pot/chorus_fruit_to_popped_chorus_fruit_7","3","紫颂果 <minecraft:chorus_fruit>","","原料"
"kaleidoscope_cookery:pot/chorus_fruit_to_popped_chorus_fruit_7","4","紫颂果 <minecraft:chorus_fruit>","","原料"
"kaleidoscope_cookery:pot/chorus_fruit_to_popped_chorus_fruit_7","5","紫颂果 <minecraft:chorus_fruit>","","原料"
"kaleidoscope_cookery:pot/chorus_fruit_to_popped_chorus_fruit_7","6","紫颂果 <minecraft:chorus_fruit>","","原料"
"kaleidoscope_cookery:pot/chorus_fruit_to_popped_chorus_fruit_7","7","紫颂果 <minecraft:chorus_fruit>","","原料"
"kaleidoscope_cookery:pot/chorus_fruit_to_popped_chorus_fruit_6","1","紫颂果 <minecraft:chorus_fruit>","","原料"
"kaleidoscope_cookery:pot/chorus_fruit_to_popped_chorus_fruit_6","2","紫颂果 <minecraft:chorus_fruit>","","原料"
"kaleidoscope_cookery:pot/chorus_fruit_to_popped_chorus_fruit_6","3","紫颂果 <minecraft:chorus_fruit>","","原料"
"kaleidoscope_cookery:pot/chorus_fruit_to_popped_chorus_fruit_6","4","紫颂果 <minecraft:chorus_fruit>","","原料"
"kaleidoscope_cookery:pot/chorus_fruit_to_popped_chorus_fruit_6","5","紫颂果 <minecraft:chorus_fruit>","","原料"
"kaleidoscope_cookery:pot/chorus_fruit_to_popped_chorus_fruit_6","6","紫颂果 <minecraft:chorus_fruit>","","原料"
"kaleidoscope_cookery:pot/chorus_fruit_to_popped_chorus_fruit_5","1","紫颂果 <minecraft:chorus_fruit>","","原料"
"kaleidoscope_cookery:pot/chorus_fruit_to_popped_chorus_fruit_5","2","紫颂果 <minecraft:chorus_fruit>","","原料"
"kaleidoscope_cookery:pot/chorus_fruit_to_popped_chorus_fruit_5","3","紫颂果 <minecraft:chorus_fruit>","","原料"
"kaleidoscope_cookery:pot/chorus_fruit_to_popped_chorus_fruit_5","4","紫颂果 <minecraft:chorus_fruit>","","原料"
"kaleidoscope_cookery:pot/chorus_fruit_to_popped_chorus_fruit_5","5","紫颂果 <minecraft:chorus_fruit>","","原料"
"kaleidoscope_cookery:pot/chorus_fruit_to_popped_chorus_fruit_4","1","紫颂果 <minecraft:chorus_fruit>","","原料"
"kaleidoscope_cookery:pot/chorus_fruit_to_popped_chorus_fruit_4","2","紫颂果 <minecraft:chorus_fruit>","","原料"
"kaleidoscope_cookery:pot/chorus_fruit_to_popped_chorus_fruit_4","3","紫颂果 <minecraft:chorus_fruit>","","原料"
"kaleidoscope_cookery:pot/chorus_fruit_to_popped_chorus_fruit_4","4","紫颂果 <minecraft:chorus_fruit>","","原料"
"kaleidoscope_cookery:pot/chorus_fruit_to_popped_chorus_fruit_3","1","紫颂果 <minecraft:chorus_fruit>","","原料"
"kaleidoscope_cookery:pot/chorus_fruit_to_popped_chorus_fruit_3","2","紫颂果 <minecraft:chorus_fruit>","","原料"
"kaleidoscope_cookery:pot/chorus_fruit_to_popped_chorus_fruit_3","3","紫颂果 <minecraft:chorus_fruit>","","原料"
"kaleidoscope_cookery:pot/chorus_fruit_to_popped_chorus_fruit_2","1","紫颂果 <minecraft:chorus_fruit>","","原料"
"kaleidoscope_cookery:pot/chorus_fruit_to_popped_chorus_fruit_2","2","紫颂果 <minecraft:chorus_fruit>","","原料"
"kaleidoscope_cookery:pot/chorus_fruit_to_popped_chorus_fruit_1","1","紫颂果 <minecraft:chorus_fruit>","","原料"
"kaleidoscope_cookery:flex_stockpot/seafood_miso_soup_cod_entity","1","#c:crops/lettuce","","原料"
"kaleidoscope_cookery:millstone/cobblestone_from_stone","1","石头 <minecraft:stone>","","原料"
"farmersdelight:cooking/dumplings","1","#c:foods/dough","","原料"
"farmersdelight:cooking/dumplings","2","#c:crops/cabbage","","原料"
"farmersdelight:cooking/dumplings","3","#c:crops/onion","","原料"
"farmersdelight:cooking/dumplings","4","{""type"":""neoforge:compound"",""children"":[{""tag"":""c:foods/raw_chicken""},{""tag"":""c:foods/raw_pork""},{""tag"":""c:foods/raw_beef""},{""item"":""minecraft:brown_mushroom""}]}","","原料"
"kaleidoscope_cookery:millstone/string_from_black_wool","1","黑色羊毛 <minecraft:black_wool>","","原料"
"farmersdelight:book_from_canvas","1","纸 <minecraft:paper>","","原料"
"farmersdelight:book_from_canvas","2","纸 <minecraft:paper>","","原料"
"farmersdelight:book_from_canvas","3","纸 <minecraft:paper>","","原料"
"farmersdelight:book_from_canvas","4","粗布 <farmersdelight:canvas>","","原料"
"spawn:reefstone_wall_from_reefstone_stonecutting","1","礁石 <spawn:reefstone>","","原料"
"spawn:cooked_tuna_slice_from_smoking","1","金枪鱼片 <spawn:tuna_slice>","","原料"
"kaleidoscope_cookery:millstone/green_dye_from_fern","1","蕨 <minecraft:fern>","","原料"
"farmersdelight:red_hanging_canvas_sign","1","#farmersdelight:hanging_canvas_signs","","原料"
"farmersdelight:red_hanging_canvas_sign","2","#c:dyes/red","","原料"
"farmersdelight:cutting/bamboo_basket","1","竹篮 <farmersdelight:bamboo_basket>","","原料"
"farmersdelight:cutting/bamboo_basket","2","{""type"":""farmersdelight:item_ability"",""action"":""axe_dig""}","","工具"
"farmersdelight:cutting/bamboo_basket","3","#minecraft:axes","","工具"
"kaleidoscope_cookery:chopping_board/cooked_cut_small_meats_from_rabbit","1","熟兔肉 <minecraft:cooked_rabbit>","","原料"
"farmersdelight:organic_compost_from_rotten_flesh","1","泥土 <minecraft:dirt>","","原料"
"farmersdelight:organic_compost_from_rotten_flesh","2","腐肉 <minecraft:rotten_flesh>","","原料"
"farmersdelight:organic_compost_from_rotten_flesh","3","腐肉 <minecraft:rotten_flesh>","","原料"
"farmersdelight:organic_compost_from_rotten_flesh","4","草秆 <farmersdelight:straw>","","原料"
"farmersdelight:organic_compost_from_rotten_flesh","5","草秆 <farmersdelight:straw>","","原料"
"farmersdelight:organic_compost_from_rotten_flesh","6","骨粉 <minecraft:bone_meal>","","原料"
"farmersdelight:organic_compost_from_rotten_flesh","7","骨粉 <minecraft:bone_meal>","","原料"
"farmersdelight:organic_compost_from_rotten_flesh","8","骨粉 <minecraft:bone_meal>","","原料"
"farmersdelight:organic_compost_from_rotten_flesh","9","骨粉 <minecraft:bone_meal>","","原料"
"kaleidoscope_cookery:stockpot/red_mushroom_pot_soup","1","红色蘑菇 <minecraft:red_mushroom>","","原料"
"kaleidoscope_cookery:stockpot/red_mushroom_pot_soup","2","红色蘑菇 <minecraft:red_mushroom>","","原料"
"kaleidoscope_cookery:stockpot/red_mushroom_pot_soup","3","红色蘑菇 <minecraft:red_mushroom>","","原料"
"kaleidoscope_cookery:stockpot/red_mushroom_pot_soup","4","红色蘑菇 <minecraft:red_mushroom>","","原料"
"kaleidoscope_cookery:stockpot/red_mushroom_pot_soup","5","红色蘑菇 <minecraft:red_mushroom>","","原料"
"kaleidoscope_cookery:stockpot/red_mushroom_pot_soup","6","红色蘑菇 <minecraft:red_mushroom>","","原料"
"kaleidoscope_cookery:stockpot/red_mushroom_pot_soup","7","花盆 <minecraft:flower_pot>","","容器/载体"
"spawn:heliostone_wall_stonecutting","1","日光石 <spawn:heliostone>","","原料"
"kaleidoscope_cookery:teapot/sakura_fubuki","1","粉红色花簇 <minecraft:pink_petals>","","原料"
"kaleidoscope_cookery:flex_pot/oil_splashed_fish","1","#c:raw_fishes","","原料"
"kaleidoscope_cookery:flex_pot/oil_splashed_fish","2","#c:crops/chilipepper","","原料"
"kaleidoscope_cookery:flex_pot/oil_splashed_fish","3","碗 <minecraft:bowl>","","容器/载体"
"kaleidoscope_cookery:chopping_board/cooked_lamb_chops","1","熟羊肉 <minecraft:cooked_mutton>","","原料"
"farmersdelight:cutting/apple_pie","1","苹果派 <farmersdelight:apple_pie>","","原料"
"farmersdelight:cutting/apple_pie","2","{""type"":""farmersdelight:item_ability"",""action"":""knife_dig""}","","工具"
"farmersdelight:cutting/apple_pie","3","#c:tools/knife","","工具"
"kaleidoscope_cookery:pot/chorus_fried_egg","1","紫颂果 <minecraft:chorus_fruit>","","原料"
"kaleidoscope_cookery:pot/chorus_fried_egg","2","紫颂果 <minecraft:chorus_fruit>","","原料"
"kaleidoscope_cookery:pot/chorus_fried_egg","3","紫颂果 <minecraft:chorus_fruit>","","原料"
"kaleidoscope_cookery:pot/chorus_fried_egg","4","#c:eggs","","原料"
"kaleidoscope_cookery:pot/chorus_fried_egg","5","#c:eggs","","原料"
"kaleidoscope_cookery:pot/chorus_fried_egg","6","#c:eggs","","原料"
"kaleidoscope_cookery:pot/chorus_fried_egg","7","碗 <minecraft:bowl>","","容器/载体"
"kaleidoscope_cookery:pot/raw_cow_offal_to_cooked_cow_offal_5","1","生牛杂 <kaleidoscope_cookery:raw_cow_offal>","","原料"
"kaleidoscope_cookery:pot/raw_cow_offal_to_cooked_cow_offal_5","2","生牛杂 <kaleidoscope_cookery:raw_cow_offal>","","原料"
"kaleidoscope_cookery:pot/raw_cow_offal_to_cooked_cow_offal_5","3","生牛杂 <kaleidoscope_cookery:raw_cow_offal>","","原料"
"kaleidoscope_cookery:pot/raw_cow_offal_to_cooked_cow_offal_5","4","生牛杂 <kaleidoscope_cookery:raw_cow_offal>","","原料"
"kaleidoscope_cookery:pot/raw_cow_offal_to_cooked_cow_offal_5","5","生牛杂 <kaleidoscope_cookery:raw_cow_offal>","","原料"
"kaleidoscope_cookery:flex_pot/slime_ball_meal","1","黏液球 <minecraft:slime_ball>","","原料"
"kaleidoscope_cookery:flex_pot/slime_ball_meal","2","碗 <minecraft:bowl>","","容器/载体"
"kaleidoscope_cookery:pot/raw_cow_offal_to_cooked_cow_offal_6","1","生牛杂 <kaleidoscope_cookery:raw_cow_offal>","","原料"
"kaleidoscope_cookery:pot/raw_cow_offal_to_cooked_cow_offal_6","2","生牛杂 <kaleidoscope_cookery:raw_cow_offal>","","原料"
"kaleidoscope_cookery:pot/raw_cow_offal_to_cooked_cow_offal_6","3","生牛杂 <kaleidoscope_cookery:raw_cow_offal>","","原料"
"kaleidoscope_cookery:pot/raw_cow_offal_to_cooked_cow_offal_6","4","生牛杂 <kaleidoscope_cookery:raw_cow_offal>","","原料"
"kaleidoscope_cookery:pot/raw_cow_offal_to_cooked_cow_offal_6","5","生牛杂 <kaleidoscope_cookery:raw_cow_offal>","","原料"
"kaleidoscope_cookery:pot/raw_cow_offal_to_cooked_cow_offal_6","6","生牛杂 <kaleidoscope_cookery:raw_cow_offal>","","原料"
"kaleidoscope_cookery:pot/raw_cow_offal_to_cooked_cow_offal_3","1","生牛杂 <kaleidoscope_cookery:raw_cow_offal>","","原料"
"kaleidoscope_cookery:pot/raw_cow_offal_to_cooked_cow_offal_3","2","生牛杂 <kaleidoscope_cookery:raw_cow_offal>","","原料"
"kaleidoscope_cookery:pot/raw_cow_offal_to_cooked_cow_offal_3","3","生牛杂 <kaleidoscope_cookery:raw_cow_offal>","","原料"
"kaleidoscope_cookery:pot/raw_cow_offal_to_cooked_cow_offal_4","1","生牛杂 <kaleidoscope_cookery:raw_cow_offal>","","原料"
"kaleidoscope_cookery:pot/raw_cow_offal_to_cooked_cow_offal_4","2","生牛杂 <kaleidoscope_cookery:raw_cow_offal>","","原料"
"kaleidoscope_cookery:pot/raw_cow_offal_to_cooked_cow_offal_4","3","生牛杂 <kaleidoscope_cookery:raw_cow_offal>","","原料"
"kaleidoscope_cookery:pot/raw_cow_offal_to_cooked_cow_offal_4","4","生牛杂 <kaleidoscope_cookery:raw_cow_offal>","","原料"
"kaleidoscope_cookery:pot/raw_cow_offal_to_cooked_cow_offal_9","1","生牛杂 <kaleidoscope_cookery:raw_cow_offal>","","原料"
"kaleidoscope_cookery:pot/raw_cow_offal_to_cooked_cow_offal_9","2","生牛杂 <kaleidoscope_cookery:raw_cow_offal>","","原料"
"kaleidoscope_cookery:pot/raw_cow_offal_to_cooked_cow_offal_9","3","生牛杂 <kaleidoscope_cookery:raw_cow_offal>","","原料"
"kaleidoscope_cookery:pot/raw_cow_offal_to_cooked_cow_offal_9","4","生牛杂 <kaleidoscope_cookery:raw_cow_offal>","","原料"
"kaleidoscope_cookery:pot/raw_cow_offal_to_cooked_cow_offal_9","5","生牛杂 <kaleidoscope_cookery:raw_cow_offal>","","原料"
"kaleidoscope_cookery:pot/raw_cow_offal_to_cooked_cow_offal_9","6","生牛杂 <kaleidoscope_cookery:raw_cow_offal>","","原料"
"kaleidoscope_cookery:pot/raw_cow_offal_to_cooked_cow_offal_9","7","生牛杂 <kaleidoscope_cookery:raw_cow_offal>","","原料"
"kaleidoscope_cookery:pot/raw_cow_offal_to_cooked_cow_offal_9","8","生牛杂 <kaleidoscope_cookery:raw_cow_offal>","","原料"
"kaleidoscope_cookery:pot/raw_cow_offal_to_cooked_cow_offal_9","9","生牛杂 <kaleidoscope_cookery:raw_cow_offal>","","原料"
"kaleidoscope_cookery:pot/raw_cow_offal_to_cooked_cow_offal_7","1","生牛杂 <kaleidoscope_cookery:raw_cow_offal>","","原料"
"kaleidoscope_cookery:pot/raw_cow_offal_to_cooked_cow_offal_7","2","生牛杂 <kaleidoscope_cookery:raw_cow_offal>","","原料"
"kaleidoscope_cookery:pot/raw_cow_offal_to_cooked_cow_offal_7","3","生牛杂 <kaleidoscope_cookery:raw_cow_offal>","","原料"
"kaleidoscope_cookery:pot/raw_cow_offal_to_cooked_cow_offal_7","4","生牛杂 <kaleidoscope_cookery:raw_cow_offal>","","原料"
"kaleidoscope_cookery:pot/raw_cow_offal_to_cooked_cow_offal_7","5","生牛杂 <kaleidoscope_cookery:raw_cow_offal>","","原料"
"kaleidoscope_cookery:pot/raw_cow_offal_to_cooked_cow_offal_7","6","生牛杂 <kaleidoscope_cookery:raw_cow_offal>","","原料"
"kaleidoscope_cookery:pot/raw_cow_offal_to_cooked_cow_offal_7","7","生牛杂 <kaleidoscope_cookery:raw_cow_offal>","","原料"
"kaleidoscope_cookery:pot/raw_cow_offal_to_cooked_cow_offal_8","1","生牛杂 <kaleidoscope_cookery:raw_cow_offal>","","原料"
"kaleidoscope_cookery:pot/raw_cow_offal_to_cooked_cow_offal_8","2","生牛杂 <kaleidoscope_cookery:raw_cow_offal>","","原料"
"kaleidoscope_cookery:pot/raw_cow_offal_to_cooked_cow_offal_8","3","生牛杂 <kaleidoscope_cookery:raw_cow_offal>","","原料"
"kaleidoscope_cookery:pot/raw_cow_offal_to_cooked_cow_offal_8","4","生牛杂 <kaleidoscope_cookery:raw_cow_offal>","","原料"
"kaleidoscope_cookery:pot/raw_cow_offal_to_cooked_cow_offal_8","5","生牛杂 <kaleidoscope_cookery:raw_cow_offal>","","原料"
"kaleidoscope_cookery:pot/raw_cow_offal_to_cooked_cow_offal_8","6","生牛杂 <kaleidoscope_cookery:raw_cow_offal>","","原料"
"kaleidoscope_cookery:pot/raw_cow_offal_to_cooked_cow_offal_8","7","生牛杂 <kaleidoscope_cookery:raw_cow_offal>","","原料"
"kaleidoscope_cookery:pot/raw_cow_offal_to_cooked_cow_offal_8","8","生牛杂 <kaleidoscope_cookery:raw_cow_offal>","","原料"
"kaleidoscope_cookery:pot/raw_cow_offal_to_cooked_cow_offal_1","1","生牛杂 <kaleidoscope_cookery:raw_cow_offal>","","原料"
"kaleidoscope_cookery:pot/raw_cow_offal_to_cooked_cow_offal_2","1","生牛杂 <kaleidoscope_cookery:raw_cow_offal>","","原料"
"kaleidoscope_cookery:pot/raw_cow_offal_to_cooked_cow_offal_2","2","生牛杂 <kaleidoscope_cookery:raw_cow_offal>","","原料"
"farmersdelight:bacon_and_eggs","1","#c:foods/cooked_bacon","","原料"
"farmersdelight:bacon_and_eggs","2","#c:foods/cooked_bacon","","原料"
"farmersdelight:bacon_and_eggs","3","碗 <minecraft:bowl>","","原料"
"farmersdelight:bacon_and_eggs","4","#c:foods/cooked_egg","","原料"
"farmersdelight:bacon_and_eggs","5","#c:foods/cooked_egg","","原料"
"kaleidoscope_cookery:millstone/smooth_stone_from_cobblestone","1","圆石 <minecraft:cobblestone>","","原料"
"kaleidoscope_cookery:flex_pot/stuffed_tiger_skin_pepper","1","青辣椒 <kaleidoscope_cookery:green_chili>","","原料"
"kaleidoscope_cookery:flex_pot/stuffed_tiger_skin_pepper","2","生切制小肉 <kaleidoscope_cookery:raw_cut_small_meats>","","原料"
"kaleidoscope_cookery:flex_pot/stuffed_tiger_skin_pepper","3","碗 <minecraft:bowl>","","容器/载体"
"kaleidoscope_cookery:pot/stir_fried_pork_with_peppers","1","青辣椒 <kaleidoscope_cookery:green_chili>","","原料"
"kaleidoscope_cookery:pot/stir_fried_pork_with_peppers","2","青辣椒 <kaleidoscope_cookery:green_chili>","","原料"
"kaleidoscope_cookery:pot/stir_fried_pork_with_peppers","3","青辣椒 <kaleidoscope_cookery:green_chili>","","原料"
"kaleidoscope_cookery:pot/stir_fried_pork_with_peppers","4","#c:foods/raw_pork","","原料"
"kaleidoscope_cookery:pot/stir_fried_pork_with_peppers","5","#c:foods/raw_pork","","原料"
"kaleidoscope_cookery:pot/stir_fried_pork_with_peppers","6","#c:foods/raw_pork","","原料"
"kaleidoscope_cookery:pot/stir_fried_pork_with_peppers","7","碗 <minecraft:bowl>","","容器/载体"
"kaleidoscope_cookery:millstone/string_from_red_wool","1","红色羊毛 <minecraft:red_wool>","","原料"
"farmersdelight:pot/add/cooked_cod_slice","1","生鳕鱼片 <farmersdelight:cod_slice>","","原料"
"farmersdelight:stockpot/modify/pumpkin_soup","1","南瓜片 <farmersdelight:pumpkin_slice>","","原料"
"farmersdelight:stockpot/modify/pumpkin_soup","2","#c:foods/leafy_green","","原料"
"farmersdelight:stockpot/modify/pumpkin_soup","3","#c:foods/raw_pork","","原料"
"farmersdelight:cutting/mangrove_log","1","红树原木 <minecraft:mangrove_log>","","原料"
"farmersdelight:cutting/mangrove_log","2","{""type"":""farmersdelight:item_ability"",""action"":""axe_strip""}","","工具"
"farmersdelight:cutting/mangrove_log","3","#minecraft:axes","","工具"
"farmersdelight:chopping_board/add/chocolate_pie_slice","1","巧克力派 <farmersdelight:chocolate_pie>","","原料"
"kaleidoscope_cookery:pot/scramble_egg_with_tomatoes","1","#c:eggs","","原料"
"kaleidoscope_cookery:pot/scramble_egg_with_tomatoes","2","#c:eggs","","原料"
"kaleidoscope_cookery:pot/scramble_egg_with_tomatoes","3","#c:eggs","","原料"
"kaleidoscope_cookery:pot/scramble_egg_with_tomatoes","4","#c:crops/tomato","","原料"
"kaleidoscope_cookery:pot/scramble_egg_with_tomatoes","5","#c:crops/tomato","","原料"
"kaleidoscope_cookery:pot/scramble_egg_with_tomatoes","6","#c:crops/tomato","","原料"
"kaleidoscope_cookery:pot/scramble_egg_with_tomatoes","7","碗 <minecraft:bowl>","","容器/载体"
"farmersdelight:salvaging/leather_armor","1","{""type"":""neoforge:compound"",""children"":[{""item"":""minecraft:leather_helmet""},{""item"":""minecraft:leather_chestplate""},{""item"":""minecraft:leather_leggings""},{""item"":""minecraft:leather_boots""}]}","","原料"
"farmersdelight:salvaging/leather_armor","2","{""type"":""farmersdelight:item_ability"",""action"":""shears_dig""}","","工具"
"farmersdelight:salvaging/leather_armor","3","#c:tools/shear","","工具"
"kaleidoscope_cookery:pot/candied_potato","1","马铃薯 <minecraft:potato>","","原料"
"kaleidoscope_cookery:pot/candied_potato","2","马铃薯 <minecraft:potato>","","原料"
"kaleidoscope_cookery:pot/candied_potato","3","马铃薯 <minecraft:potato>","","原料"
"kaleidoscope_cookery:pot/candied_potato","4","马铃薯 <minecraft:potato>","","原料"
"kaleidoscope_cookery:pot/candied_potato","5","糖 <minecraft:sugar>","","原料"
"kaleidoscope_cookery:pot/candied_potato","6","糖 <minecraft:sugar>","","原料"
"kaleidoscope_cookery:pot/candied_potato","7","碗 <minecraft:bowl>","","容器/载体"
"spawn:cutting/rotten_log","1","腐木原木 <spawn:rotten_log>","","原料"
"spawn:cutting/rotten_log","2","{""type"":""farmersdelight:item_ability"",""action"":""axe_strip""}","","工具"
"spawn:reefstone_stairs_from_reefstone_stonecutting","1","礁石 <spawn:reefstone>","","原料"
"kaleidoscope_cookery:millstone/flour_from_wheat","1","小麦 <minecraft:wheat>","","原料"
"kaleidoscope_cookery:stockpot/chicken_and_mushroom_stew","1","#c:foods/raw_chicken","","原料"
"kaleidoscope_cookery:stockpot/chicken_and_mushroom_stew","2","#c:foods/raw_chicken","","原料"
"kaleidoscope_cookery:stockpot/chicken_and_mushroom_stew","3","#c:mushrooms","","原料"
"kaleidoscope_cookery:stockpot/chicken_and_mushroom_stew","4","#c:mushrooms","","原料"
"kaleidoscope_cookery:stockpot/chicken_and_mushroom_stew","5","#c:mushrooms","","原料"
"farmersdelight:cutting/cake","1","蛋糕 <minecraft:cake>","","原料"
"farmersdelight:cutting/cake","2","{""type"":""farmersdelight:item_ability"",""action"":""knife_dig""}","","工具"
"farmersdelight:cutting/cake","3","#c:tools/knife","","工具"
"kaleidoscope_cookery:millstone/pink_dye_from_pink_petals","1","粉红色花簇 <minecraft:pink_petals>","","原料"
"kaleidoscope_cookery:millstone/quartz_from_quartz_bricks","1","石英砖 <minecraft:quartz_bricks>","","原料"
"farmersdelight:cutting/sweet_berry_cheesecake","1","甜浆果芝士派 <farmersdelight:sweet_berry_cheesecake>","","原料"
"farmersdelight:cutting/sweet_berry_cheesecake","2","{""type"":""farmersdelight:item_ability"",""action"":""knife_dig""}","","工具"
"farmersdelight:cutting/sweet_berry_cheesecake","3","#c:tools/knife","","工具"
"kaleidoscope_cookery:cold_roasted_meat","1","牛排 <minecraft:cooked_beef>","","原料"
"kaleidoscope_cookery:cold_roasted_meat","2","牛排 <minecraft:cooked_beef>","","原料"
"kaleidoscope_cookery:cold_roasted_meat","3","牛排 <minecraft:cooked_beef>","","原料"
"kaleidoscope_cookery:cold_roasted_meat","4","碗 <minecraft:bowl>","","原料"
"spawn:reefstone_tile_slab_from_reefstone_stonecutting","1","礁石 <spawn:reefstone>","","原料"
"spawn:sunflower_seeds_from_vanilla_sunflower","1","向日葵 <minecraft:sunflower>","","原料"
"spawn:sunflower_seeds_from_vanilla_sunflower","2","向日葵 <minecraft:sunflower>","","原料"
"kaleidoscope_cookery:millstone/magenta_dye_from_lilac","1","丁香 <minecraft:lilac>","","原料"
"farmersdelight:carrot_from_crate","1","箱装胡萝卜 <farmersdelight:carrot_crate>","","原料"
"kaleidoscope_cookery:pot/stuffed_tiger_skin_pepper","1","青辣椒 <kaleidoscope_cookery:green_chili>","","原料"
"kaleidoscope_cookery:pot/stuffed_tiger_skin_pepper","2","青辣椒 <kaleidoscope_cookery:green_chili>","","原料"
"kaleidoscope_cookery:pot/stuffed_tiger_skin_pepper","3","青辣椒 <kaleidoscope_cookery:green_chili>","","原料"
"kaleidoscope_cookery:pot/stuffed_tiger_skin_pepper","4","青辣椒 <kaleidoscope_cookery:green_chili>","","原料"
"kaleidoscope_cookery:pot/stuffed_tiger_skin_pepper","5","生切制小肉 <kaleidoscope_cookery:raw_cut_small_meats>","","原料"
"kaleidoscope_cookery:pot/stuffed_tiger_skin_pepper","6","生切制小肉 <kaleidoscope_cookery:raw_cut_small_meats>","","原料"
"kaleidoscope_cookery:pot/stuffed_tiger_skin_pepper","7","生切制小肉 <kaleidoscope_cookery:raw_cut_small_meats>","","原料"
"kaleidoscope_cookery:pot/stuffed_tiger_skin_pepper","8","生切制小肉 <kaleidoscope_cookery:raw_cut_small_meats>","","原料"
"kaleidoscope_cookery:pot/stuffed_tiger_skin_pepper","9","碗 <minecraft:bowl>","","容器/载体"
"farmersdelight:salvaging/birch_chest_boat","1","白桦木运输船 <minecraft:birch_chest_boat>","","原料"
"farmersdelight:salvaging/birch_chest_boat","2","{""type"":""farmersdelight:item_ability"",""action"":""hoe_dig""}","","工具"
"farmersdelight:salvaging/birch_chest_boat","3","#minecraft:hoes","","工具"
"spawn:cutting/rotten_planks","1","腐木木板 <spawn:rotten_planks>","","原料"
"spawn:cutting/rotten_planks","2","{""type"":""farmersdelight:item_ability"",""action"":""axe_strip""}","","工具"
"farmersdelight:salvaging/cherry_furniture","1","{""type"":""neoforge:compound"",""children"":[{""item"":""minecraft:cherry_door""},{""item"":""minecraft:cherry_trapdoor""},{""item"":""minecraft:cherry_sign""},{""item"":""minecraft:cherry_hanging_sign""},{""item"":""minecraft:cherry_fence""},{""item"":""minecraft:cherry_fence_gate""},{""item"":""minecraft:cherry_pressure_plate""},{""item"":""minecraft:cherry_button""},{""item"":""minecraft:cherry_boat""},{""item"":""farmersdelight:cherry_cabinet""}]}","","原料"
"farmersdelight:salvaging/cherry_furniture","2","{""type"":""farmersdelight:item_ability"",""action"":""axe_dig""}","","工具"
"farmersdelight:salvaging/cherry_furniture","3","#minecraft:axes","","工具"
"farmersdelight:salvaging/jungle_chest_boat","1","丛林木运输船 <minecraft:jungle_chest_boat>","","原料"
"farmersdelight:salvaging/jungle_chest_boat","2","{""type"":""farmersdelight:item_ability"",""action"":""hoe_dig""}","","工具"
"farmersdelight:salvaging/jungle_chest_boat","3","#minecraft:hoes","","工具"
"farmersdelight:cutting/crimson_stem","1","绯红菌柄 <minecraft:crimson_stem>","","原料"
"farmersdelight:cutting/crimson_stem","2","{""type"":""farmersdelight:item_ability"",""action"":""axe_strip""}","","工具"
"farmersdelight:cutting/crimson_stem","3","#minecraft:axes","","工具"
"farmersdelight:salvaging/spruce_furniture","1","{""type"":""neoforge:compound"",""children"":[{""item"":""minecraft:spruce_door""},{""item"":""minecraft:spruce_trapdoor""},{""item"":""minecraft:spruce_sign""},{""item"":""minecraft:spruce_hanging_sign""},{""item"":""minecraft:spruce_fence""},{""item"":""minecraft:spruce_fence_gate""},{""item"":""minecraft:spruce_pressure_plate""},{""item"":""minecraft:spruce_button""},{""item"":""minecraft:spruce_boat""},{""item"":""farmersdelight:spruce_cabinet""}]}","","原料"
"farmersdelight:salvaging/spruce_furniture","2","{""type"":""farmersdelight:item_ability"",""action"":""axe_dig""}","","工具"
"farmersdelight:salvaging/spruce_furniture","3","#minecraft:axes","","工具"
"kaleidoscope_cookery:millstone/sand_from_gravel","1","#c:gravels","","原料"
"farmersdelight:chopping_board/add/apple_pie_slice","1","苹果派 <farmersdelight:apple_pie>","","原料"
"farmersdelight:chopping_board/add/kelp_roll_slice","1","海带寿司卷 <farmersdelight:kelp_roll>","","原料"
"kaleidoscope_cookery:stockpot/dumpling_count_1","1","裹馅面食 <kaleidoscope_cookery:stuffed_dough_food>","","原料"
"kaleidoscope_cookery:stockpot/dumpling_count_2","1","裹馅面食 <kaleidoscope_cookery:stuffed_dough_food>","","原料"
"kaleidoscope_cookery:stockpot/dumpling_count_2","2","裹馅面食 <kaleidoscope_cookery:stuffed_dough_food>","","原料"
"kaleidoscope_cookery:stockpot/dumpling_count_3","1","裹馅面食 <kaleidoscope_cookery:stuffed_dough_food>","","原料"
"kaleidoscope_cookery:stockpot/dumpling_count_3","2","裹馅面食 <kaleidoscope_cookery:stuffed_dough_food>","","原料"
"kaleidoscope_cookery:stockpot/dumpling_count_3","3","裹馅面食 <kaleidoscope_cookery:stuffed_dough_food>","","原料"
"kaleidoscope_cookery:stockpot/dumpling_count_4","1","裹馅面食 <kaleidoscope_cookery:stuffed_dough_food>","","原料"
"kaleidoscope_cookery:stockpot/dumpling_count_4","2","裹馅面食 <kaleidoscope_cookery:stuffed_dough_food>","","原料"
"kaleidoscope_cookery:stockpot/dumpling_count_4","3","裹馅面食 <kaleidoscope_cookery:stuffed_dough_food>","","原料"
"kaleidoscope_cookery:stockpot/dumpling_count_4","4","裹馅面食 <kaleidoscope_cookery:stuffed_dough_food>","","原料"
"kaleidoscope_cookery:stockpot/dumpling_count_5","1","裹馅面食 <kaleidoscope_cookery:stuffed_dough_food>","","原料"
"kaleidoscope_cookery:stockpot/dumpling_count_5","2","裹馅面食 <kaleidoscope_cookery:stuffed_dough_food>","","原料"
"kaleidoscope_cookery:stockpot/dumpling_count_5","3","裹馅面食 <kaleidoscope_cookery:stuffed_dough_food>","","原料"
"kaleidoscope_cookery:stockpot/dumpling_count_5","4","裹馅面食 <kaleidoscope_cookery:stuffed_dough_food>","","原料"
"kaleidoscope_cookery:stockpot/dumpling_count_5","5","裹馅面食 <kaleidoscope_cookery:stuffed_dough_food>","","原料"
"kaleidoscope_cookery:stockpot/dumpling_count_6","1","裹馅面食 <kaleidoscope_cookery:stuffed_dough_food>","","原料"
"kaleidoscope_cookery:stockpot/dumpling_count_6","2","裹馅面食 <kaleidoscope_cookery:stuffed_dough_food>","","原料"
"kaleidoscope_cookery:stockpot/dumpling_count_6","3","裹馅面食 <kaleidoscope_cookery:stuffed_dough_food>","","原料"
"kaleidoscope_cookery:stockpot/dumpling_count_6","4","裹馅面食 <kaleidoscope_cookery:stuffed_dough_food>","","原料"
"kaleidoscope_cookery:stockpot/dumpling_count_6","5","裹馅面食 <kaleidoscope_cookery:stuffed_dough_food>","","原料"
"kaleidoscope_cookery:stockpot/dumpling_count_6","6","裹馅面食 <kaleidoscope_cookery:stuffed_dough_food>","","原料"
"kaleidoscope_cookery:stockpot/dumpling_count_7","1","裹馅面食 <kaleidoscope_cookery:stuffed_dough_food>","","原料"
"kaleidoscope_cookery:stockpot/dumpling_count_7","2","裹馅面食 <kaleidoscope_cookery:stuffed_dough_food>","","原料"
"kaleidoscope_cookery:stockpot/dumpling_count_7","3","裹馅面食 <kaleidoscope_cookery:stuffed_dough_food>","","原料"
"kaleidoscope_cookery:stockpot/dumpling_count_7","4","裹馅面食 <kaleidoscope_cookery:stuffed_dough_food>","","原料"
"kaleidoscope_cookery:stockpot/dumpling_count_7","5","裹馅面食 <kaleidoscope_cookery:stuffed_dough_food>","","原料"
"kaleidoscope_cookery:stockpot/dumpling_count_7","6","裹馅面食 <kaleidoscope_cookery:stuffed_dough_food>","","原料"
"kaleidoscope_cookery:stockpot/dumpling_count_7","7","裹馅面食 <kaleidoscope_cookery:stuffed_dough_food>","","原料"
"kaleidoscope_cookery:stockpot/dumpling_count_8","1","裹馅面食 <kaleidoscope_cookery:stuffed_dough_food>","","原料"
"kaleidoscope_cookery:stockpot/dumpling_count_8","2","裹馅面食 <kaleidoscope_cookery:stuffed_dough_food>","","原料"
"kaleidoscope_cookery:stockpot/dumpling_count_8","3","裹馅面食 <kaleidoscope_cookery:stuffed_dough_food>","","原料"
"kaleidoscope_cookery:stockpot/dumpling_count_8","4","裹馅面食 <kaleidoscope_cookery:stuffed_dough_food>","","原料"
"kaleidoscope_cookery:stockpot/dumpling_count_8","5","裹馅面食 <kaleidoscope_cookery:stuffed_dough_food>","","原料"
"kaleidoscope_cookery:stockpot/dumpling_count_8","6","裹馅面食 <kaleidoscope_cookery:stuffed_dough_food>","","原料"
"kaleidoscope_cookery:stockpot/dumpling_count_8","7","裹馅面食 <kaleidoscope_cookery:stuffed_dough_food>","","原料"
"kaleidoscope_cookery:stockpot/dumpling_count_8","8","裹馅面食 <kaleidoscope_cookery:stuffed_dough_food>","","原料"
"farmersdelight:integration/create/milling/wild_tomatoes","1","番茄灌木 <farmersdelight:wild_tomatoes>","","原料"
"spawn:tuna_sandwich_fd","1","面包 <minecraft:bread>","","原料"
"spawn:tuna_sandwich_fd","2","熟金枪鱼块 <spawn:cooked_tuna_chunk>","","原料"
"spawn:tuna_sandwich_fd","3","#c:foods/cabbage","","原料"
"spawn:tuna_sandwich_fd","4","#c:foods/cabbage","","原料"
"kaleidoscope_cookery:flex_stockpot/brown_mushroom_pot_soup","1","棕色蘑菇 <minecraft:brown_mushroom>","","原料"
"kaleidoscope_cookery:flex_stockpot/brown_mushroom_pot_soup","2","花盆 <minecraft:flower_pot>","","容器/载体"
"kaleidoscope_cookery:stockpot/dumpling_count_9","1","裹馅面食 <kaleidoscope_cookery:stuffed_dough_food>","","原料"
"kaleidoscope_cookery:stockpot/dumpling_count_9","2","裹馅面食 <kaleidoscope_cookery:stuffed_dough_food>","","原料"
"kaleidoscope_cookery:stockpot/dumpling_count_9","3","裹馅面食 <kaleidoscope_cookery:stuffed_dough_food>","","原料"
"kaleidoscope_cookery:stockpot/dumpling_count_9","4","裹馅面食 <kaleidoscope_cookery:stuffed_dough_food>","","原料"
"kaleidoscope_cookery:stockpot/dumpling_count_9","5","裹馅面食 <kaleidoscope_cookery:stuffed_dough_food>","","原料"
"kaleidoscope_cookery:stockpot/dumpling_count_9","6","裹馅面食 <kaleidoscope_cookery:stuffed_dough_food>","","原料"
"kaleidoscope_cookery:stockpot/dumpling_count_9","7","裹馅面食 <kaleidoscope_cookery:stuffed_dough_food>","","原料"
"kaleidoscope_cookery:stockpot/dumpling_count_9","8","裹馅面食 <kaleidoscope_cookery:stuffed_dough_food>","","原料"
"kaleidoscope_cookery:stockpot/dumpling_count_9","9","裹馅面食 <kaleidoscope_cookery:stuffed_dough_food>","","原料"
"kaleidoscope_cookery:flex_stockpot/buddha_jumps_over_the_wall","1","#c:eggs","","原料"
"kaleidoscope_cookery:flex_stockpot/buddha_jumps_over_the_wall","2","幻翼膜 <minecraft:phantom_membrane>","","原料"
"kaleidoscope_cookery:flex_stockpot/buddha_jumps_over_the_wall","3","#c:crops/lettuce","","原料"
"kaleidoscope_cookery:flex_stockpot/buddha_jumps_over_the_wall","4","花盆 <minecraft:flower_pot>","","容器/载体"
"kaleidoscope_cookery:pot/sweet_and_sour_ender_pearls","1","末影珍珠 <minecraft:ender_pearl>","","原料"
"kaleidoscope_cookery:pot/sweet_and_sour_ender_pearls","2","末影珍珠 <minecraft:ender_pearl>","","原料"
"kaleidoscope_cookery:pot/sweet_and_sour_ender_pearls","3","末影之眼 <minecraft:ender_eye>","","原料"
"kaleidoscope_cookery:pot/sweet_and_sour_ender_pearls","4","碗 <minecraft:bowl>","","容器/载体"
"kaleidoscope_cookery:flex_pot/fondant_pie","1","糖 <minecraft:sugar>","","原料"
"kaleidoscope_cookery:flex_pot/fondant_pie","2","南瓜派 <minecraft:pumpkin_pie>","","原料"
"kaleidoscope_cookery:flex_pot/fondant_pie","3","碗 <minecraft:bowl>","","容器/载体"
"kaleidoscope_cookery:pot/fish_flavored_shredded_pork","1","#c:mushrooms","","原料"
"kaleidoscope_cookery:pot/fish_flavored_shredded_pork","2","#c:mushrooms","","原料"
"kaleidoscope_cookery:pot/fish_flavored_shredded_pork","3","#c:foods/raw_pork","","原料"
"kaleidoscope_cookery:pot/fish_flavored_shredded_pork","4","#c:foods/raw_pork","","原料"
"kaleidoscope_cookery:pot/fish_flavored_shredded_pork","5","#c:crops/chilipepper","","原料"
"kaleidoscope_cookery:pot/fish_flavored_shredded_pork","6","#c:crops/chilipepper","","原料"
"kaleidoscope_cookery:pot/fish_flavored_shredded_pork","7","碗 <minecraft:bowl>","","容器/载体"
"farmersdelight:salvaging/stone","1","石头 <minecraft:stone>","","原料"
"farmersdelight:salvaging/stone","2","{""type"":""farmersdelight:item_ability"",""action"":""pickaxe_dig""}","","工具"
"farmersdelight:salvaging/stone","3","#minecraft:pickaxes","","工具"
"spawn:cooked_bluefish_from_campfire_cooking","1","扁鲹 <spawn:bluefish>","","原料"
"kaleidoscope_cookery:flex_stockpot/seafood_miso_soup","1","#c:raw_fishes","","原料"
"kaleidoscope_cookery:flex_stockpot/seafood_miso_soup","2","#c:crops/lettuce","","原料"
"kaleidoscope_cookery:stockpot/spicy_blood_stew","1","#c:foods/raw_pork","","原料"
"kaleidoscope_cookery:stockpot/spicy_blood_stew","2","#c:foods/raw_pork","","原料"
"kaleidoscope_cookery:stockpot/spicy_blood_stew","3","#c:foods/raw_pork","","原料"
"kaleidoscope_cookery:stockpot/spicy_blood_stew","4","#c:foods/raw_pork","","原料"
"kaleidoscope_cookery:stockpot/spicy_blood_stew","5","#c:crops/chilipepper","","原料"
"kaleidoscope_cookery:stockpot/spicy_blood_stew","6","#c:crops/chilipepper","","原料"
"kaleidoscope_cookery:stockpot/spicy_blood_stew","7","#c:crops/chilipepper","","原料"
"kaleidoscope_cookery:stockpot/spicy_blood_stew","8","#c:crops/chilipepper","","原料"
"kaleidoscope_cookery:stockpot/spicy_blood_stew","9","烈焰粉 <minecraft:blaze_powder>","","原料"
"spawn:slime_ball_from_smelting_mucus","1","粘痕 <spawn:mucus>","","原料"
"farmersdelight:red_canvas_sign","1","#farmersdelight:canvas_signs","","原料"
"farmersdelight:red_canvas_sign","2","#c:dyes/red","","原料"
"farmersdelight:cutting/cabbage","1","卷心菜 <farmersdelight:cabbage>","","原料"
"farmersdelight:cutting/cabbage","2","{""type"":""farmersdelight:item_ability"",""action"":""knife_dig""}","","工具"
"farmersdelight:cutting/cabbage","3","#c:tools/knife","","工具"
"kaleidoscope_cookery:flex_pot/egg_fried_rice","1","#c:eggs","","原料"
"kaleidoscope_cookery:flex_pot/egg_fried_rice","2","#c:foods/cooked_rice","","原料"
"kaleidoscope_cookery:flex_pot/egg_fried_rice","3","碗 <minecraft:bowl>","","容器/载体"
"spawn:blasted_sandstone_slab_from_blasted_sandstone_stonecutting","1","荒砂岩 <spawn:blasted_sandstone>","","原料"
"farmersdelight:cutting/oxeye_daisy","1","滨菊 <minecraft:oxeye_daisy>","","原料"
"farmersdelight:cutting/oxeye_daisy","2","{""type"":""farmersdelight:item_ability"",""action"":""knife_dig""}","","工具"
"farmersdelight:cutting/oxeye_daisy","3","#c:tools/knife","","工具"
"kaleidoscope_cookery:teapot/barley_tea","1","小麦种子 <minecraft:wheat_seeds>","","原料"
"spawn:reefstone_tile_stairs_from_reefstone_stonecutting","1","礁石 <spawn:reefstone>","","原料"
"farmersdelight:integration/create/milling/wild_rice","1","野生稻米 <farmersdelight:wild_rice>","","原料"
"kaleidoscope_cookery:millstone/string_from_orange_wool","1","橙色羊毛 <minecraft:orange_wool>","","原料"
"spawn:cut_blasted_sandstone_slab_from_blasted_sandstone_stonecutting","1","荒砂岩 <spawn:blasted_sandstone>","","原料"
"kaleidoscope_cookery:flex_stockpot/beef_noodle","1","#c:foods/raw_beef","","原料"
"kaleidoscope_cookery:flex_stockpot/beef_noodle","2","生面条 <kaleidoscope_cookery:raw_noodles>","","原料"
"farmersdelight:cooking/pumpkin_soup","1","南瓜片 <farmersdelight:pumpkin_slice>","","原料"
"farmersdelight:cooking/pumpkin_soup","2","#c:foods/leafy_green","","原料"
"farmersdelight:cooking/pumpkin_soup","3","#c:foods/raw_pork","","原料"
"farmersdelight:cooking/pumpkin_soup","4","#c:drinks/milk","","原料"
"kaleidoscope_cookery:millstone/string_from_blue_wool","1","蓝色羊毛 <minecraft:blue_wool>","","原料"
"farmersdelight:tatami_block_from_full","1","长榻榻米垫 <farmersdelight:full_tatami_mat>","","原料"
"farmersdelight:tatami_block_from_full","2","长榻榻米垫 <farmersdelight:full_tatami_mat>","","原料"
"farmersdelight:cooking/vegetable_noodles","1","#c:crops/carrot","","原料"
"farmersdelight:cooking/vegetable_noodles","2","#c:mushrooms","","原料"
"farmersdelight:cooking/vegetable_noodles","3","#c:foods/pasta","","原料"
"farmersdelight:cooking/vegetable_noodles","4","#c:foods/leafy_green","","原料"
"farmersdelight:cooking/vegetable_noodles","5","{""type"":""neoforge:difference"",""base"":{""tag"":""c:foods/vegetable""},""subtracted"":{""item"":""minecraft:melon_slice""}}","","原料"
"kaleidoscope_cookery:millstone/polished_deepslate_from_deepslate","1","深板岩 <minecraft:deepslate>","","原料"
"kaleidoscope_cookery:millstone/polished_deepslate_from_cobbled_deepslate","1","深板岩圆石 <minecraft:cobbled_deepslate>","","原料"
"kaleidoscope_cookery:millstone/diamond_from_deepslate_diamond_ore","1","深层钻石矿石 <minecraft:deepslate_diamond_ore>","","原料"
"farmersdelight:nether_salad","1","绯红菌 <minecraft:crimson_fungus>","","原料"
"farmersdelight:nether_salad","2","诡异菌 <minecraft:warped_fungus>","","原料"
"farmersdelight:nether_salad","3","碗 <minecraft:bowl>","","原料"
"kaleidoscope_cookery:chopping_board/sashimi_from_salmon","1","生鲑鱼 <minecraft:salmon>","","原料"
"farmersdelight:canvas_from_canvas_rug","1","粗布毯 <farmersdelight:canvas_rug>","","原料"
"farmersdelight:canvas_from_canvas_rug","2","粗布毯 <farmersdelight:canvas_rug>","","原料"
"farmersdelight:cooked_bacon_from_smoking","1","生培根 <farmersdelight:bacon>","","原料"
"spawn:algal_reefstone_stairs_from_algal_reefstone_stonecutting","1","藻礁石 <spawn:algal_reefstone>","","原料"
"farmersdelight:green_canvas_sign","1","#farmersdelight:canvas_signs","","原料"
"farmersdelight:green_canvas_sign","2","#c:dyes/green","","原料"
"farmersdelight:salvaging/birch_furniture","1","{""type"":""neoforge:compound"",""children"":[{""item"":""minecraft:birch_door""},{""item"":""minecraft:birch_trapdoor""},{""item"":""minecraft:birch_sign""},{""item"":""minecraft:birch_hanging_sign""},{""item"":""minecraft:birch_fence""},{""item"":""minecraft:birch_fence_gate""},{""item"":""minecraft:birch_pressure_plate""},{""item"":""minecraft:birch_button""},{""item"":""minecraft:birch_boat""},{""item"":""farmersdelight:birch_cabinet""}]}","","原料"
"farmersdelight:salvaging/birch_furniture","2","{""type"":""farmersdelight:item_ability"",""action"":""axe_dig""}","","工具"
"farmersdelight:salvaging/birch_furniture","3","#minecraft:axes","","工具"
"farmersdelight:light_gray_hanging_canvas_sign","1","#farmersdelight:hanging_canvas_signs","","原料"
"farmersdelight:light_gray_hanging_canvas_sign","2","#c:dyes/light_gray","","原料"
"spawn:steamed_clams","1","#c:foods/bread","","原料"
"spawn:steamed_clams","2","熟蚌肉 <spawn:cooked_clam>","","原料"
"spawn:steamed_clams","3","熟蚌肉 <spawn:cooked_clam>","","原料"
"spawn:steamed_clams","4","#c:foods/cabbage","","原料"
"spawn:steamed_clams","5","#c:crops/tomato","","原料"
"spawn:steamed_clams","6","#c:crops/onion","","原料"
"spawn:salvaging/date_furniture","1","{""type"":""neoforge:compound"",""children"":[{""item"":""spawn:date_door""},{""item"":""spawn:date_trapdoor""},{""item"":""spawn:date_sign""},{""item"":""spawn:date_hanging_sign""},{""item"":""spawn:date_fence""},{""item"":""spawn:date_fence_gate""},{""item"":""spawn:date_pressure_plate""},{""item"":""spawn:date_button""},{""item"":""spawn:date_raft""}]}","","原料"
"spawn:salvaging/date_furniture","2","{""type"":""farmersdelight:item_ability"",""action"":""axe_dig""}","","工具"
"spawn:salvaging/date_furniture","3","#minecraft:axes","","工具"
"farmersdelight:cooked_bacon_from_campfire_cooking","1","生培根 <farmersdelight:bacon>","","原料"
"farmersdelight:cooking/mushroom_rice","1","棕色蘑菇 <minecraft:brown_mushroom>","","原料"
"farmersdelight:cooking/mushroom_rice","2","红色蘑菇 <minecraft:red_mushroom>","","原料"
"farmersdelight:cooking/mushroom_rice","3","#c:crops/rice","","原料"
"farmersdelight:cooking/mushroom_rice","4","{""type"":""neoforge:compound"",""children"":[{""item"":""minecraft:carrot""},{""item"":""minecraft:potato""}]}","","原料"
"kaleidoscope_cookery:qingtuan_plate","1","青团 <kaleidoscope_cookery:qingtuan>","","原料"
"kaleidoscope_cookery:qingtuan_plate","2","青团 <kaleidoscope_cookery:qingtuan>","","原料"
"kaleidoscope_cookery:qingtuan_plate","3","青团 <kaleidoscope_cookery:qingtuan>","","原料"
"kaleidoscope_cookery:qingtuan_plate","4","青团 <kaleidoscope_cookery:qingtuan>","","原料"
"kaleidoscope_cookery:qingtuan_plate","5","碗 <minecraft:bowl>","","原料"
"kaleidoscope_cookery:desert_style_sashimi","1","仙人掌 <minecraft:cactus>","","原料"
"kaleidoscope_cookery:desert_style_sashimi","2","仙人掌 <minecraft:cactus>","","原料"
"kaleidoscope_cookery:desert_style_sashimi","3","刺身 <kaleidoscope_cookery:sashimi>","","原料"
"kaleidoscope_cookery:desert_style_sashimi","4","刺身 <kaleidoscope_cookery:sashimi>","","原料"
"kaleidoscope_cookery:desert_style_sashimi","5","刺身 <kaleidoscope_cookery:sashimi>","","原料"
"kaleidoscope_cookery:desert_style_sashimi","6","刺身 <kaleidoscope_cookery:sashimi>","","原料"
"kaleidoscope_cookery:desert_style_sashimi","7","碗 <minecraft:bowl>","","原料"
"farmersdelight:salvaging/oak_furniture","1","{""type"":""neoforge:compound"",""children"":[{""item"":""minecraft:oak_door""},{""item"":""minecraft:oak_trapdoor""},{""item"":""minecraft:oak_sign""},{""item"":""minecraft:oak_hanging_sign""},{""item"":""minecraft:oak_fence""},{""item"":""minecraft:oak_fence_gate""},{""item"":""minecraft:oak_pressure_plate""},{""item"":""minecraft:oak_button""},{""item"":""minecraft:oak_boat""},{""item"":""farmersdelight:oak_cabinet""}]}","","原料"
"farmersdelight:salvaging/oak_furniture","2","{""type"":""farmersdelight:item_ability"",""action"":""axe_dig""}","","工具"
"farmersdelight:salvaging/oak_furniture","3","#minecraft:axes","","工具"
"farmersdelight:cooked_cod_slice","1","生鳕鱼片 <farmersdelight:cod_slice>","","原料"
"farmersdelight:integration/create/milling/rice_panicle","1","稻米穗 <farmersdelight:rice_panicle>","","原料"
"kaleidoscope_cookery:millstone/string_from_purple_wool","1","紫色羊毛 <minecraft:purple_wool>","","原料"
"farmersdelight:cutting_board","1","屏障 <minecraft:barrier>","","原料"
"spawn:date_seed","1","椰枣 <spawn:dates>","","原料"
"kaleidoscope_cookery:stockpot/beef_noodle","1","#c:foods/raw_beef","","原料"
"kaleidoscope_cookery:stockpot/beef_noodle","2","#c:foods/raw_beef","","原料"
"kaleidoscope_cookery:stockpot/beef_noodle","3","#c:foods/raw_beef","","原料"
"kaleidoscope_cookery:stockpot/beef_noodle","4","#c:foods/raw_beef","","原料"
"kaleidoscope_cookery:stockpot/beef_noodle","5","生面条 <kaleidoscope_cookery:raw_noodles>","","原料"
"kaleidoscope_cookery:stockpot/beef_noodle","6","生面条 <kaleidoscope_cookery:raw_noodles>","","原料"
"kaleidoscope_cookery:stockpot/beef_noodle","7","生面条 <kaleidoscope_cookery:raw_noodles>","","原料"
"farmersdelight:integration/create/mixing/tomato_sauce_from_mixing","1","#c:crops/tomato","","原料"
"farmersdelight:integration/create/mixing/tomato_sauce_from_mixing","2","#c:crops/tomato","","原料"
"farmersdelight:integration/create/mixing/tomato_sauce_from_mixing","3","碗 <minecraft:bowl>","","原料"
"farmersdelight:cake_from_slices","1","蛋糕切片 <farmersdelight:cake_slice>","","原料"
"farmersdelight:cake_from_slices","2","蛋糕切片 <farmersdelight:cake_slice>","","原料"
"farmersdelight:cake_from_slices","3","蛋糕切片 <farmersdelight:cake_slice>","","原料"
"farmersdelight:cake_from_slices","4","蛋糕切片 <farmersdelight:cake_slice>","","原料"
"farmersdelight:cake_from_slices","5","蛋糕切片 <farmersdelight:cake_slice>","","原料"
"farmersdelight:cake_from_slices","6","蛋糕切片 <farmersdelight:cake_slice>","","原料"
"farmersdelight:cake_from_slices","7","蛋糕切片 <farmersdelight:cake_slice>","","原料"
"farmersdelight:roasted_mutton_chops","1","熟羊排 <farmersdelight:cooked_mutton_chops>","","原料"
"farmersdelight:roasted_mutton_chops","2","#c:crops/beetroot","","原料"
"farmersdelight:roasted_mutton_chops","3","碗 <minecraft:bowl>","","原料"
"farmersdelight:roasted_mutton_chops","4","米饭 <farmersdelight:cooked_rice>","","原料"
"farmersdelight:roasted_mutton_chops","5","#c:crops/tomato","","原料"
"kaleidoscope_cookery:flex_pot/dongpo_pork","1","#c:foods/raw_pork","","原料"
"kaleidoscope_cookery:flex_pot/dongpo_pork","2","竹子 <minecraft:bamboo>","","原料"
"kaleidoscope_cookery:flex_pot/dongpo_pork","3","碗 <minecraft:bowl>","","容器/载体"
"spawn:cooking/clam_chowder","1","熟蚌肉 <spawn:cooked_clam>","","原料"
"spawn:cooking/clam_chowder","2","马铃薯 <minecraft:potato>","","原料"
"spawn:cooking/clam_chowder","3","奶瓶 <farmersdelight:milk_bottle>","","原料"
"farmersdelight:half_tatami_mat","1","长榻榻米垫 <farmersdelight:full_tatami_mat>","","原料"
"kaleidoscope_cookery:pot/rabbit_to_cooked_rabbit_1","1","生兔肉 <minecraft:rabbit>","","原料"
"kaleidoscope_cookery:pot/rabbit_to_cooked_rabbit_9","1","生兔肉 <minecraft:rabbit>","","原料"
"kaleidoscope_cookery:pot/rabbit_to_cooked_rabbit_9","2","生兔肉 <minecraft:rabbit>","","原料"
"kaleidoscope_cookery:pot/rabbit_to_cooked_rabbit_9","3","生兔肉 <minecraft:rabbit>","","原料"
"kaleidoscope_cookery:pot/rabbit_to_cooked_rabbit_9","4","生兔肉 <minecraft:rabbit>","","原料"
"kaleidoscope_cookery:pot/rabbit_to_cooked_rabbit_9","5","生兔肉 <minecraft:rabbit>","","原料"
"kaleidoscope_cookery:pot/rabbit_to_cooked_rabbit_9","6","生兔肉 <minecraft:rabbit>","","原料"
"kaleidoscope_cookery:pot/rabbit_to_cooked_rabbit_9","7","生兔肉 <minecraft:rabbit>","","原料"
"kaleidoscope_cookery:pot/rabbit_to_cooked_rabbit_9","8","生兔肉 <minecraft:rabbit>","","原料"
"kaleidoscope_cookery:pot/rabbit_to_cooked_rabbit_9","9","生兔肉 <minecraft:rabbit>","","原料"
"kaleidoscope_cookery:pot/rabbit_to_cooked_rabbit_8","1","生兔肉 <minecraft:rabbit>","","原料"
"kaleidoscope_cookery:pot/rabbit_to_cooked_rabbit_8","2","生兔肉 <minecraft:rabbit>","","原料"
"kaleidoscope_cookery:pot/rabbit_to_cooked_rabbit_8","3","生兔肉 <minecraft:rabbit>","","原料"
"kaleidoscope_cookery:pot/rabbit_to_cooked_rabbit_8","4","生兔肉 <minecraft:rabbit>","","原料"
"kaleidoscope_cookery:pot/rabbit_to_cooked_rabbit_8","5","生兔肉 <minecraft:rabbit>","","原料"
"kaleidoscope_cookery:pot/rabbit_to_cooked_rabbit_8","6","生兔肉 <minecraft:rabbit>","","原料"
"kaleidoscope_cookery:pot/rabbit_to_cooked_rabbit_8","7","生兔肉 <minecraft:rabbit>","","原料"
"kaleidoscope_cookery:pot/rabbit_to_cooked_rabbit_8","8","生兔肉 <minecraft:rabbit>","","原料"
"kaleidoscope_cookery:pot/rabbit_to_cooked_rabbit_7","1","生兔肉 <minecraft:rabbit>","","原料"
"kaleidoscope_cookery:pot/rabbit_to_cooked_rabbit_7","2","生兔肉 <minecraft:rabbit>","","原料"
"kaleidoscope_cookery:pot/rabbit_to_cooked_rabbit_7","3","生兔肉 <minecraft:rabbit>","","原料"
"kaleidoscope_cookery:pot/rabbit_to_cooked_rabbit_7","4","生兔肉 <minecraft:rabbit>","","原料"
"kaleidoscope_cookery:pot/rabbit_to_cooked_rabbit_7","5","生兔肉 <minecraft:rabbit>","","原料"
"kaleidoscope_cookery:pot/rabbit_to_cooked_rabbit_7","6","生兔肉 <minecraft:rabbit>","","原料"
"kaleidoscope_cookery:pot/rabbit_to_cooked_rabbit_7","7","生兔肉 <minecraft:rabbit>","","原料"
"kaleidoscope_cookery:pot/rabbit_to_cooked_rabbit_6","1","生兔肉 <minecraft:rabbit>","","原料"
"kaleidoscope_cookery:pot/rabbit_to_cooked_rabbit_6","2","生兔肉 <minecraft:rabbit>","","原料"
"kaleidoscope_cookery:pot/rabbit_to_cooked_rabbit_6","3","生兔肉 <minecraft:rabbit>","","原料"
"kaleidoscope_cookery:pot/rabbit_to_cooked_rabbit_6","4","生兔肉 <minecraft:rabbit>","","原料"
"kaleidoscope_cookery:pot/rabbit_to_cooked_rabbit_6","5","生兔肉 <minecraft:rabbit>","","原料"
"kaleidoscope_cookery:pot/rabbit_to_cooked_rabbit_6","6","生兔肉 <minecraft:rabbit>","","原料"
"kaleidoscope_cookery:pot/rabbit_to_cooked_rabbit_5","1","生兔肉 <minecraft:rabbit>","","原料"
"kaleidoscope_cookery:pot/rabbit_to_cooked_rabbit_5","2","生兔肉 <minecraft:rabbit>","","原料"
"kaleidoscope_cookery:pot/rabbit_to_cooked_rabbit_5","3","生兔肉 <minecraft:rabbit>","","原料"
"kaleidoscope_cookery:pot/rabbit_to_cooked_rabbit_5","4","生兔肉 <minecraft:rabbit>","","原料"
"kaleidoscope_cookery:pot/rabbit_to_cooked_rabbit_5","5","生兔肉 <minecraft:rabbit>","","原料"
"kaleidoscope_cookery:pot/rabbit_to_cooked_rabbit_4","1","生兔肉 <minecraft:rabbit>","","原料"
"kaleidoscope_cookery:pot/rabbit_to_cooked_rabbit_4","2","生兔肉 <minecraft:rabbit>","","原料"
"kaleidoscope_cookery:pot/rabbit_to_cooked_rabbit_4","3","生兔肉 <minecraft:rabbit>","","原料"
"kaleidoscope_cookery:pot/rabbit_to_cooked_rabbit_4","4","生兔肉 <minecraft:rabbit>","","原料"
"kaleidoscope_cookery:pot/rabbit_to_cooked_rabbit_3","1","生兔肉 <minecraft:rabbit>","","原料"
"kaleidoscope_cookery:pot/rabbit_to_cooked_rabbit_3","2","生兔肉 <minecraft:rabbit>","","原料"
"kaleidoscope_cookery:pot/rabbit_to_cooked_rabbit_3","3","生兔肉 <minecraft:rabbit>","","原料"
"kaleidoscope_cookery:pot/rabbit_to_cooked_rabbit_2","1","生兔肉 <minecraft:rabbit>","","原料"
"kaleidoscope_cookery:pot/rabbit_to_cooked_rabbit_2","2","生兔肉 <minecraft:rabbit>","","原料"
"kaleidoscope_cookery:flex_stockpot/beef_meatball_soup","1","生丸子 <kaleidoscope_cookery:raw_meatball>","","原料"
"kaleidoscope_cookery:flex_stockpot/beef_meatball_soup","2","#c:crops/lettuce","","原料"
"kaleidoscope_cookery:millstone/string_from_green_wool","1","绿色羊毛 <minecraft:green_wool>","","原料"
"farmersdelight:cooking/cabbage_rolls","1","#c:crops/cabbage","","原料"
"farmersdelight:cooking/cabbage_rolls","2","{""type"":""neoforge:compound"",""children"":[{""tag"":""c:foods/raw_meat""},{""tag"":""c:foods/safe_raw_fish""},{""tag"":""c:foods/vegetable""},{""tag"":""c:mushrooms""}]}","","原料"
"farmersdelight:mutton_wrap","1","#c:foods/bread","","原料"
"farmersdelight:mutton_wrap","2","#c:foods/cooked_mutton","","原料"
"farmersdelight:mutton_wrap","3","#c:foods/leafy_green","","原料"
"farmersdelight:mutton_wrap","4","#c:crops/onion","","原料"
"spawn:bone_meal_from_snail_shell","1","蜗牛壳 <spawn:snail_shell>","","原料"
"kaleidoscope_cookery:flex_pot/spicy_chicken","1","#c:foods/raw_chicken","","原料"
"kaleidoscope_cookery:flex_pot/spicy_chicken","2","#c:crops/chilipepper","","原料"
"kaleidoscope_cookery:flex_pot/spicy_chicken","3","碗 <minecraft:bowl>","","容器/载体"
"spawn:blue_dye_from_booby_egg_shard","1","鲣鸟蛋壳 <spawn:booby_egg_shard>","","原料"
"farmersdelight:wheat_dough_from_egg","1","#c:crops/wheat","","原料"
"farmersdelight:wheat_dough_from_egg","2","#c:crops/wheat","","原料"
"farmersdelight:wheat_dough_from_egg","3","#c:crops/wheat","","原料"
"farmersdelight:wheat_dough_from_egg","4","#c:eggs","","原料"
"spawn:algal_reefstone","1","礁石 <spawn:reefstone>","","原料"
"spawn:algal_reefstone","2","红藻块 <spawn:red_algae_block>","","原料"
"kaleidoscope_cookery:teapot/oolong","1","龙息 <minecraft:dragon_breath>","","原料"
"spawn:snail_shell_from_big_snail_shell","1","大蜗牛壳 <spawn:big_snail_shell>","","原料"
"farmersdelight:cutting/orange_tulip","1","橙色郁金香 <minecraft:orange_tulip>","","原料"
"farmersdelight:cutting/orange_tulip","2","{""type"":""farmersdelight:item_ability"",""action"":""knife_dig""}","","工具"
"farmersdelight:cutting/orange_tulip","3","#c:tools/knife","","工具"
"kaleidoscope_cookery:millstone/white_dye_from_lily_of_the_valley","1","铃兰 <minecraft:lily_of_the_valley>","","原料"
"spawn:date_planks","1","#spawn:date_logs","","原料"
"farmersdelight:cooking/beetroot_soup","1","#c:crops/beetroot","","原料"
"farmersdelight:cooking/beetroot_soup","2","#c:crops/beetroot","","原料"
"farmersdelight:cooking/beetroot_soup","3","#c:crops/beetroot","","原料"
"kaleidoscope_cookery:millstone/smooth_sandstone_from_sandstone","1","砂岩 <minecraft:sandstone>","","原料"
"farmersdelight:cutting/bamboo_block","1","竹块 <minecraft:bamboo_block>","","原料"
"farmersdelight:cutting/bamboo_block","2","{""type"":""farmersdelight:item_ability"",""action"":""axe_strip""}","","工具"
"farmersdelight:cutting/bamboo_block","3","#minecraft:axes","","工具"
"kaleidoscope_cookery:stockpot/zongzi_count_4","1","生粽子 <kaleidoscope_cookery:raw_zongzi>","","原料"
"kaleidoscope_cookery:stockpot/zongzi_count_4","2","生粽子 <kaleidoscope_cookery:raw_zongzi>","","原料"
"kaleidoscope_cookery:stockpot/zongzi_count_4","3","生粽子 <kaleidoscope_cookery:raw_zongzi>","","原料"
"kaleidoscope_cookery:stockpot/zongzi_count_4","4","生粽子 <kaleidoscope_cookery:raw_zongzi>","","原料"
"kaleidoscope_cookery:stockpot/zongzi_count_5","1","生粽子 <kaleidoscope_cookery:raw_zongzi>","","原料"
"kaleidoscope_cookery:stockpot/zongzi_count_5","2","生粽子 <kaleidoscope_cookery:raw_zongzi>","","原料"
"kaleidoscope_cookery:stockpot/zongzi_count_5","3","生粽子 <kaleidoscope_cookery:raw_zongzi>","","原料"
"kaleidoscope_cookery:stockpot/zongzi_count_5","4","生粽子 <kaleidoscope_cookery:raw_zongzi>","","原料"
"kaleidoscope_cookery:stockpot/zongzi_count_5","5","生粽子 <kaleidoscope_cookery:raw_zongzi>","","原料"
"kaleidoscope_cookery:stockpot/zongzi_count_2","1","生粽子 <kaleidoscope_cookery:raw_zongzi>","","原料"
"kaleidoscope_cookery:stockpot/zongzi_count_2","2","生粽子 <kaleidoscope_cookery:raw_zongzi>","","原料"
"kaleidoscope_cookery:stockpot/zongzi_count_3","1","生粽子 <kaleidoscope_cookery:raw_zongzi>","","原料"
"kaleidoscope_cookery:stockpot/zongzi_count_3","2","生粽子 <kaleidoscope_cookery:raw_zongzi>","","原料"
"kaleidoscope_cookery:stockpot/zongzi_count_3","3","生粽子 <kaleidoscope_cookery:raw_zongzi>","","原料"
"kaleidoscope_cookery:stockpot/zongzi_count_1","1","生粽子 <kaleidoscope_cookery:raw_zongzi>","","原料"
"kaleidoscope_cookery:stockpot/zongzi_count_8","1","生粽子 <kaleidoscope_cookery:raw_zongzi>","","原料"
"kaleidoscope_cookery:stockpot/zongzi_count_8","2","生粽子 <kaleidoscope_cookery:raw_zongzi>","","原料"
"kaleidoscope_cookery:stockpot/zongzi_count_8","3","生粽子 <kaleidoscope_cookery:raw_zongzi>","","原料"
"kaleidoscope_cookery:stockpot/zongzi_count_8","4","生粽子 <kaleidoscope_cookery:raw_zongzi>","","原料"
"kaleidoscope_cookery:stockpot/zongzi_count_8","5","生粽子 <kaleidoscope_cookery:raw_zongzi>","","原料"
"kaleidoscope_cookery:stockpot/zongzi_count_8","6","生粽子 <kaleidoscope_cookery:raw_zongzi>","","原料"
"kaleidoscope_cookery:stockpot/zongzi_count_8","7","生粽子 <kaleidoscope_cookery:raw_zongzi>","","原料"
"kaleidoscope_cookery:stockpot/zongzi_count_8","8","生粽子 <kaleidoscope_cookery:raw_zongzi>","","原料"
"kaleidoscope_cookery:stockpot/zongzi_count_9","1","生粽子 <kaleidoscope_cookery:raw_zongzi>","","原料"
"kaleidoscope_cookery:stockpot/zongzi_count_9","2","生粽子 <kaleidoscope_cookery:raw_zongzi>","","原料"
"kaleidoscope_cookery:stockpot/zongzi_count_9","3","生粽子 <kaleidoscope_cookery:raw_zongzi>","","原料"
"kaleidoscope_cookery:stockpot/zongzi_count_9","4","生粽子 <kaleidoscope_cookery:raw_zongzi>","","原料"
"kaleidoscope_cookery:stockpot/zongzi_count_9","5","生粽子 <kaleidoscope_cookery:raw_zongzi>","","原料"
"kaleidoscope_cookery:stockpot/zongzi_count_9","6","生粽子 <kaleidoscope_cookery:raw_zongzi>","","原料"
"kaleidoscope_cookery:stockpot/zongzi_count_9","7","生粽子 <kaleidoscope_cookery:raw_zongzi>","","原料"
"kaleidoscope_cookery:stockpot/zongzi_count_9","8","生粽子 <kaleidoscope_cookery:raw_zongzi>","","原料"
"kaleidoscope_cookery:stockpot/zongzi_count_9","9","生粽子 <kaleidoscope_cookery:raw_zongzi>","","原料"
"kaleidoscope_cookery:stockpot/zongzi_count_6","1","生粽子 <kaleidoscope_cookery:raw_zongzi>","","原料"
"kaleidoscope_cookery:stockpot/zongzi_count_6","2","生粽子 <kaleidoscope_cookery:raw_zongzi>","","原料"
"kaleidoscope_cookery:stockpot/zongzi_count_6","3","生粽子 <kaleidoscope_cookery:raw_zongzi>","","原料"
"kaleidoscope_cookery:stockpot/zongzi_count_6","4","生粽子 <kaleidoscope_cookery:raw_zongzi>","","原料"
"kaleidoscope_cookery:stockpot/zongzi_count_6","5","生粽子 <kaleidoscope_cookery:raw_zongzi>","","原料"
"kaleidoscope_cookery:stockpot/zongzi_count_6","6","生粽子 <kaleidoscope_cookery:raw_zongzi>","","原料"
"kaleidoscope_cookery:stockpot/zongzi_count_7","1","生粽子 <kaleidoscope_cookery:raw_zongzi>","","原料"
"kaleidoscope_cookery:stockpot/zongzi_count_7","2","生粽子 <kaleidoscope_cookery:raw_zongzi>","","原料"
"kaleidoscope_cookery:stockpot/zongzi_count_7","3","生粽子 <kaleidoscope_cookery:raw_zongzi>","","原料"
"kaleidoscope_cookery:stockpot/zongzi_count_7","4","生粽子 <kaleidoscope_cookery:raw_zongzi>","","原料"
"kaleidoscope_cookery:stockpot/zongzi_count_7","5","生粽子 <kaleidoscope_cookery:raw_zongzi>","","原料"
"kaleidoscope_cookery:stockpot/zongzi_count_7","6","生粽子 <kaleidoscope_cookery:raw_zongzi>","","原料"
"kaleidoscope_cookery:stockpot/zongzi_count_7","7","生粽子 <kaleidoscope_cookery:raw_zongzi>","","原料"
"kaleidoscope_cookery:stockpot/pufferfish_soup","1","河豚 <minecraft:pufferfish>","","原料"
"kaleidoscope_cookery:stockpot/pufferfish_soup","2","河豚 <minecraft:pufferfish>","","原料"
"kaleidoscope_cookery:stockpot/pufferfish_soup","3","#c:crops/lettuce","","原料"
"kaleidoscope_cookery:stockpot/pufferfish_soup","4","#c:crops/lettuce","","原料"
"kaleidoscope_cookery:stockpot/pufferfish_soup","5","#c:crops/lettuce","","原料"
"kaleidoscope_cookery:flex_stockpot/pork_bone_soup","1","骨头 <minecraft:bone>","","原料"
"kaleidoscope_cookery:watermelon_platter","1","西瓜片 <minecraft:melon_slice>","","原料"
"kaleidoscope_cookery:watermelon_platter","2","西瓜片 <minecraft:melon_slice>","","原料"
"kaleidoscope_cookery:watermelon_platter","3","西瓜片 <minecraft:melon_slice>","","原料"
"kaleidoscope_cookery:watermelon_platter","4","碗 <minecraft:bowl>","","原料"
"kaleidoscope_cookery:pot/donkey_burger","1","#c:crops/chilipepper","","原料"
"kaleidoscope_cookery:pot/donkey_burger","2","#c:crops/chilipepper","","原料"
"kaleidoscope_cookery:pot/donkey_burger","3","#c:dough","","原料"
"kaleidoscope_cookery:pot/donkey_burger","4","#c:dough","","原料"
"kaleidoscope_cookery:pot/donkey_burger","5","生切制小肉 <kaleidoscope_cookery:raw_cut_small_meats>","","原料"
"kaleidoscope_cookery:pot/donkey_burger","6","生切制小肉 <kaleidoscope_cookery:raw_cut_small_meats>","","原料"
"kaleidoscope_cookery:cold_style_sashimi","1","雪球 <minecraft:snowball>","","原料"
"kaleidoscope_cookery:cold_style_sashimi","2","雪球 <minecraft:snowball>","","原料"
"kaleidoscope_cookery:cold_style_sashimi","3","雪球 <minecraft:snowball>","","原料"
"kaleidoscope_cookery:cold_style_sashimi","4","刺身 <kaleidoscope_cookery:sashimi>","","原料"
"kaleidoscope_cookery:cold_style_sashimi","5","刺身 <kaleidoscope_cookery:sashimi>","","原料"
"kaleidoscope_cookery:cold_style_sashimi","6","刺身 <kaleidoscope_cookery:sashimi>","","原料"
"kaleidoscope_cookery:cold_style_sashimi","7","刺身 <kaleidoscope_cookery:sashimi>","","原料"
"kaleidoscope_cookery:cold_style_sashimi","8","碗 <minecraft:bowl>","","原料"
"farmersdelight:salvaging/bamboo_chest_raft","1","运输竹筏 <minecraft:bamboo_chest_raft>","","原料"
"farmersdelight:salvaging/bamboo_chest_raft","2","{""type"":""farmersdelight:item_ability"",""action"":""hoe_dig""}","","工具"
"farmersdelight:salvaging/bamboo_chest_raft","3","#minecraft:hoes","","工具"
"spawn:salvaging/rotten_chest_boat","1","腐木运输船 <spawn:rotten_chest_boat>","","原料"
"spawn:salvaging/rotten_chest_boat","2","{""type"":""farmersdelight:item_ability"",""action"":""hoe_dig""}","","工具"
"spawn:salvaging/rotten_chest_boat","3","#minecraft:hoes","","工具"
"farmersdelight:cutting/warped_hyphae","1","诡异菌核 <minecraft:warped_hyphae>","","原料"
"farmersdelight:cutting/warped_hyphae","2","{""type"":""farmersdelight:item_ability"",""action"":""axe_strip""}","","工具"
"farmersdelight:cutting/warped_hyphae","3","#minecraft:axes","","工具"
"spawn:cooked_tuna_chunk","1","金枪鱼块 <spawn:tuna_chunk>","","原料"
"farmersdelight:cooked_mutton_chops_from_smoking","1","生羊排 <farmersdelight:mutton_chops>","","原料"
"spawn:salvaging/date_chest_raft","1","运输椰枣木筏 <spawn:date_chest_raft>","","原料"
"spawn:salvaging/date_chest_raft","2","{""type"":""farmersdelight:item_ability"",""action"":""hoe_dig""}","","工具"
"spawn:salvaging/date_chest_raft","3","#minecraft:hoes","","工具"
"kaleidoscope_cookery:millstone/rice_from_rice_panicle","1","稻穗 <kaleidoscope_cookery:rice_panicle>","","原料"
"farmersdelight:full_tatami_mat","1","榻榻米方块 <farmersdelight:tatami>","","原料"
"kaleidoscope_cookery:stockpot/fearsome_thick_soup","1","腐肉 <minecraft:rotten_flesh>","","原料"
"kaleidoscope_cookery:stockpot/fearsome_thick_soup","2","腐肉 <minecraft:rotten_flesh>","","原料"
"kaleidoscope_cookery:stockpot/fearsome_thick_soup","3","腐肉 <minecraft:rotten_flesh>","","原料"
"kaleidoscope_cookery:stockpot/fearsome_thick_soup","4","腐肉 <minecraft:rotten_flesh>","","原料"
"kaleidoscope_cookery:stockpot/fearsome_thick_soup","5","幽匿块 <minecraft:sculk>","","原料"
"kaleidoscope_cookery:stockpot/fearsome_thick_soup","6","幽匿块 <minecraft:sculk>","","原料"
"kaleidoscope_cookery:stockpot/fearsome_thick_soup","7","幽匿块 <minecraft:sculk>","","原料"
"kaleidoscope_cookery:stockpot/fearsome_thick_soup","8","幽匿块 <minecraft:sculk>","","原料"
"kaleidoscope_cookery:stockpot/fearsome_thick_soup","9","幽匿块 <minecraft:sculk>","","原料"
"farmersdelight:salvaging/dark_oak_furniture","1","{""type"":""neoforge:compound"",""children"":[{""item"":""minecraft:dark_oak_door""},{""item"":""minecraft:dark_oak_trapdoor""},{""item"":""minecraft:dark_oak_sign""},{""item"":""minecraft:dark_oak_hanging_sign""},{""item"":""minecraft:dark_oak_fence""},{""item"":""minecraft:dark_oak_fence_gate""},{""item"":""minecraft:dark_oak_pressure_plate""},{""item"":""minecraft:dark_oak_button""},{""item"":""minecraft:dark_oak_boat""},{""item"":""farmersdelight:dark_oak_cabinet""}]}","","原料"
"farmersdelight:salvaging/dark_oak_furniture","2","{""type"":""farmersdelight:item_ability"",""action"":""axe_dig""}","","工具"
"farmersdelight:salvaging/dark_oak_furniture","3","#minecraft:axes","","工具"
"spawn:shell_fragments","1","蚌 <spawn:clam>","","原料"
"spawn:rotten_planks","1","#spawn:rotten_logs","","原料"
"kaleidoscope_cookery:end_style_sashimi","1","紫颂果 <minecraft:chorus_fruit>","","原料"
"kaleidoscope_cookery:end_style_sashimi","2","紫颂果 <minecraft:chorus_fruit>","","原料"
"kaleidoscope_cookery:end_style_sashimi","3","紫颂果 <minecraft:chorus_fruit>","","原料"
"kaleidoscope_cookery:end_style_sashimi","4","刺身 <kaleidoscope_cookery:sashimi>","","原料"
"kaleidoscope_cookery:end_style_sashimi","5","刺身 <kaleidoscope_cookery:sashimi>","","原料"
"kaleidoscope_cookery:end_style_sashimi","6","刺身 <kaleidoscope_cookery:sashimi>","","原料"
"kaleidoscope_cookery:end_style_sashimi","7","刺身 <kaleidoscope_cookery:sashimi>","","原料"
"kaleidoscope_cookery:end_style_sashimi","8","碗 <minecraft:bowl>","","原料"
"kaleidoscope_cookery:flex_stockpot/red_mushroom_pot_soup","1","红色蘑菇 <minecraft:red_mushroom>","","原料"
"kaleidoscope_cookery:flex_stockpot/red_mushroom_pot_soup","2","花盆 <minecraft:flower_pot>","","容器/载体"
"farmersdelight:iron_nugget_from_smelting_knife","1","铁刀 <farmersdelight:iron_knife>","","原料"
"kaleidoscope_cookery:millstone/quartz_from_quartz_pillar","1","石英柱 <minecraft:quartz_pillar>","","原料"
"spawn:cutting/bluefish","1","扁鲹 <spawn:bluefish>","","原料"
"spawn:cutting/bluefish","2","#c:tools/knife","","工具"
"kaleidoscope_cookery:pot/kelp_to_dried_kelp_3","1","海带 <minecraft:kelp>","","原料"
"kaleidoscope_cookery:pot/kelp_to_dried_kelp_3","2","海带 <minecraft:kelp>","","原料"
"kaleidoscope_cookery:pot/kelp_to_dried_kelp_3","3","海带 <minecraft:kelp>","","原料"
"farmersdelight:bacon_sandwich","1","#c:foods/bread","","原料"
"farmersdelight:bacon_sandwich","2","#c:foods/cooked_bacon","","原料"
"farmersdelight:bacon_sandwich","3","#c:foods/leafy_green","","原料"
"farmersdelight:bacon_sandwich","4","#c:crops/tomato","","原料"
"kaleidoscope_cookery:pot/kelp_to_dried_kelp_4","1","海带 <minecraft:kelp>","","原料"
"kaleidoscope_cookery:pot/kelp_to_dried_kelp_4","2","海带 <minecraft:kelp>","","原料"
"kaleidoscope_cookery:pot/kelp_to_dried_kelp_4","3","海带 <minecraft:kelp>","","原料"
"kaleidoscope_cookery:pot/kelp_to_dried_kelp_4","4","海带 <minecraft:kelp>","","原料"
"kaleidoscope_cookery:pot/kelp_to_dried_kelp_5","1","海带 <minecraft:kelp>","","原料"
"kaleidoscope_cookery:pot/kelp_to_dried_kelp_5","2","海带 <minecraft:kelp>","","原料"
"kaleidoscope_cookery:pot/kelp_to_dried_kelp_5","3","海带 <minecraft:kelp>","","原料"
"kaleidoscope_cookery:pot/kelp_to_dried_kelp_5","4","海带 <minecraft:kelp>","","原料"
"kaleidoscope_cookery:pot/kelp_to_dried_kelp_5","5","海带 <minecraft:kelp>","","原料"
"kaleidoscope_cookery:pot/kelp_to_dried_kelp_6","1","海带 <minecraft:kelp>","","原料"
"kaleidoscope_cookery:pot/kelp_to_dried_kelp_6","2","海带 <minecraft:kelp>","","原料"
"kaleidoscope_cookery:pot/kelp_to_dried_kelp_6","3","海带 <minecraft:kelp>","","原料"
"kaleidoscope_cookery:pot/kelp_to_dried_kelp_6","4","海带 <minecraft:kelp>","","原料"
"kaleidoscope_cookery:pot/kelp_to_dried_kelp_6","5","海带 <minecraft:kelp>","","原料"
"kaleidoscope_cookery:pot/kelp_to_dried_kelp_6","6","海带 <minecraft:kelp>","","原料"
"kaleidoscope_cookery:pot/kelp_to_dried_kelp_7","1","海带 <minecraft:kelp>","","原料"
"kaleidoscope_cookery:pot/kelp_to_dried_kelp_7","2","海带 <minecraft:kelp>","","原料"
"kaleidoscope_cookery:pot/kelp_to_dried_kelp_7","3","海带 <minecraft:kelp>","","原料"
"kaleidoscope_cookery:pot/kelp_to_dried_kelp_7","4","海带 <minecraft:kelp>","","原料"
"kaleidoscope_cookery:pot/kelp_to_dried_kelp_7","5","海带 <minecraft:kelp>","","原料"
"kaleidoscope_cookery:pot/kelp_to_dried_kelp_7","6","海带 <minecraft:kelp>","","原料"
"kaleidoscope_cookery:pot/kelp_to_dried_kelp_7","7","海带 <minecraft:kelp>","","原料"
"kaleidoscope_cookery:pot/kelp_to_dried_kelp_8","1","海带 <minecraft:kelp>","","原料"
"kaleidoscope_cookery:pot/kelp_to_dried_kelp_8","2","海带 <minecraft:kelp>","","原料"
"kaleidoscope_cookery:pot/kelp_to_dried_kelp_8","3","海带 <minecraft:kelp>","","原料"
"kaleidoscope_cookery:pot/kelp_to_dried_kelp_8","4","海带 <minecraft:kelp>","","原料"
"kaleidoscope_cookery:pot/kelp_to_dried_kelp_8","5","海带 <minecraft:kelp>","","原料"
"kaleidoscope_cookery:pot/kelp_to_dried_kelp_8","6","海带 <minecraft:kelp>","","原料"
"kaleidoscope_cookery:pot/kelp_to_dried_kelp_8","7","海带 <minecraft:kelp>","","原料"
"kaleidoscope_cookery:pot/kelp_to_dried_kelp_8","8","海带 <minecraft:kelp>","","原料"
"kaleidoscope_cookery:pot/kelp_to_dried_kelp_9","1","海带 <minecraft:kelp>","","原料"
"kaleidoscope_cookery:pot/kelp_to_dried_kelp_9","2","海带 <minecraft:kelp>","","原料"
"kaleidoscope_cookery:pot/kelp_to_dried_kelp_9","3","海带 <minecraft:kelp>","","原料"
"kaleidoscope_cookery:pot/kelp_to_dried_kelp_9","4","海带 <minecraft:kelp>","","原料"
"kaleidoscope_cookery:pot/kelp_to_dried_kelp_9","5","海带 <minecraft:kelp>","","原料"
"kaleidoscope_cookery:pot/kelp_to_dried_kelp_9","6","海带 <minecraft:kelp>","","原料"
"kaleidoscope_cookery:pot/kelp_to_dried_kelp_9","7","海带 <minecraft:kelp>","","原料"
"kaleidoscope_cookery:pot/kelp_to_dried_kelp_9","8","海带 <minecraft:kelp>","","原料"
"kaleidoscope_cookery:pot/kelp_to_dried_kelp_9","9","海带 <minecraft:kelp>","","原料"
"spawn:smooth_blasted_sandstone","1","荒砂岩 <spawn:blasted_sandstone>","","原料"
"farmersdelight:cyan_canvas_sign","1","#farmersdelight:canvas_signs","","原料"
"farmersdelight:cyan_canvas_sign","2","#c:dyes/cyan","","原料"
"farmersdelight:gold_nugget_from_blasting_knife","1","金刀 <farmersdelight:golden_knife>","","原料"
"farmersdelight:gleaming_salad_block","1","发光浆果 <minecraft:glow_berries>","","原料"
"farmersdelight:gleaming_salad_block","2","蜂蜜瓶 <minecraft:honey_bottle>","","原料"
"farmersdelight:gleaming_salad_block","3","发光浆果 <minecraft:glow_berries>","","原料"
"farmersdelight:gleaming_salad_block","4","#c:crops/tomato","","原料"
"farmersdelight:gleaming_salad_block","5","金胡萝卜 <minecraft:golden_carrot>","","原料"
"farmersdelight:gleaming_salad_block","6","#c:crops/beetroot","","原料"
"farmersdelight:gleaming_salad_block","7","卷心菜 <farmersdelight:cabbage>","","原料"
"farmersdelight:gleaming_salad_block","8","碗 <minecraft:bowl>","","原料"
"farmersdelight:gleaming_salad_block","9","卷心菜 <farmersdelight:cabbage>","","原料"
"spawn:roasted_sunflower_seeds","1","向日葵种子 <spawn:sunflower_seeds>","","原料"
"farmersdelight:cutting/mangrove_wood","1","红树木 <minecraft:mangrove_wood>","","原料"
"farmersdelight:cutting/mangrove_wood","2","{""type"":""farmersdelight:item_ability"",""action"":""axe_strip""}","","工具"
"farmersdelight:cutting/mangrove_wood","3","#minecraft:axes","","工具"
"kaleidoscope_cookery:flex_pot/frost_lamb_chop","1","蓝冰 <minecraft:blue_ice>","","原料"
"kaleidoscope_cookery:flex_pot/frost_lamb_chop","2","#c:foods/raw_mutton","","原料"
"kaleidoscope_cookery:flex_pot/frost_lamb_chop","3","碗 <minecraft:bowl>","","容器/载体"
"kaleidoscope_cookery:pot/kelp_to_dried_kelp_1","1","海带 <minecraft:kelp>","","原料"
"kaleidoscope_cookery:pot/kelp_to_dried_kelp_2","1","海带 <minecraft:kelp>","","原料"
"kaleidoscope_cookery:pot/kelp_to_dried_kelp_2","2","海带 <minecraft:kelp>","","原料"
"spawn:reefstone_slab_from_reefstone_stonecutting","1","礁石 <spawn:reefstone>","","原料"
"spawn:roasted_sunflower_seeds_from_campfire_cooking","1","向日葵种子 <spawn:sunflower_seeds>","","原料"
"farmersdelight:cutting/wild_beetroots","1","海甜菜 <farmersdelight:wild_beetroots>","","原料"
"farmersdelight:cutting/wild_beetroots","2","{""type"":""farmersdelight:item_ability"",""action"":""knife_dig""}","","工具"
"farmersdelight:cutting/wild_beetroots","3","#c:tools/knife","","工具"
"kaleidoscope_cookery:flex_pot/spicy_rabbit_head","1","生兔肉 <minecraft:rabbit>","","原料"
"kaleidoscope_cookery:flex_pot/spicy_rabbit_head","2","#c:crops/chilipepper","","原料"
"kaleidoscope_cookery:flex_pot/spicy_rabbit_head","3","碗 <minecraft:bowl>","","容器/载体"
"farmersdelight:cooking/hot_cocoa","1","#c:drinks/milk","","原料"
"farmersdelight:cooking/hot_cocoa","2","糖 <minecraft:sugar>","","原料"
"farmersdelight:cooking/hot_cocoa","3","可可豆 <minecraft:cocoa_beans>","","原料"
"farmersdelight:cooking/hot_cocoa","4","可可豆 <minecraft:cocoa_beans>","","原料"
"kaleidoscope_cookery:flex_pot/donkey_burger","1","#c:crops/chilipepper","","原料"
"kaleidoscope_cookery:flex_pot/donkey_burger","2","#c:dough","","原料"
"kaleidoscope_cookery:flex_pot/donkey_burger","3","生切制小肉 <kaleidoscope_cookery:raw_cut_small_meats>","","原料"
"farmersdelight:cooking/noodle_soup","1","#c:foods/pasta","","原料"
"farmersdelight:cooking/noodle_soup","2","#c:eggs","","原料"
"farmersdelight:cooking/noodle_soup","3","干海带 <minecraft:dried_kelp>","","原料"
"farmersdelight:cooking/noodle_soup","4","#c:foods/raw_pork","","原料"
"kaleidoscope_cookery:pot/oil_splashed_fish","1","#c:raw_fishes","","原料"
"kaleidoscope_cookery:pot/oil_splashed_fish","2","#c:raw_fishes","","原料"
"kaleidoscope_cookery:pot/oil_splashed_fish","3","#c:raw_fishes","","原料"
"kaleidoscope_cookery:pot/oil_splashed_fish","4","#c:raw_fishes","","原料"
"kaleidoscope_cookery:pot/oil_splashed_fish","5","#c:raw_fishes","","原料"
"kaleidoscope_cookery:pot/oil_splashed_fish","6","#c:raw_fishes","","原料"
"kaleidoscope_cookery:pot/oil_splashed_fish","7","#c:crops/chilipepper","","原料"
"kaleidoscope_cookery:pot/oil_splashed_fish","8","#c:crops/chilipepper","","原料"
"kaleidoscope_cookery:pot/oil_splashed_fish","9","碗 <minecraft:bowl>","","容器/载体"
"farmersdelight:salvaging/hopper_minecart","1","漏斗矿车 <minecraft:hopper_minecart>","","原料"
"farmersdelight:salvaging/hopper_minecart","2","{""type"":""farmersdelight:item_ability"",""action"":""hoe_dig""}","","工具"
"farmersdelight:salvaging/hopper_minecart","3","#minecraft:hoes","","工具"
"farmersdelight:cutting/tag_dough","1","#c:foods/dough","","原料"
"farmersdelight:cutting/tag_dough","2","{""type"":""farmersdelight:item_ability"",""action"":""knife_dig""}","","工具"
"farmersdelight:cutting/tag_dough","3","#c:tools/knife","","工具"
"kaleidoscope_cookery:stockpot/numbing_spicy_chicken","1","#c:crops/chilipepper","","原料"
"kaleidoscope_cookery:stockpot/numbing_spicy_chicken","2","#c:crops/chilipepper","","原料"
"kaleidoscope_cookery:stockpot/numbing_spicy_chicken","3","#c:foods/raw_chicken","","原料"
"kaleidoscope_cookery:stockpot/numbing_spicy_chicken","4","#c:foods/raw_chicken","","原料"
"kaleidoscope_cookery:stockpot/numbing_spicy_chicken","5","#c:foods/raw_chicken","","原料"
"farmersdelight:cutting/mutton","1","生羊肉 <minecraft:mutton>","","原料"
"farmersdelight:cutting/mutton","2","{""type"":""farmersdelight:item_ability"",""action"":""knife_dig""}","","工具"
"farmersdelight:cutting/mutton","3","#c:tools/knife","","工具"
"spawn:tuna_roll","1","金枪鱼片 <spawn:tuna_slice>","","原料"
"spawn:tuna_roll","2","干海带 <minecraft:dried_kelp>","","原料"
"spawn:tuna_roll","3","米饭 <farmersdelight:cooked_rice>","","原料"
"spawn:cooked_herring_from_campfire_cooking","1","鲱鱼 <spawn:herring>","","原料"
"farmersdelight:onion","1","箱装洋葱 <farmersdelight:onion_crate>","","原料"
"farmersdelight:cooking/stuffed_pumpkin_block","1","#c:crops/rice","","原料"
"farmersdelight:cooking/stuffed_pumpkin_block","2","#c:crops/onion","","原料"
"farmersdelight:cooking/stuffed_pumpkin_block","3","棕色蘑菇 <minecraft:brown_mushroom>","","原料"
"farmersdelight:cooking/stuffed_pumpkin_block","4","#c:crops/potato","","原料"
"farmersdelight:cooking/stuffed_pumpkin_block","5","#c:foods/berry","","原料"
"farmersdelight:cooking/stuffed_pumpkin_block","6","{""type"":""neoforge:difference"",""base"":{""tag"":""c:foods/vegetable""},""subtracted"":{""item"":""minecraft:melon_slice""}}","","原料"
"spawn:cooked_herring_slice","1","鲱鱼片 <spawn:herring_slice>","","原料"
"farmersdelight:cooking/mushroom_stew","1","棕色蘑菇 <minecraft:brown_mushroom>","","原料"
"farmersdelight:cooking/mushroom_stew","2","红色蘑菇 <minecraft:red_mushroom>","","原料"
"spawn:reefstone_tile_stairs_from_reefstone_tiles_stonecutting","1","礁石瓦 <spawn:reefstone_tiles>","","原料"
"kaleidoscope_cookery:teapot/flower_tea","1","#minecraft:small_flowers","","原料"
"kaleidoscope_cookery:millstone/string_from_pink_wool","1","粉红色羊毛 <minecraft:pink_wool>","","原料"
"farmersdelight:pot/add/beef_patty","1","牛肉馅 <farmersdelight:minced_beef>","","原料"
"farmersdelight:white_hanging_canvas_sign","1","#farmersdelight:hanging_canvas_signs","","原料"
"farmersdelight:white_hanging_canvas_sign","2","#c:dyes/white","","原料"
"kaleidoscope_cookery:millstone/string_from_magenta_wool","1","品红色羊毛 <minecraft:magenta_wool>","","原料"
"kaleidoscope_cookery:flex_pot/stir_fried_pork_with_peppers","1","#c:foods/raw_pork","","原料"
"kaleidoscope_cookery:flex_pot/stir_fried_pork_with_peppers","2","#c:crops/chilipepper","","原料"
"kaleidoscope_cookery:flex_pot/stir_fried_pork_with_peppers","3","碗 <minecraft:bowl>","","容器/载体"
"farmersdelight:integration/create/milling/wild_cabbages","1","野生卷心菜 <farmersdelight:wild_cabbages>","","原料"
"kaleidoscope_cookery:pot/blaze_lamb_chop","1","烈焰粉 <minecraft:blaze_powder>","","原料"
"kaleidoscope_cookery:pot/blaze_lamb_chop","2","烈焰粉 <minecraft:blaze_powder>","","原料"
"kaleidoscope_cookery:pot/blaze_lamb_chop","3","烈焰粉 <minecraft:blaze_powder>","","原料"
"kaleidoscope_cookery:pot/blaze_lamb_chop","4","#c:foods/raw_mutton","","原料"
"kaleidoscope_cookery:pot/blaze_lamb_chop","5","#c:foods/raw_mutton","","原料"
"kaleidoscope_cookery:pot/blaze_lamb_chop","6","#c:foods/raw_mutton","","原料"
"kaleidoscope_cookery:pot/blaze_lamb_chop","7","碗 <minecraft:bowl>","","容器/载体"
"farmersdelight:wheat_dough_from_water","1","屏障 <minecraft:barrier>","","原料"
"kaleidoscope_cookery:millstone/oil_from_seeds","1","#c:seeds","","原料"
"spawn:clam_chowder_fd","1","碗 <minecraft:bowl>","","原料"
"spawn:clam_chowder_fd","2","熟蚌肉 <spawn:cooked_clam>","","原料"
"spawn:clam_chowder_fd","3","马铃薯 <minecraft:potato>","","原料"
"spawn:clam_chowder_fd","4","马铃薯 <minecraft:potato>","","原料"
"spawn:clam_chowder_fd","5","奶瓶 <farmersdelight:milk_bottle>","","原料"
"farmersdelight:cooking/glow_berry_custard","1","发光浆果 <minecraft:glow_berries>","","原料"
"farmersdelight:cooking/glow_berry_custard","2","#c:drinks/milk","","原料"
"farmersdelight:cooking/glow_berry_custard","3","#c:eggs","","原料"
"farmersdelight:cooking/glow_berry_custard","4","糖 <minecraft:sugar>","","原料"
"kaleidoscope_cookery:millstone/polished_andesite_from_andesite","1","安山岩 <minecraft:andesite>","","原料"
"farmersdelight:cutting/chocolate_pie","1","巧克力派 <farmersdelight:chocolate_pie>","","原料"
"farmersdelight:cutting/chocolate_pie","2","{""type"":""farmersdelight:item_ability"",""action"":""knife_dig""}","","工具"
"farmersdelight:cutting/chocolate_pie","3","#c:tools/knife","","工具"
"farmersdelight:green_hanging_canvas_sign","1","#farmersdelight:hanging_canvas_signs","","原料"
"farmersdelight:green_hanging_canvas_sign","2","#c:dyes/green","","原料"
"farmersdelight:horse_feed","1","干草捆 <minecraft:hay_block> / 稻穗捆 <farmersdelight:rice_bale>","","原料"
"farmersdelight:horse_feed","2","苹果 <minecraft:apple>","","原料"
"farmersdelight:horse_feed","3","苹果 <minecraft:apple>","","原料"
"farmersdelight:horse_feed","4","金胡萝卜 <minecraft:golden_carrot>","","原料"
"kaleidoscope_cookery:millstone/string_from_cyan_wool","1","青色羊毛 <minecraft:cyan_wool>","","原料"
"farmersdelight:cutting/pink_tulip","1","粉红色郁金香 <minecraft:pink_tulip>","","原料"
"farmersdelight:cutting/pink_tulip","2","{""type"":""farmersdelight:item_ability"",""action"":""knife_dig""}","","工具"
"farmersdelight:cutting/pink_tulip","3","#c:tools/knife","","工具"
"kaleidoscope_cookery:millstone/polished_blackstone_from_blackstone","1","黑石 <minecraft:blackstone>","","原料"
"kaleidoscope_cookery:millstone/quartz_from_smooth_quartz","1","平滑石英块 <minecraft:smooth_quartz>","","原料"
"farmersdelight:cutting/acacia_wood","1","金合欢木 <minecraft:acacia_wood>","","原料"
"farmersdelight:cutting/acacia_wood","2","{""type"":""farmersdelight:item_ability"",""action"":""axe_strip""}","","工具"
"farmersdelight:cutting/acacia_wood","3","#minecraft:axes","","工具"
"spawn:cooked_tuna_chunk_from_campfire_cooking","1","金枪鱼块 <spawn:tuna_chunk>","","原料"
"spawn:reefstone_tile_wall_from_reefstone_stonecutting","1","礁石 <spawn:reefstone>","","原料"
"farmersdelight:cooking/beef_stew","1","#c:foods/raw_beef","","原料"
"farmersdelight:cooking/beef_stew","2","#c:crops/carrot","","原料"
"farmersdelight:cooking/beef_stew","3","#c:crops/potato","","原料"
"farmersdelight:cutting/dandelion","1","蒲公英 <minecraft:dandelion>","","原料"
"farmersdelight:cutting/dandelion","2","{""type"":""farmersdelight:item_ability"",""action"":""knife_dig""}","","工具"
"farmersdelight:cutting/dandelion","3","#c:tools/knife","","工具"
"kaleidoscope_cookery:chopping_board/raw_lamb_chops","1","生羊肉 <minecraft:mutton>","","原料"
"kaleidoscope_cookery:chopping_board/raw_noodles_from_raw_dough","1","#c:dough","","原料"
"farmersdelight:rope_from_safety_net","1","安全网 <farmersdelight:safety_net>","","原料"
"farmersdelight:cooked_mutton_chops_from_campfire_cooking","1","生羊排 <farmersdelight:mutton_chops>","","原料"
"spawn:cutting/cooked_herring","1","熟鲱鱼 <spawn:cooked_herring>","","原料"
"spawn:cutting/cooked_herring","2","#c:tools/knife","","工具"
"farmersdelight:orange_canvas_sign","1","#farmersdelight:canvas_signs","","原料"
"farmersdelight:orange_canvas_sign","2","#c:dyes/orange","","原料"
"farmersdelight:cutting/dark_oak_wood","1","深色橡木 <minecraft:dark_oak_wood>","","原料"
"farmersdelight:cutting/dark_oak_wood","2","{""type"":""farmersdelight:item_ability"",""action"":""axe_strip""}","","工具"
"farmersdelight:cutting/dark_oak_wood","3","#minecraft:axes","","工具"
"kaleidoscope_cookery:cold_cut_ham_slices","1","熟五花肉 <kaleidoscope_cookery:cooked_pork_belly>","","原料"
"kaleidoscope_cookery:cold_cut_ham_slices","2","熟五花肉 <kaleidoscope_cookery:cooked_pork_belly>","","原料"
"kaleidoscope_cookery:cold_cut_ham_slices","3","熟五花肉 <kaleidoscope_cookery:cooked_pork_belly>","","原料"
"kaleidoscope_cookery:cold_cut_ham_slices","4","熟五花肉 <kaleidoscope_cookery:cooked_pork_belly>","","原料"
"kaleidoscope_cookery:cold_cut_ham_slices","5","熟五花肉 <kaleidoscope_cookery:cooked_pork_belly>","","原料"
"kaleidoscope_cookery:cold_cut_ham_slices","6","熟五花肉 <kaleidoscope_cookery:cooked_pork_belly>","","原料"
"kaleidoscope_cookery:cold_cut_ham_slices","7","熟五花肉 <kaleidoscope_cookery:cooked_pork_belly>","","原料"
"kaleidoscope_cookery:cold_cut_ham_slices","8","熟五花肉 <kaleidoscope_cookery:cooked_pork_belly>","","原料"
"kaleidoscope_cookery:cold_cut_ham_slices","9","碗 <minecraft:bowl>","","原料"
"farmersdelight:cooking/cooked_rice","1","#c:crops/rice","","原料"
"kaleidoscope_cookery:stockpot/crimson_fungus_pot_soup","1","绯红菌 <minecraft:crimson_fungus>","","原料"
"kaleidoscope_cookery:stockpot/crimson_fungus_pot_soup","2","绯红菌 <minecraft:crimson_fungus>","","原料"
"kaleidoscope_cookery:stockpot/crimson_fungus_pot_soup","3","绯红菌 <minecraft:crimson_fungus>","","原料"
"kaleidoscope_cookery:stockpot/crimson_fungus_pot_soup","4","绯红菌 <minecraft:crimson_fungus>","","原料"
"kaleidoscope_cookery:stockpot/crimson_fungus_pot_soup","5","绯红菌 <minecraft:crimson_fungus>","","原料"
"kaleidoscope_cookery:stockpot/crimson_fungus_pot_soup","6","绯红菌 <minecraft:crimson_fungus>","","原料"
"kaleidoscope_cookery:stockpot/crimson_fungus_pot_soup","7","花盆 <minecraft:flower_pot>","","容器/载体"
"kaleidoscope_cookery:flex_pot/braised_pork_ribs","1","骨头 <minecraft:bone>","","原料"
"kaleidoscope_cookery:flex_pot/braised_pork_ribs","2","#c:foods/raw_pork","","原料"
"kaleidoscope_cookery:flex_pot/braised_pork_ribs","3","碗 <minecraft:bowl>","","容器/载体"
"farmersdelight:salvaging/crimson_furniture","1","{""type"":""neoforge:compound"",""children"":[{""item"":""minecraft:crimson_door""},{""item"":""minecraft:crimson_trapdoor""},{""item"":""minecraft:crimson_sign""},{""item"":""minecraft:crimson_hanging_sign""},{""item"":""minecraft:crimson_fence""},{""item"":""minecraft:crimson_fence_gate""},{""item"":""minecraft:crimson_pressure_plate""},{""item"":""minecraft:crimson_button""},{""item"":""farmersdelight:crimson_cabinet""}]}","","原料"
"farmersdelight:salvaging/crimson_furniture","2","{""type"":""farmersdelight:item_ability"",""action"":""axe_dig""}","","工具"
"farmersdelight:salvaging/crimson_furniture","3","#minecraft:axes","","工具"
"kaleidoscope_cookery:chopping_board/cooked_pork_belly","1","熟猪排 <minecraft:cooked_porkchop>","","原料"
"farmersdelight:beef_patty_from_smoking","1","牛肉馅 <farmersdelight:minced_beef>","","原料"
"kaleidoscope_cookery:flex_pot/fondant_spider_eye","1","糖 <minecraft:sugar>","","原料"
"kaleidoscope_cookery:flex_pot/fondant_spider_eye","2","蜘蛛眼 <minecraft:spider_eye>","","原料"
"kaleidoscope_cookery:flex_pot/fondant_spider_eye","3","碗 <minecraft:bowl>","","容器/载体"
"kaleidoscope_cookery:pot/pan_seared_knight_steak","1","骨头 <minecraft:bone>","","原料"
"kaleidoscope_cookery:pot/pan_seared_knight_steak","2","骨头 <minecraft:bone>","","原料"
"kaleidoscope_cookery:pot/pan_seared_knight_steak","3","骨头 <minecraft:bone>","","原料"
"kaleidoscope_cookery:pot/pan_seared_knight_steak","4","甜浆果 <minecraft:sweet_berries>","","原料"
"kaleidoscope_cookery:pot/pan_seared_knight_steak","5","甜浆果 <minecraft:sweet_berries>","","原料"
"kaleidoscope_cookery:pot/pan_seared_knight_steak","6","甜浆果 <minecraft:sweet_berries>","","原料"
"kaleidoscope_cookery:pot/pan_seared_knight_steak","7","#c:foods/raw_beef","","原料"
"kaleidoscope_cookery:pot/pan_seared_knight_steak","8","#c:foods/raw_beef","","原料"
"kaleidoscope_cookery:pot/pan_seared_knight_steak","9","碗 <minecraft:bowl>","","容器/载体"
"farmersdelight:integration/create/milling/wild_onions","1","野生洋葱 <farmersdelight:wild_onions>","","原料"
"farmersdelight:cutting/torchflower","1","火把花 <minecraft:torchflower>","","原料"
"farmersdelight:cutting/torchflower","2","{""type"":""farmersdelight:item_ability"",""action"":""knife_dig""}","","工具"
"farmersdelight:cutting/torchflower","3","#c:tools/knife","","工具"
"farmersdelight:cutting/wild_carrots","1","野生胡萝卜 <farmersdelight:wild_carrots>","","原料"
"farmersdelight:cutting/wild_carrots","2","{""type"":""farmersdelight:item_ability"",""action"":""knife_dig""}","","工具"
"farmersdelight:cutting/wild_carrots","3","#c:tools/knife","","工具"
"farmersdelight:netherite_knife_smithing","1","钻石刀 <farmersdelight:diamond_knife>","","基础材料"
"farmersdelight:netherite_knife_smithing","2","下界合金锭 <minecraft:netherite_ingot>","","附加材料"
"farmersdelight:rice_panicle","1","稻穗捆 <farmersdelight:rice_bale>","","原料"
"farmersdelight:salvaging/furnace_minecart","1","动力矿车 <minecraft:furnace_minecart>","","原料"
"farmersdelight:salvaging/furnace_minecart","2","{""type"":""farmersdelight:item_ability"",""action"":""hoe_dig""}","","工具"
"farmersdelight:salvaging/furnace_minecart","3","#minecraft:hoes","","工具"
"farmersdelight:pot/add/cooked_salmon_slice","1","生鲑鱼片 <farmersdelight:salmon_slice>","","原料"
"spawn:cutting/tuna_chunk","1","金枪鱼块 <spawn:tuna_chunk>","","原料"
"spawn:cutting/tuna_chunk","2","#c:tools/knife","","工具"
"farmersdelight:cutting/red_mushroom_colony","1","红色蘑菇菌落 <farmersdelight:red_mushroom_colony>","","原料"
"farmersdelight:cutting/red_mushroom_colony","2","{""type"":""farmersdelight:item_ability"",""action"":""knife_dig""}","","工具"
"farmersdelight:cutting/red_mushroom_colony","3","#c:tools/knife","","工具"
"farmersdelight:cutting/acacia_log","1","金合欢原木 <minecraft:acacia_log>","","原料"
"farmersdelight:cutting/acacia_log","2","{""type"":""farmersdelight:item_ability"",""action"":""axe_strip""}","","工具"
"farmersdelight:cutting/acacia_log","3","#minecraft:axes","","工具"
"farmersdelight:fried_egg_from_smoking","1","鸡蛋 <minecraft:egg>","","原料"
"kaleidoscope_cookery:rice_panicle","1","稻草捆 <kaleidoscope_cookery:straw_block>","","原料"
"farmersdelight:cooking/bone_broth","1","#c:bones","","原料"
"farmersdelight:cooking/bone_broth","2","{""type"":""neoforge:compound"",""children"":[{""item"":""minecraft:glow_berries""},{""tag"":""c:mushrooms""},{""item"":""minecraft:hanging_roots""},{""item"":""minecraft:glow_lichen""}]}","","原料"
"kaleidoscope_cookery:millstone/smooth_red_sandstone_from_red_sandstone","1","红砂岩 <minecraft:red_sandstone>","","原料"
"kaleidoscope_cookery:pot/fondant_pie","1","糖 <minecraft:sugar>","","原料"
"kaleidoscope_cookery:pot/fondant_pie","2","糖 <minecraft:sugar>","","原料"
"kaleidoscope_cookery:pot/fondant_pie","3","糖 <minecraft:sugar>","","原料"
"kaleidoscope_cookery:pot/fondant_pie","4","糖 <minecraft:sugar>","","原料"
"kaleidoscope_cookery:pot/fondant_pie","5","南瓜派 <minecraft:pumpkin_pie>","","原料"
"kaleidoscope_cookery:pot/fondant_pie","6","南瓜派 <minecraft:pumpkin_pie>","","原料"
"kaleidoscope_cookery:pot/fondant_pie","7","南瓜派 <minecraft:pumpkin_pie>","","原料"
"kaleidoscope_cookery:pot/fondant_pie","8","南瓜派 <minecraft:pumpkin_pie>","","原料"
"kaleidoscope_cookery:pot/fondant_pie","9","碗 <minecraft:bowl>","","容器/载体"
"farmersdelight:cutting/melon","1","西瓜 <minecraft:melon>","","原料"
"farmersdelight:cutting/melon","2","{""type"":""farmersdelight:item_ability"",""action"":""knife_dig""}","","工具"
"farmersdelight:cutting/melon","3","#c:tools/knife","","工具"
"kaleidoscope_cookery:flex_stockpot/dough_drop_soup","1","#c:crops/lettuce","","原料"
"kaleidoscope_cookery:flex_stockpot/dough_drop_soup","2","#c:flour","","原料"
"kaleidoscope_cookery:millstone/polished_basalt_from_smooth_basalt","1","平滑玄武岩 <minecraft:smooth_basalt>","","原料"
"kaleidoscope_cookery:baozi_plate","1","包子 <kaleidoscope_cookery:baozi>","","原料"
"kaleidoscope_cookery:baozi_plate","2","包子 <kaleidoscope_cookery:baozi>","","原料"
"kaleidoscope_cookery:baozi_plate","3","包子 <kaleidoscope_cookery:baozi>","","原料"
"kaleidoscope_cookery:baozi_plate","4","包子 <kaleidoscope_cookery:baozi>","","原料"
"kaleidoscope_cookery:baozi_plate","5","包子 <kaleidoscope_cookery:baozi>","","原料"
"kaleidoscope_cookery:baozi_plate","6","碗 <minecraft:bowl>","","原料"
"kaleidoscope_cookery:pot/raw_meatball_to_cooked_meatball_3","1","生丸子 <kaleidoscope_cookery:raw_meatball>","","原料"
"kaleidoscope_cookery:pot/raw_meatball_to_cooked_meatball_3","2","生丸子 <kaleidoscope_cookery:raw_meatball>","","原料"
"kaleidoscope_cookery:pot/raw_meatball_to_cooked_meatball_3","3","生丸子 <kaleidoscope_cookery:raw_meatball>","","原料"
"kaleidoscope_cookery:pot/raw_meatball_to_cooked_meatball_4","1","生丸子 <kaleidoscope_cookery:raw_meatball>","","原料"
"kaleidoscope_cookery:pot/raw_meatball_to_cooked_meatball_4","2","生丸子 <kaleidoscope_cookery:raw_meatball>","","原料"
"kaleidoscope_cookery:pot/raw_meatball_to_cooked_meatball_4","3","生丸子 <kaleidoscope_cookery:raw_meatball>","","原料"
"kaleidoscope_cookery:pot/raw_meatball_to_cooked_meatball_4","4","生丸子 <kaleidoscope_cookery:raw_meatball>","","原料"
"kaleidoscope_cookery:pot/raw_meatball_to_cooked_meatball_1","1","生丸子 <kaleidoscope_cookery:raw_meatball>","","原料"
"kaleidoscope_cookery:pot/raw_meatball_to_cooked_meatball_2","1","生丸子 <kaleidoscope_cookery:raw_meatball>","","原料"
"kaleidoscope_cookery:pot/raw_meatball_to_cooked_meatball_2","2","生丸子 <kaleidoscope_cookery:raw_meatball>","","原料"
"kaleidoscope_cookery:pot/raw_meatball_to_cooked_meatball_7","1","生丸子 <kaleidoscope_cookery:raw_meatball>","","原料"
"kaleidoscope_cookery:pot/raw_meatball_to_cooked_meatball_7","2","生丸子 <kaleidoscope_cookery:raw_meatball>","","原料"
"kaleidoscope_cookery:pot/raw_meatball_to_cooked_meatball_7","3","生丸子 <kaleidoscope_cookery:raw_meatball>","","原料"
"kaleidoscope_cookery:pot/raw_meatball_to_cooked_meatball_7","4","生丸子 <kaleidoscope_cookery:raw_meatball>","","原料"
"kaleidoscope_cookery:pot/raw_meatball_to_cooked_meatball_7","5","生丸子 <kaleidoscope_cookery:raw_meatball>","","原料"
"kaleidoscope_cookery:pot/raw_meatball_to_cooked_meatball_7","6","生丸子 <kaleidoscope_cookery:raw_meatball>","","原料"
"kaleidoscope_cookery:pot/raw_meatball_to_cooked_meatball_7","7","生丸子 <kaleidoscope_cookery:raw_meatball>","","原料"
"kaleidoscope_cookery:pot/raw_meatball_to_cooked_meatball_8","1","生丸子 <kaleidoscope_cookery:raw_meatball>","","原料"
"kaleidoscope_cookery:pot/raw_meatball_to_cooked_meatball_8","2","生丸子 <kaleidoscope_cookery:raw_meatball>","","原料"
"kaleidoscope_cookery:pot/raw_meatball_to_cooked_meatball_8","3","生丸子 <kaleidoscope_cookery:raw_meatball>","","原料"
"kaleidoscope_cookery:pot/raw_meatball_to_cooked_meatball_8","4","生丸子 <kaleidoscope_cookery:raw_meatball>","","原料"
"kaleidoscope_cookery:pot/raw_meatball_to_cooked_meatball_8","5","生丸子 <kaleidoscope_cookery:raw_meatball>","","原料"
"kaleidoscope_cookery:pot/raw_meatball_to_cooked_meatball_8","6","生丸子 <kaleidoscope_cookery:raw_meatball>","","原料"
"kaleidoscope_cookery:pot/raw_meatball_to_cooked_meatball_8","7","生丸子 <kaleidoscope_cookery:raw_meatball>","","原料"
"kaleidoscope_cookery:pot/raw_meatball_to_cooked_meatball_8","8","生丸子 <kaleidoscope_cookery:raw_meatball>","","原料"
"kaleidoscope_cookery:pot/raw_meatball_to_cooked_meatball_5","1","生丸子 <kaleidoscope_cookery:raw_meatball>","","原料"
"kaleidoscope_cookery:pot/raw_meatball_to_cooked_meatball_5","2","生丸子 <kaleidoscope_cookery:raw_meatball>","","原料"
"kaleidoscope_cookery:pot/raw_meatball_to_cooked_meatball_5","3","生丸子 <kaleidoscope_cookery:raw_meatball>","","原料"
"kaleidoscope_cookery:pot/raw_meatball_to_cooked_meatball_5","4","生丸子 <kaleidoscope_cookery:raw_meatball>","","原料"
"kaleidoscope_cookery:pot/raw_meatball_to_cooked_meatball_5","5","生丸子 <kaleidoscope_cookery:raw_meatball>","","原料"
"kaleidoscope_cookery:pot/raw_meatball_to_cooked_meatball_6","1","生丸子 <kaleidoscope_cookery:raw_meatball>","","原料"
"kaleidoscope_cookery:pot/raw_meatball_to_cooked_meatball_6","2","生丸子 <kaleidoscope_cookery:raw_meatball>","","原料"
"kaleidoscope_cookery:pot/raw_meatball_to_cooked_meatball_6","3","生丸子 <kaleidoscope_cookery:raw_meatball>","","原料"
"kaleidoscope_cookery:pot/raw_meatball_to_cooked_meatball_6","4","生丸子 <kaleidoscope_cookery:raw_meatball>","","原料"
"kaleidoscope_cookery:pot/raw_meatball_to_cooked_meatball_6","5","生丸子 <kaleidoscope_cookery:raw_meatball>","","原料"
"kaleidoscope_cookery:pot/raw_meatball_to_cooked_meatball_6","6","生丸子 <kaleidoscope_cookery:raw_meatball>","","原料"
"kaleidoscope_cookery:pot/raw_meatball_to_cooked_meatball_9","1","生丸子 <kaleidoscope_cookery:raw_meatball>","","原料"
"kaleidoscope_cookery:pot/raw_meatball_to_cooked_meatball_9","2","生丸子 <kaleidoscope_cookery:raw_meatball>","","原料"
"kaleidoscope_cookery:pot/raw_meatball_to_cooked_meatball_9","3","生丸子 <kaleidoscope_cookery:raw_meatball>","","原料"
"kaleidoscope_cookery:pot/raw_meatball_to_cooked_meatball_9","4","生丸子 <kaleidoscope_cookery:raw_meatball>","","原料"
"kaleidoscope_cookery:pot/raw_meatball_to_cooked_meatball_9","5","生丸子 <kaleidoscope_cookery:raw_meatball>","","原料"
"kaleidoscope_cookery:pot/raw_meatball_to_cooked_meatball_9","6","生丸子 <kaleidoscope_cookery:raw_meatball>","","原料"
"kaleidoscope_cookery:pot/raw_meatball_to_cooked_meatball_9","7","生丸子 <kaleidoscope_cookery:raw_meatball>","","原料"
"kaleidoscope_cookery:pot/raw_meatball_to_cooked_meatball_9","8","生丸子 <kaleidoscope_cookery:raw_meatball>","","原料"
"kaleidoscope_cookery:pot/raw_meatball_to_cooked_meatball_9","9","生丸子 <kaleidoscope_cookery:raw_meatball>","","原料"
"farmersdelight:light_gray_canvas_sign","1","#farmersdelight:canvas_signs","","原料"
"farmersdelight:light_gray_canvas_sign","2","#c:dyes/light_gray","","原料"
"kaleidoscope_cookery:chorus_fruit_platter","1","紫颂果 <minecraft:chorus_fruit>","","原料"
"kaleidoscope_cookery:chorus_fruit_platter","2","紫颂果 <minecraft:chorus_fruit>","","原料"
"kaleidoscope_cookery:chorus_fruit_platter","3","紫颂果 <minecraft:chorus_fruit>","","原料"
"kaleidoscope_cookery:chorus_fruit_platter","4","紫颂果 <minecraft:chorus_fruit>","","原料"
"kaleidoscope_cookery:chorus_fruit_platter","5","紫颂果 <minecraft:chorus_fruit>","","原料"
"kaleidoscope_cookery:chorus_fruit_platter","6","碗 <minecraft:bowl>","","原料"
"kaleidoscope_cookery:pot/mutton_to_cooked_mutton_1","1","生羊肉 <minecraft:mutton>","","原料"
"kaleidoscope_cookery:pot/mutton_to_cooked_mutton_3","1","生羊肉 <minecraft:mutton>","","原料"
"kaleidoscope_cookery:pot/mutton_to_cooked_mutton_3","2","生羊肉 <minecraft:mutton>","","原料"
"kaleidoscope_cookery:pot/mutton_to_cooked_mutton_3","3","生羊肉 <minecraft:mutton>","","原料"
"kaleidoscope_cookery:pot/mutton_to_cooked_mutton_2","1","生羊肉 <minecraft:mutton>","","原料"
"kaleidoscope_cookery:pot/mutton_to_cooked_mutton_2","2","生羊肉 <minecraft:mutton>","","原料"
"kaleidoscope_cookery:pot/mutton_to_cooked_mutton_5","1","生羊肉 <minecraft:mutton>","","原料"
"kaleidoscope_cookery:pot/mutton_to_cooked_mutton_5","2","生羊肉 <minecraft:mutton>","","原料"
"kaleidoscope_cookery:pot/mutton_to_cooked_mutton_5","3","生羊肉 <minecraft:mutton>","","原料"
"kaleidoscope_cookery:pot/mutton_to_cooked_mutton_5","4","生羊肉 <minecraft:mutton>","","原料"
"kaleidoscope_cookery:pot/mutton_to_cooked_mutton_5","5","生羊肉 <minecraft:mutton>","","原料"
"kaleidoscope_cookery:pot/mutton_to_cooked_mutton_4","1","生羊肉 <minecraft:mutton>","","原料"
"kaleidoscope_cookery:pot/mutton_to_cooked_mutton_4","2","生羊肉 <minecraft:mutton>","","原料"
"kaleidoscope_cookery:pot/mutton_to_cooked_mutton_4","3","生羊肉 <minecraft:mutton>","","原料"
"kaleidoscope_cookery:pot/mutton_to_cooked_mutton_4","4","生羊肉 <minecraft:mutton>","","原料"
"kaleidoscope_cookery:pot/mutton_to_cooked_mutton_7","1","生羊肉 <minecraft:mutton>","","原料"
"kaleidoscope_cookery:pot/mutton_to_cooked_mutton_7","2","生羊肉 <minecraft:mutton>","","原料"
"kaleidoscope_cookery:pot/mutton_to_cooked_mutton_7","3","生羊肉 <minecraft:mutton>","","原料"
"kaleidoscope_cookery:pot/mutton_to_cooked_mutton_7","4","生羊肉 <minecraft:mutton>","","原料"
"kaleidoscope_cookery:pot/mutton_to_cooked_mutton_7","5","生羊肉 <minecraft:mutton>","","原料"
"kaleidoscope_cookery:pot/mutton_to_cooked_mutton_7","6","生羊肉 <minecraft:mutton>","","原料"
"kaleidoscope_cookery:pot/mutton_to_cooked_mutton_7","7","生羊肉 <minecraft:mutton>","","原料"
"kaleidoscope_cookery:pot/mutton_to_cooked_mutton_6","1","生羊肉 <minecraft:mutton>","","原料"
"kaleidoscope_cookery:pot/mutton_to_cooked_mutton_6","2","生羊肉 <minecraft:mutton>","","原料"
"kaleidoscope_cookery:pot/mutton_to_cooked_mutton_6","3","生羊肉 <minecraft:mutton>","","原料"
"kaleidoscope_cookery:pot/mutton_to_cooked_mutton_6","4","生羊肉 <minecraft:mutton>","","原料"
"kaleidoscope_cookery:pot/mutton_to_cooked_mutton_6","5","生羊肉 <minecraft:mutton>","","原料"
"kaleidoscope_cookery:pot/mutton_to_cooked_mutton_6","6","生羊肉 <minecraft:mutton>","","原料"
"kaleidoscope_cookery:pot/mutton_to_cooked_mutton_9","1","生羊肉 <minecraft:mutton>","","原料"
"kaleidoscope_cookery:pot/mutton_to_cooked_mutton_9","2","生羊肉 <minecraft:mutton>","","原料"
"kaleidoscope_cookery:pot/mutton_to_cooked_mutton_9","3","生羊肉 <minecraft:mutton>","","原料"
"kaleidoscope_cookery:pot/mutton_to_cooked_mutton_9","4","生羊肉 <minecraft:mutton>","","原料"
"kaleidoscope_cookery:pot/mutton_to_cooked_mutton_9","5","生羊肉 <minecraft:mutton>","","原料"
"kaleidoscope_cookery:pot/mutton_to_cooked_mutton_9","6","生羊肉 <minecraft:mutton>","","原料"
"kaleidoscope_cookery:pot/mutton_to_cooked_mutton_9","7","生羊肉 <minecraft:mutton>","","原料"
"kaleidoscope_cookery:pot/mutton_to_cooked_mutton_9","8","生羊肉 <minecraft:mutton>","","原料"
"kaleidoscope_cookery:pot/mutton_to_cooked_mutton_9","9","生羊肉 <minecraft:mutton>","","原料"
"kaleidoscope_cookery:pot/mutton_to_cooked_mutton_8","1","生羊肉 <minecraft:mutton>","","原料"
"kaleidoscope_cookery:pot/mutton_to_cooked_mutton_8","2","生羊肉 <minecraft:mutton>","","原料"
"kaleidoscope_cookery:pot/mutton_to_cooked_mutton_8","3","生羊肉 <minecraft:mutton>","","原料"
"kaleidoscope_cookery:pot/mutton_to_cooked_mutton_8","4","生羊肉 <minecraft:mutton>","","原料"
"kaleidoscope_cookery:pot/mutton_to_cooked_mutton_8","5","生羊肉 <minecraft:mutton>","","原料"
"kaleidoscope_cookery:pot/mutton_to_cooked_mutton_8","6","生羊肉 <minecraft:mutton>","","原料"
"kaleidoscope_cookery:pot/mutton_to_cooked_mutton_8","7","生羊肉 <minecraft:mutton>","","原料"
"kaleidoscope_cookery:pot/mutton_to_cooked_mutton_8","8","生羊肉 <minecraft:mutton>","","原料"
"farmersdelight:canvas_rug","1","粗布 <farmersdelight:canvas>","","原料"
"kaleidoscope_cookery:millstone/raw_gold_from_deepslate_gold_ore","1","深层金矿石 <minecraft:deepslate_gold_ore>","","原料"
"kaleidoscope_cookery:stuffed_dough_food_steamer","1","蒸笼 <kaleidoscope_cookery:steamer>","","原料"
"kaleidoscope_cookery:stuffed_dough_food_steamer","2","裹馅面食 <kaleidoscope_cookery:stuffed_dough_food>","","原料"
"kaleidoscope_cookery:stuffed_dough_food_steamer","3","裹馅面食 <kaleidoscope_cookery:stuffed_dough_food>","","原料"
"kaleidoscope_cookery:stuffed_dough_food_steamer","4","裹馅面食 <kaleidoscope_cookery:stuffed_dough_food>","","原料"
"kaleidoscope_cookery:stuffed_dough_food_steamer","5","裹馅面食 <kaleidoscope_cookery:stuffed_dough_food>","","原料"
"kaleidoscope_cookery:pot/fried_spring_roll","1","幻翼膜 <minecraft:phantom_membrane>","","原料"
"kaleidoscope_cookery:pot/fried_spring_roll","2","幻翼膜 <minecraft:phantom_membrane>","","原料"
"kaleidoscope_cookery:pot/fried_spring_roll","3","#c:foods/raw_pork","","原料"
"kaleidoscope_cookery:pot/fried_spring_roll","4","#c:foods/raw_pork","","原料"
"kaleidoscope_cookery:pot/fried_spring_roll","5","#c:foods/raw_pork","","原料"
"kaleidoscope_cookery:pot/fried_spring_roll","6","#c:foods/raw_pork","","原料"
"kaleidoscope_cookery:pot/fried_spring_roll","7","#c:mushrooms","","原料"
"kaleidoscope_cookery:pot/fried_spring_roll","8","#c:mushrooms","","原料"
"kaleidoscope_cookery:pot/fried_spring_roll","9","碗 <minecraft:bowl>","","容器/载体"
"farmersdelight:chopping_board/add/cake_slice","1","蛋糕 <minecraft:cake>","","原料"
"spawn:blasted_sandstone_wall_from_blasted_sandstone_stonecutting","1","荒砂岩 <spawn:blasted_sandstone>","","原料"
"farmersdelight:white_canvas_sign","1","#farmersdelight:canvas_signs","","原料"
"farmersdelight:white_canvas_sign","2","#c:dyes/white","","原料"
"kaleidoscope_cookery:stir_fried_pork_with_peppers_rice_bowl","1","青椒炒肉 <kaleidoscope_cookery:stir_fried_pork_with_peppers>","","原料"
"farmersdelight:salvaging/amethyst_block","1","紫水晶块 <minecraft:amethyst_block>","","原料"
"farmersdelight:salvaging/amethyst_block","2","{""type"":""farmersdelight:item_ability"",""action"":""pickaxe_dig""}","","工具"
"farmersdelight:salvaging/amethyst_block","3","#minecraft:pickaxes","","工具"
"kaleidoscope_cookery:flex_pot/blaze_lamb_chop","1","烈焰粉 <minecraft:blaze_powder>","","原料"
"kaleidoscope_cookery:flex_pot/blaze_lamb_chop","2","#c:foods/raw_mutton","","原料"
"kaleidoscope_cookery:flex_pot/blaze_lamb_chop","3","碗 <minecraft:bowl>","","容器/载体"
"farmersdelight:cutting/jungle_log","1","丛林原木 <minecraft:jungle_log>","","原料"
"farmersdelight:cutting/jungle_log","2","{""type"":""farmersdelight:item_ability"",""action"":""axe_strip""}","","工具"
"farmersdelight:cutting/jungle_log","3","#minecraft:axes","","工具"
"kaleidoscope_cookery:stockpot/hot_dry_noodles","1","生面条 <kaleidoscope_cookery:raw_noodles>","","原料"
"kaleidoscope_cookery:stockpot/hot_dry_noodles","2","生面条 <kaleidoscope_cookery:raw_noodles>","","原料"
"kaleidoscope_cookery:stockpot/hot_dry_noodles","3","生面条 <kaleidoscope_cookery:raw_noodles>","","原料"
"kaleidoscope_cookery:stockpot/hot_dry_noodles","4","#c:crops/chilipepper","","原料"
"kaleidoscope_cookery:stockpot/hot_dry_noodles","5","#c:crops/chilipepper","","原料"
"kaleidoscope_cookery:stockpot/hot_dry_noodles","6","#c:crops/chilipepper","","原料"
"kaleidoscope_cookery:shengjian_mantou_plate","1","水煎包 <kaleidoscope_cookery:shengjian_mantou>","","原料"
"kaleidoscope_cookery:shengjian_mantou_plate","2","水煎包 <kaleidoscope_cookery:shengjian_mantou>","","原料"
"kaleidoscope_cookery:shengjian_mantou_plate","3","水煎包 <kaleidoscope_cookery:shengjian_mantou>","","原料"
"kaleidoscope_cookery:shengjian_mantou_plate","4","水煎包 <kaleidoscope_cookery:shengjian_mantou>","","原料"
"kaleidoscope_cookery:shengjian_mantou_plate","5","水煎包 <kaleidoscope_cookery:shengjian_mantou>","","原料"
"kaleidoscope_cookery:shengjian_mantou_plate","6","碗 <minecraft:bowl>","","原料"
"kaleidoscope_cookery:steamer/baozi","1","裹馅面食 <kaleidoscope_cookery:stuffed_dough_food>","","原料"
"farmersdelight:beetroot_from_crate","1","箱装甜菜根 <farmersdelight:beetroot_crate>","","原料"
"farmersdelight:cooked_salmon_slice_from_smoking","1","生鲑鱼片 <farmersdelight:salmon_slice>","","原料"
"farmersdelight:straw","1","草捆 <farmersdelight:straw_bale>","","原料"
"farmersdelight:cutting/cornflower","1","矢车菊 <minecraft:cornflower>","","原料"
"farmersdelight:cutting/cornflower","2","{""type"":""farmersdelight:item_ability"",""action"":""knife_dig""}","","工具"
"farmersdelight:cutting/cornflower","3","#c:tools/knife","","工具"
"farmersdelight:cutting/birch_wood","1","白桦木 <minecraft:birch_wood>","","原料"
"farmersdelight:cutting/birch_wood","2","{""type"":""farmersdelight:item_ability"",""action"":""axe_strip""}","","工具"
"farmersdelight:cutting/birch_wood","3","#minecraft:axes","","工具"
"farmersdelight:shepherds_pie_block","1","烤马铃薯 <minecraft:baked_potato>","","原料"
"farmersdelight:shepherds_pie_block","2","#c:drinks/milk","","原料"
"farmersdelight:shepherds_pie_block","3","烤马铃薯 <minecraft:baked_potato>","","原料"
"farmersdelight:shepherds_pie_block","4","#c:foods/cooked_mutton","","原料"
"farmersdelight:shepherds_pie_block","5","#c:foods/cooked_mutton","","原料"
"farmersdelight:shepherds_pie_block","6","#c:foods/cooked_mutton","","原料"
"farmersdelight:shepherds_pie_block","7","#c:crops/onion","","原料"
"farmersdelight:shepherds_pie_block","8","碗 <minecraft:bowl>","","原料"
"farmersdelight:shepherds_pie_block","9","#c:crops/onion","","原料"
"spawn:reefstone_tile_wall_from_reefstone_tiles_stonecutting","1","礁石瓦 <spawn:reefstone_tiles>","","原料"
"kaleidoscope_cookery:millstone/gunpowder_from_flint","1","燧石 <minecraft:flint>","","原料"
"farmersdelight:cutting/kelp_roll","1","海带寿司卷 <farmersdelight:kelp_roll>","","原料"
"farmersdelight:cutting/kelp_roll","2","{""type"":""farmersdelight:item_ability"",""action"":""knife_dig""}","","工具"
"farmersdelight:cutting/kelp_roll","3","#c:tools/knife","","工具"
"farmersdelight:salvaging/warped_furniture","1","{""type"":""neoforge:compound"",""children"":[{""item"":""minecraft:warped_door""},{""item"":""minecraft:warped_trapdoor""},{""item"":""minecraft:warped_sign""},{""item"":""minecraft:warped_hanging_sign""},{""item"":""minecraft:warped_fence""},{""item"":""minecraft:warped_fence_gate""},{""item"":""minecraft:warped_pressure_plate""},{""item"":""minecraft:warped_button""},{""item"":""farmersdelight:warped_cabinet""}]}","","原料"
"farmersdelight:salvaging/warped_furniture","2","{""type"":""farmersdelight:item_ability"",""action"":""axe_dig""}","","工具"
"farmersdelight:salvaging/warped_furniture","3","#minecraft:axes","","工具"
"farmersdelight:salvaging/mangrove_furniture","1","{""type"":""neoforge:compound"",""children"":[{""item"":""minecraft:mangrove_door""},{""item"":""minecraft:mangrove_trapdoor""},{""item"":""minecraft:mangrove_sign""},{""item"":""minecraft:mangrove_hanging_sign""},{""item"":""minecraft:mangrove_fence""},{""item"":""minecraft:mangrove_fence_gate""},{""item"":""minecraft:mangrove_pressure_plate""},{""item"":""minecraft:mangrove_button""},{""item"":""minecraft:mangrove_boat""},{""item"":""farmersdelight:mangrove_cabinet""}]}","","原料"
"farmersdelight:salvaging/mangrove_furniture","2","{""type"":""farmersdelight:item_ability"",""action"":""axe_dig""}","","工具"
"farmersdelight:salvaging/mangrove_furniture","3","#minecraft:axes","","工具"
"kaleidoscope_cookery:sticky_rice_cake_plate","1","糍粑 <kaleidoscope_cookery:sticky_rice_cake>","","原料"
"kaleidoscope_cookery:sticky_rice_cake_plate","2","糍粑 <kaleidoscope_cookery:sticky_rice_cake>","","原料"
"kaleidoscope_cookery:sticky_rice_cake_plate","3","糍粑 <kaleidoscope_cookery:sticky_rice_cake>","","原料"
"kaleidoscope_cookery:sticky_rice_cake_plate","4","糍粑 <kaleidoscope_cookery:sticky_rice_cake>","","原料"
"kaleidoscope_cookery:sticky_rice_cake_plate","5","糍粑 <kaleidoscope_cookery:sticky_rice_cake>","","原料"
"kaleidoscope_cookery:sticky_rice_cake_plate","6","碗 <minecraft:bowl>","","原料"
"farmersdelight:cutting/wooden_basket","1","木篮 <farmersdelight:wooden_basket>","","原料"
"farmersdelight:cutting/wooden_basket","2","{""type"":""farmersdelight:item_ability"",""action"":""axe_dig""}","","工具"
"farmersdelight:cutting/wooden_basket","3","#minecraft:axes","","工具"
"kaleidoscope_cookery:raw_meatball","1","#c:raw_meats","","原料"
"kaleidoscope_cookery:raw_meatball","2","#c:raw_meats","","原料"
"kaleidoscope_cookery:raw_meatball","3","#c:vegetables","","原料"
"kaleidoscope_cookery:teapot/biluochun","1","鹦鹉螺壳 <minecraft:nautilus_shell>","","原料"
"kaleidoscope_cookery:millstone/cyan_dye_from_pitcher_plant","1","瓶子草 <minecraft:pitcher_plant>","","原料"
"spawn:cooked_bluefish_from_smoking","1","扁鲹 <spawn:bluefish>","","原料"
"kaleidoscope_cookery:flex_stockpot/warped_fungus_pot_soup","1","诡异菌 <minecraft:warped_fungus>","","原料"
"kaleidoscope_cookery:flex_stockpot/warped_fungus_pot_soup","2","花盆 <minecraft:flower_pot>","","容器/载体"
"spawn:cutting/herring","1","鲱鱼 <spawn:herring>","","原料"
"spawn:cutting/herring","2","#c:tools/knife","","工具"
"farmersdelight:pink_canvas_sign","1","#farmersdelight:canvas_signs","","原料"
"farmersdelight:pink_canvas_sign","2","#c:dyes/pink","","原料"
"farmersdelight:cooked_mutton_chops","1","生羊排 <farmersdelight:mutton_chops>","","原料"
"kaleidoscope_cookery:chopping_board/sashimi_from_tropical_fish","1","热带鱼 <minecraft:tropical_fish>","","原料"
"farmersdelight:roast_chicken_block","1","#c:crops/onion","","原料"
"farmersdelight:roast_chicken_block","2","#c:eggs","","原料"
"farmersdelight:roast_chicken_block","3","#c:foods/bread","","原料"
"farmersdelight:roast_chicken_block","4","#c:crops/carrot","","原料"
"farmersdelight:roast_chicken_block","5","熟鸡肉 <minecraft:cooked_chicken>","","原料"
"farmersdelight:roast_chicken_block","6","烤马铃薯 <minecraft:baked_potato>","","原料"
"farmersdelight:roast_chicken_block","7","#c:crops/carrot","","原料"
"farmersdelight:roast_chicken_block","8","碗 <minecraft:bowl>","","原料"
"farmersdelight:roast_chicken_block","9","烤马铃薯 <minecraft:baked_potato>","","原料"
"kaleidoscope_cookery:pot/braised_beef","1","#c:foods/raw_beef","","原料"
"kaleidoscope_cookery:pot/braised_beef","2","#c:foods/raw_beef","","原料"
"kaleidoscope_cookery:pot/braised_beef","3","#c:foods/raw_beef","","原料"
"kaleidoscope_cookery:pot/braised_beef","4","红辣椒 <kaleidoscope_cookery:red_chili>","","原料"
"kaleidoscope_cookery:pot/braised_beef","5","红辣椒 <kaleidoscope_cookery:red_chili>","","原料"
"kaleidoscope_cookery:pot/braised_beef","6","红辣椒 <kaleidoscope_cookery:red_chili>","","原料"
"kaleidoscope_cookery:pot/braised_beef","7","碗 <minecraft:bowl>","","容器/载体"
"farmersdelight:cooked_chicken_cuts","1","生鸡肉丁 <farmersdelight:chicken_cuts>","","原料"
"farmersdelight:cutting/beef","1","生牛肉 <minecraft:beef>","","原料"
"farmersdelight:cutting/beef","2","{""type"":""farmersdelight:item_ability"",""action"":""knife_dig""}","","工具"
"farmersdelight:cutting/beef","3","#c:tools/knife","","工具"
"kaleidoscope_cookery:stockpot/seafood_miso_soup_cod_entity","1","#c:crops/lettuce","","原料"
"kaleidoscope_cookery:stockpot/seafood_miso_soup_cod_entity","2","#c:crops/lettuce","","原料"
"kaleidoscope_cookery:stockpot/seafood_miso_soup_cod_entity","3","#c:crops/lettuce","","原料"
"kaleidoscope_cookery:flex_stockpot/borscht","1","#c:foods/raw_beef","","原料"
"kaleidoscope_cookery:flex_stockpot/borscht","2","#c:crops/tomato","","原料"
"kaleidoscope_cookery:flex_stockpot/four_joy_meatball_soup","1","生丸子 <kaleidoscope_cookery:raw_meatball>","","原料"
"kaleidoscope_cookery:millstone/quartz_from_nether_quartz_ore","1","下界石英矿石 <minecraft:nether_quartz_ore>","","原料"
"spawn:cutting/rotten_wood","1","腐木 <spawn:rotten_wood>","","原料"
"spawn:cutting/rotten_wood","2","{""type"":""farmersdelight:item_ability"",""action"":""axe_strip""}","","工具"
"kaleidoscope_cookery:steamer/mantou","1","#c:dough","","原料"
"kaleidoscope_cookery:millstone/gold_nugget_from_nether_gold_ore","1","下界金矿石 <minecraft:nether_gold_ore>","","原料"
"kaleidoscope_cookery:flex_pot/pan_seared_knight_steak","1","甜浆果 <minecraft:sweet_berries>","","原料"
"kaleidoscope_cookery:flex_pot/pan_seared_knight_steak","2","#c:foods/raw_beef","","原料"
"kaleidoscope_cookery:flex_pot/pan_seared_knight_steak","3","骨头 <minecraft:bone>","","原料"
"kaleidoscope_cookery:flex_pot/pan_seared_knight_steak","4","碗 <minecraft:bowl>","","容器/载体"
"farmersdelight:organic_compost_from_tree_bark","1","泥土 <minecraft:dirt>","","原料"
"farmersdelight:organic_compost_from_tree_bark","2","草秆 <farmersdelight:straw>","","原料"
"farmersdelight:organic_compost_from_tree_bark","3","草秆 <farmersdelight:straw>","","原料"
"farmersdelight:organic_compost_from_tree_bark","4","骨粉 <minecraft:bone_meal>","","原料"
"farmersdelight:organic_compost_from_tree_bark","5","骨粉 <minecraft:bone_meal>","","原料"
"farmersdelight:organic_compost_from_tree_bark","6","树皮 <farmersdelight:tree_bark>","","原料"
"farmersdelight:organic_compost_from_tree_bark","7","树皮 <farmersdelight:tree_bark>","","原料"
"farmersdelight:organic_compost_from_tree_bark","8","树皮 <farmersdelight:tree_bark>","","原料"
"farmersdelight:organic_compost_from_tree_bark","9","树皮 <farmersdelight:tree_bark>","","原料"
"kaleidoscope_cookery:millstone/black_dye_from_wither_rose","1","凋灵玫瑰 <minecraft:wither_rose>","","原料"
"farmersdelight:potato_from_crate","1","箱装马铃薯 <farmersdelight:potato_crate>","","原料"
"kaleidoscope_cookery:millstone/lapis_lazuli_from_deepslate_lapis_ore","1","深层青金石矿石 <minecraft:deepslate_lapis_ore>","","原料"
"farmersdelight:beef_patty_from_campfire_cooking","1","牛肉馅 <farmersdelight:minced_beef>","","原料"
"kaleidoscope_cookery:chopping_board/raw_cow_offal","1","生牛肉 <minecraft:beef>","","原料"
"farmersdelight:barbecue_stick","1","#c:crops/tomato","","原料"
"farmersdelight:barbecue_stick","2","#c:crops/onion","","原料"
"farmersdelight:barbecue_stick","3","#c:foods/cooked_meat","","原料"
"farmersdelight:barbecue_stick","4","木棍 <minecraft:stick>","","原料"
"farmersdelight:stuffed_potato","1","烤马铃薯 <minecraft:baked_potato>","","原料"
"farmersdelight:stuffed_potato","2","#c:foods/cooked_beef","","原料"
"farmersdelight:stuffed_potato","3","#c:drinks/milk","","原料"
"farmersdelight:cooking/rabbit_stew","1","#c:crops/potato","","原料"
"farmersdelight:cooking/rabbit_stew","2","生兔肉 <minecraft:rabbit>","","原料"
"farmersdelight:cooking/rabbit_stew","3","#c:crops/carrot","","原料"
"farmersdelight:cooking/rabbit_stew","4","{""type"":""neoforge:compound"",""children"":[{""item"":""minecraft:brown_mushroom""},{""item"":""minecraft:red_mushroom""}]}","","原料"
"kaleidoscope_cookery:pot/spicy_chicken","1","#c:foods/raw_chicken","","原料"
"kaleidoscope_cookery:pot/spicy_chicken","2","#c:foods/raw_chicken","","原料"
"kaleidoscope_cookery:pot/spicy_chicken","3","#c:foods/raw_chicken","","原料"
"kaleidoscope_cookery:pot/spicy_chicken","4","#c:foods/raw_chicken","","原料"
"kaleidoscope_cookery:pot/spicy_chicken","5","#c:crops/chilipepper","","原料"
"kaleidoscope_cookery:pot/spicy_chicken","6","#c:crops/chilipepper","","原料"
"kaleidoscope_cookery:pot/spicy_chicken","7","#c:crops/chilipepper","","原料"
"kaleidoscope_cookery:pot/spicy_chicken","8","#c:crops/chilipepper","","原料"
"kaleidoscope_cookery:pot/spicy_chicken","9","碗 <minecraft:bowl>","","容器/载体"
"farmersdelight:pot/add/cooked_bacon","1","生培根 <farmersdelight:bacon>","","原料"
"spawn:cooked_bluefish_slice_from_smoking","1","扁鲹片 <spawn:bluefish_slice>","","原料"
"farmersdelight:chopping_board/add/pumpkin_slice","1","南瓜 <minecraft:pumpkin>","","原料"
"kaleidoscope_cookery:stockpot/borscht","1","#c:foods/raw_beef","","原料"
"kaleidoscope_cookery:stockpot/borscht","2","#c:foods/raw_beef","","原料"
"kaleidoscope_cookery:stockpot/borscht","3","#c:crops/tomato","","原料"
"kaleidoscope_cookery:stockpot/borscht","4","#c:crops/tomato","","原料"
"kaleidoscope_cookery:stockpot/borscht","5","#c:crops/tomato","","原料"
"kaleidoscope_cookery:stockpot/borscht","6","#c:crops/tomato","","原料"
"kaleidoscope_cookery:sticky_candy_plate","1","牛皮糖 <kaleidoscope_cookery:sticky_candy>","","原料"
"kaleidoscope_cookery:sticky_candy_plate","2","牛皮糖 <kaleidoscope_cookery:sticky_candy>","","原料"
"kaleidoscope_cookery:sticky_candy_plate","3","牛皮糖 <kaleidoscope_cookery:sticky_candy>","","原料"
"kaleidoscope_cookery:sticky_candy_plate","4","牛皮糖 <kaleidoscope_cookery:sticky_candy>","","原料"
"kaleidoscope_cookery:sticky_candy_plate","5","碗 <minecraft:bowl>","","原料"
"spawn:cooked_herring_slice_from_campfire_cooking","1","鲱鱼片 <spawn:herring_slice>","","原料"
"farmersdelight:light_blue_hanging_canvas_sign","1","#farmersdelight:hanging_canvas_signs","","原料"
"farmersdelight:light_blue_hanging_canvas_sign","2","#c:dyes/light_blue","","原料"
"kaleidoscope_cookery:millstone/string_from_light_gray_wool","1","淡灰色羊毛 <minecraft:light_gray_wool>","","原料"
"farmersdelight:cooked_salmon_slice_from_campfire_cooking","1","生鲑鱼片 <farmersdelight:salmon_slice>","","原料"
"kaleidoscope_cookery:stockpot/beef_meatball_soup","1","生丸子 <kaleidoscope_cookery:raw_meatball>","","原料"
"kaleidoscope_cookery:stockpot/beef_meatball_soup","2","生丸子 <kaleidoscope_cookery:raw_meatball>","","原料"
"kaleidoscope_cookery:stockpot/beef_meatball_soup","3","#c:crops/lettuce","","原料"
"kaleidoscope_cookery:stockpot/beef_meatball_soup","4","#c:crops/lettuce","","原料"
"kaleidoscope_cookery:stockpot/beef_meatball_soup","5","#c:crops/lettuce","","原料"
"kaleidoscope_cookery:millstone/pink_dye_from_peony","1","牡丹 <minecraft:peony>","","原料"
"farmersdelight:packed_mud_from_straw","1","草秆 <farmersdelight:straw>","","原料"
"farmersdelight:packed_mud_from_straw","2","泥巴 <minecraft:mud>","","原料"
"farmersdelight:packed_mud_from_straw","3","泥巴 <minecraft:mud>","","原料"
"kaleidoscope_cookery:pot/spicy_rabbit_head","1","生兔肉 <minecraft:rabbit>","","原料"
"kaleidoscope_cookery:pot/spicy_rabbit_head","2","生兔肉 <minecraft:rabbit>","","原料"
"kaleidoscope_cookery:pot/spicy_rabbit_head","3","生兔肉 <minecraft:rabbit>","","原料"
"kaleidoscope_cookery:pot/spicy_rabbit_head","4","#c:crops/chilipepper","","原料"
"kaleidoscope_cookery:pot/spicy_rabbit_head","5","#c:crops/chilipepper","","原料"
"kaleidoscope_cookery:pot/spicy_rabbit_head","6","#c:crops/chilipepper","","原料"
"kaleidoscope_cookery:pot/spicy_rabbit_head","7","碗 <minecraft:bowl>","","容器/载体"
"kaleidoscope_cookery:stockpot/pufferfish_soup_entity","1","#c:crops/lettuce","","原料"
"kaleidoscope_cookery:stockpot/pufferfish_soup_entity","2","#c:crops/lettuce","","原料"
"kaleidoscope_cookery:stockpot/pufferfish_soup_entity","3","#c:crops/lettuce","","原料"
"farmersdelight:gray_hanging_canvas_sign","1","#farmersdelight:hanging_canvas_signs","","原料"
"farmersdelight:gray_hanging_canvas_sign","2","#c:dyes/gray","","原料"
"kaleidoscope_cookery:flex_stockpot/laba_congee","1","#c:seeds","","原料"
"kaleidoscope_cookery:flex_stockpot/laba_congee","2","糖 <minecraft:sugar>","","原料"
"spawn:potted_sweet_berries","1","甜浆果 <minecraft:sweet_berries>","","原料"
"spawn:potted_sweet_berries","2","甜浆果 <minecraft:sweet_berries>","","原料"
"spawn:potted_sweet_berries","3","甜浆果 <minecraft:sweet_berries>","","原料"
"spawn:potted_sweet_berries","4","甜浆果 <minecraft:sweet_berries>","","原料"
"spawn:potted_sweet_berries","5","蜗牛壳 <spawn:snail_shell>","","原料"
"kaleidoscope_cookery:millstone/polished_basalt_from_basalt","1","玄武岩 <minecraft:basalt>","","原料"
"farmersdelight:fried_egg_from_campfire_cooking","1","鸡蛋 <minecraft:egg>","","原料"
"farmersdelight:cutting/oak_log","1","橡木原木 <minecraft:oak_log>","","原料"
"farmersdelight:cutting/oak_log","2","{""type"":""farmersdelight:item_ability"",""action"":""axe_strip""}","","工具"
"farmersdelight:cutting/oak_log","3","#minecraft:axes","","工具"
"kaleidoscope_cookery:millstone/quartz_from_quartz_block","1","石英块 <minecraft:quartz_block>","","原料"
"kaleidoscope_cookery:stockpot/laba_congee","1","#c:seeds","","原料"
"kaleidoscope_cookery:stockpot/laba_congee","2","#c:seeds","","原料"
"kaleidoscope_cookery:stockpot/laba_congee","3","#c:seeds","","原料"
"kaleidoscope_cookery:stockpot/laba_congee","4","#c:seeds","","原料"
"kaleidoscope_cookery:stockpot/laba_congee","5","#c:seeds","","原料"
"kaleidoscope_cookery:stockpot/laba_congee","6","#c:seeds","","原料"
"kaleidoscope_cookery:stockpot/laba_congee","7","糖 <minecraft:sugar>","","原料"
"kaleidoscope_cookery:stockpot/laba_congee","8","糖 <minecraft:sugar>","","原料"
"kaleidoscope_cookery:stockpot/laba_congee","9","糖 <minecraft:sugar>","","原料"
"kaleidoscope_cookery:stockpot/rice_1","1","#c:grain/rice","","原料"
"kaleidoscope_cookery:stockpot/rice_5","1","#c:grain/rice","","原料"
"kaleidoscope_cookery:stockpot/rice_5","2","#c:grain/rice","","原料"
"kaleidoscope_cookery:stockpot/rice_5","3","#c:grain/rice","","原料"
"kaleidoscope_cookery:stockpot/rice_5","4","#c:grain/rice","","原料"
"kaleidoscope_cookery:stockpot/rice_5","5","#c:grain/rice","","原料"
"kaleidoscope_cookery:stockpot/rice_4","1","#c:grain/rice","","原料"
"kaleidoscope_cookery:stockpot/rice_4","2","#c:grain/rice","","原料"
"kaleidoscope_cookery:stockpot/rice_4","3","#c:grain/rice","","原料"
"kaleidoscope_cookery:stockpot/rice_4","4","#c:grain/rice","","原料"
"kaleidoscope_cookery:stockpot/rice_3","1","#c:grain/rice","","原料"
"kaleidoscope_cookery:stockpot/rice_3","2","#c:grain/rice","","原料"
"kaleidoscope_cookery:stockpot/rice_3","3","#c:grain/rice","","原料"
"kaleidoscope_cookery:stockpot/rice_2","1","#c:grain/rice","","原料"
"kaleidoscope_cookery:stockpot/rice_2","2","#c:grain/rice","","原料"
"kaleidoscope_cookery:stockpot/rice_9","1","#c:grain/rice","","原料"
"kaleidoscope_cookery:stockpot/rice_9","2","#c:grain/rice","","原料"
"kaleidoscope_cookery:stockpot/rice_9","3","#c:grain/rice","","原料"
"kaleidoscope_cookery:stockpot/rice_9","4","#c:grain/rice","","原料"
"kaleidoscope_cookery:stockpot/rice_9","5","#c:grain/rice","","原料"
"kaleidoscope_cookery:stockpot/rice_9","6","#c:grain/rice","","原料"
"kaleidoscope_cookery:stockpot/rice_9","7","#c:grain/rice","","原料"
"kaleidoscope_cookery:stockpot/rice_9","8","#c:grain/rice","","原料"
"kaleidoscope_cookery:stockpot/rice_9","9","#c:grain/rice","","原料"
"kaleidoscope_cookery:stockpot/rice_8","1","#c:grain/rice","","原料"
"kaleidoscope_cookery:stockpot/rice_8","2","#c:grain/rice","","原料"
"kaleidoscope_cookery:stockpot/rice_8","3","#c:grain/rice","","原料"
"kaleidoscope_cookery:stockpot/rice_8","4","#c:grain/rice","","原料"
"kaleidoscope_cookery:stockpot/rice_8","5","#c:grain/rice","","原料"
"kaleidoscope_cookery:stockpot/rice_8","6","#c:grain/rice","","原料"
"kaleidoscope_cookery:stockpot/rice_8","7","#c:grain/rice","","原料"
"kaleidoscope_cookery:stockpot/rice_8","8","#c:grain/rice","","原料"
"kaleidoscope_cookery:stockpot/rice_7","1","#c:grain/rice","","原料"
"kaleidoscope_cookery:stockpot/rice_7","2","#c:grain/rice","","原料"
"kaleidoscope_cookery:stockpot/rice_7","3","#c:grain/rice","","原料"
"kaleidoscope_cookery:stockpot/rice_7","4","#c:grain/rice","","原料"
"kaleidoscope_cookery:stockpot/rice_7","5","#c:grain/rice","","原料"
"kaleidoscope_cookery:stockpot/rice_7","6","#c:grain/rice","","原料"
"kaleidoscope_cookery:stockpot/rice_7","7","#c:grain/rice","","原料"
"kaleidoscope_cookery:stockpot/rice_6","1","#c:grain/rice","","原料"
"kaleidoscope_cookery:stockpot/rice_6","2","#c:grain/rice","","原料"
"kaleidoscope_cookery:stockpot/rice_6","3","#c:grain/rice","","原料"
"kaleidoscope_cookery:stockpot/rice_6","4","#c:grain/rice","","原料"
"kaleidoscope_cookery:stockpot/rice_6","5","#c:grain/rice","","原料"
"kaleidoscope_cookery:stockpot/rice_6","6","#c:grain/rice","","原料"
"spawn:heliostone_slab_stonecutting","1","日光石 <spawn:heliostone>","","原料"
"spawn:bone_meal_from_shell_fragments","1","贝壳碎片 <spawn:shell_fragments>","","原料"
"kaleidoscope_cookery:pot/frost_lamb_chop","1","蓝冰 <minecraft:blue_ice>","","原料"
"kaleidoscope_cookery:pot/frost_lamb_chop","2","蓝冰 <minecraft:blue_ice>","","原料"
"kaleidoscope_cookery:pot/frost_lamb_chop","3","蓝冰 <minecraft:blue_ice>","","原料"
"kaleidoscope_cookery:pot/frost_lamb_chop","4","#c:foods/raw_mutton","","原料"
"kaleidoscope_cookery:pot/frost_lamb_chop","5","#c:foods/raw_mutton","","原料"
"kaleidoscope_cookery:pot/frost_lamb_chop","6","#c:foods/raw_mutton","","原料"
"kaleidoscope_cookery:pot/frost_lamb_chop","7","碗 <minecraft:bowl>","","容器/载体"
"spawn:bluefish_roll","1","扁鲹片 <spawn:bluefish_slice>","","原料"
"spawn:bluefish_roll","2","扁鲹片 <spawn:bluefish_slice>","","原料"
"spawn:bluefish_roll","3","米饭 <farmersdelight:cooked_rice>","","原料"
"kaleidoscope_cookery:tomato_seed","1","番茄 <kaleidoscope_cookery:tomato>","","原料"
"kaleidoscope_cookery:millstone/polished_granite_from_granite","1","花岗岩 <minecraft:granite>","","原料"
"spawn:yellow_dye_from_spawn_sunflower","1","向日葵 <spawn:sunflower>","","原料"
"kaleidoscope_cookery:chopping_board/raw_cut_small_meats_from_rabbit","1","生兔肉 <minecraft:rabbit>","","原料"
"farmersdelight:magenta_hanging_canvas_sign","1","#farmersdelight:hanging_canvas_signs","","原料"
"farmersdelight:magenta_hanging_canvas_sign","2","#c:dyes/magenta","","原料"
"kaleidoscope_cookery:millstone/emerald_from_deepslate_emerald_ore","1","深层绿宝石矿石 <minecraft:deepslate_emerald_ore>","","原料"
"farmersdelight:salvaging/cherry_chest_boat","1","樱花木运输船 <minecraft:cherry_chest_boat>","","原料"
"farmersdelight:salvaging/cherry_chest_boat","2","{""type"":""farmersdelight:item_ability"",""action"":""hoe_dig""}","","工具"
"farmersdelight:salvaging/cherry_chest_boat","3","#minecraft:hoes","","工具"
"farmersdelight:milk_bucket_from_bottles","1","铁桶 <minecraft:bucket>","","原料"
"farmersdelight:milk_bucket_from_bottles","2","奶瓶 <farmersdelight:milk_bottle>","","原料"
"farmersdelight:milk_bucket_from_bottles","3","奶瓶 <farmersdelight:milk_bottle>","","原料"
"farmersdelight:milk_bucket_from_bottles","4","奶瓶 <farmersdelight:milk_bottle>","","原料"
"farmersdelight:milk_bucket_from_bottles","5","奶瓶 <farmersdelight:milk_bottle>","","原料"
"kaleidoscope_cookery:pot/sticky_candy","1","皮革 <minecraft:leather>","","原料"
"kaleidoscope_cookery:pot/sticky_candy","2","糖 <minecraft:sugar>","","原料"
"kaleidoscope_cookery:pot/sticky_candy","3","糖 <minecraft:sugar>","","原料"
"kaleidoscope_cookery:pot/sticky_candy","4","糖 <minecraft:sugar>","","原料"
"kaleidoscope_cookery:pot/sticky_candy","5","糖 <minecraft:sugar>","","原料"
"farmersdelight:cutting/jungle_wood","1","丛林木 <minecraft:jungle_wood>","","原料"
"farmersdelight:cutting/jungle_wood","2","{""type"":""farmersdelight:item_ability"",""action"":""axe_strip""}","","工具"
"farmersdelight:cutting/jungle_wood","3","#minecraft:axes","","工具"
"farmersdelight:cutting/cooked_chicken","1","熟鸡肉 <minecraft:cooked_chicken>","","原料"
"farmersdelight:cutting/cooked_chicken","2","{""type"":""farmersdelight:item_ability"",""action"":""knife_dig""}","","工具"
"farmersdelight:cutting/cooked_chicken","3","#c:tools/knife","","工具"
"farmersdelight:egg_sandwich","1","#c:foods/bread","","原料"
"farmersdelight:egg_sandwich","2","#c:foods/cooked_egg","","原料"
"farmersdelight:egg_sandwich","3","#c:foods/cooked_egg","","原料"
"kaleidoscope_cookery:raw_dough_steamer","1","蒸笼 <kaleidoscope_cookery:steamer>","","原料"
"kaleidoscope_cookery:raw_dough_steamer","2","生面团 <kaleidoscope_cookery:raw_dough>","","原料"
"kaleidoscope_cookery:raw_dough_steamer","3","生面团 <kaleidoscope_cookery:raw_dough>","","原料"
"kaleidoscope_cookery:raw_dough_steamer","4","生面团 <kaleidoscope_cookery:raw_dough>","","原料"
"kaleidoscope_cookery:raw_dough_steamer","5","生面团 <kaleidoscope_cookery:raw_dough>","","原料"
"farmersdelight:purple_canvas_sign","1","#farmersdelight:canvas_signs","","原料"
"farmersdelight:purple_canvas_sign","2","#c:dyes/purple","","原料"
"farmersdelight:brown_hanging_canvas_sign","1","#farmersdelight:hanging_canvas_signs","","原料"
"farmersdelight:brown_hanging_canvas_sign","2","#c:dyes/brown","","原料"
"kaleidoscope_cookery:millstone/amethyst_shard_from_amethyst_block","1","紫水晶块 <minecraft:amethyst_block>","","原料"
"kaleidoscope_cookery:millstone/coal_from_coal_ore","1","煤矿石 <minecraft:coal_ore>","","原料"
"kaleidoscope_cookery:millstone/polished_diorite_from_diorite","1","闪长岩 <minecraft:diorite>","","原料"
"kaleidoscope_cookery:pot/cod_to_cooked_cod_3","1","生鳕鱼 <minecraft:cod>","","原料"
"kaleidoscope_cookery:pot/cod_to_cooked_cod_3","2","生鳕鱼 <minecraft:cod>","","原料"
"kaleidoscope_cookery:pot/cod_to_cooked_cod_3","3","生鳕鱼 <minecraft:cod>","","原料"
"kaleidoscope_cookery:pot/cod_to_cooked_cod_2","1","生鳕鱼 <minecraft:cod>","","原料"
"kaleidoscope_cookery:pot/cod_to_cooked_cod_2","2","生鳕鱼 <minecraft:cod>","","原料"
"kaleidoscope_cookery:pot/cod_to_cooked_cod_1","1","生鳕鱼 <minecraft:cod>","","原料"
"kaleidoscope_cookery:pot/cod_to_cooked_cod_7","1","生鳕鱼 <minecraft:cod>","","原料"
"kaleidoscope_cookery:pot/cod_to_cooked_cod_7","2","生鳕鱼 <minecraft:cod>","","原料"
"kaleidoscope_cookery:pot/cod_to_cooked_cod_7","3","生鳕鱼 <minecraft:cod>","","原料"
"kaleidoscope_cookery:pot/cod_to_cooked_cod_7","4","生鳕鱼 <minecraft:cod>","","原料"
"kaleidoscope_cookery:pot/cod_to_cooked_cod_7","5","生鳕鱼 <minecraft:cod>","","原料"
"kaleidoscope_cookery:pot/cod_to_cooked_cod_7","6","生鳕鱼 <minecraft:cod>","","原料"
"kaleidoscope_cookery:pot/cod_to_cooked_cod_7","7","生鳕鱼 <minecraft:cod>","","原料"
"kaleidoscope_cookery:pot/cod_to_cooked_cod_6","1","生鳕鱼 <minecraft:cod>","","原料"
"kaleidoscope_cookery:pot/cod_to_cooked_cod_6","2","生鳕鱼 <minecraft:cod>","","原料"
"kaleidoscope_cookery:pot/cod_to_cooked_cod_6","3","生鳕鱼 <minecraft:cod>","","原料"
"kaleidoscope_cookery:pot/cod_to_cooked_cod_6","4","生鳕鱼 <minecraft:cod>","","原料"
"kaleidoscope_cookery:pot/cod_to_cooked_cod_6","5","生鳕鱼 <minecraft:cod>","","原料"
"kaleidoscope_cookery:pot/cod_to_cooked_cod_6","6","生鳕鱼 <minecraft:cod>","","原料"
"kaleidoscope_cookery:pot/cod_to_cooked_cod_5","1","生鳕鱼 <minecraft:cod>","","原料"
"kaleidoscope_cookery:pot/cod_to_cooked_cod_5","2","生鳕鱼 <minecraft:cod>","","原料"
"kaleidoscope_cookery:pot/cod_to_cooked_cod_5","3","生鳕鱼 <minecraft:cod>","","原料"
"kaleidoscope_cookery:pot/cod_to_cooked_cod_5","4","生鳕鱼 <minecraft:cod>","","原料"
"kaleidoscope_cookery:pot/cod_to_cooked_cod_5","5","生鳕鱼 <minecraft:cod>","","原料"
"kaleidoscope_cookery:pot/cod_to_cooked_cod_4","1","生鳕鱼 <minecraft:cod>","","原料"
"kaleidoscope_cookery:pot/cod_to_cooked_cod_4","2","生鳕鱼 <minecraft:cod>","","原料"
"kaleidoscope_cookery:pot/cod_to_cooked_cod_4","3","生鳕鱼 <minecraft:cod>","","原料"
"kaleidoscope_cookery:pot/cod_to_cooked_cod_4","4","生鳕鱼 <minecraft:cod>","","原料"
"kaleidoscope_cookery:pot/cod_to_cooked_cod_9","1","生鳕鱼 <minecraft:cod>","","原料"
"kaleidoscope_cookery:pot/cod_to_cooked_cod_9","2","生鳕鱼 <minecraft:cod>","","原料"
"kaleidoscope_cookery:pot/cod_to_cooked_cod_9","3","生鳕鱼 <minecraft:cod>","","原料"
"kaleidoscope_cookery:pot/cod_to_cooked_cod_9","4","生鳕鱼 <minecraft:cod>","","原料"
"kaleidoscope_cookery:pot/cod_to_cooked_cod_9","5","生鳕鱼 <minecraft:cod>","","原料"
"kaleidoscope_cookery:pot/cod_to_cooked_cod_9","6","生鳕鱼 <minecraft:cod>","","原料"
"kaleidoscope_cookery:pot/cod_to_cooked_cod_9","7","生鳕鱼 <minecraft:cod>","","原料"
"kaleidoscope_cookery:pot/cod_to_cooked_cod_9","8","生鳕鱼 <minecraft:cod>","","原料"
"kaleidoscope_cookery:pot/cod_to_cooked_cod_9","9","生鳕鱼 <minecraft:cod>","","原料"
"kaleidoscope_cookery:pot/cod_to_cooked_cod_8","1","生鳕鱼 <minecraft:cod>","","原料"
"kaleidoscope_cookery:pot/cod_to_cooked_cod_8","2","生鳕鱼 <minecraft:cod>","","原料"
"kaleidoscope_cookery:pot/cod_to_cooked_cod_8","3","生鳕鱼 <minecraft:cod>","","原料"
"kaleidoscope_cookery:pot/cod_to_cooked_cod_8","4","生鳕鱼 <minecraft:cod>","","原料"
"kaleidoscope_cookery:pot/cod_to_cooked_cod_8","5","生鳕鱼 <minecraft:cod>","","原料"
"kaleidoscope_cookery:pot/cod_to_cooked_cod_8","6","生鳕鱼 <minecraft:cod>","","原料"
"kaleidoscope_cookery:pot/cod_to_cooked_cod_8","7","生鳕鱼 <minecraft:cod>","","原料"
"kaleidoscope_cookery:pot/cod_to_cooked_cod_8","8","生鳕鱼 <minecraft:cod>","","原料"
"farmersdelight:cooking/pasta_with_mutton_chop","1","#c:foods/raw_mutton","","原料"
"farmersdelight:cooking/pasta_with_mutton_chop","2","#c:foods/pasta","","原料"
"farmersdelight:cooking/pasta_with_mutton_chop","3","番茄酱 <farmersdelight:tomato_sauce>","","原料"
"spawn:bone_meal_from_dead_sea_urchin","1","失活海胆 <spawn:dead_sea_urchin>","","原料"
"kaleidoscope_cookery:flex_stockpot/crimson_fungus_pot_soup","1","绯红菌 <minecraft:crimson_fungus>","","原料"
"kaleidoscope_cookery:flex_stockpot/crimson_fungus_pot_soup","2","花盆 <minecraft:flower_pot>","","容器/载体"
"spawn:reefstone_tile_slab_from_reefstone_tiles_stonecutting","1","礁石瓦 <spawn:reefstone_tiles>","","原料"
"spawn:cooked_clam_from_smoking","1","蚌 <spawn:clam>","","原料"
"farmersdelight:salvaging/tnt_minecart","1","TNT矿车 <minecraft:tnt_minecart>","","原料"
"farmersdelight:salvaging/tnt_minecart","2","{""type"":""farmersdelight:item_ability"",""action"":""hoe_dig""}","","工具"
"farmersdelight:salvaging/tnt_minecart","3","#minecraft:hoes","","工具"
"farmersdelight:cabbage_from_leaves","1","卷心菜叶 <farmersdelight:cabbage_leaf>","","原料"
"farmersdelight:cabbage_from_leaves","2","卷心菜叶 <farmersdelight:cabbage_leaf>","","原料"
"spawn:cooked_dodo_from_smoking","1","生渡渡鸟肉 <spawn:dodo>","","原料"
"farmersdelight:salvaging/acacia_chest_boat","1","金合欢木运输船 <minecraft:acacia_chest_boat>","","原料"
"farmersdelight:salvaging/acacia_chest_boat","2","{""type"":""farmersdelight:item_ability"",""action"":""hoe_dig""}","","工具"
"farmersdelight:salvaging/acacia_chest_boat","3","#minecraft:hoes","","工具"
"farmersdelight:salvaging/deepslate","1","深板岩 <minecraft:deepslate>","","原料"
"farmersdelight:salvaging/deepslate","2","{""type"":""farmersdelight:item_ability"",""action"":""pickaxe_dig""}","","工具"
"farmersdelight:salvaging/deepslate","3","#minecraft:pickaxes","","工具"
"farmersdelight:salvaging/nether_bricks","1","下界砖块 <minecraft:nether_bricks>","","原料"
"farmersdelight:salvaging/nether_bricks","2","{""type"":""farmersdelight:item_ability"",""action"":""pickaxe_dig""}","","工具"
"farmersdelight:salvaging/nether_bricks","3","#minecraft:pickaxes","","工具"
"kaleidoscope_cookery:flex_pot/fried_caterpillar","1","#kaleidoscope_cookery:caterpillars","","原料"
"kaleidoscope_cookery:flex_pot/fried_caterpillar","2","碗 <minecraft:bowl>","","容器/载体"
"farmersdelight:salmon_roll","1","生鲑鱼片 <farmersdelight:salmon_slice>","","原料"
"farmersdelight:salmon_roll","2","生鲑鱼片 <farmersdelight:salmon_slice>","","原料"
"farmersdelight:salmon_roll","3","米饭 <farmersdelight:cooked_rice>","","原料"
"kaleidoscope_cookery:chopping_board/bone_from_salmon","1","熟鲑鱼 <minecraft:cooked_salmon>","","原料"
"farmersdelight:cutting/gravel","1","沙砾 <minecraft:gravel>","","原料"
"farmersdelight:cutting/gravel","2","{""type"":""farmersdelight:item_ability"",""action"":""shovel_dig""}","","工具"
"farmersdelight:cutting/gravel","3","#minecraft:shovels","","工具"
"spawn:cooked_herring","1","鲱鱼 <spawn:herring>","","原料"
"kaleidoscope_cookery:millstone/green_dye_from_cactus","1","仙人掌 <minecraft:cactus>","","原料"
"farmersdelight:cooking/baked_cod_stew","1","#c:foods/raw_cod","","原料"
"farmersdelight:cooking/baked_cod_stew","2","#c:crops/potato","","原料"
"farmersdelight:cooking/baked_cod_stew","3","#c:eggs","","原料"
"farmersdelight:cooking/baked_cod_stew","4","#c:crops/tomato","","原料"
"kaleidoscope_cookery:pot/chicken_to_cooked_chicken_7","1","生鸡肉 <minecraft:chicken>","","原料"
"kaleidoscope_cookery:pot/chicken_to_cooked_chicken_7","2","生鸡肉 <minecraft:chicken>","","原料"
"kaleidoscope_cookery:pot/chicken_to_cooked_chicken_7","3","生鸡肉 <minecraft:chicken>","","原料"
"kaleidoscope_cookery:pot/chicken_to_cooked_chicken_7","4","生鸡肉 <minecraft:chicken>","","原料"
"kaleidoscope_cookery:pot/chicken_to_cooked_chicken_7","5","生鸡肉 <minecraft:chicken>","","原料"
"kaleidoscope_cookery:pot/chicken_to_cooked_chicken_7","6","生鸡肉 <minecraft:chicken>","","原料"
"kaleidoscope_cookery:pot/chicken_to_cooked_chicken_7","7","生鸡肉 <minecraft:chicken>","","原料"
"kaleidoscope_cookery:pot/chicken_to_cooked_chicken_6","1","生鸡肉 <minecraft:chicken>","","原料"
"kaleidoscope_cookery:pot/chicken_to_cooked_chicken_6","2","生鸡肉 <minecraft:chicken>","","原料"
"kaleidoscope_cookery:pot/chicken_to_cooked_chicken_6","3","生鸡肉 <minecraft:chicken>","","原料"
"kaleidoscope_cookery:pot/chicken_to_cooked_chicken_6","4","生鸡肉 <minecraft:chicken>","","原料"
"kaleidoscope_cookery:pot/chicken_to_cooked_chicken_6","5","生鸡肉 <minecraft:chicken>","","原料"
"kaleidoscope_cookery:pot/chicken_to_cooked_chicken_6","6","生鸡肉 <minecraft:chicken>","","原料"
"kaleidoscope_cookery:pot/chicken_to_cooked_chicken_9","1","生鸡肉 <minecraft:chicken>","","原料"
"kaleidoscope_cookery:pot/chicken_to_cooked_chicken_9","2","生鸡肉 <minecraft:chicken>","","原料"
"kaleidoscope_cookery:pot/chicken_to_cooked_chicken_9","3","生鸡肉 <minecraft:chicken>","","原料"
"kaleidoscope_cookery:pot/chicken_to_cooked_chicken_9","4","生鸡肉 <minecraft:chicken>","","原料"
"kaleidoscope_cookery:pot/chicken_to_cooked_chicken_9","5","生鸡肉 <minecraft:chicken>","","原料"
"kaleidoscope_cookery:pot/chicken_to_cooked_chicken_9","6","生鸡肉 <minecraft:chicken>","","原料"
"kaleidoscope_cookery:pot/chicken_to_cooked_chicken_9","7","生鸡肉 <minecraft:chicken>","","原料"
"kaleidoscope_cookery:pot/chicken_to_cooked_chicken_9","8","生鸡肉 <minecraft:chicken>","","原料"
"kaleidoscope_cookery:pot/chicken_to_cooked_chicken_9","9","生鸡肉 <minecraft:chicken>","","原料"
"kaleidoscope_cookery:pot/chicken_to_cooked_chicken_8","1","生鸡肉 <minecraft:chicken>","","原料"
"kaleidoscope_cookery:pot/chicken_to_cooked_chicken_8","2","生鸡肉 <minecraft:chicken>","","原料"
"kaleidoscope_cookery:pot/chicken_to_cooked_chicken_8","3","生鸡肉 <minecraft:chicken>","","原料"
"kaleidoscope_cookery:pot/chicken_to_cooked_chicken_8","4","生鸡肉 <minecraft:chicken>","","原料"
"kaleidoscope_cookery:pot/chicken_to_cooked_chicken_8","5","生鸡肉 <minecraft:chicken>","","原料"
"kaleidoscope_cookery:pot/chicken_to_cooked_chicken_8","6","生鸡肉 <minecraft:chicken>","","原料"
"kaleidoscope_cookery:pot/chicken_to_cooked_chicken_8","7","生鸡肉 <minecraft:chicken>","","原料"
"kaleidoscope_cookery:pot/chicken_to_cooked_chicken_8","8","生鸡肉 <minecraft:chicken>","","原料"
"kaleidoscope_cookery:flex_stockpot/lamb_and_radish_soup","1","#c:foods/raw_mutton","","原料"
"kaleidoscope_cookery:flex_stockpot/lamb_and_radish_soup","2","胡萝卜 <minecraft:carrot>","","原料"
"kaleidoscope_cookery:pot/stuffed_dough_food_to_meat_pie_1","1","裹馅面食 <kaleidoscope_cookery:stuffed_dough_food>","","原料"
"kaleidoscope_cookery:pot/stuffed_dough_food_to_meat_pie_2","1","裹馅面食 <kaleidoscope_cookery:stuffed_dough_food>","","原料"
"kaleidoscope_cookery:pot/stuffed_dough_food_to_meat_pie_2","2","裹馅面食 <kaleidoscope_cookery:stuffed_dough_food>","","原料"
"kaleidoscope_cookery:pot/stuffed_dough_food_to_meat_pie_3","1","裹馅面食 <kaleidoscope_cookery:stuffed_dough_food>","","原料"
"kaleidoscope_cookery:pot/stuffed_dough_food_to_meat_pie_3","2","裹馅面食 <kaleidoscope_cookery:stuffed_dough_food>","","原料"
"kaleidoscope_cookery:pot/stuffed_dough_food_to_meat_pie_3","3","裹馅面食 <kaleidoscope_cookery:stuffed_dough_food>","","原料"
"kaleidoscope_cookery:pot/stuffed_dough_food_to_meat_pie_4","1","裹馅面食 <kaleidoscope_cookery:stuffed_dough_food>","","原料"
"kaleidoscope_cookery:pot/stuffed_dough_food_to_meat_pie_4","2","裹馅面食 <kaleidoscope_cookery:stuffed_dough_food>","","原料"
"kaleidoscope_cookery:pot/stuffed_dough_food_to_meat_pie_4","3","裹馅面食 <kaleidoscope_cookery:stuffed_dough_food>","","原料"
"kaleidoscope_cookery:pot/stuffed_dough_food_to_meat_pie_4","4","裹馅面食 <kaleidoscope_cookery:stuffed_dough_food>","","原料"
"kaleidoscope_cookery:pot/stuffed_dough_food_to_meat_pie_5","1","裹馅面食 <kaleidoscope_cookery:stuffed_dough_food>","","原料"
"kaleidoscope_cookery:pot/stuffed_dough_food_to_meat_pie_5","2","裹馅面食 <kaleidoscope_cookery:stuffed_dough_food>","","原料"
"kaleidoscope_cookery:pot/stuffed_dough_food_to_meat_pie_5","3","裹馅面食 <kaleidoscope_cookery:stuffed_dough_food>","","原料"
"kaleidoscope_cookery:pot/stuffed_dough_food_to_meat_pie_5","4","裹馅面食 <kaleidoscope_cookery:stuffed_dough_food>","","原料"
"kaleidoscope_cookery:pot/stuffed_dough_food_to_meat_pie_5","5","裹馅面食 <kaleidoscope_cookery:stuffed_dough_food>","","原料"
"kaleidoscope_cookery:pot/stuffed_dough_food_to_meat_pie_6","1","裹馅面食 <kaleidoscope_cookery:stuffed_dough_food>","","原料"
"kaleidoscope_cookery:pot/stuffed_dough_food_to_meat_pie_6","2","裹馅面食 <kaleidoscope_cookery:stuffed_dough_food>","","原料"
"kaleidoscope_cookery:pot/stuffed_dough_food_to_meat_pie_6","3","裹馅面食 <kaleidoscope_cookery:stuffed_dough_food>","","原料"
"kaleidoscope_cookery:pot/stuffed_dough_food_to_meat_pie_6","4","裹馅面食 <kaleidoscope_cookery:stuffed_dough_food>","","原料"
"kaleidoscope_cookery:pot/stuffed_dough_food_to_meat_pie_6","5","裹馅面食 <kaleidoscope_cookery:stuffed_dough_food>","","原料"
"kaleidoscope_cookery:pot/stuffed_dough_food_to_meat_pie_6","6","裹馅面食 <kaleidoscope_cookery:stuffed_dough_food>","","原料"
"kaleidoscope_cookery:pot/stuffed_dough_food_to_meat_pie_7","1","裹馅面食 <kaleidoscope_cookery:stuffed_dough_food>","","原料"
"kaleidoscope_cookery:pot/stuffed_dough_food_to_meat_pie_7","2","裹馅面食 <kaleidoscope_cookery:stuffed_dough_food>","","原料"
"kaleidoscope_cookery:pot/stuffed_dough_food_to_meat_pie_7","3","裹馅面食 <kaleidoscope_cookery:stuffed_dough_food>","","原料"
"kaleidoscope_cookery:pot/stuffed_dough_food_to_meat_pie_7","4","裹馅面食 <kaleidoscope_cookery:stuffed_dough_food>","","原料"
"kaleidoscope_cookery:pot/stuffed_dough_food_to_meat_pie_7","5","裹馅面食 <kaleidoscope_cookery:stuffed_dough_food>","","原料"
"kaleidoscope_cookery:pot/stuffed_dough_food_to_meat_pie_7","6","裹馅面食 <kaleidoscope_cookery:stuffed_dough_food>","","原料"
"kaleidoscope_cookery:pot/stuffed_dough_food_to_meat_pie_7","7","裹馅面食 <kaleidoscope_cookery:stuffed_dough_food>","","原料"
"kaleidoscope_cookery:pot/stuffed_dough_food_to_meat_pie_8","1","裹馅面食 <kaleidoscope_cookery:stuffed_dough_food>","","原料"
"kaleidoscope_cookery:pot/stuffed_dough_food_to_meat_pie_8","2","裹馅面食 <kaleidoscope_cookery:stuffed_dough_food>","","原料"
"kaleidoscope_cookery:pot/stuffed_dough_food_to_meat_pie_8","3","裹馅面食 <kaleidoscope_cookery:stuffed_dough_food>","","原料"
"kaleidoscope_cookery:pot/stuffed_dough_food_to_meat_pie_8","4","裹馅面食 <kaleidoscope_cookery:stuffed_dough_food>","","原料"
"kaleidoscope_cookery:pot/stuffed_dough_food_to_meat_pie_8","5","裹馅面食 <kaleidoscope_cookery:stuffed_dough_food>","","原料"
"kaleidoscope_cookery:pot/stuffed_dough_food_to_meat_pie_8","6","裹馅面食 <kaleidoscope_cookery:stuffed_dough_food>","","原料"
"kaleidoscope_cookery:pot/stuffed_dough_food_to_meat_pie_8","7","裹馅面食 <kaleidoscope_cookery:stuffed_dough_food>","","原料"
"kaleidoscope_cookery:pot/stuffed_dough_food_to_meat_pie_8","8","裹馅面食 <kaleidoscope_cookery:stuffed_dough_food>","","原料"
"kaleidoscope_cookery:pot/stuffed_dough_food_to_meat_pie_9","1","裹馅面食 <kaleidoscope_cookery:stuffed_dough_food>","","原料"
"kaleidoscope_cookery:pot/stuffed_dough_food_to_meat_pie_9","2","裹馅面食 <kaleidoscope_cookery:stuffed_dough_food>","","原料"
"kaleidoscope_cookery:pot/stuffed_dough_food_to_meat_pie_9","3","裹馅面食 <kaleidoscope_cookery:stuffed_dough_food>","","原料"
"kaleidoscope_cookery:pot/stuffed_dough_food_to_meat_pie_9","4","裹馅面食 <kaleidoscope_cookery:stuffed_dough_food>","","原料"
"kaleidoscope_cookery:pot/stuffed_dough_food_to_meat_pie_9","5","裹馅面食 <kaleidoscope_cookery:stuffed_dough_food>","","原料"
"kaleidoscope_cookery:pot/stuffed_dough_food_to_meat_pie_9","6","裹馅面食 <kaleidoscope_cookery:stuffed_dough_food>","","原料"
"kaleidoscope_cookery:pot/stuffed_dough_food_to_meat_pie_9","7","裹馅面食 <kaleidoscope_cookery:stuffed_dough_food>","","原料"
"kaleidoscope_cookery:pot/stuffed_dough_food_to_meat_pie_9","8","裹馅面食 <kaleidoscope_cookery:stuffed_dough_food>","","原料"
"kaleidoscope_cookery:pot/stuffed_dough_food_to_meat_pie_9","9","裹馅面食 <kaleidoscope_cookery:stuffed_dough_food>","","原料"
"farmersdelight:steak_and_potatoes","1","烤马铃薯 <minecraft:baked_potato>","","原料"
"farmersdelight:steak_and_potatoes","2","牛排 <minecraft:cooked_beef>","","原料"
"farmersdelight:steak_and_potatoes","3","碗 <minecraft:bowl>","","原料"
"farmersdelight:steak_and_potatoes","4","#c:crops/onion","","原料"
"farmersdelight:steak_and_potatoes","5","米饭 <farmersdelight:cooked_rice>","","原料"
"farmersdelight:cooking/squid_ink_pasta","1","#c:foods/safe_raw_fish","","原料"
"farmersdelight:cooking/squid_ink_pasta","2","#c:foods/pasta","","原料"
"farmersdelight:cooking/squid_ink_pasta","3","#c:crops/tomato","","原料"
"farmersdelight:cooking/squid_ink_pasta","4","墨囊 <minecraft:ink_sac>","","原料"
"farmersdelight:cutting/oak_wood","1","橡木 <minecraft:oak_wood>","","原料"
"farmersdelight:cutting/oak_wood","2","{""type"":""farmersdelight:item_ability"",""action"":""axe_strip""}","","工具"
"farmersdelight:cutting/oak_wood","3","#minecraft:axes","","工具"
"farmersdelight:cutting/spruce_log","1","云杉原木 <minecraft:spruce_log>","","原料"
"farmersdelight:cutting/spruce_log","2","{""type"":""farmersdelight:item_ability"",""action"":""axe_strip""}","","工具"
"farmersdelight:cutting/spruce_log","3","#minecraft:axes","","工具"
"kaleidoscope_cookery:millstone/yellow_dye_from_dandelion","1","蒲公英 <minecraft:dandelion>","","原料"
"kaleidoscope_cookery:pot/braised_pork_ribs","1","骨头 <minecraft:bone>","","原料"
"kaleidoscope_cookery:pot/braised_pork_ribs","2","骨头 <minecraft:bone>","","原料"
"kaleidoscope_cookery:pot/braised_pork_ribs","3","骨头 <minecraft:bone>","","原料"
"kaleidoscope_cookery:pot/braised_pork_ribs","4","骨头 <minecraft:bone>","","原料"
"kaleidoscope_cookery:pot/braised_pork_ribs","5","#c:foods/raw_pork","","原料"
"kaleidoscope_cookery:pot/braised_pork_ribs","6","#c:foods/raw_pork","","原料"
"kaleidoscope_cookery:pot/braised_pork_ribs","7","#c:foods/raw_pork","","原料"
"kaleidoscope_cookery:pot/braised_pork_ribs","8","#c:foods/raw_pork","","原料"
"kaleidoscope_cookery:pot/braised_pork_ribs","9","碗 <minecraft:bowl>","","容器/载体"
"kaleidoscope_cookery:stockpot/pork_bone_soup","1","骨头 <minecraft:bone>","","原料"
"kaleidoscope_cookery:stockpot/pork_bone_soup","2","骨头 <minecraft:bone>","","原料"
"kaleidoscope_cookery:stockpot/pork_bone_soup","3","骨头 <minecraft:bone>","","原料"
"kaleidoscope_cookery:stockpot/pork_bone_soup","4","骨头 <minecraft:bone>","","原料"
"kaleidoscope_cookery:stockpot/pork_bone_soup","5","骨头 <minecraft:bone>","","原料"
"kaleidoscope_cookery:stockpot/pork_bone_soup","6","骨头 <minecraft:bone>","","原料"
"kaleidoscope_cookery:stockpot/pork_bone_soup","7","骨头 <minecraft:bone>","","原料"
"ordertocook:chef_coin_100_from_20","1","20 oTc币 <ordertocook:chef_coin_20>","","原料"
"ordertocook:chef_coin_100_from_20","2","20 oTc币 <ordertocook:chef_coin_20>","","原料"
"ordertocook:chef_coin_100_from_20","3","20 oTc币 <ordertocook:chef_coin_20>","","原料"
"ordertocook:chef_coin_100_from_20","4","20 oTc币 <ordertocook:chef_coin_20>","","原料"
"ordertocook:chef_coin_100_from_20","5","20 oTc币 <ordertocook:chef_coin_20>","","原料"
"kaleidoscope_cookery:chopping_board/cooked_cut_small_meats_from_chicken","1","熟鸡肉 <minecraft:cooked_chicken>","","原料"
"kaleidoscope_cookery:flex_pot/stargazy_pie","1","#c:raw_fishes","","原料"
"kaleidoscope_cookery:flex_pot/stargazy_pie","2","南瓜派 <minecraft:pumpkin_pie>","","原料"
"kaleidoscope_cookery:flex_pot/stargazy_pie","3","碗 <minecraft:bowl>","","容器/载体"
"farmersdelight:cutting/azure_bluet","1","蓝花美耳草 <minecraft:azure_bluet>","","原料"
"farmersdelight:cutting/azure_bluet","2","{""type"":""farmersdelight:item_ability"",""action"":""knife_dig""}","","工具"
"farmersdelight:cutting/azure_bluet","3","#c:tools/knife","","工具"
"kaleidoscope_cookery:pot/raw_pork_belly_to_cooked_pork_belly_4","1","生五花肉 <kaleidoscope_cookery:raw_pork_belly>","","原料"
"kaleidoscope_cookery:pot/raw_pork_belly_to_cooked_pork_belly_4","2","生五花肉 <kaleidoscope_cookery:raw_pork_belly>","","原料"
"kaleidoscope_cookery:pot/raw_pork_belly_to_cooked_pork_belly_4","3","生五花肉 <kaleidoscope_cookery:raw_pork_belly>","","原料"
"kaleidoscope_cookery:pot/raw_pork_belly_to_cooked_pork_belly_4","4","生五花肉 <kaleidoscope_cookery:raw_pork_belly>","","原料"
"kaleidoscope_cookery:pot/raw_pork_belly_to_cooked_pork_belly_3","1","生五花肉 <kaleidoscope_cookery:raw_pork_belly>","","原料"
"kaleidoscope_cookery:pot/raw_pork_belly_to_cooked_pork_belly_3","2","生五花肉 <kaleidoscope_cookery:raw_pork_belly>","","原料"
"kaleidoscope_cookery:pot/raw_pork_belly_to_cooked_pork_belly_3","3","生五花肉 <kaleidoscope_cookery:raw_pork_belly>","","原料"
"kaleidoscope_cookery:pot/raw_pork_belly_to_cooked_pork_belly_2","1","生五花肉 <kaleidoscope_cookery:raw_pork_belly>","","原料"
"kaleidoscope_cookery:pot/raw_pork_belly_to_cooked_pork_belly_2","2","生五花肉 <kaleidoscope_cookery:raw_pork_belly>","","原料"
"kaleidoscope_cookery:pot/raw_pork_belly_to_cooked_pork_belly_1","1","生五花肉 <kaleidoscope_cookery:raw_pork_belly>","","原料"
"kaleidoscope_cookery:pot/raw_pork_belly_to_cooked_pork_belly_8","1","生五花肉 <kaleidoscope_cookery:raw_pork_belly>","","原料"
"kaleidoscope_cookery:pot/raw_pork_belly_to_cooked_pork_belly_8","2","生五花肉 <kaleidoscope_cookery:raw_pork_belly>","","原料"
"kaleidoscope_cookery:pot/raw_pork_belly_to_cooked_pork_belly_8","3","生五花肉 <kaleidoscope_cookery:raw_pork_belly>","","原料"
"kaleidoscope_cookery:pot/raw_pork_belly_to_cooked_pork_belly_8","4","生五花肉 <kaleidoscope_cookery:raw_pork_belly>","","原料"
"kaleidoscope_cookery:pot/raw_pork_belly_to_cooked_pork_belly_8","5","生五花肉 <kaleidoscope_cookery:raw_pork_belly>","","原料"
"kaleidoscope_cookery:pot/raw_pork_belly_to_cooked_pork_belly_8","6","生五花肉 <kaleidoscope_cookery:raw_pork_belly>","","原料"
"kaleidoscope_cookery:pot/raw_pork_belly_to_cooked_pork_belly_8","7","生五花肉 <kaleidoscope_cookery:raw_pork_belly>","","原料"
"kaleidoscope_cookery:pot/raw_pork_belly_to_cooked_pork_belly_8","8","生五花肉 <kaleidoscope_cookery:raw_pork_belly>","","原料"
"kaleidoscope_cookery:pot/raw_pork_belly_to_cooked_pork_belly_7","1","生五花肉 <kaleidoscope_cookery:raw_pork_belly>","","原料"
"kaleidoscope_cookery:pot/raw_pork_belly_to_cooked_pork_belly_7","2","生五花肉 <kaleidoscope_cookery:raw_pork_belly>","","原料"
"kaleidoscope_cookery:pot/raw_pork_belly_to_cooked_pork_belly_7","3","生五花肉 <kaleidoscope_cookery:raw_pork_belly>","","原料"
"kaleidoscope_cookery:pot/raw_pork_belly_to_cooked_pork_belly_7","4","生五花肉 <kaleidoscope_cookery:raw_pork_belly>","","原料"
"kaleidoscope_cookery:pot/raw_pork_belly_to_cooked_pork_belly_7","5","生五花肉 <kaleidoscope_cookery:raw_pork_belly>","","原料"
"kaleidoscope_cookery:pot/raw_pork_belly_to_cooked_pork_belly_7","6","生五花肉 <kaleidoscope_cookery:raw_pork_belly>","","原料"
"kaleidoscope_cookery:pot/raw_pork_belly_to_cooked_pork_belly_7","7","生五花肉 <kaleidoscope_cookery:raw_pork_belly>","","原料"
"farmersdelight:integration/create/milling/wild_carrots","1","野生胡萝卜 <farmersdelight:wild_carrots>","","原料"
"kaleidoscope_cookery:pot/raw_pork_belly_to_cooked_pork_belly_6","1","生五花肉 <kaleidoscope_cookery:raw_pork_belly>","","原料"
"kaleidoscope_cookery:pot/raw_pork_belly_to_cooked_pork_belly_6","2","生五花肉 <kaleidoscope_cookery:raw_pork_belly>","","原料"
"kaleidoscope_cookery:pot/raw_pork_belly_to_cooked_pork_belly_6","3","生五花肉 <kaleidoscope_cookery:raw_pork_belly>","","原料"
"kaleidoscope_cookery:pot/raw_pork_belly_to_cooked_pork_belly_6","4","生五花肉 <kaleidoscope_cookery:raw_pork_belly>","","原料"
"kaleidoscope_cookery:pot/raw_pork_belly_to_cooked_pork_belly_6","5","生五花肉 <kaleidoscope_cookery:raw_pork_belly>","","原料"
"kaleidoscope_cookery:pot/raw_pork_belly_to_cooked_pork_belly_6","6","生五花肉 <kaleidoscope_cookery:raw_pork_belly>","","原料"
"kaleidoscope_cookery:pot/raw_pork_belly_to_cooked_pork_belly_5","1","生五花肉 <kaleidoscope_cookery:raw_pork_belly>","","原料"
"kaleidoscope_cookery:pot/raw_pork_belly_to_cooked_pork_belly_5","2","生五花肉 <kaleidoscope_cookery:raw_pork_belly>","","原料"
"kaleidoscope_cookery:pot/raw_pork_belly_to_cooked_pork_belly_5","3","生五花肉 <kaleidoscope_cookery:raw_pork_belly>","","原料"
"kaleidoscope_cookery:pot/raw_pork_belly_to_cooked_pork_belly_5","4","生五花肉 <kaleidoscope_cookery:raw_pork_belly>","","原料"
"kaleidoscope_cookery:pot/raw_pork_belly_to_cooked_pork_belly_5","5","生五花肉 <kaleidoscope_cookery:raw_pork_belly>","","原料"
"kaleidoscope_cookery:pot/raw_pork_belly_to_cooked_pork_belly_9","1","生五花肉 <kaleidoscope_cookery:raw_pork_belly>","","原料"
"kaleidoscope_cookery:pot/raw_pork_belly_to_cooked_pork_belly_9","2","生五花肉 <kaleidoscope_cookery:raw_pork_belly>","","原料"
"kaleidoscope_cookery:pot/raw_pork_belly_to_cooked_pork_belly_9","3","生五花肉 <kaleidoscope_cookery:raw_pork_belly>","","原料"
"kaleidoscope_cookery:pot/raw_pork_belly_to_cooked_pork_belly_9","4","生五花肉 <kaleidoscope_cookery:raw_pork_belly>","","原料"
"kaleidoscope_cookery:pot/raw_pork_belly_to_cooked_pork_belly_9","5","生五花肉 <kaleidoscope_cookery:raw_pork_belly>","","原料"
"kaleidoscope_cookery:pot/raw_pork_belly_to_cooked_pork_belly_9","6","生五花肉 <kaleidoscope_cookery:raw_pork_belly>","","原料"
"kaleidoscope_cookery:pot/raw_pork_belly_to_cooked_pork_belly_9","7","生五花肉 <kaleidoscope_cookery:raw_pork_belly>","","原料"
"kaleidoscope_cookery:pot/raw_pork_belly_to_cooked_pork_belly_9","8","生五花肉 <kaleidoscope_cookery:raw_pork_belly>","","原料"
"kaleidoscope_cookery:pot/raw_pork_belly_to_cooked_pork_belly_9","9","生五花肉 <kaleidoscope_cookery:raw_pork_belly>","","原料"
"spawn:cooked_bluefish_slice_from_campfire_cooking","1","扁鲹片 <spawn:bluefish_slice>","","原料"
"farmersdelight:mixed_salad","1","#c:foods/leafy_green","","原料"
"farmersdelight:mixed_salad","2","#c:crops/tomato","","原料"
"farmersdelight:mixed_salad","3","#c:crops/beetroot","","原料"
"farmersdelight:mixed_salad","4","碗 <minecraft:bowl>","","原料"
"farmersdelight:cutting/chicken","1","生鸡肉 <minecraft:chicken>","","原料"
"farmersdelight:cutting/chicken","2","{""type"":""farmersdelight:item_ability"",""action"":""knife_dig""}","","工具"
"farmersdelight:cutting/chicken","3","#c:tools/knife","","工具"
"farmersdelight:cutting/cooked_cod","1","熟鳕鱼 <minecraft:cooked_cod>","","原料"
"farmersdelight:cutting/cooked_cod","2","{""type"":""farmersdelight:item_ability"",""action"":""knife_dig""}","","工具"
"farmersdelight:cutting/cooked_cod","3","#c:tools/knife","","工具"
"farmersdelight:salvaging/spruce_chest_boat","1","云杉木运输船 <minecraft:spruce_chest_boat>","","原料"
"farmersdelight:salvaging/spruce_chest_boat","2","{""type"":""farmersdelight:item_ability"",""action"":""hoe_dig""}","","工具"
"farmersdelight:salvaging/spruce_chest_boat","3","#minecraft:hoes","","工具"
"farmersdelight:pot/add/bacon_and_eggs","1","#c:eggs","","原料"
"farmersdelight:pot/add/bacon_and_eggs","2","#c:eggs","","原料"
"farmersdelight:pot/add/bacon_and_eggs","3","#c:foods/raw_bacon","","原料"
"farmersdelight:pot/add/bacon_and_eggs","4","#c:foods/raw_bacon","","原料"
"farmersdelight:pot/add/bacon_and_eggs","5","碗 <minecraft:bowl>","","容器/载体"
"kaleidoscope_cookery:pot/crystal_lamb_chop","1","紫水晶碎片 <minecraft:amethyst_shard>","","原料"
"kaleidoscope_cookery:pot/crystal_lamb_chop","2","紫水晶碎片 <minecraft:amethyst_shard>","","原料"
"kaleidoscope_cookery:pot/crystal_lamb_chop","3","紫水晶碎片 <minecraft:amethyst_shard>","","原料"
"kaleidoscope_cookery:pot/crystal_lamb_chop","4","#c:foods/raw_mutton","","原料"
"kaleidoscope_cookery:pot/crystal_lamb_chop","5","#c:foods/raw_mutton","","原料"
"kaleidoscope_cookery:pot/crystal_lamb_chop","6","#c:foods/raw_mutton","","原料"
"kaleidoscope_cookery:pot/crystal_lamb_chop","7","碗 <minecraft:bowl>","","容器/载体"
"spawn:smooth_blasted_sandstone_stairs_from_smooth_blasted_sandstone_stonecutting","1","平滑荒砂岩 <spawn:smooth_blasted_sandstone>","","原料"
"farmersdelight:cutting/wild_onions","1","野生洋葱 <farmersdelight:wild_onions>","","原料"
"farmersdelight:cutting/wild_onions","2","{""type"":""farmersdelight:item_ability"",""action"":""knife_dig""}","","工具"
"farmersdelight:cutting/wild_onions","3","#c:tools/knife","","工具"
"kaleidoscope_cookery:millstone/red_dye_from_poppy","1","虞美人 <minecraft:poppy>","","原料"
"kaleidoscope_cookery:pot/potato_to_baked_potato_1","1","马铃薯 <minecraft:potato>","","原料"
"kaleidoscope_cookery:pot/salmon_to_cooked_salmon_1","1","生鲑鱼 <minecraft:salmon>","","原料"
"kaleidoscope_cookery:pot/salmon_to_cooked_salmon_2","1","生鲑鱼 <minecraft:salmon>","","原料"
"kaleidoscope_cookery:pot/salmon_to_cooked_salmon_2","2","生鲑鱼 <minecraft:salmon>","","原料"
"kaleidoscope_cookery:pot/salmon_to_cooked_salmon_3","1","生鲑鱼 <minecraft:salmon>","","原料"
"kaleidoscope_cookery:pot/salmon_to_cooked_salmon_3","2","生鲑鱼 <minecraft:salmon>","","原料"
"kaleidoscope_cookery:pot/salmon_to_cooked_salmon_3","3","生鲑鱼 <minecraft:salmon>","","原料"
"kaleidoscope_cookery:pot/salmon_to_cooked_salmon_4","1","生鲑鱼 <minecraft:salmon>","","原料"
"kaleidoscope_cookery:pot/salmon_to_cooked_salmon_4","2","生鲑鱼 <minecraft:salmon>","","原料"
"kaleidoscope_cookery:pot/salmon_to_cooked_salmon_4","3","生鲑鱼 <minecraft:salmon>","","原料"
"kaleidoscope_cookery:pot/salmon_to_cooked_salmon_4","4","生鲑鱼 <minecraft:salmon>","","原料"
"kaleidoscope_cookery:pot/salmon_to_cooked_salmon_5","1","生鲑鱼 <minecraft:salmon>","","原料"
"kaleidoscope_cookery:pot/salmon_to_cooked_salmon_5","2","生鲑鱼 <minecraft:salmon>","","原料"
"kaleidoscope_cookery:pot/salmon_to_cooked_salmon_5","3","生鲑鱼 <minecraft:salmon>","","原料"
"kaleidoscope_cookery:pot/salmon_to_cooked_salmon_5","4","生鲑鱼 <minecraft:salmon>","","原料"
"kaleidoscope_cookery:pot/salmon_to_cooked_salmon_5","5","生鲑鱼 <minecraft:salmon>","","原料"
"kaleidoscope_cookery:pot/salmon_to_cooked_salmon_6","1","生鲑鱼 <minecraft:salmon>","","原料"
"kaleidoscope_cookery:pot/salmon_to_cooked_salmon_6","2","生鲑鱼 <minecraft:salmon>","","原料"
"kaleidoscope_cookery:pot/salmon_to_cooked_salmon_6","3","生鲑鱼 <minecraft:salmon>","","原料"
"kaleidoscope_cookery:pot/salmon_to_cooked_salmon_6","4","生鲑鱼 <minecraft:salmon>","","原料"
"kaleidoscope_cookery:pot/salmon_to_cooked_salmon_6","5","生鲑鱼 <minecraft:salmon>","","原料"
"kaleidoscope_cookery:pot/salmon_to_cooked_salmon_6","6","生鲑鱼 <minecraft:salmon>","","原料"
"kaleidoscope_cookery:pot/salmon_to_cooked_salmon_7","1","生鲑鱼 <minecraft:salmon>","","原料"
"kaleidoscope_cookery:pot/salmon_to_cooked_salmon_7","2","生鲑鱼 <minecraft:salmon>","","原料"
"kaleidoscope_cookery:pot/salmon_to_cooked_salmon_7","3","生鲑鱼 <minecraft:salmon>","","原料"
"kaleidoscope_cookery:pot/salmon_to_cooked_salmon_7","4","生鲑鱼 <minecraft:salmon>","","原料"
"kaleidoscope_cookery:pot/salmon_to_cooked_salmon_7","5","生鲑鱼 <minecraft:salmon>","","原料"
"kaleidoscope_cookery:pot/salmon_to_cooked_salmon_7","6","生鲑鱼 <minecraft:salmon>","","原料"
"kaleidoscope_cookery:pot/salmon_to_cooked_salmon_7","7","生鲑鱼 <minecraft:salmon>","","原料"
"kaleidoscope_cookery:pot/salmon_to_cooked_salmon_8","1","生鲑鱼 <minecraft:salmon>","","原料"
"kaleidoscope_cookery:pot/salmon_to_cooked_salmon_8","2","生鲑鱼 <minecraft:salmon>","","原料"
"kaleidoscope_cookery:pot/salmon_to_cooked_salmon_8","3","生鲑鱼 <minecraft:salmon>","","原料"
"kaleidoscope_cookery:pot/salmon_to_cooked_salmon_8","4","生鲑鱼 <minecraft:salmon>","","原料"
"kaleidoscope_cookery:pot/salmon_to_cooked_salmon_8","5","生鲑鱼 <minecraft:salmon>","","原料"
"kaleidoscope_cookery:pot/salmon_to_cooked_salmon_8","6","生鲑鱼 <minecraft:salmon>","","原料"
"kaleidoscope_cookery:pot/salmon_to_cooked_salmon_8","7","生鲑鱼 <minecraft:salmon>","","原料"
"kaleidoscope_cookery:pot/salmon_to_cooked_salmon_8","8","生鲑鱼 <minecraft:salmon>","","原料"
"kaleidoscope_cookery:pot/salmon_to_cooked_salmon_9","1","生鲑鱼 <minecraft:salmon>","","原料"
"kaleidoscope_cookery:pot/salmon_to_cooked_salmon_9","2","生鲑鱼 <minecraft:salmon>","","原料"
"kaleidoscope_cookery:pot/salmon_to_cooked_salmon_9","3","生鲑鱼 <minecraft:salmon>","","原料"
"kaleidoscope_cookery:pot/salmon_to_cooked_salmon_9","4","生鲑鱼 <minecraft:salmon>","","原料"
"kaleidoscope_cookery:pot/salmon_to_cooked_salmon_9","5","生鲑鱼 <minecraft:salmon>","","原料"
"kaleidoscope_cookery:pot/salmon_to_cooked_salmon_9","6","生鲑鱼 <minecraft:salmon>","","原料"
"kaleidoscope_cookery:pot/salmon_to_cooked_salmon_9","7","生鲑鱼 <minecraft:salmon>","","原料"
"kaleidoscope_cookery:pot/salmon_to_cooked_salmon_9","8","生鲑鱼 <minecraft:salmon>","","原料"
"kaleidoscope_cookery:pot/salmon_to_cooked_salmon_9","9","生鲑鱼 <minecraft:salmon>","","原料"
"spawn:cooked_clam","1","蚌 <spawn:clam>","","原料"
"spawn:cooked_dodo","1","生渡渡鸟肉 <spawn:dodo>","","原料"
"kaleidoscope_cookery:scramble_egg_with_tomatoes_rice_bowl","1","番茄炒蛋 <kaleidoscope_cookery:scramble_egg_with_tomatoes>","","原料"
"farmersdelight:cooked_cod_slice_from_campfire_cooking","1","生鳕鱼片 <farmersdelight:cod_slice>","","原料"
"spawn:cooked_dodo_from_campfire_cooking","1","生渡渡鸟肉 <spawn:dodo>","","原料"
"spawn:date_chest_raft","1","箱子 <minecraft:chest>","","原料"
"spawn:date_chest_raft","2","椰枣木筏 <spawn:date_raft>","","原料"
"kaleidoscope_cookery:flex_stockpot/braised_beef_with_potatoes","1","#c:foods/raw_beef","","原料"
"kaleidoscope_cookery:flex_stockpot/braised_beef_with_potatoes","2","马铃薯 <minecraft:potato>","","原料"
"farmersdelight:integration/create/filling/chocolate_pie","1","馅饼酥皮 <farmersdelight:pie_crust>","","原料"
"farmersdelight:integration/create/filling/chocolate_pie","2","#c:chocolate","","原料"
"kaleidoscope_cookery:pot/chicken_to_cooked_chicken_3","1","生鸡肉 <minecraft:chicken>","","原料"
"kaleidoscope_cookery:pot/chicken_to_cooked_chicken_3","2","生鸡肉 <minecraft:chicken>","","原料"
"kaleidoscope_cookery:pot/chicken_to_cooked_chicken_3","3","生鸡肉 <minecraft:chicken>","","原料"
"kaleidoscope_cookery:pot/chicken_to_cooked_chicken_2","1","生鸡肉 <minecraft:chicken>","","原料"
"kaleidoscope_cookery:pot/chicken_to_cooked_chicken_2","2","生鸡肉 <minecraft:chicken>","","原料"
"kaleidoscope_cookery:pot/chicken_to_cooked_chicken_5","1","生鸡肉 <minecraft:chicken>","","原料"
"kaleidoscope_cookery:pot/chicken_to_cooked_chicken_5","2","生鸡肉 <minecraft:chicken>","","原料"
"kaleidoscope_cookery:pot/chicken_to_cooked_chicken_5","3","生鸡肉 <minecraft:chicken>","","原料"
"kaleidoscope_cookery:pot/chicken_to_cooked_chicken_5","4","生鸡肉 <minecraft:chicken>","","原料"
"kaleidoscope_cookery:pot/chicken_to_cooked_chicken_5","5","生鸡肉 <minecraft:chicken>","","原料"
"kaleidoscope_cookery:pot/chicken_to_cooked_chicken_4","1","生鸡肉 <minecraft:chicken>","","原料"
"kaleidoscope_cookery:pot/chicken_to_cooked_chicken_4","2","生鸡肉 <minecraft:chicken>","","原料"
"kaleidoscope_cookery:pot/chicken_to_cooked_chicken_4","3","生鸡肉 <minecraft:chicken>","","原料"
"kaleidoscope_cookery:pot/chicken_to_cooked_chicken_4","4","生鸡肉 <minecraft:chicken>","","原料"
"kaleidoscope_cookery:pot/chicken_to_cooked_chicken_1","1","生鸡肉 <minecraft:chicken>","","原料"
"kaleidoscope_cookery:pot/raw_lamb_chops_to_cooked_lamb_chops_9","1","生羊排 <kaleidoscope_cookery:raw_lamb_chops>","","原料"
"kaleidoscope_cookery:pot/raw_lamb_chops_to_cooked_lamb_chops_9","2","生羊排 <kaleidoscope_cookery:raw_lamb_chops>","","原料"
"kaleidoscope_cookery:pot/raw_lamb_chops_to_cooked_lamb_chops_9","3","生羊排 <kaleidoscope_cookery:raw_lamb_chops>","","原料"
"kaleidoscope_cookery:pot/raw_lamb_chops_to_cooked_lamb_chops_9","4","生羊排 <kaleidoscope_cookery:raw_lamb_chops>","","原料"
"kaleidoscope_cookery:pot/raw_lamb_chops_to_cooked_lamb_chops_9","5","生羊排 <kaleidoscope_cookery:raw_lamb_chops>","","原料"
"kaleidoscope_cookery:pot/raw_lamb_chops_to_cooked_lamb_chops_9","6","生羊排 <kaleidoscope_cookery:raw_lamb_chops>","","原料"
"kaleidoscope_cookery:pot/raw_lamb_chops_to_cooked_lamb_chops_9","7","生羊排 <kaleidoscope_cookery:raw_lamb_chops>","","原料"
"kaleidoscope_cookery:pot/raw_lamb_chops_to_cooked_lamb_chops_9","8","生羊排 <kaleidoscope_cookery:raw_lamb_chops>","","原料"
"kaleidoscope_cookery:pot/raw_lamb_chops_to_cooked_lamb_chops_9","9","生羊排 <kaleidoscope_cookery:raw_lamb_chops>","","原料"
"kaleidoscope_cookery:pot/raw_lamb_chops_to_cooked_lamb_chops_5","1","生羊排 <kaleidoscope_cookery:raw_lamb_chops>","","原料"
"kaleidoscope_cookery:pot/raw_lamb_chops_to_cooked_lamb_chops_5","2","生羊排 <kaleidoscope_cookery:raw_lamb_chops>","","原料"
"kaleidoscope_cookery:pot/raw_lamb_chops_to_cooked_lamb_chops_5","3","生羊排 <kaleidoscope_cookery:raw_lamb_chops>","","原料"
"kaleidoscope_cookery:pot/raw_lamb_chops_to_cooked_lamb_chops_5","4","生羊排 <kaleidoscope_cookery:raw_lamb_chops>","","原料"
"kaleidoscope_cookery:pot/raw_lamb_chops_to_cooked_lamb_chops_5","5","生羊排 <kaleidoscope_cookery:raw_lamb_chops>","","原料"
"kaleidoscope_cookery:pot/raw_lamb_chops_to_cooked_lamb_chops_6","1","生羊排 <kaleidoscope_cookery:raw_lamb_chops>","","原料"
"kaleidoscope_cookery:pot/raw_lamb_chops_to_cooked_lamb_chops_6","2","生羊排 <kaleidoscope_cookery:raw_lamb_chops>","","原料"
"kaleidoscope_cookery:pot/raw_lamb_chops_to_cooked_lamb_chops_6","3","生羊排 <kaleidoscope_cookery:raw_lamb_chops>","","原料"
"kaleidoscope_cookery:pot/raw_lamb_chops_to_cooked_lamb_chops_6","4","生羊排 <kaleidoscope_cookery:raw_lamb_chops>","","原料"
"kaleidoscope_cookery:pot/raw_lamb_chops_to_cooked_lamb_chops_6","5","生羊排 <kaleidoscope_cookery:raw_lamb_chops>","","原料"
"kaleidoscope_cookery:pot/raw_lamb_chops_to_cooked_lamb_chops_6","6","生羊排 <kaleidoscope_cookery:raw_lamb_chops>","","原料"
"kaleidoscope_cookery:pot/raw_lamb_chops_to_cooked_lamb_chops_7","1","生羊排 <kaleidoscope_cookery:raw_lamb_chops>","","原料"
"kaleidoscope_cookery:pot/raw_lamb_chops_to_cooked_lamb_chops_7","2","生羊排 <kaleidoscope_cookery:raw_lamb_chops>","","原料"
"kaleidoscope_cookery:pot/raw_lamb_chops_to_cooked_lamb_chops_7","3","生羊排 <kaleidoscope_cookery:raw_lamb_chops>","","原料"
"kaleidoscope_cookery:pot/raw_lamb_chops_to_cooked_lamb_chops_7","4","生羊排 <kaleidoscope_cookery:raw_lamb_chops>","","原料"
"kaleidoscope_cookery:pot/raw_lamb_chops_to_cooked_lamb_chops_7","5","生羊排 <kaleidoscope_cookery:raw_lamb_chops>","","原料"
"kaleidoscope_cookery:pot/raw_lamb_chops_to_cooked_lamb_chops_7","6","生羊排 <kaleidoscope_cookery:raw_lamb_chops>","","原料"
"kaleidoscope_cookery:pot/raw_lamb_chops_to_cooked_lamb_chops_7","7","生羊排 <kaleidoscope_cookery:raw_lamb_chops>","","原料"
"kaleidoscope_cookery:pot/raw_lamb_chops_to_cooked_lamb_chops_8","1","生羊排 <kaleidoscope_cookery:raw_lamb_chops>","","原料"
"kaleidoscope_cookery:pot/raw_lamb_chops_to_cooked_lamb_chops_8","2","生羊排 <kaleidoscope_cookery:raw_lamb_chops>","","原料"
"kaleidoscope_cookery:pot/raw_lamb_chops_to_cooked_lamb_chops_8","3","生羊排 <kaleidoscope_cookery:raw_lamb_chops>","","原料"
"kaleidoscope_cookery:pot/raw_lamb_chops_to_cooked_lamb_chops_8","4","生羊排 <kaleidoscope_cookery:raw_lamb_chops>","","原料"
"kaleidoscope_cookery:pot/raw_lamb_chops_to_cooked_lamb_chops_8","5","生羊排 <kaleidoscope_cookery:raw_lamb_chops>","","原料"
"kaleidoscope_cookery:pot/raw_lamb_chops_to_cooked_lamb_chops_8","6","生羊排 <kaleidoscope_cookery:raw_lamb_chops>","","原料"
"kaleidoscope_cookery:pot/raw_lamb_chops_to_cooked_lamb_chops_8","7","生羊排 <kaleidoscope_cookery:raw_lamb_chops>","","原料"
"kaleidoscope_cookery:pot/raw_lamb_chops_to_cooked_lamb_chops_8","8","生羊排 <kaleidoscope_cookery:raw_lamb_chops>","","原料"
"kaleidoscope_cookery:pot/raw_lamb_chops_to_cooked_lamb_chops_1","1","生羊排 <kaleidoscope_cookery:raw_lamb_chops>","","原料"
"kaleidoscope_cookery:pot/raw_lamb_chops_to_cooked_lamb_chops_2","1","生羊排 <kaleidoscope_cookery:raw_lamb_chops>","","原料"
"kaleidoscope_cookery:pot/raw_lamb_chops_to_cooked_lamb_chops_2","2","生羊排 <kaleidoscope_cookery:raw_lamb_chops>","","原料"
"kaleidoscope_cookery:pot/raw_lamb_chops_to_cooked_lamb_chops_3","1","生羊排 <kaleidoscope_cookery:raw_lamb_chops>","","原料"
"kaleidoscope_cookery:pot/raw_lamb_chops_to_cooked_lamb_chops_3","2","生羊排 <kaleidoscope_cookery:raw_lamb_chops>","","原料"
"kaleidoscope_cookery:pot/raw_lamb_chops_to_cooked_lamb_chops_3","3","生羊排 <kaleidoscope_cookery:raw_lamb_chops>","","原料"
"kaleidoscope_cookery:pot/raw_lamb_chops_to_cooked_lamb_chops_4","1","生羊排 <kaleidoscope_cookery:raw_lamb_chops>","","原料"
"kaleidoscope_cookery:pot/raw_lamb_chops_to_cooked_lamb_chops_4","2","生羊排 <kaleidoscope_cookery:raw_lamb_chops>","","原料"
"kaleidoscope_cookery:pot/raw_lamb_chops_to_cooked_lamb_chops_4","3","生羊排 <kaleidoscope_cookery:raw_lamb_chops>","","原料"
"kaleidoscope_cookery:pot/raw_lamb_chops_to_cooked_lamb_chops_4","4","生羊排 <kaleidoscope_cookery:raw_lamb_chops>","","原料"
"farmersdelight:salvaging/mangrove_chest_boat","1","红树木运输船 <minecraft:mangrove_chest_boat>","","原料"
"farmersdelight:salvaging/mangrove_chest_boat","2","{""type"":""farmersdelight:item_ability"",""action"":""hoe_dig""}","","工具"
"farmersdelight:salvaging/mangrove_chest_boat","3","#minecraft:hoes","","工具"
"kaleidoscope_cookery:millstone/bone_meal_from_bone","1","骨头 <minecraft:bone>","","原料"
"farmersdelight:rice_from_bag","1","袋装稻米 <farmersdelight:rice_bag>","","原料"
"kaleidoscope_cookery:braised_beef_rice_bowl","1","红烧牛肉 <kaleidoscope_cookery:braised_beef>","","原料"
"kaleidoscope_cookery:stockpot/brown_mushroom_pot_soup","1","棕色蘑菇 <minecraft:brown_mushroom>","","原料"
"kaleidoscope_cookery:stockpot/brown_mushroom_pot_soup","2","棕色蘑菇 <minecraft:brown_mushroom>","","原料"
"kaleidoscope_cookery:stockpot/brown_mushroom_pot_soup","3","棕色蘑菇 <minecraft:brown_mushroom>","","原料"
"kaleidoscope_cookery:stockpot/brown_mushroom_pot_soup","4","棕色蘑菇 <minecraft:brown_mushroom>","","原料"
"kaleidoscope_cookery:stockpot/brown_mushroom_pot_soup","5","棕色蘑菇 <minecraft:brown_mushroom>","","原料"
"kaleidoscope_cookery:stockpot/brown_mushroom_pot_soup","6","棕色蘑菇 <minecraft:brown_mushroom>","","原料"
"kaleidoscope_cookery:stockpot/brown_mushroom_pot_soup","7","花盆 <minecraft:flower_pot>","","容器/载体"
"farmersdelight:salvaging/bricks","1","红砖块 <minecraft:bricks>","","原料"
"farmersdelight:salvaging/bricks","2","{""type"":""farmersdelight:item_ability"",""action"":""pickaxe_dig""}","","工具"
"farmersdelight:salvaging/bricks","3","#minecraft:pickaxes","","工具"
"farmersdelight:cutting/cod","1","生鳕鱼 <minecraft:cod>","","原料"
"farmersdelight:cutting/cod","2","{""type"":""farmersdelight:item_ability"",""action"":""knife_dig""}","","工具"
"farmersdelight:cutting/cod","3","#c:tools/knife","","工具"
"kaleidoscope_cookery:steamer/qingtuan","1","黏液球 <minecraft:slime_ball>","","原料"
"farmersdelight:cutting/dark_oak_log","1","深色橡木原木 <minecraft:dark_oak_log>","","原料"
"farmersdelight:cutting/dark_oak_log","2","{""type"":""farmersdelight:item_ability"",""action"":""axe_strip""}","","工具"
"farmersdelight:cutting/dark_oak_log","3","#minecraft:axes","","工具"
"farmersdelight:salvaging/jungle_furniture","1","{""type"":""neoforge:compound"",""children"":[{""item"":""minecraft:jungle_door""},{""item"":""minecraft:jungle_trapdoor""},{""item"":""minecraft:jungle_sign""},{""item"":""minecraft:jungle_hanging_sign""},{""item"":""minecraft:jungle_fence""},{""item"":""minecraft:jungle_fence_gate""},{""item"":""minecraft:jungle_pressure_plate""},{""item"":""minecraft:jungle_button""},{""item"":""minecraft:jungle_boat""},{""item"":""farmersdelight:jungle_cabinet""}]}","","原料"
"farmersdelight:salvaging/jungle_furniture","2","{""type"":""farmersdelight:item_ability"",""action"":""axe_dig""}","","工具"
"farmersdelight:salvaging/jungle_furniture","3","#minecraft:axes","","工具"
"spawn:cooked_tuna_chunk_from_smoking","1","金枪鱼块 <spawn:tuna_chunk>","","原料"
"kaleidoscope_cookery:flex_stockpot/pufferfish_soup_entity","1","#c:crops/lettuce","","原料"
"kaleidoscope_cookery:flex_pot/sticky_candy","1","皮革 <minecraft:leather>","","原料"
"kaleidoscope_cookery:flex_pot/sticky_candy","2","糖 <minecraft:sugar>","","原料"
"farmersdelight:magenta_canvas_sign","1","#farmersdelight:canvas_signs","","原料"
"farmersdelight:magenta_canvas_sign","2","#c:dyes/magenta","","原料"
"kaleidoscope_cookery:millstone/red_dye_from_rose_bush","1","玫瑰丛 <minecraft:rose_bush>","","原料"
"spawn:date_button","1","椰枣木木板 <spawn:date_planks>","","原料"
"kaleidoscope_cookery:stockpot/seafood_miso_soup_salmon_entity","1","#c:crops/lettuce","","原料"
"kaleidoscope_cookery:stockpot/seafood_miso_soup_salmon_entity","2","#c:crops/lettuce","","原料"
"kaleidoscope_cookery:stockpot/seafood_miso_soup_salmon_entity","3","#c:crops/lettuce","","原料"
"kaleidoscope_cookery:pot/potato_to_baked_potato_9","1","马铃薯 <minecraft:potato>","","原料"
"kaleidoscope_cookery:pot/potato_to_baked_potato_9","2","马铃薯 <minecraft:potato>","","原料"
"kaleidoscope_cookery:pot/potato_to_baked_potato_9","3","马铃薯 <minecraft:potato>","","原料"
"kaleidoscope_cookery:pot/potato_to_baked_potato_9","4","马铃薯 <minecraft:potato>","","原料"
"kaleidoscope_cookery:pot/potato_to_baked_potato_9","5","马铃薯 <minecraft:potato>","","原料"
"kaleidoscope_cookery:pot/potato_to_baked_potato_9","6","马铃薯 <minecraft:potato>","","原料"
"kaleidoscope_cookery:pot/potato_to_baked_potato_9","7","马铃薯 <minecraft:potato>","","原料"
"kaleidoscope_cookery:pot/potato_to_baked_potato_9","8","马铃薯 <minecraft:potato>","","原料"
"kaleidoscope_cookery:pot/potato_to_baked_potato_9","9","马铃薯 <minecraft:potato>","","原料"
"farmersdelight:cutting/wild_potatoes","1","野生马铃薯 <farmersdelight:wild_potatoes>","","原料"
"farmersdelight:cutting/wild_potatoes","2","{""type"":""farmersdelight:item_ability"",""action"":""knife_dig""}","","工具"
"farmersdelight:cutting/wild_potatoes","3","#c:tools/knife","","工具"
"kaleidoscope_cookery:pot/potato_to_baked_potato_8","1","马铃薯 <minecraft:potato>","","原料"
"kaleidoscope_cookery:pot/potato_to_baked_potato_8","2","马铃薯 <minecraft:potato>","","原料"
"kaleidoscope_cookery:pot/potato_to_baked_potato_8","3","马铃薯 <minecraft:potato>","","原料"
"kaleidoscope_cookery:pot/potato_to_baked_potato_8","4","马铃薯 <minecraft:potato>","","原料"
"kaleidoscope_cookery:pot/potato_to_baked_potato_8","5","马铃薯 <minecraft:potato>","","原料"
"kaleidoscope_cookery:pot/potato_to_baked_potato_8","6","马铃薯 <minecraft:potato>","","原料"
"kaleidoscope_cookery:pot/potato_to_baked_potato_8","7","马铃薯 <minecraft:potato>","","原料"
"kaleidoscope_cookery:pot/potato_to_baked_potato_8","8","马铃薯 <minecraft:potato>","","原料"
"kaleidoscope_cookery:pot/potato_to_baked_potato_7","1","马铃薯 <minecraft:potato>","","原料"
"kaleidoscope_cookery:pot/potato_to_baked_potato_7","2","马铃薯 <minecraft:potato>","","原料"
"kaleidoscope_cookery:pot/potato_to_baked_potato_7","3","马铃薯 <minecraft:potato>","","原料"
"kaleidoscope_cookery:pot/potato_to_baked_potato_7","4","马铃薯 <minecraft:potato>","","原料"
"kaleidoscope_cookery:pot/potato_to_baked_potato_7","5","马铃薯 <minecraft:potato>","","原料"
"kaleidoscope_cookery:pot/potato_to_baked_potato_7","6","马铃薯 <minecraft:potato>","","原料"
"kaleidoscope_cookery:pot/potato_to_baked_potato_7","7","马铃薯 <minecraft:potato>","","原料"
"kaleidoscope_cookery:pot/potato_to_baked_potato_6","1","马铃薯 <minecraft:potato>","","原料"
"kaleidoscope_cookery:pot/potato_to_baked_potato_6","2","马铃薯 <minecraft:potato>","","原料"
"kaleidoscope_cookery:pot/potato_to_baked_potato_6","3","马铃薯 <minecraft:potato>","","原料"
"kaleidoscope_cookery:pot/potato_to_baked_potato_6","4","马铃薯 <minecraft:potato>","","原料"
"kaleidoscope_cookery:pot/potato_to_baked_potato_6","5","马铃薯 <minecraft:potato>","","原料"
"kaleidoscope_cookery:pot/potato_to_baked_potato_6","6","马铃薯 <minecraft:potato>","","原料"
"kaleidoscope_cookery:nether_style_sashimi","1","绯红菌 <minecraft:crimson_fungus>","","原料"
"kaleidoscope_cookery:nether_style_sashimi","2","诡异菌 <minecraft:warped_fungus>","","原料"
"kaleidoscope_cookery:nether_style_sashimi","3","刺身 <kaleidoscope_cookery:sashimi>","","原料"
"kaleidoscope_cookery:nether_style_sashimi","4","刺身 <kaleidoscope_cookery:sashimi>","","原料"
"kaleidoscope_cookery:nether_style_sashimi","5","刺身 <kaleidoscope_cookery:sashimi>","","原料"
"kaleidoscope_cookery:nether_style_sashimi","6","刺身 <kaleidoscope_cookery:sashimi>","","原料"
"kaleidoscope_cookery:nether_style_sashimi","7","碗 <minecraft:bowl>","","原料"
"kaleidoscope_cookery:pot/potato_to_baked_potato_5","1","马铃薯 <minecraft:potato>","","原料"
"kaleidoscope_cookery:pot/potato_to_baked_potato_5","2","马铃薯 <minecraft:potato>","","原料"
"kaleidoscope_cookery:pot/potato_to_baked_potato_5","3","马铃薯 <minecraft:potato>","","原料"
"kaleidoscope_cookery:pot/potato_to_baked_potato_5","4","马铃薯 <minecraft:potato>","","原料"
"kaleidoscope_cookery:pot/potato_to_baked_potato_5","5","马铃薯 <minecraft:potato>","","原料"
"kaleidoscope_cookery:pot/potato_to_baked_potato_4","1","马铃薯 <minecraft:potato>","","原料"
"kaleidoscope_cookery:pot/potato_to_baked_potato_4","2","马铃薯 <minecraft:potato>","","原料"
"kaleidoscope_cookery:pot/potato_to_baked_potato_4","3","马铃薯 <minecraft:potato>","","原料"
"kaleidoscope_cookery:pot/potato_to_baked_potato_4","4","马铃薯 <minecraft:potato>","","原料"
"kaleidoscope_cookery:pot/potato_to_baked_potato_3","1","马铃薯 <minecraft:potato>","","原料"
"kaleidoscope_cookery:pot/potato_to_baked_potato_3","2","马铃薯 <minecraft:potato>","","原料"
"kaleidoscope_cookery:pot/potato_to_baked_potato_3","3","马铃薯 <minecraft:potato>","","原料"
"kaleidoscope_cookery:pot/potato_to_baked_potato_2","1","马铃薯 <minecraft:potato>","","原料"
"kaleidoscope_cookery:pot/potato_to_baked_potato_2","2","马铃薯 <minecraft:potato>","","原料"
"farmersdelight:integration/create/milling/wild_potatoes","1","野生马铃薯 <farmersdelight:wild_potatoes>","","原料"
"kaleidoscope_cookery:flex_pot/fried_spring_roll","1","幻翼膜 <minecraft:phantom_membrane>","","原料"
"kaleidoscope_cookery:flex_pot/fried_spring_roll","2","#c:foods/raw_pork","","原料"
"kaleidoscope_cookery:flex_pot/fried_spring_roll","3","#c:mushrooms","","原料"
"kaleidoscope_cookery:flex_pot/fried_spring_roll","4","碗 <minecraft:bowl>","","容器/载体"
"spawn:bone_meal_from_dead_sea_star","1","失活海星 <spawn:dead_sea_star>","","原料"
"kaleidoscope_cookery:flex_stockpot/fearsome_thick_soup","1","腐肉 <minecraft:rotten_flesh>","","原料"
"kaleidoscope_cookery:flex_stockpot/fearsome_thick_soup","2","幽匿块 <minecraft:sculk>","","原料"
"farmersdelight:grilled_salmon","1","#c:foods/cooked_salmon","","原料"
"farmersdelight:grilled_salmon","2","甜浆果 <minecraft:sweet_berries>","","原料"
"farmersdelight:grilled_salmon","3","碗 <minecraft:bowl>","","原料"
"farmersdelight:grilled_salmon","4","#c:crops/cabbage","","原料"
"farmersdelight:grilled_salmon","5","#c:crops/onion","","原料"
"spawn:cooked_herring_from_smoking","1","鲱鱼 <spawn:herring>","","原料"
"kaleidoscope_cookery:stockpot/wild_mushroom_rabbit_soup","1","#c:mushrooms","","原料"
"kaleidoscope_cookery:stockpot/wild_mushroom_rabbit_soup","2","#c:mushrooms","","原料"
"kaleidoscope_cookery:stockpot/wild_mushroom_rabbit_soup","3","#c:mushrooms","","原料"
"kaleidoscope_cookery:stockpot/wild_mushroom_rabbit_soup","4","生兔肉 <minecraft:rabbit>","","原料"
"kaleidoscope_cookery:stockpot/wild_mushroom_rabbit_soup","5","生兔肉 <minecraft:rabbit>","","原料"
"kaleidoscope_cookery:millstone/red_dye_from_beetroot","1","甜菜根 <minecraft:beetroot>","","原料"
"kaleidoscope_cookery:apple_platter","1","苹果 <minecraft:apple>","","原料"
"kaleidoscope_cookery:apple_platter","2","苹果 <minecraft:apple>","","原料"
"kaleidoscope_cookery:apple_platter","3","苹果 <minecraft:apple>","","原料"
"kaleidoscope_cookery:apple_platter","4","苹果 <minecraft:apple>","","原料"
"kaleidoscope_cookery:apple_platter","5","碗 <minecraft:bowl>","","原料"
"spawn:algal_reefstone_slab_from_algal_reefstone_stonecutting","1","藻礁石 <spawn:algal_reefstone>","","原料"
"spawn:cutting/cooked_tuna_chunk","1","熟金枪鱼块 <spawn:cooked_tuna_chunk>","","原料"
"spawn:cutting/cooked_tuna_chunk","2","#c:tools/knife","","工具"
"farmersdelight:cutting/clay","1","黏土 <minecraft:clay>","","原料"
"farmersdelight:cutting/clay","2","{""type"":""farmersdelight:item_ability"",""action"":""shovel_dig""}","","工具"
"farmersdelight:cutting/clay","3","#minecraft:shovels","","工具"
"spawn:cooked_bluefish","1","扁鲹 <spawn:bluefish>","","原料"
"farmersdelight:cutting/cherry_wood","1","樱花木 <minecraft:cherry_wood>","","原料"
"farmersdelight:cutting/cherry_wood","2","{""type"":""farmersdelight:item_ability"",""action"":""axe_strip""}","","工具"
"farmersdelight:cutting/cherry_wood","3","#minecraft:axes","","工具"
"farmersdelight:honey_glazed_ham_block","1","甜浆果 <minecraft:sweet_berries>","","原料"
"farmersdelight:honey_glazed_ham_block","2","蜂蜜瓶 <minecraft:honey_bottle>","","原料"
"farmersdelight:honey_glazed_ham_block","3","甜浆果 <minecraft:sweet_berries>","","原料"
"farmersdelight:honey_glazed_ham_block","4","甜浆果 <minecraft:sweet_berries>","","原料"
"farmersdelight:honey_glazed_ham_block","5","烟熏火腿 <farmersdelight:smoked_ham>","","原料"
"farmersdelight:honey_glazed_ham_block","6","甜浆果 <minecraft:sweet_berries>","","原料"
"farmersdelight:honey_glazed_ham_block","7","米饭 <farmersdelight:cooked_rice>","","原料"
"farmersdelight:honey_glazed_ham_block","8","碗 <minecraft:bowl>","","原料"
"farmersdelight:honey_glazed_ham_block","9","米饭 <farmersdelight:cooked_rice>","","原料"
"farmersdelight:orange_hanging_canvas_sign","1","#farmersdelight:hanging_canvas_signs","","原料"
"farmersdelight:orange_hanging_canvas_sign","2","#c:dyes/orange","","原料"
"farmersdelight:cooking/onion_soup","1","#c:crops/onion","","原料"
"farmersdelight:cooking/onion_soup","2","#c:crops/onion","","原料"
"farmersdelight:cooking/onion_soup","3","#c:foods/bread","","原料"
"farmersdelight:cooking/onion_soup","4","#c:drinks/milk","","原料"
"farmersdelight:fried_egg","1","鸡蛋 <minecraft:egg>","","原料"
"farmersdelight:cooking/tomato_sauce","1","#c:crops/tomato","","原料"
"farmersdelight:cooking/tomato_sauce","2","#c:crops/tomato","","原料"
"farmersdelight:fruit_salad","1","苹果 <minecraft:apple>","","原料"
"farmersdelight:fruit_salad","2","西瓜片 <minecraft:melon_slice>","","原料"
"farmersdelight:fruit_salad","3","西瓜片 <minecraft:melon_slice>","","原料"
"farmersdelight:fruit_salad","4","#c:foods/berry","","原料"
"farmersdelight:fruit_salad","5","#c:foods/berry","","原料"
"farmersdelight:fruit_salad","6","南瓜片 <farmersdelight:pumpkin_slice>","","原料"
"farmersdelight:fruit_salad","7","碗 <minecraft:bowl>","","原料"
"farmersdelight:tomato_seeds","1","番茄 <farmersdelight:tomato> / 烂番茄 <farmersdelight:rotten_tomato>","","原料"
"farmersdelight:cutting/allium","1","绒球葱 <minecraft:allium>","","原料"
"farmersdelight:cutting/allium","2","{""type"":""farmersdelight:item_ability"",""action"":""knife_dig""}","","工具"
"farmersdelight:cutting/allium","3","#c:tools/knife","","工具"
"spawn:red_dye_from_tropical_wildflowers","1","热带野花 <spawn:tropical_wildflowers>","","原料"
"kaleidoscope_cookery:fish_flavored_shredded_pork_rice_bowl","1","鱼香肉丝 <kaleidoscope_cookery:fish_flavored_shredded_pork>","","原料"
"kaleidoscope_cookery:millstone/orange_dye_from_torchflower","1","火把花 <minecraft:torchflower>","","原料"
"farmersdelight:cooking/fish_stew","1","#c:foods/safe_raw_fish","","原料"
"farmersdelight:cooking/fish_stew","2","番茄酱 <farmersdelight:tomato_sauce>","","原料"
"farmersdelight:cooking/fish_stew","3","#c:crops/onion","","原料"
"ordertocook:chef_coin_1_from_5","1","5 oTc币 <ordertocook:chef_coin_5>","","原料"
"kaleidoscope_cookery:millstone/light_gray_dye_from_oxeye_daisy","1","滨菊 <minecraft:oxeye_daisy>","","原料"
"farmersdelight:cutting/pumpkin_pie","1","南瓜派 <minecraft:pumpkin_pie>","","原料"
"farmersdelight:cutting/pumpkin_pie","2","{""type"":""farmersdelight:item_ability"",""action"":""knife_dig""}","","工具"
"farmersdelight:cutting/pumpkin_pie","3","#c:tools/knife","","工具"
"kaleidoscope_cookery:zongzi_plate","1","熟粽子 <kaleidoscope_cookery:zongzi>","","原料"
"kaleidoscope_cookery:zongzi_plate","2","熟粽子 <kaleidoscope_cookery:zongzi>","","原料"
"kaleidoscope_cookery:zongzi_plate","3","熟粽子 <kaleidoscope_cookery:zongzi>","","原料"
"kaleidoscope_cookery:zongzi_plate","4","熟粽子 <kaleidoscope_cookery:zongzi>","","原料"
"kaleidoscope_cookery:zongzi_plate","5","碗 <minecraft:bowl>","","原料"
"kaleidoscope_cookery:flex_pot/sweet_and_sour_ender_pearls","1","末影珍珠 <minecraft:ender_pearl>","","原料"
"kaleidoscope_cookery:flex_pot/sweet_and_sour_ender_pearls","2","末影之眼 <minecraft:ender_eye>","","原料"
"kaleidoscope_cookery:flex_pot/sweet_and_sour_ender_pearls","3","碗 <minecraft:bowl>","","容器/载体"
"farmersdelight:cooking_pot","1","屏障 <minecraft:barrier>","","原料"
"kaleidoscope_cookery:millstone/raw_iron_from_deepslate_iron_ore","1","深层铁矿石 <minecraft:deepslate_iron_ore>","","原料"
"kaleidoscope_cookery:chopping_board/bone_from_cod","1","熟鳕鱼 <minecraft:cooked_cod>","","原料"
"spawn:cooking/crab_boil_block","1","海岸蟹桶 <spawn:coastal_crab_bucket>","","原料"
"spawn:cooking/crab_boil_block","2","马铃薯 <minecraft:potato>","","原料"
"spawn:cooking/crab_boil_block","3","马铃薯 <minecraft:potato>","","原料"
"spawn:cooking/crab_boil_block","4","生培根 <farmersdelight:bacon>","","原料"
"spawn:cooking/crab_boil_block","5","洋葱 <farmersdelight:onion>","","原料"
"farmersdelight:salvaging/dark_oak_chest_boat","1","深色橡木运输船 <minecraft:dark_oak_chest_boat>","","原料"
"farmersdelight:salvaging/dark_oak_chest_boat","2","{""type"":""farmersdelight:item_ability"",""action"":""hoe_dig""}","","工具"
"farmersdelight:salvaging/dark_oak_chest_boat","3","#minecraft:hoes","","工具"
"kaleidoscope_cookery:millstone/string_from_lime_wool","1","黄绿色羊毛 <minecraft:lime_wool>","","原料"
"farmersdelight:melon_juice","1","西瓜片 <minecraft:melon_slice>","","原料"
"farmersdelight:melon_juice","2","西瓜片 <minecraft:melon_slice>","","原料"
"farmersdelight:melon_juice","3","糖 <minecraft:sugar>","","原料"
"farmersdelight:melon_juice","4","西瓜片 <minecraft:melon_slice>","","原料"
"farmersdelight:melon_juice","5","西瓜片 <minecraft:melon_slice>","","原料"
"farmersdelight:melon_juice","6","玻璃瓶 <minecraft:glass_bottle>","","原料"
"farmersdelight:cutting/red_tulip","1","红色郁金香 <minecraft:red_tulip>","","原料"
"farmersdelight:cutting/red_tulip","2","{""type"":""farmersdelight:item_ability"",""action"":""knife_dig""}","","工具"
"farmersdelight:cutting/red_tulip","3","#c:tools/knife","","工具"
"kaleidoscope_cookery:tundra_style_sashimi","1","#minecraft:flowers","","原料"
"kaleidoscope_cookery:tundra_style_sashimi","2","#minecraft:flowers","","原料"
"kaleidoscope_cookery:tundra_style_sashimi","3","刺身 <kaleidoscope_cookery:sashimi>","","原料"
"kaleidoscope_cookery:tundra_style_sashimi","4","刺身 <kaleidoscope_cookery:sashimi>","","原料"
"kaleidoscope_cookery:tundra_style_sashimi","5","刺身 <kaleidoscope_cookery:sashimi>","","原料"
"kaleidoscope_cookery:tundra_style_sashimi","6","刺身 <kaleidoscope_cookery:sashimi>","","原料"
"kaleidoscope_cookery:tundra_style_sashimi","7","碗 <minecraft:bowl>","","原料"
"farmersdelight:cutting/spruce_wood","1","云杉木 <minecraft:spruce_wood>","","原料"
"farmersdelight:cutting/spruce_wood","2","{""type"":""farmersdelight:item_ability"",""action"":""axe_strip""}","","工具"
"farmersdelight:cutting/spruce_wood","3","#minecraft:axes","","工具"
"farmersdelight:cutting/crimson_hyphae","1","绯红菌核 <minecraft:crimson_hyphae>","","原料"
"farmersdelight:cutting/crimson_hyphae","2","{""type"":""farmersdelight:item_ability"",""action"":""axe_strip""}","","工具"
"farmersdelight:cutting/crimson_hyphae","3","#minecraft:axes","","工具"
"spawn:chiseled_blasted_sandstone_from_blasted_sandstone_stonecutting","1","荒砂岩 <spawn:blasted_sandstone>","","原料"
"farmersdelight:cooking/pasta_with_meatballs","1","牛肉馅 <farmersdelight:minced_beef>","","原料"
"farmersdelight:cooking/pasta_with_meatballs","2","#c:foods/pasta","","原料"
"farmersdelight:cooking/pasta_with_meatballs","3","番茄酱 <farmersdelight:tomato_sauce>","","原料"
"farmersdelight:light_blue_canvas_sign","1","#farmersdelight:canvas_signs","","原料"
"farmersdelight:light_blue_canvas_sign","2","#c:dyes/light_blue","","原料"
"kaleidoscope_cookery:oil","1","油脂块 <kaleidoscope_cookery:oil_block>","","原料"
"spawn:cooked_herring_slice_from_smoking","1","鲱鱼片 <spawn:herring_slice>","","原料"
"ordertocook:chef_coin_20_from_100","1","100 oTc币 <ordertocook:chef_coin_100>","","原料"
"kaleidoscope_cookery:millstone/smooth_red_sandstone_from_red_sand","1","#c:sands/red","","原料"
"farmersdelight:salvaging/quartz_block","1","石英块 <minecraft:quartz_block>","","原料"
"farmersdelight:salvaging/quartz_block","2","{""type"":""farmersdelight:item_ability"",""action"":""pickaxe_dig""}","","工具"
"farmersdelight:salvaging/quartz_block","3","#minecraft:pickaxes","","工具"
"kaleidoscope_cookery:millstone/pink_dye_from_pink_tulip","1","粉红色郁金香 <minecraft:pink_tulip>","","原料"
"kaleidoscope_cookery:chopping_board/sashimi_from_cod","1","生鳕鱼 <minecraft:cod>","","原料"
"farmersdelight:cutting/cooked_salmon","1","熟鲑鱼 <minecraft:cooked_salmon>","","原料"
"farmersdelight:cutting/cooked_salmon","2","{""type"":""farmersdelight:item_ability"",""action"":""knife_dig""}","","工具"
"farmersdelight:cutting/cooked_salmon","3","#c:tools/knife","","工具"
"spawn:blasted_sandstone_stairs_from_blasted_sandstone_stonecutting","1","荒砂岩 <spawn:blasted_sandstone>","","原料"
"spawn:smooth_blasted_sandstone_slab_from_smooth_blasted_sandstone_stonecutting","1","平滑荒砂岩 <spawn:smooth_blasted_sandstone>","","原料"
"kaleidoscope_cookery:stockpot/seafood_miso_soup_tropical_entity","1","#c:crops/lettuce","","原料"
"kaleidoscope_cookery:stockpot/seafood_miso_soup_tropical_entity","2","#c:crops/lettuce","","原料"
"kaleidoscope_cookery:stockpot/seafood_miso_soup_tropical_entity","3","#c:crops/lettuce","","原料"
"kaleidoscope_cookery:tomato_platter","1","番茄 <kaleidoscope_cookery:tomato>","","原料"
"kaleidoscope_cookery:tomato_platter","2","番茄 <kaleidoscope_cookery:tomato>","","原料"
"kaleidoscope_cookery:tomato_platter","3","番茄 <kaleidoscope_cookery:tomato>","","原料"
"kaleidoscope_cookery:tomato_platter","4","番茄 <kaleidoscope_cookery:tomato>","","原料"
"kaleidoscope_cookery:tomato_platter","5","番茄 <kaleidoscope_cookery:tomato>","","原料"
"kaleidoscope_cookery:tomato_platter","6","碗 <minecraft:bowl>","","原料"
"spawn:cooked_tuna_slice_from_campfire_cooking","1","金枪鱼片 <spawn:tuna_slice>","","原料"
"kaleidoscope_cookery:raw_zongzi","1","稻米 <kaleidoscope_cookery:rice>","","原料"
"kaleidoscope_cookery:raw_zongzi","2","睡莲 <minecraft:lily_pad>","","原料"
"farmersdelight:yellow_hanging_canvas_sign","1","#farmersdelight:hanging_canvas_signs","","原料"
"farmersdelight:yellow_hanging_canvas_sign","2","#c:dyes/yellow","","原料"
"kaleidoscope_cookery:steamer/bamboo_tube_rice","1","生竹筒饭 <kaleidoscope_cookery:raw_bamboo_tube_rice>","","原料"
"kaleidoscope_cookery:millstone/blue_dye_from_cornflower","1","矢车菊 <minecraft:cornflower>","","原料"
"farmersdelight:cooked_bacon","1","生培根 <farmersdelight:bacon>","","原料"
"kaleidoscope_cookery:pot/fondant_spider_eye","1","糖 <minecraft:sugar>","","原料"
"kaleidoscope_cookery:pot/fondant_spider_eye","2","糖 <minecraft:sugar>","","原料"
"kaleidoscope_cookery:pot/fondant_spider_eye","3","糖 <minecraft:sugar>","","原料"
"kaleidoscope_cookery:pot/fondant_spider_eye","4","糖 <minecraft:sugar>","","原料"
"kaleidoscope_cookery:pot/fondant_spider_eye","5","蜘蛛眼 <minecraft:spider_eye>","","原料"
"kaleidoscope_cookery:pot/fondant_spider_eye","6","蜘蛛眼 <minecraft:spider_eye>","","原料"
"kaleidoscope_cookery:pot/fondant_spider_eye","7","蜘蛛眼 <minecraft:spider_eye>","","原料"
"kaleidoscope_cookery:pot/fondant_spider_eye","8","蜘蛛眼 <minecraft:spider_eye>","","原料"
"kaleidoscope_cookery:pot/fondant_spider_eye","9","碗 <minecraft:bowl>","","容器/载体"
"kaleidoscope_cookery:flex_stockpot/pufferfish_soup","1","河豚 <minecraft:pufferfish>","","原料"
"kaleidoscope_cookery:flex_stockpot/pufferfish_soup","2","#c:crops/lettuce","","原料"
"farmersdelight:cooking/dog_food","1","腐肉 <minecraft:rotten_flesh>","","原料"
"farmersdelight:cooking/dog_food","2","骨粉 <minecraft:bone_meal>","","原料"
"farmersdelight:cooking/dog_food","3","#c:foods/raw_meat","","原料"
"farmersdelight:cooking/dog_food","4","#c:crops/rice","","原料"
"farmersdelight:salvaging/bamboo_furniture","1","{""type"":""neoforge:compound"",""children"":[{""item"":""minecraft:bamboo_door""},{""item"":""minecraft:bamboo_trapdoor""},{""item"":""minecraft:bamboo_sign""},{""item"":""minecraft:bamboo_hanging_sign""},{""item"":""minecraft:bamboo_fence""},{""item"":""minecraft:bamboo_fence_gate""},{""item"":""minecraft:bamboo_pressure_plate""},{""item"":""minecraft:bamboo_button""},{""item"":""minecraft:bamboo_raft""},{""item"":""farmersdelight:bamboo_cabinet""}]}","","原料"
"farmersdelight:salvaging/bamboo_furniture","2","{""type"":""farmersdelight:item_ability"",""action"":""axe_dig""}","","工具"
"farmersdelight:salvaging/bamboo_furniture","3","#minecraft:axes","","工具"
"farmersdelight:cutting/wild_tomatoes","1","番茄灌木 <farmersdelight:wild_tomatoes>","","原料"
"farmersdelight:cutting/wild_tomatoes","2","{""type"":""farmersdelight:item_ability"",""action"":""knife_dig""}","","工具"
"farmersdelight:cutting/wild_tomatoes","3","#c:tools/knife","","工具"
"farmersdelight:cutting/salmon","1","生鲑鱼 <minecraft:salmon>","","原料"
"farmersdelight:cutting/salmon","2","{""type"":""farmersdelight:item_ability"",""action"":""knife_dig""}","","工具"
"farmersdelight:cutting/salmon","3","#c:tools/knife","","工具"
"farmersdelight:cooking/ratatouille","1","#c:crops/tomato","","原料"
"farmersdelight:cooking/ratatouille","2","#c:crops/onion","","原料"
"farmersdelight:cooking/ratatouille","3","#c:crops/beetroot","","原料"
"farmersdelight:cooking/ratatouille","4","{""type"":""neoforge:difference"",""base"":{""tag"":""c:foods/vegetable""},""subtracted"":{""item"":""minecraft:melon_slice""}}","","原料"
"spawn:cutting/cooked_bluefish","1","熟扁鲹 <spawn:cooked_bluefish>","","原料"
"spawn:cutting/cooked_bluefish","2","#c:tools/knife","","工具"
"kaleidoscope_cookery:pot/egg_fried_rice","1","#c:eggs","","原料"
"kaleidoscope_cookery:pot/egg_fried_rice","2","#c:eggs","","原料"
"kaleidoscope_cookery:pot/egg_fried_rice","3","#c:foods/cooked_rice","","原料"
"kaleidoscope_cookery:pot/egg_fried_rice","4","碗 <minecraft:bowl>","","容器/载体"
"farmersdelight:paper_from_tree_bark","1","树皮 <farmersdelight:tree_bark>","","原料"
"farmersdelight:paper_from_tree_bark","2","树皮 <farmersdelight:tree_bark>","","原料"
"farmersdelight:paper_from_tree_bark","3","树皮 <farmersdelight:tree_bark>","","原料"
"farmersdelight:cutting/lily_of_the_valley","1","铃兰 <minecraft:lily_of_the_valley>","","原料"
"farmersdelight:cutting/lily_of_the_valley","2","{""type"":""farmersdelight:item_ability"",""action"":""knife_dig""}","","工具"
"farmersdelight:cutting/lily_of_the_valley","3","#c:tools/knife","","工具"
"kaleidoscope_cookery:millstone/string_from_light_blue_wool","1","淡蓝色羊毛 <minecraft:light_blue_wool>","","原料"
"farmersdelight:gray_canvas_sign","1","#farmersdelight:canvas_signs","","原料"
"farmersdelight:gray_canvas_sign","2","#c:dyes/gray","","原料"
"farmersdelight:cooking/fried_rice","1","#c:crops/rice","","原料"
"farmersdelight:cooking/fried_rice","2","#c:eggs","","原料"
"farmersdelight:cooking/fried_rice","3","#c:crops/carrot","","原料"
"farmersdelight:cooking/fried_rice","4","#c:crops/onion","","原料"
"farmersdelight:honey_cookie","1","蜂蜜瓶 <minecraft:honey_bottle>","","原料"
"farmersdelight:honey_cookie","2","#c:crops/wheat","","原料"
"farmersdelight:honey_cookie","3","#c:crops/wheat","","原料"
"farmersdelight:cutting/birch_log","1","白桦原木 <minecraft:birch_log>","","原料"
"farmersdelight:cutting/birch_log","2","{""type"":""farmersdelight:item_ability"",""action"":""axe_strip""}","","工具"
"farmersdelight:cutting/birch_log","3","#minecraft:axes","","工具"
"farmersdelight:black_hanging_canvas_sign","1","#farmersdelight:hanging_canvas_signs","","原料"
"farmersdelight:black_hanging_canvas_sign","2","#c:dyes/black","","原料"
"farmersdelight:cutting/warped_stem","1","诡异菌柄 <minecraft:warped_stem>","","原料"
"farmersdelight:cutting/warped_stem","2","{""type"":""farmersdelight:item_ability"",""action"":""axe_strip""}","","工具"
"farmersdelight:cutting/warped_stem","3","#minecraft:axes","","工具"
"kaleidoscope_cookery:flex_stockpot/chicken_and_mushroom_stew","1","#c:foods/raw_chicken","","原料"
"kaleidoscope_cookery:flex_stockpot/chicken_and_mushroom_stew","2","#c:mushrooms","","原料"
"farmersdelight:iron_nugget_from_blasting_knife","1","铁刀 <farmersdelight:iron_knife>","","原料"
"kaleidoscope_cookery:flex_pot/scramble_egg_with_tomatoes","1","#c:eggs","","原料"
"kaleidoscope_cookery:flex_pot/scramble_egg_with_tomatoes","2","#c:crops/tomato","","原料"
"kaleidoscope_cookery:flex_pot/scramble_egg_with_tomatoes","3","碗 <minecraft:bowl>","","容器/载体"
"farmersdelight:blue_hanging_canvas_sign","1","#farmersdelight:hanging_canvas_signs","","原料"
"farmersdelight:blue_hanging_canvas_sign","2","#c:dyes/blue","","原料"
"farmersdelight:cutting/poppy","1","虞美人 <minecraft:poppy>","","原料"
"farmersdelight:cutting/poppy","2","{""type"":""farmersdelight:item_ability"",""action"":""knife_dig""}","","工具"
"farmersdelight:cutting/poppy","3","#c:tools/knife","","工具"
"spawn:cooked_tuna_slice","1","金枪鱼片 <spawn:tuna_slice>","","原料"
"kaleidoscope_cookery:millstone/string_from_yellow_wool","1","黄色羊毛 <minecraft:yellow_wool>","","原料"
"kaleidoscope_cookery:millstone/redstone_from_redstone_ore","1","红石矿石 <minecraft:redstone_ore>","","原料"
"kaleidoscope_cookery:pot/sweet_and_sour_pork","1","糖 <minecraft:sugar>","","原料"
"kaleidoscope_cookery:pot/sweet_and_sour_pork","2","糖 <minecraft:sugar>","","原料"
"kaleidoscope_cookery:pot/sweet_and_sour_pork","3","糖 <minecraft:sugar>","","原料"
"kaleidoscope_cookery:pot/sweet_and_sour_pork","4","#c:foods/raw_pork","","原料"
"kaleidoscope_cookery:pot/sweet_and_sour_pork","5","#c:foods/raw_pork","","原料"
"kaleidoscope_cookery:pot/sweet_and_sour_pork","6","#c:foods/raw_pork","","原料"
"kaleidoscope_cookery:pot/sweet_and_sour_pork","7","碗 <minecraft:bowl>","","容器/载体"
"farmersdelight:sweet_berry_cookie","1","甜浆果 <minecraft:sweet_berries>","","原料"
"farmersdelight:sweet_berry_cookie","2","#c:crops/wheat","","原料"
"farmersdelight:sweet_berry_cookie","3","#c:crops/wheat","","原料"
"kaleidoscope_cookery:stockpot/braised_beef_with_potatoes","1","马铃薯 <minecraft:potato>","","原料"
"kaleidoscope_cookery:stockpot/braised_beef_with_potatoes","2","马铃薯 <minecraft:potato>","","原料"
"kaleidoscope_cookery:stockpot/braised_beef_with_potatoes","3","马铃薯 <minecraft:potato>","","原料"
"kaleidoscope_cookery:stockpot/braised_beef_with_potatoes","4","#c:foods/raw_beef","","原料"
"kaleidoscope_cookery:stockpot/braised_beef_with_potatoes","5","#c:foods/raw_beef","","原料"
"kaleidoscope_cookery:pot/fried_caterpillar","1","#kaleidoscope_cookery:caterpillars","","原料"
"kaleidoscope_cookery:pot/fried_caterpillar","2","#kaleidoscope_cookery:caterpillars","","原料"
"kaleidoscope_cookery:pot/fried_caterpillar","3","#kaleidoscope_cookery:caterpillars","","原料"
"kaleidoscope_cookery:pot/fried_caterpillar","4","碗 <minecraft:bowl>","","容器/载体"
"kaleidoscope_cookery:millstone/string_from_gray_wool","1","灰色羊毛 <minecraft:gray_wool>","","原料"
"farmersdelight:pink_hanging_canvas_sign","1","#farmersdelight:hanging_canvas_signs","","原料"
"farmersdelight:pink_hanging_canvas_sign","2","#c:dyes/pink","","原料"
"kaleidoscope_cookery:stockpot/warped_fungus_pot_soup","1","诡异菌 <minecraft:warped_fungus>","","原料"
"kaleidoscope_cookery:stockpot/warped_fungus_pot_soup","2","诡异菌 <minecraft:warped_fungus>","","原料"
"kaleidoscope_cookery:stockpot/warped_fungus_pot_soup","3","诡异菌 <minecraft:warped_fungus>","","原料"
"kaleidoscope_cookery:stockpot/warped_fungus_pot_soup","4","诡异菌 <minecraft:warped_fungus>","","原料"
"kaleidoscope_cookery:stockpot/warped_fungus_pot_soup","5","诡异菌 <minecraft:warped_fungus>","","原料"
"kaleidoscope_cookery:stockpot/warped_fungus_pot_soup","6","诡异菌 <minecraft:warped_fungus>","","原料"
"kaleidoscope_cookery:stockpot/warped_fungus_pot_soup","7","花盆 <minecraft:flower_pot>","","容器/载体"
"farmersdelight:yellow_canvas_sign","1","#farmersdelight:canvas_signs","","原料"
"farmersdelight:yellow_canvas_sign","2","#c:dyes/yellow","","原料"
"farmersdelight:salvaging/leather_horse_armor","1","皮革马铠 <minecraft:leather_horse_armor>","","原料"
"farmersdelight:salvaging/leather_horse_armor","2","{""type"":""farmersdelight:item_ability"",""action"":""shears_dig""}","","工具"
"farmersdelight:salvaging/leather_horse_armor","3","#c:tools/shear","","工具"
"spawn:cut_blasted_sandstone_from_blasted_sandstone_stonecutting","1","荒砂岩 <spawn:blasted_sandstone>","","原料"
"farmersdelight:salvaging/chest_minecart","1","运输矿车 <minecraft:chest_minecart>","","原料"
"farmersdelight:salvaging/chest_minecart","2","{""type"":""farmersdelight:item_ability"",""action"":""hoe_dig""}","","工具"
"farmersdelight:salvaging/chest_minecart","3","#minecraft:hoes","","工具"
"farmersdelight:lime_canvas_sign","1","#farmersdelight:canvas_signs","","原料"
"farmersdelight:lime_canvas_sign","2","#c:dyes/lime","","原料"
"kaleidoscope_cookery:pot/dongpo_pork","1","竹子 <minecraft:bamboo>","","原料"
"kaleidoscope_cookery:pot/dongpo_pork","2","竹子 <minecraft:bamboo>","","原料"
"kaleidoscope_cookery:pot/dongpo_pork","3","#c:foods/raw_pork","","原料"
"kaleidoscope_cookery:pot/dongpo_pork","4","#c:foods/raw_pork","","原料"
"kaleidoscope_cookery:pot/dongpo_pork","5","#c:foods/raw_pork","","原料"
"kaleidoscope_cookery:pot/dongpo_pork","6","#c:foods/raw_pork","","原料"
"kaleidoscope_cookery:pot/dongpo_pork","7","#c:foods/raw_pork","","原料"
"kaleidoscope_cookery:pot/dongpo_pork","8","#c:foods/raw_pork","","原料"
"kaleidoscope_cookery:pot/dongpo_pork","9","碗 <minecraft:bowl>","","容器/载体"
"kaleidoscope_cookery:pot/raw_cut_small_meats_to_cooked_cut_small_meats_9","1","生切制小肉 <kaleidoscope_cookery:raw_cut_small_meats>","","原料"
"kaleidoscope_cookery:pot/raw_cut_small_meats_to_cooked_cut_small_meats_9","2","生切制小肉 <kaleidoscope_cookery:raw_cut_small_meats>","","原料"
"kaleidoscope_cookery:pot/raw_cut_small_meats_to_cooked_cut_small_meats_9","3","生切制小肉 <kaleidoscope_cookery:raw_cut_small_meats>","","原料"
"kaleidoscope_cookery:pot/raw_cut_small_meats_to_cooked_cut_small_meats_9","4","生切制小肉 <kaleidoscope_cookery:raw_cut_small_meats>","","原料"
"kaleidoscope_cookery:pot/raw_cut_small_meats_to_cooked_cut_small_meats_9","5","生切制小肉 <kaleidoscope_cookery:raw_cut_small_meats>","","原料"
"kaleidoscope_cookery:pot/raw_cut_small_meats_to_cooked_cut_small_meats_9","6","生切制小肉 <kaleidoscope_cookery:raw_cut_small_meats>","","原料"
"kaleidoscope_cookery:pot/raw_cut_small_meats_to_cooked_cut_small_meats_9","7","生切制小肉 <kaleidoscope_cookery:raw_cut_small_meats>","","原料"
"kaleidoscope_cookery:pot/raw_cut_small_meats_to_cooked_cut_small_meats_9","8","生切制小肉 <kaleidoscope_cookery:raw_cut_small_meats>","","原料"
"kaleidoscope_cookery:pot/raw_cut_small_meats_to_cooked_cut_small_meats_9","9","生切制小肉 <kaleidoscope_cookery:raw_cut_small_meats>","","原料"
"kaleidoscope_cookery:pot/raw_cut_small_meats_to_cooked_cut_small_meats_6","1","生切制小肉 <kaleidoscope_cookery:raw_cut_small_meats>","","原料"
"kaleidoscope_cookery:pot/raw_cut_small_meats_to_cooked_cut_small_meats_6","2","生切制小肉 <kaleidoscope_cookery:raw_cut_small_meats>","","原料"
"kaleidoscope_cookery:pot/raw_cut_small_meats_to_cooked_cut_small_meats_6","3","生切制小肉 <kaleidoscope_cookery:raw_cut_small_meats>","","原料"
"kaleidoscope_cookery:pot/raw_cut_small_meats_to_cooked_cut_small_meats_6","4","生切制小肉 <kaleidoscope_cookery:raw_cut_small_meats>","","原料"
"kaleidoscope_cookery:pot/raw_cut_small_meats_to_cooked_cut_small_meats_6","5","生切制小肉 <kaleidoscope_cookery:raw_cut_small_meats>","","原料"
"kaleidoscope_cookery:pot/raw_cut_small_meats_to_cooked_cut_small_meats_6","6","生切制小肉 <kaleidoscope_cookery:raw_cut_small_meats>","","原料"
"kaleidoscope_cookery:pot/raw_cut_small_meats_to_cooked_cut_small_meats_5","1","生切制小肉 <kaleidoscope_cookery:raw_cut_small_meats>","","原料"
"kaleidoscope_cookery:pot/raw_cut_small_meats_to_cooked_cut_small_meats_5","2","生切制小肉 <kaleidoscope_cookery:raw_cut_small_meats>","","原料"
"kaleidoscope_cookery:pot/raw_cut_small_meats_to_cooked_cut_small_meats_5","3","生切制小肉 <kaleidoscope_cookery:raw_cut_small_meats>","","原料"
"kaleidoscope_cookery:pot/raw_cut_small_meats_to_cooked_cut_small_meats_5","4","生切制小肉 <kaleidoscope_cookery:raw_cut_small_meats>","","原料"
"kaleidoscope_cookery:pot/raw_cut_small_meats_to_cooked_cut_small_meats_5","5","生切制小肉 <kaleidoscope_cookery:raw_cut_small_meats>","","原料"
"kaleidoscope_cookery:pot/raw_cut_small_meats_to_cooked_cut_small_meats_8","1","生切制小肉 <kaleidoscope_cookery:raw_cut_small_meats>","","原料"
"kaleidoscope_cookery:pot/raw_cut_small_meats_to_cooked_cut_small_meats_8","2","生切制小肉 <kaleidoscope_cookery:raw_cut_small_meats>","","原料"
"kaleidoscope_cookery:pot/raw_cut_small_meats_to_cooked_cut_small_meats_8","3","生切制小肉 <kaleidoscope_cookery:raw_cut_small_meats>","","原料"
"kaleidoscope_cookery:pot/raw_cut_small_meats_to_cooked_cut_small_meats_8","4","生切制小肉 <kaleidoscope_cookery:raw_cut_small_meats>","","原料"
"kaleidoscope_cookery:pot/raw_cut_small_meats_to_cooked_cut_small_meats_8","5","生切制小肉 <kaleidoscope_cookery:raw_cut_small_meats>","","原料"
"kaleidoscope_cookery:pot/raw_cut_small_meats_to_cooked_cut_small_meats_8","6","生切制小肉 <kaleidoscope_cookery:raw_cut_small_meats>","","原料"
"kaleidoscope_cookery:pot/raw_cut_small_meats_to_cooked_cut_small_meats_8","7","生切制小肉 <kaleidoscope_cookery:raw_cut_small_meats>","","原料"
"kaleidoscope_cookery:pot/raw_cut_small_meats_to_cooked_cut_small_meats_8","8","生切制小肉 <kaleidoscope_cookery:raw_cut_small_meats>","","原料"
"kaleidoscope_cookery:pot/raw_cut_small_meats_to_cooked_cut_small_meats_7","1","生切制小肉 <kaleidoscope_cookery:raw_cut_small_meats>","","原料"
"kaleidoscope_cookery:pot/raw_cut_small_meats_to_cooked_cut_small_meats_7","2","生切制小肉 <kaleidoscope_cookery:raw_cut_small_meats>","","原料"
"kaleidoscope_cookery:pot/raw_cut_small_meats_to_cooked_cut_small_meats_7","3","生切制小肉 <kaleidoscope_cookery:raw_cut_small_meats>","","原料"
"kaleidoscope_cookery:pot/raw_cut_small_meats_to_cooked_cut_small_meats_7","4","生切制小肉 <kaleidoscope_cookery:raw_cut_small_meats>","","原料"
"kaleidoscope_cookery:pot/raw_cut_small_meats_to_cooked_cut_small_meats_7","5","生切制小肉 <kaleidoscope_cookery:raw_cut_small_meats>","","原料"
"kaleidoscope_cookery:pot/raw_cut_small_meats_to_cooked_cut_small_meats_7","6","生切制小肉 <kaleidoscope_cookery:raw_cut_small_meats>","","原料"
"kaleidoscope_cookery:pot/raw_cut_small_meats_to_cooked_cut_small_meats_7","7","生切制小肉 <kaleidoscope_cookery:raw_cut_small_meats>","","原料"
"kaleidoscope_cookery:pot/raw_cut_small_meats_to_cooked_cut_small_meats_2","1","生切制小肉 <kaleidoscope_cookery:raw_cut_small_meats>","","原料"
"kaleidoscope_cookery:pot/raw_cut_small_meats_to_cooked_cut_small_meats_2","2","生切制小肉 <kaleidoscope_cookery:raw_cut_small_meats>","","原料"
"kaleidoscope_cookery:pot/raw_cut_small_meats_to_cooked_cut_small_meats_1","1","生切制小肉 <kaleidoscope_cookery:raw_cut_small_meats>","","原料"
"kaleidoscope_cookery:pot/raw_cut_small_meats_to_cooked_cut_small_meats_4","1","生切制小肉 <kaleidoscope_cookery:raw_cut_small_meats>","","原料"
"kaleidoscope_cookery:pot/raw_cut_small_meats_to_cooked_cut_small_meats_4","2","生切制小肉 <kaleidoscope_cookery:raw_cut_small_meats>","","原料"
"kaleidoscope_cookery:pot/raw_cut_small_meats_to_cooked_cut_small_meats_4","3","生切制小肉 <kaleidoscope_cookery:raw_cut_small_meats>","","原料"
"kaleidoscope_cookery:pot/raw_cut_small_meats_to_cooked_cut_small_meats_4","4","生切制小肉 <kaleidoscope_cookery:raw_cut_small_meats>","","原料"
"kaleidoscope_cookery:pot/raw_cut_small_meats_to_cooked_cut_small_meats_3","1","生切制小肉 <kaleidoscope_cookery:raw_cut_small_meats>","","原料"
"kaleidoscope_cookery:pot/raw_cut_small_meats_to_cooked_cut_small_meats_3","2","生切制小肉 <kaleidoscope_cookery:raw_cut_small_meats>","","原料"
"kaleidoscope_cookery:pot/raw_cut_small_meats_to_cooked_cut_small_meats_3","3","生切制小肉 <kaleidoscope_cookery:raw_cut_small_meats>","","原料"
"farmersdelight:pumpkin_seeds_from_slice","1","南瓜片 <farmersdelight:pumpkin_slice>","","原料"
"kaleidoscope_cookery:stockpot/hui_noodle","1","#c:foods/raw_mutton","","原料"
"kaleidoscope_cookery:stockpot/hui_noodle","2","#c:foods/raw_mutton","","原料"
"kaleidoscope_cookery:stockpot/hui_noodle","3","#c:foods/raw_mutton","","原料"
"kaleidoscope_cookery:stockpot/hui_noodle","4","#c:foods/raw_mutton","","原料"
"kaleidoscope_cookery:stockpot/hui_noodle","5","生面条 <kaleidoscope_cookery:raw_noodles>","","原料"
"kaleidoscope_cookery:stockpot/hui_noodle","6","生面条 <kaleidoscope_cookery:raw_noodles>","","原料"
"kaleidoscope_cookery:stockpot/hui_noodle","7","生面条 <kaleidoscope_cookery:raw_noodles>","","原料"
"ordertocook:chef_coin_20_from_5","1","5 oTc币 <ordertocook:chef_coin_5>","","原料"
"ordertocook:chef_coin_20_from_5","2","5 oTc币 <ordertocook:chef_coin_5>","","原料"
"ordertocook:chef_coin_20_from_5","3","5 oTc币 <ordertocook:chef_coin_5>","","原料"
"ordertocook:chef_coin_20_from_5","4","5 oTc币 <ordertocook:chef_coin_5>","","原料"
"kaleidoscope_cookery:flex_pot/braised_beef","1","#c:foods/raw_beef","","原料"
"kaleidoscope_cookery:flex_pot/braised_beef","2","#c:crops/chilipepper","","原料"
"kaleidoscope_cookery:flex_pot/braised_beef","3","碗 <minecraft:bowl>","","容器/载体"
"spawn:cooked_bluefish_slice","1","扁鲹片 <spawn:bluefish_slice>","","原料"
"kaleidoscope_cookery:millstone/yellow_dye_from_sunflower","1","向日葵 <minecraft:sunflower>","","原料"
"kaleidoscope_cookery:chopping_board/raw_pork_belly","1","生猪排 <minecraft:porkchop>","","原料"
"kaleidoscope_cookery:stockpot/dough_drop_soup","1","#c:crops/lettuce","","原料"
"kaleidoscope_cookery:stockpot/dough_drop_soup","2","#c:crops/lettuce","","原料"
"kaleidoscope_cookery:stockpot/dough_drop_soup","3","#c:crops/lettuce","","原料"
"kaleidoscope_cookery:stockpot/dough_drop_soup","4","#c:crops/lettuce","","原料"
"kaleidoscope_cookery:stockpot/dough_drop_soup","5","#c:flour","","原料"
"kaleidoscope_cookery:stockpot/dough_drop_soup","6","#c:flour","","原料"
"farmersdelight:cabbage","1","箱装卷心菜 <farmersdelight:cabbage_crate>","","原料"
"spawn:red_algae_from_red_algae_block","1","红藻块 <spawn:red_algae_block>","","原料"
"farmersdelight:cutting/blue_orchid","1","兰花 <minecraft:blue_orchid>","","原料"
"farmersdelight:cutting/blue_orchid","2","{""type"":""farmersdelight:item_ability"",""action"":""knife_dig""}","","工具"
"farmersdelight:cutting/blue_orchid","3","#c:tools/knife","","工具"
"farmersdelight:chicken_sandwich","1","#c:foods/bread","","原料"
"farmersdelight:chicken_sandwich","2","#c:foods/cooked_chicken","","原料"
"farmersdelight:chicken_sandwich","3","#c:foods/leafy_green","","原料"
"farmersdelight:chicken_sandwich","4","#c:crops/carrot","","原料"
"kaleidoscope_cookery:flex_pot/sweet_and_sour_pork","1","#c:foods/raw_pork","","原料"
"kaleidoscope_cookery:flex_pot/sweet_and_sour_pork","2","糖 <minecraft:sugar>","","原料"
"kaleidoscope_cookery:flex_pot/sweet_and_sour_pork","3","碗 <minecraft:bowl>","","容器/载体"
"farmersdelight:cooked_salmon_slice","1","生鲑鱼片 <farmersdelight:salmon_slice>","","原料"
"spawn:cutting/date_log","1","椰枣原木 <spawn:date_log>","","原料"
"spawn:cutting/date_log","2","{""type"":""farmersdelight:item_ability"",""action"":""axe_strip""}","","工具"
"kaleidoscope_cookery:pot/stargazy_pie","1","南瓜派 <minecraft:pumpkin_pie>","","原料"
"kaleidoscope_cookery:pot/stargazy_pie","2","#c:raw_fishes","","原料"
"kaleidoscope_cookery:pot/stargazy_pie","3","#c:raw_fishes","","原料"
"kaleidoscope_cookery:pot/stargazy_pie","4","#c:raw_fishes","","原料"
"kaleidoscope_cookery:pot/stargazy_pie","5","#c:raw_fishes","","原料"
"kaleidoscope_cookery:pot/stargazy_pie","6","#c:raw_fishes","","原料"
"kaleidoscope_cookery:pot/stargazy_pie","7","碗 <minecraft:bowl>","","容器/载体"
"farmersdelight:brown_canvas_sign","1","#farmersdelight:canvas_signs","","原料"
"farmersdelight:brown_canvas_sign","2","#c:dyes/brown","","原料"
"kaleidoscope_cookery:chopping_board/cooked_cow_offal","1","牛排 <minecraft:cooked_beef>","","原料"
"farmersdelight:cutting/wild_rice","1","野生稻米 <farmersdelight:wild_rice>","","原料"
"farmersdelight:cutting/wild_rice","2","{""type"":""farmersdelight:item_ability"",""action"":""knife_dig""}","","工具"
"farmersdelight:cutting/wild_rice","3","#c:tools/knife","","工具"
"kaleidoscope_cookery:millstone/white_dye_from_white_tulip","1","白色郁金香 <minecraft:white_tulip>","","原料"
"kaleidoscope_cookery:millstone/smooth_sandstone_from_sand","1","#c:sands/colorless","","原料"
"spawn:cut_blasted_sandstone_slab_from_cut_blasted_sandstone_stonecutting","1","切制荒砂岩 <spawn:cut_blasted_sandstone>","","原料"
"kaleidoscope_cookery:millstone/coal_from_deepslate_coal_ore","1","深层煤矿石 <minecraft:deepslate_coal_ore>","","原料"
"farmersdelight:chopping_board/add/cabbage_leaf","1","卷心菜 <farmersdelight:cabbage>","","原料"
"spawn:reefstone_tiles_stonecutting","1","礁石 <spawn:reefstone>","","原料"
"farmersdelight:cutting/rice_panicle","1","稻米穗 <farmersdelight:rice_panicle>","","原料"
"farmersdelight:cutting/rice_panicle","2","{""type"":""farmersdelight:item_ability"",""action"":""knife_dig""}","","工具"
"farmersdelight:cutting/rice_panicle","3","#c:tools/knife","","工具"
"kaleidoscope_cookery:flex_stockpot/seafood_miso_soup_tropical_entity","1","#c:crops/lettuce","","原料"
"kaleidoscope_cookery:millstone/raw_copper_from_copper_ore","1","铜矿石 <minecraft:copper_ore>","","原料"
"farmersdelight:cutting/pumpkin","1","南瓜 <minecraft:pumpkin>","","原料"
"farmersdelight:cutting/pumpkin","2","{""type"":""farmersdelight:item_ability"",""action"":""knife_dig""}","","工具"
"farmersdelight:cutting/pumpkin","3","#c:tools/knife","","工具"
"spawn:salvaging/rotten_furniture","1","{""type"":""neoforge:compound"",""children"":[{""item"":""spawn:rotten_door""},{""item"":""spawn:rotten_trapdoor""},{""item"":""spawn:rotten_sign""},{""item"":""spawn:rotten_hanging_sign""},{""item"":""spawn:rotten_fence""},{""item"":""spawn:rotten_fence_gate""},{""item"":""spawn:rotten_pressure_plate""},{""item"":""spawn:rotten_button""},{""item"":""spawn:rotten_boat""}]}","","原料"
"spawn:salvaging/rotten_furniture","2","{""type"":""farmersdelight:item_ability"",""action"":""axe_dig""}","","工具"
"spawn:salvaging/rotten_furniture","3","#minecraft:axes","","工具"
"kaleidoscope_cookery:pot/beef_to_cooked_beef_1","1","生牛肉 <minecraft:beef>","","原料"
"farmersdelight:salvaging/saddle","1","鞍 <minecraft:saddle>","","原料"
"farmersdelight:salvaging/saddle","2","{""type"":""farmersdelight:item_ability"",""action"":""shears_dig""}","","工具"
"farmersdelight:salvaging/saddle","3","#c:tools/shear","","工具"
"kaleidoscope_cookery:pot/beef_to_cooked_beef_7","1","生牛肉 <minecraft:beef>","","原料"
"kaleidoscope_cookery:pot/beef_to_cooked_beef_7","2","生牛肉 <minecraft:beef>","","原料"
"kaleidoscope_cookery:pot/beef_to_cooked_beef_7","3","生牛肉 <minecraft:beef>","","原料"
"kaleidoscope_cookery:pot/beef_to_cooked_beef_7","4","生牛肉 <minecraft:beef>","","原料"
"kaleidoscope_cookery:pot/beef_to_cooked_beef_7","5","生牛肉 <minecraft:beef>","","原料"
"kaleidoscope_cookery:pot/beef_to_cooked_beef_7","6","生牛肉 <minecraft:beef>","","原料"
"kaleidoscope_cookery:pot/beef_to_cooked_beef_7","7","生牛肉 <minecraft:beef>","","原料"
"kaleidoscope_cookery:pot/beef_to_cooked_beef_6","1","生牛肉 <minecraft:beef>","","原料"
"kaleidoscope_cookery:pot/beef_to_cooked_beef_6","2","生牛肉 <minecraft:beef>","","原料"
"kaleidoscope_cookery:pot/beef_to_cooked_beef_6","3","生牛肉 <minecraft:beef>","","原料"
"kaleidoscope_cookery:pot/beef_to_cooked_beef_6","4","生牛肉 <minecraft:beef>","","原料"
"kaleidoscope_cookery:pot/beef_to_cooked_beef_6","5","生牛肉 <minecraft:beef>","","原料"
"kaleidoscope_cookery:pot/beef_to_cooked_beef_6","6","生牛肉 <minecraft:beef>","","原料"
"kaleidoscope_cookery:pot/beef_to_cooked_beef_9","1","生牛肉 <minecraft:beef>","","原料"
"kaleidoscope_cookery:pot/beef_to_cooked_beef_9","2","生牛肉 <minecraft:beef>","","原料"
"kaleidoscope_cookery:pot/beef_to_cooked_beef_9","3","生牛肉 <minecraft:beef>","","原料"
"kaleidoscope_cookery:pot/beef_to_cooked_beef_9","4","生牛肉 <minecraft:beef>","","原料"
"kaleidoscope_cookery:pot/beef_to_cooked_beef_9","5","生牛肉 <minecraft:beef>","","原料"
"kaleidoscope_cookery:pot/beef_to_cooked_beef_9","6","生牛肉 <minecraft:beef>","","原料"
"kaleidoscope_cookery:pot/beef_to_cooked_beef_9","7","生牛肉 <minecraft:beef>","","原料"
"kaleidoscope_cookery:pot/beef_to_cooked_beef_9","8","生牛肉 <minecraft:beef>","","原料"
"kaleidoscope_cookery:pot/beef_to_cooked_beef_9","9","生牛肉 <minecraft:beef>","","原料"
"kaleidoscope_cookery:pot/beef_to_cooked_beef_8","1","生牛肉 <minecraft:beef>","","原料"
"kaleidoscope_cookery:pot/beef_to_cooked_beef_8","2","生牛肉 <minecraft:beef>","","原料"
"kaleidoscope_cookery:pot/beef_to_cooked_beef_8","3","生牛肉 <minecraft:beef>","","原料"
"kaleidoscope_cookery:pot/beef_to_cooked_beef_8","4","生牛肉 <minecraft:beef>","","原料"
"kaleidoscope_cookery:pot/beef_to_cooked_beef_8","5","生牛肉 <minecraft:beef>","","原料"
"kaleidoscope_cookery:pot/beef_to_cooked_beef_8","6","生牛肉 <minecraft:beef>","","原料"
"kaleidoscope_cookery:pot/beef_to_cooked_beef_8","7","生牛肉 <minecraft:beef>","","原料"
"kaleidoscope_cookery:pot/beef_to_cooked_beef_8","8","生牛肉 <minecraft:beef>","","原料"
"kaleidoscope_cookery:pot/beef_to_cooked_beef_3","1","生牛肉 <minecraft:beef>","","原料"
"kaleidoscope_cookery:pot/beef_to_cooked_beef_3","2","生牛肉 <minecraft:beef>","","原料"
"kaleidoscope_cookery:pot/beef_to_cooked_beef_3","3","生牛肉 <minecraft:beef>","","原料"
"kaleidoscope_cookery:pot/beef_to_cooked_beef_2","1","生牛肉 <minecraft:beef>","","原料"
"kaleidoscope_cookery:pot/beef_to_cooked_beef_2","2","生牛肉 <minecraft:beef>","","原料"
"kaleidoscope_cookery:pot/beef_to_cooked_beef_5","1","生牛肉 <minecraft:beef>","","原料"
"kaleidoscope_cookery:pot/beef_to_cooked_beef_5","2","生牛肉 <minecraft:beef>","","原料"
"kaleidoscope_cookery:pot/beef_to_cooked_beef_5","3","生牛肉 <minecraft:beef>","","原料"
"kaleidoscope_cookery:pot/beef_to_cooked_beef_5","4","生牛肉 <minecraft:beef>","","原料"
"kaleidoscope_cookery:pot/beef_to_cooked_beef_5","5","生牛肉 <minecraft:beef>","","原料"
"kaleidoscope_cookery:pot/beef_to_cooked_beef_4","1","生牛肉 <minecraft:beef>","","原料"
"kaleidoscope_cookery:pot/beef_to_cooked_beef_4","2","生牛肉 <minecraft:beef>","","原料"
"kaleidoscope_cookery:pot/beef_to_cooked_beef_4","3","生牛肉 <minecraft:beef>","","原料"
"kaleidoscope_cookery:pot/beef_to_cooked_beef_4","4","生牛肉 <minecraft:beef>","","原料"
"farmersdelight:integration/create/mixing/pie_crust_from_mixing","1","小麦面粉 <create:wheat_flour>","","原料"
"farmersdelight:integration/create/mixing/pie_crust_from_mixing","2","小麦面粉 <create:wheat_flour>","","原料"
"farmersdelight:integration/create/mixing/pie_crust_from_mixing","3","小麦面粉 <create:wheat_flour>","","原料"
"farmersdelight:integration/create/mixing/pie_crust_from_mixing","4","#c:milk","","原料"
"farmersdelight:rice","1","稻米穗 <farmersdelight:rice_panicle>","","原料"
"kaleidoscope_cookery:millstone/redstone_from_deepslate_redstone_ore","1","深层红石矿石 <minecraft:deepslate_redstone_ore>","","原料"
"farmersdelight:cutting/cooked_mutton","1","熟羊肉 <minecraft:cooked_mutton>","","原料"
"farmersdelight:cutting/cooked_mutton","2","{""type"":""farmersdelight:item_ability"",""action"":""knife_dig""}","","工具"
"farmersdelight:cutting/cooked_mutton","3","#c:tools/knife","","工具"
"kaleidoscope_cookery:teapot/tieguanyin","1","铁粒 <minecraft:iron_nugget>","","原料"
"kaleidoscope_cookery:millstone/string_from_white_wool","1","白色羊毛 <minecraft:white_wool>","","原料"
"ordertocook:chef_coin_5_from_20","1","20 oTc币 <ordertocook:chef_coin_20>","","原料"
"kaleidoscope_cookery:raw_bamboo_tube_rice","1","竹子 <minecraft:bamboo>","","原料"
"kaleidoscope_cookery:raw_bamboo_tube_rice","2","#c:grain/rice","","原料"
"kaleidoscope_cookery:raw_bamboo_tube_rice","3","#c:raw_meats","","原料"
"spawn:rotten_chest_boat","1","箱子 <minecraft:chest>","","原料"
"spawn:rotten_chest_boat","2","腐木船 <spawn:rotten_boat>","","原料"
"kaleidoscope_cookery:stockpot/buddha_jumps_over_the_wall","1","#c:eggs","","原料"
"kaleidoscope_cookery:stockpot/buddha_jumps_over_the_wall","2","#c:eggs","","原料"
"kaleidoscope_cookery:stockpot/buddha_jumps_over_the_wall","3","幻翼膜 <minecraft:phantom_membrane>","","原料"
"kaleidoscope_cookery:stockpot/buddha_jumps_over_the_wall","4","幻翼膜 <minecraft:phantom_membrane>","","原料"
"kaleidoscope_cookery:stockpot/buddha_jumps_over_the_wall","5","#c:crops/lettuce","","原料"
"kaleidoscope_cookery:stockpot/buddha_jumps_over_the_wall","6","#c:crops/lettuce","","原料"
"kaleidoscope_cookery:stockpot/buddha_jumps_over_the_wall","7","#c:crops/lettuce","","原料"
"kaleidoscope_cookery:stockpot/buddha_jumps_over_the_wall","8","#c:crops/lettuce","","原料"
"kaleidoscope_cookery:stockpot/buddha_jumps_over_the_wall","9","花盆 <minecraft:flower_pot>","","容器/载体"
"kaleidoscope_cookery:flex_stockpot/numbing_spicy_chicken","1","#c:crops/chilipepper","","原料"
"kaleidoscope_cookery:flex_stockpot/numbing_spicy_chicken","2","#c:foods/raw_chicken","","原料"
"ordertocook:chef_coin_5_from_1","1","1 oTc币 <ordertocook:chef_coin_1>","","原料"
"ordertocook:chef_coin_5_from_1","2","1 oTc币 <ordertocook:chef_coin_1>","","原料"
"ordertocook:chef_coin_5_from_1","3","1 oTc币 <ordertocook:chef_coin_1>","","原料"
"ordertocook:chef_coin_5_from_1","4","1 oTc币 <ordertocook:chef_coin_1>","","原料"
"ordertocook:chef_coin_5_from_1","5","1 oTc币 <ordertocook:chef_coin_1>","","原料"
"kaleidoscope_cookery:stuffed_dough_food","1","#c:raw_meats","","原料"
"kaleidoscope_cookery:stuffed_dough_food","2","#c:vegetables","","原料"
"kaleidoscope_cookery:stuffed_dough_food","3","#c:dough","","原料"
"kaleidoscope_cookery:golden_salad","1","金苹果 <minecraft:golden_apple>","","原料"
"kaleidoscope_cookery:golden_salad","2","金苹果 <minecraft:golden_apple>","","原料"
"kaleidoscope_cookery:golden_salad","3","金胡萝卜 <minecraft:golden_carrot>","","原料"
"kaleidoscope_cookery:golden_salad","4","金胡萝卜 <minecraft:golden_carrot>","","原料"
"kaleidoscope_cookery:golden_salad","5","闪烁的西瓜片 <minecraft:glistering_melon_slice>","","原料"
"kaleidoscope_cookery:golden_salad","6","闪烁的西瓜片 <minecraft:glistering_melon_slice>","","原料"
"kaleidoscope_cookery:golden_salad","7","碗 <minecraft:bowl>","","原料"
"kaleidoscope_cookery:flex_stockpot/udon_noodle","1","#c:crops/lettuce","","原料"
"kaleidoscope_cookery:flex_stockpot/udon_noodle","2","#c:eggs","","原料"
"kaleidoscope_cookery:flex_stockpot/udon_noodle","3","生面条 <kaleidoscope_cookery:raw_noodles>","","原料"
"spawn:snail_shell_tile_stairs_stonecutting","1","蜗牛壳瓦 <spawn:snail_shell_tiles>","","原料"
"kaleidoscope_cookery:millstone/string_from_brown_wool","1","棕色羊毛 <minecraft:brown_wool>","","原料"
"kaleidoscope_cookery:millstone/orange_dye_from_orange_tulip","1","橙色郁金香 <minecraft:orange_tulip>","","原料"
"farmersdelight:cutting/white_tulip","1","白色郁金香 <minecraft:white_tulip>","","原料"
"farmersdelight:cutting/white_tulip","2","{""type"":""farmersdelight:item_ability"",""action"":""knife_dig""}","","工具"
"farmersdelight:cutting/white_tulip","3","#c:tools/knife","","工具"
"kaleidoscope_cookery:flex_stockpot/spicy_blood_stew","1","#c:foods/raw_pork","","原料"
"kaleidoscope_cookery:flex_stockpot/spicy_blood_stew","2","#c:crops/chilipepper","","原料"
"kaleidoscope_cookery:flex_stockpot/spicy_blood_stew","3","烈焰粉 <minecraft:blaze_powder>","","原料"
"kaleidoscope_cookery:stockpot/seafood_miso_soup","1","#c:raw_fishes","","原料"
"kaleidoscope_cookery:stockpot/seafood_miso_soup","2","#c:raw_fishes","","原料"
"kaleidoscope_cookery:stockpot/seafood_miso_soup","3","#c:crops/lettuce","","原料"
"kaleidoscope_cookery:stockpot/seafood_miso_soup","4","#c:crops/lettuce","","原料"
"kaleidoscope_cookery:stockpot/seafood_miso_soup","5","#c:crops/lettuce","","原料"
"kaleidoscope_cookery:berry_platter","1","甜浆果 <minecraft:sweet_berries>","","原料"
"kaleidoscope_cookery:berry_platter","2","甜浆果 <minecraft:sweet_berries>","","原料"
"kaleidoscope_cookery:berry_platter","3","甜浆果 <minecraft:sweet_berries>","","原料"
"kaleidoscope_cookery:berry_platter","4","甜浆果 <minecraft:sweet_berries>","","原料"
"kaleidoscope_cookery:berry_platter","5","发光浆果 <minecraft:glow_berries>","","原料"
"kaleidoscope_cookery:berry_platter","6","发光浆果 <minecraft:glow_berries>","","原料"
"kaleidoscope_cookery:berry_platter","7","发光浆果 <minecraft:glow_berries>","","原料"
"kaleidoscope_cookery:berry_platter","8","发光浆果 <minecraft:glow_berries>","","原料"
"kaleidoscope_cookery:berry_platter","9","碗 <minecraft:bowl>","","原料"
"farmersdelight:cod_roll","1","生鳕鱼片 <farmersdelight:cod_slice>","","原料"
"farmersdelight:cod_roll","2","生鳕鱼片 <farmersdelight:cod_slice>","","原料"
"farmersdelight:cod_roll","3","米饭 <farmersdelight:cooked_rice>","","原料"
"spawn:cooked_clam_from_campfire_cooking","1","蚌 <spawn:clam>","","原料"
"kaleidoscope_cookery:flex_pot/crystal_lamb_chop","1","紫水晶碎片 <minecraft:amethyst_shard>","","原料"
"kaleidoscope_cookery:flex_pot/crystal_lamb_chop","2","#c:foods/raw_mutton","","原料"
"kaleidoscope_cookery:flex_pot/crystal_lamb_chop","3","碗 <minecraft:bowl>","","容器/载体"
"spawn:snail_shell_tile_slab_stonecutting","1","蜗牛壳瓦 <spawn:snail_shell_tiles>","","原料"
"farmersdelight:full_tatami_mat_from_halves","1","短榻榻米垫 <farmersdelight:half_tatami_mat>","","原料"
"farmersdelight:full_tatami_mat_from_halves","2","短榻榻米垫 <farmersdelight:half_tatami_mat>","","原料"
"farmersdelight:beef_patty","1","牛肉馅 <farmersdelight:minced_beef>","","原料"
"kaleidoscope_cookery:stockpot/lamb_and_radish_soup","1","胡萝卜 <minecraft:carrot>","","原料"
"kaleidoscope_cookery:stockpot/lamb_and_radish_soup","2","胡萝卜 <minecraft:carrot>","","原料"
"kaleidoscope_cookery:stockpot/lamb_and_radish_soup","3","胡萝卜 <minecraft:carrot>","","原料"
"kaleidoscope_cookery:stockpot/lamb_and_radish_soup","4","#c:foods/raw_mutton","","原料"
"kaleidoscope_cookery:stockpot/lamb_and_radish_soup","5","#c:foods/raw_mutton","","原料"
"spawn:heliostone_stairs_stonecutting","1","日光石 <spawn:heliostone>","","原料"
"farmersdelight:salvaging/oak_chest_boat","1","橡木运输船 <minecraft:oak_chest_boat>","","原料"
"farmersdelight:salvaging/oak_chest_boat","2","{""type"":""farmersdelight:item_ability"",""action"":""hoe_dig""}","","工具"
"farmersdelight:salvaging/oak_chest_boat","3","#minecraft:hoes","","工具"
"farmersdelight:tomato","1","箱装番茄 <farmersdelight:tomato_crate>","","原料"
"kaleidoscope_cookery:millstone/green_dye_from_large_fern","1","大型蕨 <minecraft:large_fern>","","原料"
"farmersdelight:hamburger","1","#c:foods/bread","","原料"
"farmersdelight:hamburger","2","牛肉饼 <farmersdelight:beef_patty>","","原料"
"farmersdelight:hamburger","3","#c:foods/leafy_green","","原料"
"farmersdelight:hamburger","4","#c:crops/tomato","","原料"
"farmersdelight:hamburger","5","#c:crops/onion","","原料"
"farmersdelight:cooking/vegetable_soup","1","#c:crops/carrot","","原料"
"farmersdelight:cooking/vegetable_soup","2","#c:crops/potato","","原料"
"farmersdelight:cooking/vegetable_soup","3","#c:crops/beetroot","","原料"
"farmersdelight:cooking/vegetable_soup","4","#c:foods/leafy_green","","原料"
"kaleidoscope_cookery:flex_stockpot/wild_mushroom_rabbit_soup","1","生兔肉 <minecraft:rabbit>","","原料"
"kaleidoscope_cookery:flex_stockpot/wild_mushroom_rabbit_soup","2","#c:mushrooms","","原料"
"kaleidoscope_cookery:millstone/red_dye_from_red_tulip","1","红色郁金香 <minecraft:red_tulip>","","原料"
"kaleidoscope_cookery:flex_stockpot/seafood_miso_soup_salmon_entity","1","#c:crops/lettuce","","原料"
"kaleidoscope_cookery:pot/porkchop_to_cooked_porkchop_1","1","生猪排 <minecraft:porkchop>","","原料"
"farmersdelight:pot/add/cooked_chicken_cuts","1","生鸡肉丁 <farmersdelight:chicken_cuts>","","原料"
"kaleidoscope_cookery:pot/porkchop_to_cooked_porkchop_9","1","生猪排 <minecraft:porkchop>","","原料"
"kaleidoscope_cookery:pot/porkchop_to_cooked_porkchop_9","2","生猪排 <minecraft:porkchop>","","原料"
"kaleidoscope_cookery:pot/porkchop_to_cooked_porkchop_9","3","生猪排 <minecraft:porkchop>","","原料"
"kaleidoscope_cookery:pot/porkchop_to_cooked_porkchop_9","4","生猪排 <minecraft:porkchop>","","原料"
"kaleidoscope_cookery:pot/porkchop_to_cooked_porkchop_9","5","生猪排 <minecraft:porkchop>","","原料"
"kaleidoscope_cookery:pot/porkchop_to_cooked_porkchop_9","6","生猪排 <minecraft:porkchop>","","原料"
"kaleidoscope_cookery:pot/porkchop_to_cooked_porkchop_9","7","生猪排 <minecraft:porkchop>","","原料"
"kaleidoscope_cookery:pot/porkchop_to_cooked_porkchop_9","8","生猪排 <minecraft:porkchop>","","原料"
"kaleidoscope_cookery:pot/porkchop_to_cooked_porkchop_9","9","生猪排 <minecraft:porkchop>","","原料"
"kaleidoscope_cookery:pot/porkchop_to_cooked_porkchop_8","1","生猪排 <minecraft:porkchop>","","原料"
"kaleidoscope_cookery:pot/porkchop_to_cooked_porkchop_8","2","生猪排 <minecraft:porkchop>","","原料"
"kaleidoscope_cookery:pot/porkchop_to_cooked_porkchop_8","3","生猪排 <minecraft:porkchop>","","原料"
"kaleidoscope_cookery:pot/porkchop_to_cooked_porkchop_8","4","生猪排 <minecraft:porkchop>","","原料"
"kaleidoscope_cookery:pot/porkchop_to_cooked_porkchop_8","5","生猪排 <minecraft:porkchop>","","原料"
"kaleidoscope_cookery:pot/porkchop_to_cooked_porkchop_8","6","生猪排 <minecraft:porkchop>","","原料"
"kaleidoscope_cookery:pot/porkchop_to_cooked_porkchop_8","7","生猪排 <minecraft:porkchop>","","原料"
"kaleidoscope_cookery:pot/porkchop_to_cooked_porkchop_8","8","生猪排 <minecraft:porkchop>","","原料"
"kaleidoscope_cookery:pot/porkchop_to_cooked_porkchop_7","1","生猪排 <minecraft:porkchop>","","原料"
"kaleidoscope_cookery:pot/porkchop_to_cooked_porkchop_7","2","生猪排 <minecraft:porkchop>","","原料"
"kaleidoscope_cookery:pot/porkchop_to_cooked_porkchop_7","3","生猪排 <minecraft:porkchop>","","原料"
"kaleidoscope_cookery:pot/porkchop_to_cooked_porkchop_7","4","生猪排 <minecraft:porkchop>","","原料"
"kaleidoscope_cookery:pot/porkchop_to_cooked_porkchop_7","5","生猪排 <minecraft:porkchop>","","原料"
"kaleidoscope_cookery:pot/porkchop_to_cooked_porkchop_7","6","生猪排 <minecraft:porkchop>","","原料"
"kaleidoscope_cookery:pot/porkchop_to_cooked_porkchop_7","7","生猪排 <minecraft:porkchop>","","原料"
"kaleidoscope_cookery:pot/porkchop_to_cooked_porkchop_6","1","生猪排 <minecraft:porkchop>","","原料"
"kaleidoscope_cookery:pot/porkchop_to_cooked_porkchop_6","2","生猪排 <minecraft:porkchop>","","原料"
"kaleidoscope_cookery:pot/porkchop_to_cooked_porkchop_6","3","生猪排 <minecraft:porkchop>","","原料"
"kaleidoscope_cookery:pot/porkchop_to_cooked_porkchop_6","4","生猪排 <minecraft:porkchop>","","原料"
"kaleidoscope_cookery:pot/porkchop_to_cooked_porkchop_6","5","生猪排 <minecraft:porkchop>","","原料"
"kaleidoscope_cookery:pot/porkchop_to_cooked_porkchop_6","6","生猪排 <minecraft:porkchop>","","原料"
"kaleidoscope_cookery:pot/porkchop_to_cooked_porkchop_5","1","生猪排 <minecraft:porkchop>","","原料"
"kaleidoscope_cookery:pot/porkchop_to_cooked_porkchop_5","2","生猪排 <minecraft:porkchop>","","原料"
"kaleidoscope_cookery:pot/porkchop_to_cooked_porkchop_5","3","生猪排 <minecraft:porkchop>","","原料"
"kaleidoscope_cookery:pot/porkchop_to_cooked_porkchop_5","4","生猪排 <minecraft:porkchop>","","原料"
"kaleidoscope_cookery:pot/porkchop_to_cooked_porkchop_5","5","生猪排 <minecraft:porkchop>","","原料"
"kaleidoscope_cookery:pot/porkchop_to_cooked_porkchop_4","1","生猪排 <minecraft:porkchop>","","原料"
"kaleidoscope_cookery:pot/porkchop_to_cooked_porkchop_4","2","生猪排 <minecraft:porkchop>","","原料"
"kaleidoscope_cookery:pot/porkchop_to_cooked_porkchop_4","3","生猪排 <minecraft:porkchop>","","原料"
"kaleidoscope_cookery:pot/porkchop_to_cooked_porkchop_4","4","生猪排 <minecraft:porkchop>","","原料"
"kaleidoscope_cookery:pot/porkchop_to_cooked_porkchop_3","1","生猪排 <minecraft:porkchop>","","原料"
"kaleidoscope_cookery:pot/porkchop_to_cooked_porkchop_3","2","生猪排 <minecraft:porkchop>","","原料"
"kaleidoscope_cookery:pot/porkchop_to_cooked_porkchop_3","3","生猪排 <minecraft:porkchop>","","原料"
"kaleidoscope_cookery:pot/porkchop_to_cooked_porkchop_2","1","生猪排 <minecraft:porkchop>","","原料"
"kaleidoscope_cookery:pot/porkchop_to_cooked_porkchop_2","2","生猪排 <minecraft:porkchop>","","原料"
"farmersdelight:cutting/cherry_log","1","樱花原木 <minecraft:cherry_log>","","原料"
"farmersdelight:cutting/cherry_log","2","{""type"":""farmersdelight:item_ability"",""action"":""axe_strip""}","","工具"
"farmersdelight:cutting/cherry_log","3","#minecraft:axes","","工具"
"spawn:roasted_sunflower_seeds_from_smoking","1","向日葵种子 <spawn:sunflower_seeds>","","原料"
"farmersdelight:cutting/wild_cabbages","1","野生卷心菜 <farmersdelight:wild_cabbages>","","原料"
"farmersdelight:cutting/wild_cabbages","2","{""type"":""farmersdelight:item_ability"",""action"":""knife_dig""}","","工具"
"farmersdelight:cutting/wild_cabbages","3","#c:tools/knife","","工具"
"kaleidoscope_cookery:chopping_board/raw_cut_small_meats_from_chicken","1","生鸡肉 <minecraft:chicken>","","原料"
"farmersdelight:gold_nugget_from_smelting_knife","1","金刀 <farmersdelight:golden_knife>","","原料"
"kaleidoscope_cookery:pot/egg_to_fried_egg_8","1","#c:eggs","","原料"
"kaleidoscope_cookery:pot/egg_to_fried_egg_8","2","#c:eggs","","原料"
"kaleidoscope_cookery:pot/egg_to_fried_egg_8","3","#c:eggs","","原料"
"kaleidoscope_cookery:pot/egg_to_fried_egg_8","4","#c:eggs","","原料"
"kaleidoscope_cookery:pot/egg_to_fried_egg_8","5","#c:eggs","","原料"
"kaleidoscope_cookery:pot/egg_to_fried_egg_8","6","#c:eggs","","原料"
"kaleidoscope_cookery:pot/egg_to_fried_egg_8","7","#c:eggs","","原料"
"kaleidoscope_cookery:pot/egg_to_fried_egg_8","8","#c:eggs","","原料"
"kaleidoscope_cookery:pot/egg_to_fried_egg_7","1","#c:eggs","","原料"
"kaleidoscope_cookery:pot/egg_to_fried_egg_7","2","#c:eggs","","原料"
"kaleidoscope_cookery:pot/egg_to_fried_egg_7","3","#c:eggs","","原料"
"kaleidoscope_cookery:pot/egg_to_fried_egg_7","4","#c:eggs","","原料"
"kaleidoscope_cookery:pot/egg_to_fried_egg_7","5","#c:eggs","","原料"
"kaleidoscope_cookery:pot/egg_to_fried_egg_7","6","#c:eggs","","原料"
"kaleidoscope_cookery:pot/egg_to_fried_egg_7","7","#c:eggs","","原料"
"kaleidoscope_cookery:pot/egg_to_fried_egg_6","1","#c:eggs","","原料"
"kaleidoscope_cookery:pot/egg_to_fried_egg_6","2","#c:eggs","","原料"
"kaleidoscope_cookery:pot/egg_to_fried_egg_6","3","#c:eggs","","原料"
"kaleidoscope_cookery:pot/egg_to_fried_egg_6","4","#c:eggs","","原料"
"kaleidoscope_cookery:pot/egg_to_fried_egg_6","5","#c:eggs","","原料"
"kaleidoscope_cookery:pot/egg_to_fried_egg_6","6","#c:eggs","","原料"
"kaleidoscope_cookery:pot/egg_to_fried_egg_5","1","#c:eggs","","原料"
"kaleidoscope_cookery:pot/egg_to_fried_egg_5","2","#c:eggs","","原料"
"kaleidoscope_cookery:pot/egg_to_fried_egg_5","3","#c:eggs","","原料"
"kaleidoscope_cookery:pot/egg_to_fried_egg_5","4","#c:eggs","","原料"
"kaleidoscope_cookery:pot/egg_to_fried_egg_5","5","#c:eggs","","原料"
"kaleidoscope_cookery:pot/egg_to_fried_egg_4","1","#c:eggs","","原料"
"kaleidoscope_cookery:pot/egg_to_fried_egg_4","2","#c:eggs","","原料"
"kaleidoscope_cookery:pot/egg_to_fried_egg_4","3","#c:eggs","","原料"
"kaleidoscope_cookery:pot/egg_to_fried_egg_4","4","#c:eggs","","原料"
"kaleidoscope_cookery:pot/egg_to_fried_egg_3","1","#c:eggs","","原料"
"kaleidoscope_cookery:pot/egg_to_fried_egg_3","2","#c:eggs","","原料"
"kaleidoscope_cookery:pot/egg_to_fried_egg_3","3","#c:eggs","","原料"
"kaleidoscope_cookery:pot/egg_to_fried_egg_2","1","#c:eggs","","原料"
"kaleidoscope_cookery:pot/egg_to_fried_egg_2","2","#c:eggs","","原料"
"kaleidoscope_cookery:pot/egg_to_fried_egg_1","1","#c:eggs","","原料"
"farmersdelight:cutting/ham","1","火腿 <farmersdelight:ham>","","原料"
"farmersdelight:cutting/ham","2","{""type"":""farmersdelight:item_ability"",""action"":""knife_dig""}","","工具"
"farmersdelight:cutting/ham","3","#c:tools/knife","","工具"
"kaleidoscope_cookery:pot/egg_to_fried_egg_9","1","#c:eggs","","原料"
"kaleidoscope_cookery:pot/egg_to_fried_egg_9","2","#c:eggs","","原料"
"kaleidoscope_cookery:pot/egg_to_fried_egg_9","3","#c:eggs","","原料"
"kaleidoscope_cookery:pot/egg_to_fried_egg_9","4","#c:eggs","","原料"
"kaleidoscope_cookery:pot/egg_to_fried_egg_9","5","#c:eggs","","原料"
"kaleidoscope_cookery:pot/egg_to_fried_egg_9","6","#c:eggs","","原料"
"kaleidoscope_cookery:pot/egg_to_fried_egg_9","7","#c:eggs","","原料"
"kaleidoscope_cookery:pot/egg_to_fried_egg_9","8","#c:eggs","","原料"
"kaleidoscope_cookery:pot/egg_to_fried_egg_9","9","#c:eggs","","原料"
"kaleidoscope_cookery:stockpot/udon_noodle","1","#c:crops/lettuce","","原料"
"kaleidoscope_cookery:stockpot/udon_noodle","2","#c:crops/lettuce","","原料"
"kaleidoscope_cookery:stockpot/udon_noodle","3","#c:eggs","","原料"
"kaleidoscope_cookery:stockpot/udon_noodle","4","#c:eggs","","原料"
"kaleidoscope_cookery:stockpot/udon_noodle","5","生面条 <kaleidoscope_cookery:raw_noodles>","","原料"
"kaleidoscope_cookery:stockpot/udon_noodle","6","生面条 <kaleidoscope_cookery:raw_noodles>","","原料"
"kaleidoscope_cookery:stockpot/udon_noodle","7","生面条 <kaleidoscope_cookery:raw_noodles>","","原料"
"kaleidoscope_cookery:pot/slime_ball_meal","1","黏液球 <minecraft:slime_ball>","","原料"
"kaleidoscope_cookery:pot/slime_ball_meal","2","黏液球 <minecraft:slime_ball>","","原料"
"kaleidoscope_cookery:pot/slime_ball_meal","3","黏液球 <minecraft:slime_ball>","","原料"
"kaleidoscope_cookery:pot/slime_ball_meal","4","黏液球 <minecraft:slime_ball>","","原料"
"kaleidoscope_cookery:pot/slime_ball_meal","5","黏液球 <minecraft:slime_ball>","","原料"
"kaleidoscope_cookery:pot/slime_ball_meal","6","黏液球 <minecraft:slime_ball>","","原料"
"kaleidoscope_cookery:pot/slime_ball_meal","7","碗 <minecraft:bowl>","","容器/载体"
"farmersdelight:smoked_ham","1","火腿 <farmersdelight:ham>","","原料"
"spawn:herring_roll","1","鲱鱼片 <spawn:herring_slice>","","原料"
"spawn:herring_roll","2","鲱鱼片 <spawn:herring_slice>","","原料"
"spawn:herring_roll","3","鲱鱼片 <spawn:herring_slice>","","原料"
"spawn:herring_roll","4","米饭 <farmersdelight:cooked_rice>","","原料"
"spawn:rotten_button","1","腐木木板 <spawn:rotten_planks>","","原料"
"farmersdelight:cooking/apple_cider","1","苹果 <minecraft:apple>","","原料"
"farmersdelight:cooking/apple_cider","2","苹果 <minecraft:apple>","","原料"
"farmersdelight:cooking/apple_cider","3","糖 <minecraft:sugar>","","原料"
"farmersdelight:integration/create/mixing/cabbage_slice_from_mixing","1","卷心菜 <farmersdelight:cabbage>","","原料"
"kaleidoscope_cookery:empty_cup","1","花盆 <minecraft:flower_pot>","","原料"
"farmersdelight:salvaging/acacia_furniture","1","{""type"":""neoforge:compound"",""children"":[{""item"":""minecraft:acacia_door""},{""item"":""minecraft:acacia_trapdoor""},{""item"":""minecraft:acacia_sign""},{""item"":""minecraft:acacia_hanging_sign""},{""item"":""minecraft:acacia_fence""},{""item"":""minecraft:acacia_fence_gate""},{""item"":""minecraft:acacia_pressure_plate""},{""item"":""minecraft:acacia_button""},{""item"":""minecraft:acacia_boat""},{""item"":""farmersdelight:acacia_cabinet""}]}","","原料"
"farmersdelight:salvaging/acacia_furniture","2","{""type"":""farmersdelight:item_ability"",""action"":""axe_dig""}","","工具"
"farmersdelight:salvaging/acacia_furniture","3","#minecraft:axes","","工具"
"kaleidoscope_cookery:stockpot/four_joy_meatball_soup","1","生丸子 <kaleidoscope_cookery:raw_meatball>","","原料"
"kaleidoscope_cookery:stockpot/four_joy_meatball_soup","2","生丸子 <kaleidoscope_cookery:raw_meatball>","","原料"
"kaleidoscope_cookery:stockpot/four_joy_meatball_soup","3","生丸子 <kaleidoscope_cookery:raw_meatball>","","原料"
"kaleidoscope_cookery:stockpot/four_joy_meatball_soup","4","生丸子 <kaleidoscope_cookery:raw_meatball>","","原料"
"farmersdelight:cutting/wither_rose","1","凋灵玫瑰 <minecraft:wither_rose>","","原料"
"farmersdelight:cutting/wither_rose","2","{""type"":""farmersdelight:item_ability"",""action"":""knife_dig""}","","工具"
"farmersdelight:cutting/wither_rose","3","#c:tools/knife","","工具"
"farmersdelight:cutting/porkchop","1","生猪排 <minecraft:porkchop>","","原料"
"farmersdelight:cutting/porkchop","2","{""type"":""farmersdelight:item_ability"",""action"":""knife_dig""}","","工具"
"farmersdelight:cutting/porkchop","3","#c:tools/knife","","工具"
"kaleidoscope_cookery:millstone/quartz_from_chiseled_quartz_block","1","雕纹石英块 <minecraft:chiseled_quartz_block>","","原料"
"farmersdelight:lime_hanging_canvas_sign","1","#farmersdelight:hanging_canvas_signs","","原料"
"farmersdelight:lime_hanging_canvas_sign","2","#c:dyes/lime","","原料"
"farmersdelight:cooked_chicken_cuts_from_campfire_cooking","1","生鸡肉丁 <farmersdelight:chicken_cuts>","","原料"
"farmersdelight:black_canvas_sign","1","#farmersdelight:canvas_signs","","原料"
"farmersdelight:black_canvas_sign","2","#c:dyes/black","","原料"
"farmersdelight:purple_hanging_canvas_sign","1","#farmersdelight:hanging_canvas_signs","","原料"
"farmersdelight:purple_hanging_canvas_sign","2","#c:dyes/purple","","原料"
"farmersdelight:cooked_cod_slice_from_smoking","1","生鳕鱼片 <farmersdelight:cod_slice>","","原料"
"spawn:mucus","1","粘痕块 <spawn:mucus_block>","","原料"
"kaleidoscope_cookery:millstone/magenta_dye_from_allium","1","绒球葱 <minecraft:allium>","","原料"
"farmersdelight:cooking/chicken_soup","1","#c:foods/raw_chicken","","原料"
"farmersdelight:cooking/chicken_soup","2","#c:crops/carrot","","原料"
"farmersdelight:cooking/chicken_soup","3","#c:foods/leafy_green","","原料"
"farmersdelight:cooking/chicken_soup","4","{""type"":""neoforge:difference"",""base"":{""tag"":""c:foods/vegetable""},""subtracted"":{""item"":""minecraft:melon_slice""}}","","原料"
