"来源模组","配方 ID","配方中文译名（主产物）","配方序列化类型","合成机器/工序","产物中文名","产物 ID","产物数量","是否可食用","饥饿值","饱食度","食用效果/BUFF","经验值","烹饪时间(tick)","原料概览","备注"
"farmersdelight","farmersdelight:cutting/brown_mushroom_colony","棕色蘑菇","farmersdelight:cutting","切菜板","棕色蘑菇","minecraft:brown_mushroom","5","否","","","","","","原料：棕色蘑菇菌落 <farmersdelight:brown_mushroom_colony>；工具：{""type"":""farmersdelight:item_ability"",""action"":""knife_dig""}；工具：#c:tools/knife",""
"farmersdelight","farmersdelight:chopping_board/add/sweet_berry_cheesecake_slice","甜浆果芝士派切片","kaleidoscope_cookery:chopping_board","自定义工序（kaleidoscope_cookery:chopping_board）","甜浆果芝士派切片","farmersdelight:sweet_berry_cheesecake_slice","4","是","3","1.8000001","迅捷 600tick 1级 概率1","","","原料：甜浆果芝士派 <farmersdelight:sweet_berry_cheesecake>",""
"kaleidoscope_cookery","kaleidoscope_cookery:millstone/light_blue_dye_from_blue_orchid","淡蓝色染料","kaleidoscope_cookery:millstone","自定义工序（kaleidoscope_cookery:millstone）","淡蓝色染料","minecraft:light_blue_dye","2","否","","","","","","原料：兰花 <minecraft:blue_orchid>",""
"kaleidoscope_cookery","kaleidoscope_cookery:flex_pot/candied_potato","拔丝土豆","kaleidoscope_cookery:flex_pot","自定义工序（kaleidoscope_cookery:flex_pot）","拔丝土豆","kaleidoscope_cookery:candied_potato","1","是","20","22","温暖 1600tick 1级 概率1","","","原料：糖 <minecraft:sugar>；原料：马铃薯 <minecraft:potato>；容器/载体：碗 <minecraft:bowl>",""
"kaleidoscope_cookery","kaleidoscope_cookery:farmer_leggings","农夫长裤","minecraft:crafting_shaped","工作台（有序合成）","农夫长裤","kaleidoscope_cookery:farmer_leggings","1","否","","","","","","[空原料或模组自定义参数]；[空原料或模组自定义参数]；[空原料或模组自定义参数]；[空原料或模组自定义参数]；[空原料或模组自定义参数]；[空原料或模组自定义参数]；[空原料或模组自定义参数]；[空原料或模组自定义参数]；[空原料或模组自定义参数]",""
"spawn","spawn:rotten_flesh_from_zombified_flower","腐肉","minecraft:crafting_shapeless","工作台（无序合成）","腐肉","minecraft:rotten_flesh","3","是","4","0.8","饥饿 600tick 1级 概率0.800000011920929","","","原料：腐尸花 <spawn:zombified_flower>",""
"kaleidoscope_cookery","kaleidoscope_cookery:flex_stockpot/hui_noodle","羊肉烩面","kaleidoscope_cookery:flex_stockpot","自定义工序（kaleidoscope_cookery:flex_stockpot）","羊肉烩面","kaleidoscope_cookery:hui_noodle","1","是","14","18.004","生机 9600tick 1级 概率1","","","原料：#c:foods/raw_mutton；原料：生面条 <kaleidoscope_cookery:raw_noodles>",""
"farmersdelight","farmersdelight:cutting/ink_sac","黑色染料","farmersdelight:cutting","切菜板","黑色染料","minecraft:black_dye","2","否","","","","","","原料：墨囊 <minecraft:ink_sac>；工具：{""type"":""farmersdelight:item_ability"",""action"":""knife_dig""}；工具：#c:tools/knife",""
"kaleidoscope_cookery","kaleidoscope_cookery:millstone/gold_nugget_from_gilded_blackstone","金粒","kaleidoscope_cookery:millstone","自定义工序（kaleidoscope_cookery:millstone）","金粒","minecraft:gold_nugget","3","否","","","","","","原料：镶金黑石 <minecraft:gilded_blackstone>",""
"farmersdelight","farmersdelight:cooked_chicken_cuts_from_smoking","熟鸡肉丁","minecraft:smoking","烟熏炉","熟鸡肉丁","farmersdelight:cooked_chicken_cuts","1","是","3","3.6000001","","0.35","100","原料：生鸡肉丁 <farmersdelight:chicken_cuts>",""
"farmersdelight","farmersdelight:sweet_berry_cheesecake","甜浆果芝士派","minecraft:crafting_shaped","工作台（有序合成）","甜浆果芝士派","farmersdelight:sweet_berry_cheesecake","1","否","","","","","","[空原料或模组自定义参数]；[空原料或模组自定义参数]；[空原料或模组自定义参数]；[空原料或模组自定义参数]；[空原料或模组自定义参数]；[空原料或模组自定义参数]；[空原料或模组自定义参数]；[空原料或模组自定义参数]；[空原料或模组自定义参数]",""
"spawn","spawn:rotten_stairs","腐木楼梯","minecraft:crafting_shaped","工作台（有序合成）","腐木楼梯","spawn:rotten_stairs","4","否","","","","","","[空原料或模组自定义参数]；[空原料或模组自定义参数]；[空原料或模组自定义参数]；[空原料或模组自定义参数]；[空原料或模组自定义参数]；[空原料或模组自定义参数]；[空原料或模组自定义参数]；[空原料或模组自定义参数]；[空原料或模组自定义参数]",""
"kaleidoscope_cookery","kaleidoscope_cookery:stockpot/shengjian_mantou_count_6","水煎包","kaleidoscope_cookery:stockpot","万花筒汤锅","水煎包","kaleidoscope_cookery:shengjian_mantou","6","是","8","16","温暖 1600tick 1级 概率1","","","原料：裹馅面食 <kaleidoscope_cookery:stuffed_dough_food>；原料：裹馅面食 <kaleidoscope_cookery:stuffed_dough_food>；原料：裹馅面食 <kaleidoscope_cookery:stuffed_dough_food>；原料：裹馅面食 <kaleidoscope_cookery:stuffed_dough_food>；原料：裹馅面食 <kaleidoscope_cookery:stuffed_dough_food>；原料：裹馅面食 <kaleidoscope_cookery:stuffed_dough_food>",""
"kaleidoscope_cookery","kaleidoscope_cookery:stockpot/shengjian_mantou_count_5","水煎包","kaleidoscope_cookery:stockpot","万花筒汤锅","水煎包","kaleidoscope_cookery:shengjian_mantou","5","是","8","16","温暖 1600tick 1级 概率1","","","原料：裹馅面食 <kaleidoscope_cookery:stuffed_dough_food>；原料：裹馅面食 <kaleidoscope_cookery:stuffed_dough_food>；原料：裹馅面食 <kaleidoscope_cookery:stuffed_dough_food>；原料：裹馅面食 <kaleidoscope_cookery:stuffed_dough_food>；原料：裹馅面食 <kaleidoscope_cookery:stuffed_dough_food>",""
"kaleidoscope_cookery","kaleidoscope_cookery:stockpot/shengjian_mantou_count_8","水煎包","kaleidoscope_cookery:stockpot","万花筒汤锅","水煎包","kaleidoscope_cookery:shengjian_mantou","8","是","8","16","温暖 1600tick 1级 概率1","","","原料：裹馅面食 <kaleidoscope_cookery:stuffed_dough_food>；原料：裹馅面食 <kaleidoscope_cookery:stuffed_dough_food>；原料：裹馅面食 <kaleidoscope_cookery:stuffed_dough_food>；原料：裹馅面食 <kaleidoscope_cookery:stuffed_dough_food>；原料：裹馅面食 <kaleidoscope_cookery:stuffed_dough_food>；原料：裹馅面食 <kaleidoscope_cookery:stuffed_dough_food>；原料：裹馅面食 <kaleidoscope_cookery:stuffed_dough_food>；原料：裹馅面食 <kaleidoscope_cookery:stuffed_dough_food>",""
"kaleidoscope_cookery","kaleidoscope_cookery:stockpot/shengjian_mantou_count_7","水煎包","kaleidoscope_cookery:stockpot","万花筒汤锅","水煎包","kaleidoscope_cookery:shengjian_mantou","7","是","8","16","温暖 1600tick 1级 概率1","","","原料：裹馅面食 <kaleidoscope_cookery:stuffed_dough_food>；原料：裹馅面食 <kaleidoscope_cookery:stuffed_dough_food>；原料：裹馅面食 <kaleidoscope_cookery:stuffed_dough_food>；原料：裹馅面食 <kaleidoscope_cookery:stuffed_dough_food>；原料：裹馅面食 <kaleidoscope_cookery:stuffed_dough_food>；原料：裹馅面食 <kaleidoscope_cookery:stuffed_dough_food>；原料：裹馅面食 <kaleidoscope_cookery:stuffed_dough_food>",""
"kaleidoscope_cookery","kaleidoscope_cookery:stockpot/shengjian_mantou_count_2","水煎包","kaleidoscope_cookery:stockpot","万花筒汤锅","水煎包","kaleidoscope_cookery:shengjian_mantou","2","是","8","16","温暖 1600tick 1级 概率1","","","原料：裹馅面食 <kaleidoscope_cookery:stuffed_dough_food>；原料：裹馅面食 <kaleidoscope_cookery:stuffed_dough_food>",""
"kaleidoscope_cookery","kaleidoscope_cookery:stockpot/shengjian_mantou_count_1","水煎包","kaleidoscope_cookery:stockpot","万花筒汤锅","水煎包","kaleidoscope_cookery:shengjian_mantou","1","是","8","16","温暖 1600tick 1级 概率1","","","原料：裹馅面食 <kaleidoscope_cookery:stuffed_dough_food>",""
"kaleidoscope_cookery","kaleidoscope_cookery:stockpot/shengjian_mantou_count_4","水煎包","kaleidoscope_cookery:stockpot","万花筒汤锅","水煎包","kaleidoscope_cookery:shengjian_mantou","4","是","8","16","温暖 1600tick 1级 概率1","","","原料：裹馅面食 <kaleidoscope_cookery:stuffed_dough_food>；原料：裹馅面食 <kaleidoscope_cookery:stuffed_dough_food>；原料：裹馅面食 <kaleidoscope_cookery:stuffed_dough_food>；原料：裹馅面食 <kaleidoscope_cookery:stuffed_dough_food>",""
"kaleidoscope_cookery","kaleidoscope_cookery:stockpot/shengjian_mantou_count_3","水煎包","kaleidoscope_cookery:stockpot","万花筒汤锅","水煎包","kaleidoscope_cookery:shengjian_mantou","3","是","8","16","温暖 1600tick 1级 概率1","","","原料：裹馅面食 <kaleidoscope_cookery:stuffed_dough_food>；原料：裹馅面食 <kaleidoscope_cookery:stuffed_dough_food>；原料：裹馅面食 <kaleidoscope_cookery:stuffed_dough_food>",""
"farmersdelight","farmersdelight:integration/create/milling/wild_beetroots","甜菜种子","create:milling","自定义工序（create:milling）","甜菜种子","minecraft:beetroot_seeds","1","否","","","","","","原料：海甜菜 <farmersdelight:wild_beetroots>",""
"kaleidoscope_cookery","kaleidoscope_cookery:stockpot/shengjian_mantou_count_9","水煎包","kaleidoscope_cookery:stockpot","万花筒汤锅","水煎包","kaleidoscope_cookery:shengjian_mantou","9","是","8","16","温暖 1600tick 1级 概率1","","","原料：裹馅面食 <kaleidoscope_cookery:stuffed_dough_food>；原料：裹馅面食 <kaleidoscope_cookery:stuffed_dough_food>；原料：裹馅面食 <kaleidoscope_cookery:stuffed_dough_food>；原料：裹馅面食 <kaleidoscope_cookery:stuffed_dough_food>；原料：裹馅面食 <kaleidoscope_cookery:stuffed_dough_food>；原料：裹馅面食 <kaleidoscope_cookery:stuffed_dough_food>；原料：裹馅面食 <kaleidoscope_cookery:stuffed_dough_food>；原料：裹馅面食 <kaleidoscope_cookery:stuffed_dough_food>；原料：裹馅面食 <kaleidoscope_cookery:stuffed_dough_food>",""
"spawn","spawn:algal_reefstone_wall_from_algal_reefstone_stonecutting","藻礁石墙","minecraft:stonecutting","自定义工序（minecraft:stonecutting）","藻礁石墙","spawn:algal_reefstone_wall","1","否","","","","","","原料：藻礁石 <spawn:algal_reefstone>",""
"spawn","spawn:algal_reefstone_stairs","藻礁石楼梯","minecraft:crafting_shaped","工作台（有序合成）","藻礁石楼梯","spawn:algal_reefstone_stairs","4","否","","","","","","[空原料或模组自定义参数]；[空原料或模组自定义参数]；[空原料或模组自定义参数]；[空原料或模组自定义参数]；[空原料或模组自定义参数]；[空原料或模组自定义参数]；[空原料或模组自定义参数]；[空原料或模组自定义参数]；[空原料或模组自定义参数]",""
"kaleidoscope_cookery","kaleidoscope_cookery:sweet_and_sour_pork_rice_bowl","糖醋里脊盖饭","kaleidoscope_cookery:rice_bowl","自定义工序（kaleidoscope_cookery:rice_bowl）","糖醋里脊盖饭","kaleidoscope_cookery:sweet_and_sour_pork_rice_bowl","1","是","14","18.004","饱腹代偿 3600tick 1级 概率1","","","原料：糖醋里脊 <kaleidoscope_cookery:sweet_and_sour_pork>",""
"kaleidoscope_cookery","kaleidoscope_cookery:millstone/light_gray_dye_from_azure_bluet","淡灰色染料","kaleidoscope_cookery:millstone","自定义工序（kaleidoscope_cookery:millstone）","淡灰色染料","minecraft:light_gray_dye","2","否","","","","","","原料：蓝花美耳草 <minecraft:azure_bluet>",""
"farmersdelight","farmersdelight:rice_roll_medley_block","寿司拼盘","minecraft:crafting_shapeless","工作台（无序合成）","寿司拼盘","farmersdelight:rice_roll_medley_block","1","否","","","","","","原料：海带寿司 <farmersdelight:kelp_roll_slice>；原料：海带寿司 <farmersdelight:kelp_roll_slice>；原料：海带寿司 <farmersdelight:kelp_roll_slice>；原料：鲑鱼寿司 <farmersdelight:salmon_roll>；原料：鲑鱼寿司 <farmersdelight:salmon_roll>；原料：鲑鱼寿司 <farmersdelight:salmon_roll>；原料：鳕鱼寿司 <farmersdelight:cod_roll>；原料：碗 <minecraft:bowl>；原料：鳕鱼寿司 <farmersdelight:cod_roll>",""
"farmersdelight","farmersdelight:cutting/smoked_ham","熟猪排","farmersdelight:cutting","切菜板","熟猪排","minecraft:cooked_porkchop","2","是","8","12.8","","","","原料：烟熏火腿 <farmersdelight:smoked_ham>；工具：{""type"":""farmersdelight:item_ability"",""action"":""knife_dig""}；工具：#c:tools/knife",""
"farmersdelight","farmersdelight:blue_canvas_sign","蓝色粗布告示牌","minecraft:crafting_shapeless","工作台（无序合成）","蓝色粗布告示牌","farmersdelight:blue_canvas_sign","1","否","","","","","","原料：#farmersdelight:canvas_signs；原料：#c:dyes/blue",""
"kaleidoscope_cookery","kaleidoscope_cookery:pot/cooked_rice_to_sticky_rice_cake_8","糍粑","kaleidoscope_cookery:pot","自定义工序（kaleidoscope_cookery:pot）","糍粑","kaleidoscope_cookery:sticky_rice_cake","8","是","8","14","","","","原料：米饭 <kaleidoscope_cookery:cooked_rice>；原料：米饭 <kaleidoscope_cookery:cooked_rice>；原料：米饭 <kaleidoscope_cookery:cooked_rice>；原料：米饭 <kaleidoscope_cookery:cooked_rice>；原料：米饭 <kaleidoscope_cookery:cooked_rice>；原料：米饭 <kaleidoscope_cookery:cooked_rice>；原料：米饭 <kaleidoscope_cookery:cooked_rice>；原料：米饭 <kaleidoscope_cookery:cooked_rice>",""
"kaleidoscope_cookery","kaleidoscope_cookery:pot/cooked_rice_to_sticky_rice_cake_7","糍粑","kaleidoscope_cookery:pot","自定义工序（kaleidoscope_cookery:pot）","糍粑","kaleidoscope_cookery:sticky_rice_cake","7","是","8","14","","","","原料：米饭 <kaleidoscope_cookery:cooked_rice>；原料：米饭 <kaleidoscope_cookery:cooked_rice>；原料：米饭 <kaleidoscope_cookery:cooked_rice>；原料：米饭 <kaleidoscope_cookery:cooked_rice>；原料：米饭 <kaleidoscope_cookery:cooked_rice>；原料：米饭 <kaleidoscope_cookery:cooked_rice>；原料：米饭 <kaleidoscope_cookery:cooked_rice>",""
"kaleidoscope_cookery","kaleidoscope_cookery:pot/cooked_rice_to_sticky_rice_cake_9","糍粑","kaleidoscope_cookery:pot","自定义工序（kaleidoscope_cookery:pot）","糍粑","kaleidoscope_cookery:sticky_rice_cake","9","是","8","14","","","","原料：米饭 <kaleidoscope_cookery:cooked_rice>；原料：米饭 <kaleidoscope_cookery:cooked_rice>；原料：米饭 <kaleidoscope_cookery:cooked_rice>；原料：米饭 <kaleidoscope_cookery:cooked_rice>；原料：米饭 <kaleidoscope_cookery:cooked_rice>；原料：米饭 <kaleidoscope_cookery:cooked_rice>；原料：米饭 <kaleidoscope_cookery:cooked_rice>；原料：米饭 <kaleidoscope_cookery:cooked_rice>；原料：米饭 <kaleidoscope_cookery:cooked_rice>",""
"kaleidoscope_cookery","kaleidoscope_cookery:flex_pot/chorus_fried_egg","荷包紫颂烧","kaleidoscope_cookery:flex_pot","自定义工序（kaleidoscope_cookery:flex_pot）","荷包紫颂烧","kaleidoscope_cookery:chorus_fried_egg","1","是","9","0","胀气 700tick 1级 概率1","","","原料：#c:eggs；原料：紫颂果 <minecraft:chorus_fruit>；容器/载体：碗 <minecraft:bowl>",""
"spawn","spawn:date_fence_gate","椰枣木栅栏门","minecraft:crafting_shaped","工作台（有序合成）","椰枣木栅栏门","spawn:date_fence_gate","1","否","","","","","","[空原料或模组自定义参数]；[空原料或模组自定义参数]；[空原料或模组自定义参数]；[空原料或模组自定义参数]；[空原料或模组自定义参数]；[空原料或模组自定义参数]",""
"kaleidoscope_cookery","kaleidoscope_cookery:pot/cooked_rice_to_sticky_rice_cake_2","糍粑","kaleidoscope_cookery:pot","自定义工序（kaleidoscope_cookery:pot）","糍粑","kaleidoscope_cookery:sticky_rice_cake","2","是","8","14","","","","原料：米饭 <kaleidoscope_cookery:cooked_rice>；原料：米饭 <kaleidoscope_cookery:cooked_rice>",""
"kaleidoscope_cookery","kaleidoscope_cookery:pot/cooked_rice_to_sticky_rice_cake_1","糍粑","kaleidoscope_cookery:pot","自定义工序（kaleidoscope_cookery:pot）","糍粑","kaleidoscope_cookery:sticky_rice_cake","1","是","8","14","","","","原料：米饭 <kaleidoscope_cookery:cooked_rice>",""
"kaleidoscope_cookery","kaleidoscope_cookery:pot/cooked_rice_to_sticky_rice_cake_4","糍粑","kaleidoscope_cookery:pot","自定义工序（kaleidoscope_cookery:pot）","糍粑","kaleidoscope_cookery:sticky_rice_cake","4","是","8","14","","","","原料：米饭 <kaleidoscope_cookery:cooked_rice>；原料：米饭 <kaleidoscope_cookery:cooked_rice>；原料：米饭 <kaleidoscope_cookery:cooked_rice>；原料：米饭 <kaleidoscope_cookery:cooked_rice>",""
"farmersdelight","farmersdelight:cyan_hanging_canvas_sign","悬挂式青色粗布告示牌","minecraft:crafting_shapeless","工作台（无序合成）","悬挂式青色粗布告示牌","farmersdelight:cyan_hanging_canvas_sign","1","否","","","","","","原料：#farmersdelight:hanging_canvas_signs；原料：#c:dyes/cyan",""
"kaleidoscope_cookery","kaleidoscope_cookery:pot/cooked_rice_to_sticky_rice_cake_3","糍粑","kaleidoscope_cookery:pot","自定义工序（kaleidoscope_cookery:pot）","糍粑","kaleidoscope_cookery:sticky_rice_cake","3","是","8","14","","","","原料：米饭 <kaleidoscope_cookery:cooked_rice>；原料：米饭 <kaleidoscope_cookery:cooked_rice>；原料：米饭 <kaleidoscope_cookery:cooked_rice>",""
"kaleidoscope_cookery","kaleidoscope_cookery:pot/cooked_rice_to_sticky_rice_cake_6","糍粑","kaleidoscope_cookery:pot","自定义工序（kaleidoscope_cookery:pot）","糍粑","kaleidoscope_cookery:sticky_rice_cake","6","是","8","14","","","","原料：米饭 <kaleidoscope_cookery:cooked_rice>；原料：米饭 <kaleidoscope_cookery:cooked_rice>；原料：米饭 <kaleidoscope_cookery:cooked_rice>；原料：米饭 <kaleidoscope_cookery:cooked_rice>；原料：米饭 <kaleidoscope_cookery:cooked_rice>；原料：米饭 <kaleidoscope_cookery:cooked_rice>",""
"kaleidoscope_cookery","kaleidoscope_cookery:pot/cooked_rice_to_sticky_rice_cake_5","糍粑","kaleidoscope_cookery:pot","自定义工序（kaleidoscope_cookery:pot）","糍粑","kaleidoscope_cookery:sticky_rice_cake","5","是","8","14","","","","原料：米饭 <kaleidoscope_cookery:cooked_rice>；原料：米饭 <kaleidoscope_cookery:cooked_rice>；原料：米饭 <kaleidoscope_cookery:cooked_rice>；原料：米饭 <kaleidoscope_cookery:cooked_rice>；原料：米饭 <kaleidoscope_cookery:cooked_rice>",""
"farmersdelight","farmersdelight:pot/modify/fried_rice","炒饭","kaleidoscope_cookery:pot","自定义工序（kaleidoscope_cookery:pot）","炒饭","farmersdelight:fried_rice","1","是","12","19.2","滋养 3600tick 1级 概率1","","","原料：#c:crops/rice；原料：#c:eggs；原料：#c:crops/carrot；原料：#c:crops/onion；容器/载体：碗 <minecraft:bowl>",""
"kaleidoscope_cookery","kaleidoscope_cookery:flex_pot/fish_flavored_shredded_pork","鱼香肉丝","kaleidoscope_cookery:flex_pot","自定义工序（kaleidoscope_cookery:flex_pot）","鱼香肉丝","kaleidoscope_cookery:fish_flavored_shredded_pork","1","是","9","10.998","活力 1800tick 1级 概率1","","","原料：#c:foods/raw_pork；原料：#c:crops/chilipepper；原料：#c:mushrooms；容器/载体：碗 <minecraft:bowl>",""
"kaleidoscope_cookery","kaleidoscope_cookery:flex_stockpot/hot_dry_noodles","热干面","kaleidoscope_cookery:flex_stockpot","自定义工序（kaleidoscope_cookery:flex_stockpot）","热干面","kaleidoscope_cookery:hot_dry_noodles","1","是","14","18.004","生机 9600tick 1级 概率1","","","原料：#c:crops/chilipepper；原料：生面条 <kaleidoscope_cookery:raw_noodles>",""
"kaleidoscope_cookery","kaleidoscope_cookery:cook_stool_spruce","云杉木厨娘凳","minecraft:crafting_shaped","工作台（有序合成）","云杉木厨娘凳","kaleidoscope_cookery:cook_stool_spruce","1","否","","","","","","[空原料或模组自定义参数]；[空原料或模组自定义参数]；[空原料或模组自定义参数]；[空原料或模组自定义参数]；[空原料或模组自定义参数]；[空原料或模组自定义参数]",""
"farmersdelight","farmersdelight:milk_bottle","奶瓶","minecraft:crafting_shapeless","工作台（无序合成）","奶瓶","farmersdelight:milk_bottle","4","否","","","","","","原料：奶桶 <minecraft:milk_bucket>；原料：玻璃瓶 <minecraft:glass_bottle>；原料：玻璃瓶 <minecraft:glass_bottle>；原料：玻璃瓶 <minecraft:glass_bottle>；原料：玻璃瓶 <minecraft:glass_bottle>",""
"farmersdelight","farmersdelight:pumpkin_from_slices","南瓜","minecraft:crafting_shaped","工作台（有序合成）","南瓜","minecraft:pumpkin","1","否","","","","","","[空原料或模组自定义参数]；[空原料或模组自定义参数]；[空原料或模组自定义参数]；[空原料或模组自定义参数]",""
"farmersdelight","farmersdelight:tomato_crate","箱装番茄","minecraft:crafting_shaped","工作台（有序合成）","箱装番茄","farmersdelight:tomato_crate","1","否","","","","","","[空原料或模组自定义参数]；[空原料或模组自定义参数]；[空原料或模组自定义参数]；[空原料或模组自定义参数]；[空原料或模组自定义参数]；[空原料或模组自定义参数]；[空原料或模组自定义参数]；[空原料或模组自定义参数]；[空原料或模组自定义参数]",""
"ordertocook","ordertocook:motorcycle","小电驴","minecraft:crafting_shaped","工作台（有序合成）","小电驴","ordertocook:motorcycle","1","否","","","","","","[空原料或模组自定义参数]；[空原料或模组自定义参数]；[空原料或模组自定义参数]；[空原料或模组自定义参数]；[空原料或模组自定义参数]；[空原料或模组自定义参数]；[空原料或模组自定义参数]；[空原料或模组自定义参数]；[空原料或模组自定义参数]",""
"kaleidoscope_cookery","kaleidoscope_cookery:pot/chorus_fruit_to_popped_chorus_fruit_9","爆裂紫颂果","kaleidoscope_cookery:pot","自定义工序（kaleidoscope_cookery:pot）","爆裂紫颂果","minecraft:popped_chorus_fruit","9","否","","","","","","原料：紫颂果 <minecraft:chorus_fruit>；原料：紫颂果 <minecraft:chorus_fruit>；原料：紫颂果 <minecraft:chorus_fruit>；原料：紫颂果 <minecraft:chorus_fruit>；原料：紫颂果 <minecraft:chorus_fruit>；原料：紫颂果 <minecraft:chorus_fruit>；原料：紫颂果 <minecraft:chorus_fruit>；原料：紫颂果 <minecraft:chorus_fruit>；原料：紫颂果 <minecraft:chorus_fruit>",""
"kaleidoscope_cookery","kaleidoscope_cookery:pot/chorus_fruit_to_popped_chorus_fruit_8","爆裂紫颂果","kaleidoscope_cookery:pot","自定义工序（kaleidoscope_cookery:pot）","爆裂紫颂果","minecraft:popped_chorus_fruit","8","否","","","","","","原料：紫颂果 <minecraft:chorus_fruit>；原料：紫颂果 <minecraft:chorus_fruit>；原料：紫颂果 <minecraft:chorus_fruit>；原料：紫颂果 <minecraft:chorus_fruit>；原料：紫颂果 <minecraft:chorus_fruit>；原料：紫颂果 <minecraft:chorus_fruit>；原料：紫颂果 <minecraft:chorus_fruit>；原料：紫颂果 <minecraft:chorus_fruit>",""
"kaleidoscope_cookery","kaleidoscope_cookery:pot/chorus_fruit_to_popped_chorus_fruit_7","爆裂紫颂果","kaleidoscope_cookery:pot","自定义工序（kaleidoscope_cookery:pot）","爆裂紫颂果","minecraft:popped_chorus_fruit","7","否","","","","","","原料：紫颂果 <minecraft:chorus_fruit>；原料：紫颂果 <minecraft:chorus_fruit>；原料：紫颂果 <minecraft:chorus_fruit>；原料：紫颂果 <minecraft:chorus_fruit>；原料：紫颂果 <minecraft:chorus_fruit>；原料：紫颂果 <minecraft:chorus_fruit>；原料：紫颂果 <minecraft:chorus_fruit>",""
"kaleidoscope_cookery","kaleidoscope_cookery:pot/chorus_fruit_to_popped_chorus_fruit_6","爆裂紫颂果","kaleidoscope_cookery:pot","自定义工序（kaleidoscope_cookery:pot）","爆裂紫颂果","minecraft:popped_chorus_fruit","6","否","","","","","","原料：紫颂果 <minecraft:chorus_fruit>；原料：紫颂果 <minecraft:chorus_fruit>；原料：紫颂果 <minecraft:chorus_fruit>；原料：紫颂果 <minecraft:chorus_fruit>；原料：紫颂果 <minecraft:chorus_fruit>；原料：紫颂果 <minecraft:chorus_fruit>",""
"kaleidoscope_cookery","kaleidoscope_cookery:pot/chorus_fruit_to_popped_chorus_fruit_5","爆裂紫颂果","kaleidoscope_cookery:pot","自定义工序（kaleidoscope_cookery:pot）","爆裂紫颂果","minecraft:popped_chorus_fruit","5","否","","","","","","原料：紫颂果 <minecraft:chorus_fruit>；原料：紫颂果 <minecraft:chorus_fruit>；原料：紫颂果 <minecraft:chorus_fruit>；原料：紫颂果 <minecraft:chorus_fruit>；原料：紫颂果 <minecraft:chorus_fruit>",""
"kaleidoscope_cookery","kaleidoscope_cookery:pot/chorus_fruit_to_popped_chorus_fruit_4","爆裂紫颂果","kaleidoscope_cookery:pot","自定义工序（kaleidoscope_cookery:pot）","爆裂紫颂果","minecraft:popped_chorus_fruit","4","否","","","","","","原料：紫颂果 <minecraft:chorus_fruit>；原料：紫颂果 <minecraft:chorus_fruit>；原料：紫颂果 <minecraft:chorus_fruit>；原料：紫颂果 <minecraft:chorus_fruit>",""
"kaleidoscope_cookery","kaleidoscope_cookery:pot/chorus_fruit_to_popped_chorus_fruit_3","爆裂紫颂果","kaleidoscope_cookery:pot","自定义工序（kaleidoscope_cookery:pot）","爆裂紫颂果","minecraft:popped_chorus_fruit","3","否","","","","","","原料：紫颂果 <minecraft:chorus_fruit>；原料：紫颂果 <minecraft:chorus_fruit>；原料：紫颂果 <minecraft:chorus_fruit>",""
"kaleidoscope_cookery","kaleidoscope_cookery:pot/chorus_fruit_to_popped_chorus_fruit_2","爆裂紫颂果","kaleidoscope_cookery:pot","自定义工序（kaleidoscope_cookery:pot）","爆裂紫颂果","minecraft:popped_chorus_fruit","2","否","","","","","","原料：紫颂果 <minecraft:chorus_fruit>；原料：紫颂果 <minecraft:chorus_fruit>",""
"kaleidoscope_cookery","kaleidoscope_cookery:pot/chorus_fruit_to_popped_chorus_fruit_1","爆裂紫颂果","kaleidoscope_cookery:pot","自定义工序（kaleidoscope_cookery:pot）","爆裂紫颂果","minecraft:popped_chorus_fruit","1","否","","","","","","原料：紫颂果 <minecraft:chorus_fruit>",""
"kaleidoscope_cookery","kaleidoscope_cookery:flex_stockpot/seafood_miso_soup_cod_entity","海鲜味噌汤","kaleidoscope_cookery:flex_stockpot","自定义工序（kaleidoscope_cookery:flex_stockpot）","海鲜味噌汤","kaleidoscope_cookery:seafood_miso_soup","1","是","6","8.004","水下呼吸 9600tick 1级 概率1","","","原料：#c:crops/lettuce",""
"kaleidoscope_cookery","kaleidoscope_cookery:millstone/cobblestone_from_stone","圆石","kaleidoscope_cookery:millstone","自定义工序（kaleidoscope_cookery:millstone）","圆石","minecraft:cobblestone","1","否","","","","","","原料：石头 <minecraft:stone>",""
"farmersdelight","farmersdelight:painting_from_canvas","画","minecraft:crafting_shaped","工作台（有序合成）","画","minecraft:painting","1","否","","","","","","[空原料或模组自定义参数]；[空原料或模组自定义参数]；[空原料或模组自定义参数]；[空原料或模组自定义参数]；[空原料或模组自定义参数]；[空原料或模组自定义参数]；[空原料或模组自定义参数]；[空原料或模组自定义参数]；[空原料或模组自定义参数]",""
"farmersdelight","farmersdelight:cooking/dumplings","饺子","farmersdelight:cooking","烹饪锅","饺子","farmersdelight:dumplings","2","是","8","12.8","","","","原料：#c:foods/dough；原料：#c:crops/cabbage；原料：#c:crops/onion；原料：{""type"":""neoforge:compound"",""children"":[{""tag"":""c:foods/raw_chicken""},{""tag"":""c:foods/raw_pork""},{""tag"":""c:foods/raw_beef""},{""item"":""minecraft:brown_mushroom""}]}",""
"kaleidoscope_cookery","kaleidoscope_cookery:millstone/string_from_black_wool","线","kaleidoscope_cookery:millstone","自定义工序（kaleidoscope_cookery:millstone）","线","minecraft:string","3","否","","","","","","原料：黑色羊毛 <minecraft:black_wool>",""
"spawn","spawn:sea_pickle_from_big_sea_pickle","海泡菜","minecraft:crafting_shaped","工作台（有序合成）","海泡菜","minecraft:sea_pickle","4","否","","","","","","[空原料或模组自定义参数]",""
"farmersdelight","farmersdelight:book_from_canvas","书","minecraft:crafting_shapeless","工作台（无序合成）","书","minecraft:book","1","否","","","","","","原料：纸 <minecraft:paper>；原料：纸 <minecraft:paper>；原料：纸 <minecraft:paper>；原料：粗布 <farmersdelight:canvas>",""
"spawn","spawn:reefstone_wall_from_reefstone_stonecutting","礁石墙","minecraft:stonecutting","自定义工序（minecraft:stonecutting）","礁石墙","spawn:reefstone_wall","1","否","","","","","","原料：礁石 <spawn:reefstone>",""
"spawn","spawn:cooked_tuna_slice_from_smoking","熟金枪鱼片","minecraft:smoking","烟熏炉","熟金枪鱼片","spawn:cooked_tuna_slice","1","是","4","4","","0.35","100","原料：金枪鱼片 <spawn:tuna_slice>",""
"kaleidoscope_cookery","kaleidoscope_cookery:millstone/green_dye_from_fern","绿色染料","kaleidoscope_cookery:millstone","自定义工序（kaleidoscope_cookery:millstone）","绿色染料","minecraft:green_dye","1","否","","","","","","原料：蕨 <minecraft:fern>",""
"farmersdelight","farmersdelight:red_hanging_canvas_sign","悬挂式红色粗布告示牌","minecraft:crafting_shapeless","工作台（无序合成）","悬挂式红色粗布告示牌","farmersdelight:red_hanging_canvas_sign","1","否","","","","","","原料：#farmersdelight:hanging_canvas_signs；原料：#c:dyes/red",""
"farmersdelight","farmersdelight:cutting/bamboo_basket","粗布","farmersdelight:cutting","切菜板","粗布","farmersdelight:canvas","1","否","","","","","","原料：竹篮 <farmersdelight:bamboo_basket>；工具：{""type"":""farmersdelight:item_ability"",""action"":""axe_dig""}；工具：#minecraft:axes",""
"kaleidoscope_cookery","kaleidoscope_cookery:chopping_board/cooked_cut_small_meats_from_rabbit","熟切制小肉","kaleidoscope_cookery:chopping_board","自定义工序（kaleidoscope_cookery:chopping_board）","熟切制小肉","kaleidoscope_cookery:cooked_cut_small_meats","2","是","4","6.4","","","","原料：熟兔肉 <minecraft:cooked_rabbit>",""
"farmersdelight","farmersdelight:organic_compost_from_rotten_flesh","有机堆肥","minecraft:crafting_shapeless","工作台（无序合成）","有机堆肥","farmersdelight:organic_compost","1","否","","","","","","原料：泥土 <minecraft:dirt>；原料：腐肉 <minecraft:rotten_flesh>；原料：腐肉 <minecraft:rotten_flesh>；原料：草秆 <farmersdelight:straw>；原料：草秆 <farmersdelight:straw>；原料：骨粉 <minecraft:bone_meal>；原料：骨粉 <minecraft:bone_meal>；原料：骨粉 <minecraft:bone_meal>；原料：骨粉 <minecraft:bone_meal>",""
"spawn","spawn:heliostone_slab","日光石台阶","minecraft:crafting_shaped","工作台（有序合成）","日光石台阶","spawn:heliostone_slab","6","否","","","","","","[空原料或模组自定义参数]；[空原料或模组自定义参数]；[空原料或模组自定义参数]",""
"spawn","spawn:date_sign","椰枣木告示牌","minecraft:crafting_shaped","工作台（有序合成）","椰枣木告示牌","spawn:date_sign","3","否","","","","","","[空原料或模组自定义参数]；[空原料或模组自定义参数]；[空原料或模组自定义参数]；[空原料或模组自定义参数]；[空原料或模组自定义参数]；[空原料或模组自定义参数]；[空原料或模组自定义参数]；[空原料或模组自定义参数]；[空原料或模组自定义参数]",""
"kaleidoscope_cookery","kaleidoscope_cookery:stockpot/red_mushroom_pot_soup","红蘑菇瓦罐汤","kaleidoscope_cookery:stockpot","万花筒汤锅","红蘑菇瓦罐汤","kaleidoscope_cookery:red_mushroom_pot_soup","1","是","18","24.012","温暖 6000tick 1级 概率1","","","原料：红色蘑菇 <minecraft:red_mushroom>；原料：红色蘑菇 <minecraft:red_mushroom>；原料：红色蘑菇 <minecraft:red_mushroom>；原料：红色蘑菇 <minecraft:red_mushroom>；原料：红色蘑菇 <minecraft:red_mushroom>；原料：红色蘑菇 <minecraft:red_mushroom>；容器/载体：花盆 <minecraft:flower_pot>",""
"spawn","spawn:heliostone_wall_stonecutting","日光石墙","minecraft:stonecutting","自定义工序（minecraft:stonecutting）","日光石墙","spawn:heliostone_wall","1","否","","","","","","原料：日光石 <spawn:heliostone>",""
"kaleidoscope_cookery","kaleidoscope_cookery:table_bamboo","竹餐桌","minecraft:crafting_shaped","工作台（有序合成）","竹餐桌","kaleidoscope_cookery:table_bamboo","1","否","","","","","","[空原料或模组自定义参数]；[空原料或模组自定义参数]；[空原料或模组自定义参数]；[空原料或模组自定义参数]；[空原料或模组自定义参数]；[空原料或模组自定义参数]",""
"kaleidoscope_cookery","kaleidoscope_cookery:teapot/sakura_fubuki","樱吹雪","kaleidoscope_cookery:teapot","自定义工序（kaleidoscope_cookery:teapot）","樱吹雪","kaleidoscope_cookery:sakura_fubuki","1","否","","","","","","原料：粉红色花簇 <minecraft:pink_petals>",""
"spawn","spawn:rotten_pressure_plate","腐木压力板","minecraft:crafting_shaped","工作台（有序合成）","腐木压力板","spawn:rotten_pressure_plate","1","否","","","","","","[空原料或模组自定义参数]；[空原料或模组自定义参数]",""
"kaleidoscope_cookery","kaleidoscope_cookery:cook_stool_mangrove","红树木厨娘凳","minecraft:crafting_shaped","工作台（有序合成）","红树木厨娘凳","kaleidoscope_cookery:cook_stool_mangrove","1","否","","","","","","[空原料或模组自定义参数]；[空原料或模组自定义参数]；[空原料或模组自定义参数]；[空原料或模组自定义参数]；[空原料或模组自定义参数]；[空原料或模组自定义参数]",""
"farmersdelight","farmersdelight:rope_fence","绳栅栏","minecraft:crafting_shaped","工作台（有序合成）","绳栅栏","farmersdelight:rope_fence","3","否","","","","","","[空原料或模组自定义参数]；[空原料或模组自定义参数]；[空原料或模组自定义参数]；[空原料或模组自定义参数]；[空原料或模组自定义参数]；[空原料或模组自定义参数]",""
"kaleidoscope_cookery","kaleidoscope_cookery:flex_pot/oil_splashed_fish","油泼鱼","kaleidoscope_cookery:flex_pot","自定义工序（kaleidoscope_cookery:flex_pot）","油泼鱼","kaleidoscope_cookery:oil_splashed_fish","1","是","13","15.99","温暖 1600tick 1级 概率1","","","原料：#c:raw_fishes；原料：#c:crops/chilipepper；容器/载体：碗 <minecraft:bowl>",""
"kaleidoscope_cookery","kaleidoscope_cookery:chopping_board/cooked_lamb_chops","熟羊排","kaleidoscope_cookery:chopping_board","自定义工序（kaleidoscope_cookery:chopping_board）","熟羊排","kaleidoscope_cookery:cooked_lamb_chops","2","是","3","4.8","","","","原料：熟羊肉 <minecraft:cooked_mutton>",""
"farmersdelight","farmersdelight:cutting/apple_pie","苹果派切片","farmersdelight:cutting","切菜板","苹果派切片","farmersdelight:apple_pie_slice","4","是","3","1.8000001","迅捷 600tick 1级 概率1","","","原料：苹果派 <farmersdelight:apple_pie>；工具：{""type"":""farmersdelight:item_ability"",""action"":""knife_dig""}；工具：#c:tools/knife",""
"kaleidoscope_cookery","kaleidoscope_cookery:pot/chorus_fried_egg","荷包紫颂烧","kaleidoscope_cookery:pot","自定义工序（kaleidoscope_cookery:pot）","荷包紫颂烧","kaleidoscope_cookery:chorus_fried_egg","1","是","9","0","胀气 700tick 1级 概率1","","","原料：紫颂果 <minecraft:chorus_fruit>；原料：紫颂果 <minecraft:chorus_fruit>；原料：紫颂果 <minecraft:chorus_fruit>；原料：#c:eggs；原料：#c:eggs；原料：#c:eggs；容器/载体：碗 <minecraft:bowl>",""
"kaleidoscope_cookery","kaleidoscope_cookery:pot/raw_cow_offal_to_cooked_cow_offal_5","熟牛杂","kaleidoscope_cookery:pot","自定义工序（kaleidoscope_cookery:pot）","熟牛杂","kaleidoscope_cookery:cooked_cow_offal","5","是","4","6.4","","","","原料：生牛杂 <kaleidoscope_cookery:raw_cow_offal>；原料：生牛杂 <kaleidoscope_cookery:raw_cow_offal>；原料：生牛杂 <kaleidoscope_cookery:raw_cow_offal>；原料：生牛杂 <kaleidoscope_cookery:raw_cow_offal>；原料：生牛杂 <kaleidoscope_cookery:raw_cow_offal>",""
"kaleidoscope_cookery","kaleidoscope_cookery:flex_pot/slime_ball_meal","黏液饭","kaleidoscope_cookery:flex_pot","自定义工序（kaleidoscope_cookery:flex_pot）","黏液饭","kaleidoscope_cookery:slime_ball_meal","1","是","9","0","胀气 700tick 1级 概率1","","","原料：黏液球 <minecraft:slime_ball>；容器/载体：碗 <minecraft:bowl>",""
"kaleidoscope_cookery","kaleidoscope_cookery:pot/raw_cow_offal_to_cooked_cow_offal_6","熟牛杂","kaleidoscope_cookery:pot","自定义工序（kaleidoscope_cookery:pot）","熟牛杂","kaleidoscope_cookery:cooked_cow_offal","6","是","4","6.4","","","","原料：生牛杂 <kaleidoscope_cookery:raw_cow_offal>；原料：生牛杂 <kaleidoscope_cookery:raw_cow_offal>；原料：生牛杂 <kaleidoscope_cookery:raw_cow_offal>；原料：生牛杂 <kaleidoscope_cookery:raw_cow_offal>；原料：生牛杂 <kaleidoscope_cookery:raw_cow_offal>；原料：生牛杂 <kaleidoscope_cookery:raw_cow_offal>",""
"kaleidoscope_cookery","kaleidoscope_cookery:pot/raw_cow_offal_to_cooked_cow_offal_3","熟牛杂","kaleidoscope_cookery:pot","自定义工序（kaleidoscope_cookery:pot）","熟牛杂","kaleidoscope_cookery:cooked_cow_offal","3","是","4","6.4","","","","原料：生牛杂 <kaleidoscope_cookery:raw_cow_offal>；原料：生牛杂 <kaleidoscope_cookery:raw_cow_offal>；原料：生牛杂 <kaleidoscope_cookery:raw_cow_offal>",""
"kaleidoscope_cookery","kaleidoscope_cookery:pot/raw_cow_offal_to_cooked_cow_offal_4","熟牛杂","kaleidoscope_cookery:pot","自定义工序（kaleidoscope_cookery:pot）","熟牛杂","kaleidoscope_cookery:cooked_cow_offal","4","是","4","6.4","","","","原料：生牛杂 <kaleidoscope_cookery:raw_cow_offal>；原料：生牛杂 <kaleidoscope_cookery:raw_cow_offal>；原料：生牛杂 <kaleidoscope_cookery:raw_cow_offal>；原料：生牛杂 <kaleidoscope_cookery:raw_cow_offal>",""
"kaleidoscope_cookery","kaleidoscope_cookery:pot/raw_cow_offal_to_cooked_cow_offal_9","熟牛杂","kaleidoscope_cookery:pot","自定义工序（kaleidoscope_cookery:pot）","熟牛杂","kaleidoscope_cookery:cooked_cow_offal","9","是","4","6.4","","","","原料：生牛杂 <kaleidoscope_cookery:raw_cow_offal>；原料：生牛杂 <kaleidoscope_cookery:raw_cow_offal>；原料：生牛杂 <kaleidoscope_cookery:raw_cow_offal>；原料：生牛杂 <kaleidoscope_cookery:raw_cow_offal>；原料：生牛杂 <kaleidoscope_cookery:raw_cow_offal>；原料：生牛杂 <kaleidoscope_cookery:raw_cow_offal>；原料：生牛杂 <kaleidoscope_cookery:raw_cow_offal>；原料：生牛杂 <kaleidoscope_cookery:raw_cow_offal>；原料：生牛杂 <kaleidoscope_cookery:raw_cow_offal>",""
"kaleidoscope_cookery","kaleidoscope_cookery:pot/raw_cow_offal_to_cooked_cow_offal_7","熟牛杂","kaleidoscope_cookery:pot","自定义工序（kaleidoscope_cookery:pot）","熟牛杂","kaleidoscope_cookery:cooked_cow_offal","7","是","4","6.4","","","","原料：生牛杂 <kaleidoscope_cookery:raw_cow_offal>；原料：生牛杂 <kaleidoscope_cookery:raw_cow_offal>；原料：生牛杂 <kaleidoscope_cookery:raw_cow_offal>；原料：生牛杂 <kaleidoscope_cookery:raw_cow_offal>；原料：生牛杂 <kaleidoscope_cookery:raw_cow_offal>；原料：生牛杂 <kaleidoscope_cookery:raw_cow_offal>；原料：生牛杂 <kaleidoscope_cookery:raw_cow_offal>",""
"kaleidoscope_cookery","kaleidoscope_cookery:pot/raw_cow_offal_to_cooked_cow_offal_8","熟牛杂","kaleidoscope_cookery:pot","自定义工序（kaleidoscope_cookery:pot）","熟牛杂","kaleidoscope_cookery:cooked_cow_offal","8","是","4","6.4","","","","原料：生牛杂 <kaleidoscope_cookery:raw_cow_offal>；原料：生牛杂 <kaleidoscope_cookery:raw_cow_offal>；原料：生牛杂 <kaleidoscope_cookery:raw_cow_offal>；原料：生牛杂 <kaleidoscope_cookery:raw_cow_offal>；原料：生牛杂 <kaleidoscope_cookery:raw_cow_offal>；原料：生牛杂 <kaleidoscope_cookery:raw_cow_offal>；原料：生牛杂 <kaleidoscope_cookery:raw_cow_offal>；原料：生牛杂 <kaleidoscope_cookery:raw_cow_offal>",""
"kaleidoscope_cookery","kaleidoscope_cookery:pot/raw_cow_offal_to_cooked_cow_offal_1","熟牛杂","kaleidoscope_cookery:pot","自定义工序（kaleidoscope_cookery:pot）","熟牛杂","kaleidoscope_cookery:cooked_cow_offal","1","是","4","6.4","","","","原料：生牛杂 <kaleidoscope_cookery:raw_cow_offal>",""
"kaleidoscope_cookery","kaleidoscope_cookery:pot/raw_cow_offal_to_cooked_cow_offal_2","熟牛杂","kaleidoscope_cookery:pot","自定义工序（kaleidoscope_cookery:pot）","熟牛杂","kaleidoscope_cookery:cooked_cow_offal","2","是","4","6.4","","","","原料：生牛杂 <kaleidoscope_cookery:raw_cow_offal>；原料：生牛杂 <kaleidoscope_cookery:raw_cow_offal>",""
"farmersdelight","farmersdelight:bacon_and_eggs","培根蛋","minecraft:crafting_shapeless","工作台（无序合成）","培根蛋","farmersdelight:bacon_and_eggs","1","是","10","12","滋养 1200tick 1级 概率1","","","原料：#c:foods/cooked_bacon；原料：#c:foods/cooked_bacon；原料：碗 <minecraft:bowl>；原料：#c:foods/cooked_egg；原料：#c:foods/cooked_egg",""
"kaleidoscope_cookery","kaleidoscope_cookery:millstone/smooth_stone_from_cobblestone","平滑石头","kaleidoscope_cookery:millstone","自定义工序（kaleidoscope_cookery:millstone）","平滑石头","minecraft:smooth_stone","1","否","","","","","","原料：圆石 <minecraft:cobblestone>",""
"kaleidoscope_cookery","kaleidoscope_cookery:stove_campfire","炉灶","minecraft:crafting_shaped","工作台（有序合成）","炉灶","kaleidoscope_cookery:stove","1","否","","","","","","[空原料或模组自定义参数]；[空原料或模组自定义参数]；[空原料或模组自定义参数]；[空原料或模组自定义参数]；[空原料或模组自定义参数]；[空原料或模组自定义参数]；[空原料或模组自定义参数]；[空原料或模组自定义参数]；[空原料或模组自定义参数]",""
"kaleidoscope_cookery","kaleidoscope_cookery:flex_pot/stuffed_tiger_skin_pepper","虎皮青椒酿肉","kaleidoscope_cookery:flex_pot","自定义工序（kaleidoscope_cookery:flex_pot）","虎皮青椒酿肉","kaleidoscope_cookery:stuffed_tiger_skin_pepper","1","是","13","15.99","温暖 1600tick 1级 概率1","","","原料：青辣椒 <kaleidoscope_cookery:green_chili>；原料：生切制小肉 <kaleidoscope_cookery:raw_cut_small_meats>；容器/载体：碗 <minecraft:bowl>",""
"kaleidoscope_cookery","kaleidoscope_cookery:pot/stir_fried_pork_with_peppers","青椒炒肉","kaleidoscope_cookery:pot","自定义工序（kaleidoscope_cookery:pot）","青椒炒肉","kaleidoscope_cookery:stir_fried_pork_with_peppers","1","是","9","10.998","活力 1800tick 1级 概率1","","","原料：青辣椒 <kaleidoscope_cookery:green_chili>；原料：青辣椒 <kaleidoscope_cookery:green_chili>；原料：青辣椒 <kaleidoscope_cookery:green_chili>；原料：#c:foods/raw_pork；原料：#c:foods/raw_pork；原料：#c:foods/raw_pork；容器/载体：碗 <minecraft:bowl>",""
"kaleidoscope_cookery","kaleidoscope_cookery:millstone/string_from_red_wool","线","kaleidoscope_cookery:millstone","自定义工序（kaleidoscope_cookery:millstone）","线","minecraft:string","3","否","","","","","","原料：红色羊毛 <minecraft:red_wool>",""
"farmersdelight","farmersdelight:pot/add/cooked_cod_slice","熟鳕鱼片","kaleidoscope_cookery:pot","自定义工序（kaleidoscope_cookery:pot）","熟鳕鱼片","farmersdelight:cooked_cod_slice","1","是","3","3","","","","原料：生鳕鱼片 <farmersdelight:cod_slice>",""
"farmersdelight","farmersdelight:stockpot/modify/pumpkin_soup","南瓜汤","kaleidoscope_cookery:stockpot","万花筒汤锅","南瓜汤","farmersdelight:pumpkin_soup","1","是","14","21","滋养 6000tick 1级 概率1","","","原料：南瓜片 <farmersdelight:pumpkin_slice>；原料：#c:foods/leafy_green；原料：#c:foods/raw_pork",""
"farmersdelight","farmersdelight:cutting/mangrove_log","去皮红树原木","farmersdelight:cutting","切菜板","去皮红树原木","minecraft:stripped_mangrove_log","1","否","","","","","","原料：红树原木 <minecraft:mangrove_log>；工具：{""type"":""farmersdelight:item_ability"",""action"":""axe_strip""}；工具：#minecraft:axes",""
"farmersdelight","farmersdelight:chopping_board/add/chocolate_pie_slice","巧克力派切片","kaleidoscope_cookery:chopping_board","自定义工序（kaleidoscope_cookery:chopping_board）","巧克力派切片","farmersdelight:chocolate_pie_slice","4","是","3","1.8000001","迅捷 600tick 1级 概率1","","","原料：巧克力派 <farmersdelight:chocolate_pie>",""
"kaleidoscope_cookery","kaleidoscope_cookery:pot/scramble_egg_with_tomatoes","番茄炒蛋","kaleidoscope_cookery:pot","自定义工序（kaleidoscope_cookery:pot）","番茄炒蛋","kaleidoscope_cookery:scramble_egg_with_tomatoes","1","是","9","10.998","活力 1800tick 1级 概率1","","","原料：#c:eggs；原料：#c:eggs；原料：#c:eggs；原料：#c:crops/tomato；原料：#c:crops/tomato；原料：#c:crops/tomato；容器/载体：碗 <minecraft:bowl>",""
"farmersdelight","farmersdelight:salvaging/leather_armor","皮革","farmersdelight:cutting","切菜板","皮革","minecraft:leather","1","否","","","","","","原料：{""type"":""neoforge:compound"",""children"":[{""item"":""minecraft:leather_helmet""},{""item"":""minecraft:leather_chestplate""},{""item"":""minecraft:leather_leggings""},{""item"":""minecraft:leather_boots""}]}；工具：{""type"":""farmersdelight:item_ability"",""action"":""shears_dig""}；工具：#c:tools/shear",""
"kaleidoscope_cookery","kaleidoscope_cookery:pot/candied_potato","拔丝土豆","kaleidoscope_cookery:pot","自定义工序（kaleidoscope_cookery:pot）","拔丝土豆","kaleidoscope_cookery:candied_potato","1","是","20","22","温暖 1600tick 1级 概率1","","","原料：马铃薯 <minecraft:potato>；原料：马铃薯 <minecraft:potato>；原料：马铃薯 <minecraft:potato>；原料：马铃薯 <minecraft:potato>；原料：糖 <minecraft:sugar>；原料：糖 <minecraft:sugar>；容器/载体：碗 <minecraft:bowl>",""
"spawn","spawn:cutting/rotten_log","去皮腐木原木","farmersdelight:cutting","切菜板","去皮腐木原木","spawn:stripped_rotten_log","1","否","","","","","","原料：腐木原木 <spawn:rotten_log>；工具：{""type"":""farmersdelight:item_ability"",""action"":""axe_strip""}",""
"spawn","spawn:reefstone_stairs_from_reefstone_stonecutting","礁石楼梯","minecraft:stonecutting","自定义工序（minecraft:stonecutting）","礁石楼梯","spawn:reefstone_stairs","1","否","","","","","","原料：礁石 <spawn:reefstone>",""
"kaleidoscope_cookery","kaleidoscope_cookery:millstone/flour_from_wheat","面粉","kaleidoscope_cookery:millstone","自定义工序（kaleidoscope_cookery:millstone）","面粉","kaleidoscope_cookery:flour","1","否","","","","","","原料：小麦 <minecraft:wheat>",""
"kaleidoscope_cookery","kaleidoscope_cookery:stockpot/chicken_and_mushroom_stew","小鸡炖蘑菇","kaleidoscope_cookery:stockpot","万花筒汤锅","小鸡炖蘑菇","kaleidoscope_cookery:chicken_and_mushroom_stew","1","是","6","8.004","温暖 9600tick 1级 概率1","","","原料：#c:foods/raw_chicken；原料：#c:foods/raw_chicken；原料：#c:mushrooms；原料：#c:mushrooms；原料：#c:mushrooms",""
"farmersdelight","farmersdelight:cutting/cake","蛋糕切片","farmersdelight:cutting","切菜板","蛋糕切片","farmersdelight:cake_slice","7","是","2","0.4","迅捷 400tick 1级 概率1","","","原料：蛋糕 <minecraft:cake>；工具：{""type"":""farmersdelight:item_ability"",""action"":""knife_dig""}；工具：#c:tools/knife",""
"kaleidoscope_cookery","kaleidoscope_cookery:millstone/pink_dye_from_pink_petals","粉红色染料","kaleidoscope_cookery:millstone","自定义工序（kaleidoscope_cookery:millstone）","粉红色染料","minecraft:pink_dye","2","否","","","","","","原料：粉红色花簇 <minecraft:pink_petals>",""
"kaleidoscope_cookery","kaleidoscope_cookery:millstone/quartz_from_quartz_bricks","下界石英","kaleidoscope_cookery:millstone","自定义工序（kaleidoscope_cookery:millstone）","下界石英","minecraft:quartz","3","否","","","","","","原料：石英砖 <minecraft:quartz_bricks>",""
"farmersdelight","farmersdelight:cutting/sweet_berry_cheesecake","甜浆果芝士派切片","farmersdelight:cutting","切菜板","甜浆果芝士派切片","farmersdelight:sweet_berry_cheesecake_slice","4","是","3","1.8000001","迅捷 600tick 1级 概率1","","","原料：甜浆果芝士派 <farmersdelight:sweet_berry_cheesecake>；工具：{""type"":""farmersdelight:item_ability"",""action"":""knife_dig""}；工具：#c:tools/knife",""
"spawn","spawn:ant_farm","蚂蚁农场","minecraft:crafting_shaped","工作台（有序合成）","蚂蚁农场","spawn:ant_farm","1","否","","","","","","[空原料或模组自定义参数]；[空原料或模组自定义参数]；[空原料或模组自定义参数]；[空原料或模组自定义参数]；[空原料或模组自定义参数]；[空原料或模组自定义参数]；[空原料或模组自定义参数]；[空原料或模组自定义参数]；[空原料或模组自定义参数]",""
"kaleidoscope_cookery","kaleidoscope_cookery:cold_roasted_meat","冷肉炙","minecraft:crafting_shapeless","工作台（无序合成）","冷肉炙","kaleidoscope_cookery:cold_roasted_meat","1","是","16","25.6","","","","原料：牛排 <minecraft:cooked_beef>；原料：牛排 <minecraft:cooked_beef>；原料：牛排 <minecraft:cooked_beef>；原料：碗 <minecraft:bowl>",""
"spawn","spawn:reefstone_tile_slab_from_reefstone_stonecutting","礁石台阶","minecraft:stonecutting","自定义工序（minecraft:stonecutting）","礁石台阶","spawn:reefstone_tile_slab","2","否","","","","","","原料：礁石 <spawn:reefstone>",""
"spawn","spawn:sunflower_seeds_from_vanilla_sunflower","向日葵种子","minecraft:crafting_shapeless","工作台（无序合成）","向日葵种子","spawn:sunflower_seeds","3","否","","","","","","原料：向日葵 <minecraft:sunflower>；原料：向日葵 <minecraft:sunflower>",""
"kaleidoscope_cookery","kaleidoscope_cookery:millstone/magenta_dye_from_lilac","品红色染料","kaleidoscope_cookery:millstone","自定义工序（kaleidoscope_cookery:millstone）","品红色染料","minecraft:magenta_dye","3","否","","","","","","原料：丁香 <minecraft:lilac>",""
"farmersdelight","farmersdelight:kelp_roll","海带寿司卷","minecraft:crafting_shaped","工作台（有序合成）","海带寿司卷","farmersdelight:kelp_roll","1","是","12","12","","","","[空原料或模组自定义参数]；[空原料或模组自定义参数]；[空原料或模组自定义参数]；[空原料或模组自定义参数]；[空原料或模组自定义参数]；[空原料或模组自定义参数]",""
"farmersdelight","farmersdelight:carrot_from_crate","胡萝卜","minecraft:crafting_shapeless","工作台（无序合成）","胡萝卜","minecraft:carrot","9","是","3","3.6000001","","","","原料：箱装胡萝卜 <farmersdelight:carrot_crate>",""
"kaleidoscope_cookery","kaleidoscope_cookery:pot/stuffed_tiger_skin_pepper","虎皮青椒酿肉","kaleidoscope_cookery:pot","自定义工序（kaleidoscope_cookery:pot）","虎皮青椒酿肉","kaleidoscope_cookery:stuffed_tiger_skin_pepper","1","是","13","15.99","温暖 1600tick 1级 概率1","","","原料：青辣椒 <kaleidoscope_cookery:green_chili>；原料：青辣椒 <kaleidoscope_cookery:green_chili>；原料：青辣椒 <kaleidoscope_cookery:green_chili>；原料：青辣椒 <kaleidoscope_cookery:green_chili>；原料：生切制小肉 <kaleidoscope_cookery:raw_cut_small_meats>；原料：生切制小肉 <kaleidoscope_cookery:raw_cut_small_meats>；原料：生切制小肉 <kaleidoscope_cookery:raw_cut_small_meats>；原料：生切制小肉 <kaleidoscope_cookery:raw_cut_small_meats>；容器/载体：碗 <minecraft:bowl>",""
"farmersdelight","farmersdelight:salvaging/birch_chest_boat","白桦木船","farmersdelight:cutting","切菜板","白桦木船","minecraft:birch_boat","1","否","","","","","","原料：白桦木运输船 <minecraft:birch_chest_boat>；工具：{""type"":""farmersdelight:item_ability"",""action"":""hoe_dig""}；工具：#minecraft:hoes",""
"spawn","spawn:algal_reefstone_wall","藻礁石墙","minecraft:crafting_shaped","工作台（有序合成）","藻礁石墙","spawn:algal_reefstone_wall","6","否","","","","","","[空原料或模组自定义参数]；[空原料或模组自定义参数]；[空原料或模组自定义参数]；[空原料或模组自定义参数]；[空原料或模组自定义参数]；[空原料或模组自定义参数]",""
"spawn","spawn:cutting/rotten_planks","裂纹腐木木板","farmersdelight:cutting","切菜板","裂纹腐木木板","spawn:cracked_rotten_planks","1","否","","","","","","原料：腐木木板 <spawn:rotten_planks>；工具：{""type"":""farmersdelight:item_ability"",""action"":""axe_strip""}",""
"farmersdelight","farmersdelight:salvaging/cherry_furniture","樱花木板","farmersdelight:cutting","切菜板","樱花木板","minecraft:cherry_planks","1","否","","","","","","原料：{""type"":""neoforge:compound"",""children"":[{""item"":""minecraft:cherry_door""},{""item"":""minecraft:cherry_trapdoor""},{""item"":""minecraft:cherry_sign""},{""item"":""minecraft:cherry_hanging_sign""},{""item"":""minecraft:cherry_fence""},{""item"":""minecraft:cherry_fence_gate""},{""item"":""minecraft:cherry_pressure_plate""},{""item"":""minecraft:cherry_button""},{""item"":""minecraft:cherry_boat""},{""item"":""farmersdelight:cherry_cabinet""}]}；工具：{""type"":""farmersdelight:item_ability"",""action"":""axe_dig""}；工具：#minecraft:axes",""
"farmersdelight","farmersdelight:salvaging/jungle_chest_boat","丛林木船","farmersdelight:cutting","切菜板","丛林木船","minecraft:jungle_boat","1","否","","","","","","原料：丛林木运输船 <minecraft:jungle_chest_boat>；工具：{""type"":""farmersdelight:item_ability"",""action"":""hoe_dig""}；工具：#minecraft:hoes",""
"farmersdelight","farmersdelight:cutting/crimson_stem","去皮绯红菌柄","farmersdelight:cutting","切菜板","去皮绯红菌柄","minecraft:stripped_crimson_stem","1","否","","","","","","原料：绯红菌柄 <minecraft:crimson_stem>；工具：{""type"":""farmersdelight:item_ability"",""action"":""axe_strip""}；工具：#minecraft:axes",""
"farmersdelight","farmersdelight:salvaging/spruce_furniture","云杉木板","farmersdelight:cutting","切菜板","云杉木板","minecraft:spruce_planks","1","否","","","","","","原料：{""type"":""neoforge:compound"",""children"":[{""item"":""minecraft:spruce_door""},{""item"":""minecraft:spruce_trapdoor""},{""item"":""minecraft:spruce_sign""},{""item"":""minecraft:spruce_hanging_sign""},{""item"":""minecraft:spruce_fence""},{""item"":""minecraft:spruce_fence_gate""},{""item"":""minecraft:spruce_pressure_plate""},{""item"":""minecraft:spruce_button""},{""item"":""minecraft:spruce_boat""},{""item"":""farmersdelight:spruce_cabinet""}]}；工具：{""type"":""farmersdelight:item_ability"",""action"":""axe_dig""}；工具：#minecraft:axes",""
"kaleidoscope_cookery","kaleidoscope_cookery:millstone/sand_from_gravel","沙子","kaleidoscope_cookery:millstone","自定义工序（kaleidoscope_cookery:millstone）","沙子","minecraft:sand","1","否","","","","","","原料：#c:gravels",""
"farmersdelight","farmersdelight:chopping_board/add/apple_pie_slice","苹果派切片","kaleidoscope_cookery:chopping_board","自定义工序（kaleidoscope_cookery:chopping_board）","苹果派切片","farmersdelight:apple_pie_slice","4","是","3","1.8000001","迅捷 600tick 1级 概率1","","","原料：苹果派 <farmersdelight:apple_pie>",""
"farmersdelight","farmersdelight:chopping_board/add/kelp_roll_slice","海带寿司","kaleidoscope_cookery:chopping_board","自定义工序（kaleidoscope_cookery:chopping_board）","海带寿司","farmersdelight:kelp_roll_slice","3","是","6","6","","","","原料：海带寿司卷 <farmersdelight:kelp_roll>",""
"kaleidoscope_cookery","kaleidoscope_cookery:stockpot/dumpling_count_1","饺子","kaleidoscope_cookery:stockpot","万花筒汤锅","饺子","kaleidoscope_cookery:dumpling","1","是","8","16","温暖 1600tick 1级 概率1","","","原料：裹馅面食 <kaleidoscope_cookery:stuffed_dough_food>",""
"kaleidoscope_cookery","kaleidoscope_cookery:stockpot/dumpling_count_2","饺子","kaleidoscope_cookery:stockpot","万花筒汤锅","饺子","kaleidoscope_cookery:dumpling","2","是","8","16","温暖 1600tick 1级 概率1","","","原料：裹馅面食 <kaleidoscope_cookery:stuffed_dough_food>；原料：裹馅面食 <kaleidoscope_cookery:stuffed_dough_food>",""
"kaleidoscope_cookery","kaleidoscope_cookery:stockpot/dumpling_count_3","饺子","kaleidoscope_cookery:stockpot","万花筒汤锅","饺子","kaleidoscope_cookery:dumpling","3","是","8","16","温暖 1600tick 1级 概率1","","","原料：裹馅面食 <kaleidoscope_cookery:stuffed_dough_food>；原料：裹馅面食 <kaleidoscope_cookery:stuffed_dough_food>；原料：裹馅面食 <kaleidoscope_cookery:stuffed_dough_food>",""
"kaleidoscope_cookery","kaleidoscope_cookery:stockpot/dumpling_count_4","饺子","kaleidoscope_cookery:stockpot","万花筒汤锅","饺子","kaleidoscope_cookery:dumpling","4","是","8","16","温暖 1600tick 1级 概率1","","","原料：裹馅面食 <kaleidoscope_cookery:stuffed_dough_food>；原料：裹馅面食 <kaleidoscope_cookery:stuffed_dough_food>；原料：裹馅面食 <kaleidoscope_cookery:stuffed_dough_food>；原料：裹馅面食 <kaleidoscope_cookery:stuffed_dough_food>",""
"kaleidoscope_cookery","kaleidoscope_cookery:stockpot/dumpling_count_5","饺子","kaleidoscope_cookery:stockpot","万花筒汤锅","饺子","kaleidoscope_cookery:dumpling","5","是","8","16","温暖 1600tick 1级 概率1","","","原料：裹馅面食 <kaleidoscope_cookery:stuffed_dough_food>；原料：裹馅面食 <kaleidoscope_cookery:stuffed_dough_food>；原料：裹馅面食 <kaleidoscope_cookery:stuffed_dough_food>；原料：裹馅面食 <kaleidoscope_cookery:stuffed_dough_food>；原料：裹馅面食 <kaleidoscope_cookery:stuffed_dough_food>",""
"kaleidoscope_cookery","kaleidoscope_cookery:stockpot/dumpling_count_6","饺子","kaleidoscope_cookery:stockpot","万花筒汤锅","饺子","kaleidoscope_cookery:dumpling","6","是","8","16","温暖 1600tick 1级 概率1","","","原料：裹馅面食 <kaleidoscope_cookery:stuffed_dough_food>；原料：裹馅面食 <kaleidoscope_cookery:stuffed_dough_food>；原料：裹馅面食 <kaleidoscope_cookery:stuffed_dough_food>；原料：裹馅面食 <kaleidoscope_cookery:stuffed_dough_food>；原料：裹馅面食 <kaleidoscope_cookery:stuffed_dough_food>；原料：裹馅面食 <kaleidoscope_cookery:stuffed_dough_food>",""
"kaleidoscope_cookery","kaleidoscope_cookery:stockpot/dumpling_count_7","饺子","kaleidoscope_cookery:stockpot","万花筒汤锅","饺子","kaleidoscope_cookery:dumpling","7","是","8","16","温暖 1600tick 1级 概率1","","","原料：裹馅面食 <kaleidoscope_cookery:stuffed_dough_food>；原料：裹馅面食 <kaleidoscope_cookery:stuffed_dough_food>；原料：裹馅面食 <kaleidoscope_cookery:stuffed_dough_food>；原料：裹馅面食 <kaleidoscope_cookery:stuffed_dough_food>；原料：裹馅面食 <kaleidoscope_cookery:stuffed_dough_food>；原料：裹馅面食 <kaleidoscope_cookery:stuffed_dough_food>；原料：裹馅面食 <kaleidoscope_cookery:stuffed_dough_food>",""
"kaleidoscope_cookery","kaleidoscope_cookery:stockpot/dumpling_count_8","饺子","kaleidoscope_cookery:stockpot","万花筒汤锅","饺子","kaleidoscope_cookery:dumpling","8","是","8","16","温暖 1600tick 1级 概率1","","","原料：裹馅面食 <kaleidoscope_cookery:stuffed_dough_food>；原料：裹馅面食 <kaleidoscope_cookery:stuffed_dough_food>；原料：裹馅面食 <kaleidoscope_cookery:stuffed_dough_food>；原料：裹馅面食 <kaleidoscope_cookery:stuffed_dough_food>；原料：裹馅面食 <kaleidoscope_cookery:stuffed_dough_food>；原料：裹馅面食 <kaleidoscope_cookery:stuffed_dough_food>；原料：裹馅面食 <kaleidoscope_cookery:stuffed_dough_food>；原料：裹馅面食 <kaleidoscope_cookery:stuffed_dough_food>",""
"farmersdelight","farmersdelight:integration/create/milling/wild_tomatoes","番茄种子","create:milling","自定义工序（create:milling）","番茄种子","kaleidoscope_cookery:tomato_seed","1","否","","","","","","原料：番茄灌木 <farmersdelight:wild_tomatoes>",""
"spawn","spawn:tuna_sandwich_fd","金枪鱼三明治","minecraft:crafting_shapeless","工作台（无序合成）","金枪鱼三明治","spawn:tuna_sandwich","1","是","8","16","","","","原料：面包 <minecraft:bread>；原料：熟金枪鱼块 <spawn:cooked_tuna_chunk>；原料：#c:foods/cabbage；原料：#c:foods/cabbage",""
"kaleidoscope_cookery","kaleidoscope_cookery:flex_stockpot/brown_mushroom_pot_soup","棕蘑菇瓦罐汤","kaleidoscope_cookery:flex_stockpot","自定义工序（kaleidoscope_cookery:flex_stockpot）","棕蘑菇瓦罐汤","kaleidoscope_cookery:brown_mushroom_pot_soup","1","是","18","24.012","温暖 6000tick 1级 概率1","","","原料：棕色蘑菇 <minecraft:brown_mushroom>；容器/载体：花盆 <minecraft:flower_pot>",""
"kaleidoscope_cookery","kaleidoscope_cookery:stockpot/dumpling_count_9","饺子","kaleidoscope_cookery:stockpot","万花筒汤锅","饺子","kaleidoscope_cookery:dumpling","9","是","8","16","温暖 1600tick 1级 概率1","","","原料：裹馅面食 <kaleidoscope_cookery:stuffed_dough_food>；原料：裹馅面食 <kaleidoscope_cookery:stuffed_dough_food>；原料：裹馅面食 <kaleidoscope_cookery:stuffed_dough_food>；原料：裹馅面食 <kaleidoscope_cookery:stuffed_dough_food>；原料：裹馅面食 <kaleidoscope_cookery:stuffed_dough_food>；原料：裹馅面食 <kaleidoscope_cookery:stuffed_dough_food>；原料：裹馅面食 <kaleidoscope_cookery:stuffed_dough_food>；原料：裹馅面食 <kaleidoscope_cookery:stuffed_dough_food>；原料：裹馅面食 <kaleidoscope_cookery:stuffed_dough_food>",""
"kaleidoscope_cookery","kaleidoscope_cookery:flex_stockpot/buddha_jumps_over_the_wall","佛跳墙","kaleidoscope_cookery:flex_stockpot","自定义工序（kaleidoscope_cookery:flex_stockpot）","佛跳墙","kaleidoscope_cookery:buddha_jumps_over_the_wall","1","是","20","22","饱腹代偿 3600tick 1级 概率1","","","原料：#c:eggs；原料：幻翼膜 <minecraft:phantom_membrane>；原料：#c:crops/lettuce；容器/载体：花盆 <minecraft:flower_pot>",""
"kaleidoscope_cookery","kaleidoscope_cookery:pot/sweet_and_sour_ender_pearls","珍珠咕噜肉","kaleidoscope_cookery:pot","自定义工序（kaleidoscope_cookery:pot）","珍珠咕噜肉","kaleidoscope_cookery:sweet_and_sour_ender_pearls","1","是","9","0","胀气 700tick 1级 概率1","","","原料：末影珍珠 <minecraft:ender_pearl>；原料：末影珍珠 <minecraft:ender_pearl>；原料：末影之眼 <minecraft:ender_eye>；容器/载体：碗 <minecraft:bowl>",""
"kaleidoscope_cookery","kaleidoscope_cookery:flex_pot/fondant_pie","翻糖派","kaleidoscope_cookery:flex_pot","自定义工序（kaleidoscope_cookery:flex_pot）","翻糖派","kaleidoscope_cookery:fondant_pie","1","是","20","22","饱腹代偿 1600tick 1级 概率1","","","原料：糖 <minecraft:sugar>；原料：南瓜派 <minecraft:pumpkin_pie>；容器/载体：碗 <minecraft:bowl>",""
"kaleidoscope_cookery","kaleidoscope_cookery:pot/fish_flavored_shredded_pork","鱼香肉丝","kaleidoscope_cookery:pot","自定义工序（kaleidoscope_cookery:pot）","鱼香肉丝","kaleidoscope_cookery:fish_flavored_shredded_pork","1","是","9","10.998","活力 1800tick 1级 概率1","","","原料：#c:mushrooms；原料：#c:mushrooms；原料：#c:foods/raw_pork；原料：#c:foods/raw_pork；原料：#c:crops/chilipepper；原料：#c:crops/chilipepper；容器/载体：碗 <minecraft:bowl>",""
"farmersdelight","farmersdelight:salvaging/stone","圆石","farmersdelight:cutting","切菜板","圆石","minecraft:cobblestone","1","否","","","","","","原料：石头 <minecraft:stone>；工具：{""type"":""farmersdelight:item_ability"",""action"":""pickaxe_dig""}；工具：#minecraft:pickaxes",""
"spawn","spawn:cooked_bluefish_from_campfire_cooking","熟扁鲹","minecraft:campfire_cooking","营火","熟扁鲹","spawn:cooked_bluefish","1","是","6","9.6","","0.35","600","原料：扁鲹 <spawn:bluefish>",""
"kaleidoscope_cookery","kaleidoscope_cookery:flex_stockpot/seafood_miso_soup","海鲜味噌汤","kaleidoscope_cookery:flex_stockpot","自定义工序（kaleidoscope_cookery:flex_stockpot）","海鲜味噌汤","kaleidoscope_cookery:seafood_miso_soup","1","是","6","8.004","水下呼吸 9600tick 1级 概率1","","","原料：#c:raw_fishes；原料：#c:crops/lettuce",""
"spawn","spawn:date_pressure_plate","椰枣木压力板","minecraft:crafting_shaped","工作台（有序合成）","椰枣木压力板","spawn:date_pressure_plate","1","否","","","","","","[空原料或模组自定义参数]；[空原料或模组自定义参数]",""
"kaleidoscope_cookery","kaleidoscope_cookery:stockpot/spicy_blood_stew","毛血旺","kaleidoscope_cookery:stockpot","万花筒汤锅","毛血旺","kaleidoscope_cookery:spicy_blood_stew","1","是","13","15.99","抗火 1600tick 1级 概率1","","","原料：#c:foods/raw_pork；原料：#c:foods/raw_pork；原料：#c:foods/raw_pork；原料：#c:foods/raw_pork；原料：#c:crops/chilipepper；原料：#c:crops/chilipepper；原料：#c:crops/chilipepper；原料：#c:crops/chilipepper；原料：烈焰粉 <minecraft:blaze_powder>",""
"spawn","spawn:slime_ball_from_smelting_mucus","黏液球","minecraft:smelting","熔炉","黏液球","minecraft:slime_ball","1","否","","","","0.7","150","原料：粘痕 <spawn:mucus>",""
"farmersdelight","farmersdelight:red_canvas_sign","红色粗布告示牌","minecraft:crafting_shapeless","工作台（无序合成）","红色粗布告示牌","farmersdelight:red_canvas_sign","1","否","","","","","","原料：#farmersdelight:canvas_signs；原料：#c:dyes/red",""
"farmersdelight","farmersdelight:golden_knife","金刀","minecraft:crafting_shaped","工作台（有序合成）","金刀","farmersdelight:golden_knife","1","否","","","","","","[空原料或模组自定义参数]；[空原料或模组自定义参数]",""
"farmersdelight","farmersdelight:cutting/cabbage","卷心菜叶","farmersdelight:cutting","切菜板","卷心菜叶","farmersdelight:cabbage_leaf","2","是","1","0.8","","","","原料：卷心菜 <farmersdelight:cabbage>；工具：{""type"":""farmersdelight:item_ability"",""action"":""knife_dig""}；工具：#c:tools/knife",""
"kaleidoscope_cookery","kaleidoscope_cookery:flex_pot/egg_fried_rice","蛋炒饭","kaleidoscope_cookery:flex_pot","自定义工序（kaleidoscope_cookery:flex_pot）","蛋炒饭","kaleidoscope_cookery:egg_fried_rice","1","是","8","14","","","","原料：#c:eggs；原料：#c:foods/cooked_rice；容器/载体：碗 <minecraft:bowl>",""
"spawn","spawn:blasted_sandstone_slab_from_blasted_sandstone_stonecutting","荒砂岩台阶","minecraft:stonecutting","自定义工序（minecraft:stonecutting）","荒砂岩台阶","spawn:blasted_sandstone_slab","2","否","","","","","","原料：荒砂岩 <spawn:blasted_sandstone>",""
"farmersdelight","farmersdelight:cutting/oxeye_daisy","淡灰色染料","farmersdelight:cutting","切菜板","淡灰色染料","minecraft:light_gray_dye","2","否","","","","","","原料：滨菊 <minecraft:oxeye_daisy>；工具：{""type"":""farmersdelight:item_ability"",""action"":""knife_dig""}；工具：#c:tools/knife",""
"ordertocook","ordertocook:chair","椅子","minecraft:crafting_shaped","工作台（有序合成）","椅子","ordertocook:chair","1","否","","","","","","[空原料或模组自定义参数]；[空原料或模组自定义参数]；[空原料或模组自定义参数]；[空原料或模组自定义参数]；[空原料或模组自定义参数]；[空原料或模组自定义参数]；[空原料或模组自定义参数]；[空原料或模组自定义参数]；[空原料或模组自定义参数]",""
"kaleidoscope_cookery","kaleidoscope_cookery:teapot/barley_tea","大麦茶","kaleidoscope_cookery:teapot","自定义工序（kaleidoscope_cookery:teapot）","大麦茶","kaleidoscope_cookery:barley_tea","1","否","","","","","","原料：小麦种子 <minecraft:wheat_seeds>",""
"spawn","spawn:reefstone_tile_stairs_from_reefstone_stonecutting","礁石楼梯","minecraft:stonecutting","自定义工序（minecraft:stonecutting）","礁石楼梯","spawn:reefstone_tile_stairs","1","否","","","","","","原料：礁石 <spawn:reefstone>",""
"spawn","spawn:clam_case_yellow","黄色蚌盒","minecraft:crafting_shaped","工作台（有序合成）","黄色蚌盒","spawn:clam_case_yellow","1","否","","","","","","[空原料或模组自定义参数]；[空原料或模组自定义参数]；[空原料或模组自定义参数]；[空原料或模组自定义参数]；[空原料或模组自定义参数]；[空原料或模组自定义参数]；[空原料或模组自定义参数]；[空原料或模组自定义参数]；[空原料或模组自定义参数]",""
"farmersdelight","farmersdelight:integration/create/milling/wild_rice","稻米","create:milling","自定义工序（create:milling）","稻米","kaleidoscope_cookery:rice","1","否","","","","","","原料：野生稻米 <farmersdelight:wild_rice>",""
"kaleidoscope_cookery","kaleidoscope_cookery:millstone/string_from_orange_wool","线","kaleidoscope_cookery:millstone","自定义工序（kaleidoscope_cookery:millstone）","线","minecraft:string","3","否","","","","","","原料：橙色羊毛 <minecraft:orange_wool>",""
"spawn","spawn:cut_blasted_sandstone_slab_from_blasted_sandstone_stonecutting","切制荒砂岩台阶","minecraft:stonecutting","自定义工序（minecraft:stonecutting）","切制荒砂岩台阶","spawn:cut_blasted_sandstone_slab","2","否","","","","","","原料：荒砂岩 <spawn:blasted_sandstone>",""
"kaleidoscope_cookery","kaleidoscope_cookery:flex_stockpot/beef_noodle","牛肉面","kaleidoscope_cookery:flex_stockpot","自定义工序（kaleidoscope_cookery:flex_stockpot）","牛肉面","kaleidoscope_cookery:beef_noodle","1","是","14","18.004","生机 9600tick 1级 概率1","","","原料：#c:foods/raw_beef；原料：生面条 <kaleidoscope_cookery:raw_noodles>",""
"kaleidoscope_cookery","kaleidoscope_cookery:chair_spruce","云杉木椅子","minecraft:crafting_shaped","工作台（有序合成）","云杉木椅子","kaleidoscope_cookery:chair_spruce","1","否","","","","","","[空原料或模组自定义参数]；[空原料或模组自定义参数]；[空原料或模组自定义参数]；[空原料或模组自定义参数]；[空原料或模组自定义参数]；[空原料或模组自定义参数]；[空原料或模组自定义参数]；[空原料或模组自定义参数]；[空原料或模组自定义参数]",""
"farmersdelight","farmersdelight:cooking/pumpkin_soup","南瓜汤","farmersdelight:cooking","烹饪锅","南瓜汤","farmersdelight:pumpkin_soup","1","是","14","21","滋养 6000tick 1级 概率1","","","原料：南瓜片 <farmersdelight:pumpkin_slice>；原料：#c:foods/leafy_green；原料：#c:foods/raw_pork；原料：#c:drinks/milk",""
"kaleidoscope_cookery","kaleidoscope_cookery:kitchenware_racks","厨具架","minecraft:crafting_shaped","工作台（有序合成）","厨具架","kaleidoscope_cookery:kitchenware_racks","1","否","","","","","","[空原料或模组自定义参数]；[空原料或模组自定义参数]；[空原料或模组自定义参数]；[空原料或模组自定义参数]；[空原料或模组自定义参数]；[空原料或模组自定义参数]",""
"kaleidoscope_cookery","kaleidoscope_cookery:millstone/string_from_blue_wool","线","kaleidoscope_cookery:millstone","自定义工序（kaleidoscope_cookery:millstone）","线","minecraft:string","3","否","","","","","","原料：蓝色羊毛 <minecraft:blue_wool>",""
"farmersdelight","farmersdelight:wooden_basket","木篮","minecraft:crafting_shaped","工作台（有序合成）","木篮","farmersdelight:wooden_basket","1","否","","","","","","[空原料或模组自定义参数]；[空原料或模组自定义参数]；[空原料或模组自定义参数]；[空原料或模组自定义参数]；[空原料或模组自定义参数]；[空原料或模组自定义参数]；[空原料或模组自定义参数]；[空原料或模组自定义参数]；[空原料或模组自定义参数]",""
"farmersdelight","farmersdelight:tatami_block_from_full","榻榻米方块","minecraft:crafting_shapeless","工作台（无序合成）","榻榻米方块","farmersdelight:tatami","1","否","","","","","","原料：长榻榻米垫 <farmersdelight:full_tatami_mat>；原料：长榻榻米垫 <farmersdelight:full_tatami_mat>",""
"farmersdelight","farmersdelight:chocolate_pie_from_slices","巧克力派","minecraft:crafting_shaped","工作台（有序合成）","巧克力派","farmersdelight:chocolate_pie","1","否","","","","","","[空原料或模组自定义参数]；[空原料或模组自定义参数]；[空原料或模组自定义参数]；[空原料或模组自定义参数]",""
"farmersdelight","farmersdelight:cooking/vegetable_noodles","蔬菜面","farmersdelight:cooking","烹饪锅","蔬菜面","farmersdelight:vegetable_noodles","1","是","14","21","滋养 6000tick 1级 概率1","","","原料：#c:crops/carrot；原料：#c:mushrooms；原料：#c:foods/pasta；原料：#c:foods/leafy_green；原料：{""type"":""neoforge:difference"",""base"":{""tag"":""c:foods/vegetable""},""subtracted"":{""item"":""minecraft:melon_slice""}}",""
"kaleidoscope_cookery","kaleidoscope_cookery:millstone/polished_deepslate_from_deepslate","磨制深板岩","kaleidoscope_cookery:millstone","自定义工序（kaleidoscope_cookery:millstone）","磨制深板岩","minecraft:polished_deepslate","1","否","","","","","","原料：深板岩 <minecraft:deepslate>",""
"kaleidoscope_cookery","kaleidoscope_cookery:millstone/polished_deepslate_from_cobbled_deepslate","磨制深板岩","kaleidoscope_cookery:millstone","自定义工序（kaleidoscope_cookery:millstone）","磨制深板岩","minecraft:polished_deepslate","1","否","","","","","","原料：深板岩圆石 <minecraft:cobbled_deepslate>",""
"kaleidoscope_cookery","kaleidoscope_cookery:millstone/diamond_from_deepslate_diamond_ore","钻石","kaleidoscope_cookery:millstone","自定义工序（kaleidoscope_cookery:millstone）","钻石","minecraft:diamond","2","否","","","","","","原料：深层钻石矿石 <minecraft:deepslate_diamond_ore>",""
"farmersdelight","farmersdelight:nether_salad","下界沙拉","minecraft:crafting_shapeless","工作台（无序合成）","下界沙拉","farmersdelight:nether_salad","1","是","5","4","反胃 240tick 1级 概率0.30000001192092896","","","原料：绯红菌 <minecraft:crimson_fungus>；原料：诡异菌 <minecraft:warped_fungus>；原料：碗 <minecraft:bowl>",""
"kaleidoscope_cookery","kaleidoscope_cookery:chopping_board/sashimi_from_salmon","刺身","kaleidoscope_cookery:chopping_board","自定义工序（kaleidoscope_cookery:chopping_board）","刺身","kaleidoscope_cookery:sashimi","2","是","1","1","","","","原料：生鲑鱼 <minecraft:salmon>",""
"farmersdelight","farmersdelight:canvas_from_canvas_rug","粗布","minecraft:crafting_shapeless","工作台（无序合成）","粗布","farmersdelight:canvas","1","否","","","","","","原料：粗布毯 <farmersdelight:canvas_rug>；原料：粗布毯 <farmersdelight:canvas_rug>",""
"farmersdelight","farmersdelight:cooked_bacon_from_smoking","熟培根","minecraft:smoking","烟熏炉","熟培根","farmersdelight:cooked_bacon","1","是","4","6.4","","0.35","100","原料：生培根 <farmersdelight:bacon>",""
"spawn","spawn:algal_reefstone_stairs_from_algal_reefstone_stonecutting","藻礁石楼梯","minecraft:stonecutting","自定义工序（minecraft:stonecutting）","藻礁石楼梯","spawn:algal_reefstone_stairs","1","否","","","","","","原料：藻礁石 <spawn:algal_reefstone>",""
"farmersdelight","farmersdelight:green_canvas_sign","绿色粗布告示牌","minecraft:crafting_shapeless","工作台（无序合成）","绿色粗布告示牌","farmersdelight:green_canvas_sign","1","否","","","","","","原料：#farmersdelight:canvas_signs；原料：#c:dyes/green",""
"farmersdelight","farmersdelight:salvaging/birch_furniture","白桦木板","farmersdelight:cutting","切菜板","白桦木板","minecraft:birch_planks","1","否","","","","","","原料：{""type"":""neoforge:compound"",""children"":[{""item"":""minecraft:birch_door""},{""item"":""minecraft:birch_trapdoor""},{""item"":""minecraft:birch_sign""},{""item"":""minecraft:birch_hanging_sign""},{""item"":""minecraft:birch_fence""},{""item"":""minecraft:birch_fence_gate""},{""item"":""minecraft:birch_pressure_plate""},{""item"":""minecraft:birch_button""},{""item"":""minecraft:birch_boat""},{""item"":""farmersdelight:birch_cabinet""}]}；工具：{""type"":""farmersdelight:item_ability"",""action"":""axe_dig""}；工具：#minecraft:axes",""
"farmersdelight","farmersdelight:light_gray_hanging_canvas_sign","悬挂式淡灰色粗布告示牌","minecraft:crafting_shapeless","工作台（无序合成）","悬挂式淡灰色粗布告示牌","farmersdelight:light_gray_hanging_canvas_sign","1","否","","","","","","原料：#farmersdelight:hanging_canvas_signs；原料：#c:dyes/light_gray",""
"spawn","spawn:steamed_clams","蒸蚌汉堡","minecraft:crafting_shapeless","工作台（无序合成）","蒸蚌汉堡","spawn:steamed_clams","1","是","11","17.6","","","","原料：#c:foods/bread；原料：熟蚌肉 <spawn:cooked_clam>；原料：熟蚌肉 <spawn:cooked_clam>；原料：#c:foods/cabbage；原料：#c:crops/tomato；原料：#c:crops/onion",""
"spawn","spawn:salvaging/date_furniture","椰枣木木板","farmersdelight:cutting","切菜板","椰枣木木板","spawn:date_planks","1","否","","","","","","原料：{""type"":""neoforge:compound"",""children"":[{""item"":""spawn:date_door""},{""item"":""spawn:date_trapdoor""},{""item"":""spawn:date_sign""},{""item"":""spawn:date_hanging_sign""},{""item"":""spawn:date_fence""},{""item"":""spawn:date_fence_gate""},{""item"":""spawn:date_pressure_plate""},{""item"":""spawn:date_button""},{""item"":""spawn:date_raft""}]}；工具：{""type"":""farmersdelight:item_ability"",""action"":""axe_dig""}；工具：#minecraft:axes",""
"farmersdelight","farmersdelight:cooked_bacon_from_campfire_cooking","熟培根","minecraft:campfire_cooking","营火","熟培根","farmersdelight:cooked_bacon","1","是","4","6.4","","0.35","600","原料：生培根 <farmersdelight:bacon>",""
"farmersdelight","farmersdelight:cooking/mushroom_rice","蘑菇饭","farmersdelight:cooking","烹饪锅","蘑菇饭","farmersdelight:mushroom_rice","1","是","12","19.2","滋养 3600tick 1级 概率1","","","原料：棕色蘑菇 <minecraft:brown_mushroom>；原料：红色蘑菇 <minecraft:red_mushroom>；原料：#c:crops/rice；原料：{""type"":""neoforge:compound"",""children"":[{""item"":""minecraft:carrot""},{""item"":""minecraft:potato""}]}",""
"kaleidoscope_cookery","kaleidoscope_cookery:qingtuan_plate","一盘青团","minecraft:crafting_shapeless","工作台（无序合成）","一盘青团","kaleidoscope_cookery:qingtuan_plate","1","否","","","","","","原料：青团 <kaleidoscope_cookery:qingtuan>；原料：青团 <kaleidoscope_cookery:qingtuan>；原料：青团 <kaleidoscope_cookery:qingtuan>；原料：青团 <kaleidoscope_cookery:qingtuan>；原料：碗 <minecraft:bowl>",""
"kaleidoscope_cookery","kaleidoscope_cookery:desert_style_sashimi","沙漠风味刺身","minecraft:crafting_shapeless","工作台（无序合成）","沙漠风味刺身","kaleidoscope_cookery:desert_style_sashimi","1","是","16","6","芥末 6000tick 1级 概率1","","","原料：仙人掌 <minecraft:cactus>；原料：仙人掌 <minecraft:cactus>；原料：刺身 <kaleidoscope_cookery:sashimi>；原料：刺身 <kaleidoscope_cookery:sashimi>；原料：刺身 <kaleidoscope_cookery:sashimi>；原料：刺身 <kaleidoscope_cookery:sashimi>；原料：碗 <minecraft:bowl>",""
"farmersdelight","farmersdelight:food_serving","","farmersdelight:food_serving","自定义工序（farmersdelight:food_serving）","","","","否","","","","","","","此配方没有固定产物，或产物需由容器/上下文决定。"
"farmersdelight","farmersdelight:salvaging/oak_furniture","橡木木板","farmersdelight:cutting","切菜板","橡木木板","minecraft:oak_planks","1","否","","","","","","原料：{""type"":""neoforge:compound"",""children"":[{""item"":""minecraft:oak_door""},{""item"":""minecraft:oak_trapdoor""},{""item"":""minecraft:oak_sign""},{""item"":""minecraft:oak_hanging_sign""},{""item"":""minecraft:oak_fence""},{""item"":""minecraft:oak_fence_gate""},{""item"":""minecraft:oak_pressure_plate""},{""item"":""minecraft:oak_button""},{""item"":""minecraft:oak_boat""},{""item"":""farmersdelight:oak_cabinet""}]}；工具：{""type"":""farmersdelight:item_ability"",""action"":""axe_dig""}；工具：#minecraft:axes",""
"farmersdelight","farmersdelight:cooked_cod_slice","熟鳕鱼片","minecraft:smelting","熔炉","熟鳕鱼片","farmersdelight:cooked_cod_slice","1","是","3","3","","0.35","200","原料：生鳕鱼片 <farmersdelight:cod_slice>",""
"spawn","spawn:red_algae_carpet","覆地红藻","minecraft:crafting_shaped","工作台（有序合成）","覆地红藻","spawn:red_algae_carpet","3","否","","","","","","[空原料或模组自定义参数]；[空原料或模组自定义参数]",""
"farmersdelight","farmersdelight:integration/create/milling/rice_panicle","稻米","create:milling","自定义工序（create:milling）","稻米","kaleidoscope_cookery:rice","1","否","","","","","","原料：稻米穗 <farmersdelight:rice_panicle>",""
"kaleidoscope_cookery","kaleidoscope_cookery:millstone/string_from_purple_wool","线","kaleidoscope_cookery:millstone","自定义工序（kaleidoscope_cookery:millstone）","线","minecraft:string","3","否","","","","","","原料：紫色羊毛 <minecraft:purple_wool>",""
"farmersdelight","farmersdelight:cutting_board","砧板","minecraft:crafting_shaped","工作台（有序合成）","砧板","farmersdelight:cutting_board","1","否","","","","","","原料：屏障 <minecraft:barrier>",""
"spawn","spawn:date_seed","椰枣种子","minecraft:crafting_shapeless","工作台（无序合成）","椰枣种子","spawn:date_seed","1","否","","","","","","原料：椰枣 <spawn:dates>",""
"spawn","spawn:canned_herring","鲱鱼罐头","minecraft:crafting_shaped","工作台（有序合成）","鲱鱼罐头","spawn:canned_herring","1","是","3","1.8000001","","","","[空原料或模组自定义参数]；[空原料或模组自定义参数]；[空原料或模组自定义参数]；[空原料或模组自定义参数]；[空原料或模组自定义参数]；[空原料或模组自定义参数]；[空原料或模组自定义参数]；[空原料或模组自定义参数]；[空原料或模组自定义参数]",""
"kaleidoscope_cookery","kaleidoscope_cookery:cook_stool_oak","橡木厨娘凳","minecraft:crafting_shaped","工作台（有序合成）","橡木厨娘凳","kaleidoscope_cookery:cook_stool_oak","1","否","","","","","","[空原料或模组自定义参数]；[空原料或模组自定义参数]；[空原料或模组自定义参数]；[空原料或模组自定义参数]；[空原料或模组自定义参数]；[空原料或模组自定义参数]",""
"kaleidoscope_cookery","kaleidoscope_cookery:stockpot/beef_noodle","牛肉面","kaleidoscope_cookery:stockpot","万花筒汤锅","牛肉面","kaleidoscope_cookery:beef_noodle","1","是","14","18.004","生机 9600tick 1级 概率1","","","原料：#c:foods/raw_beef；原料：#c:foods/raw_beef；原料：#c:foods/raw_beef；原料：#c:foods/raw_beef；原料：生面条 <kaleidoscope_cookery:raw_noodles>；原料：生面条 <kaleidoscope_cookery:raw_noodles>；原料：生面条 <kaleidoscope_cookery:raw_noodles>",""
"farmersdelight","farmersdelight:integration/create/mixing/tomato_sauce_from_mixing","番茄酱","create:mixing","搅拌盆","番茄酱","farmersdelight:tomato_sauce","1","是","4","3.2","","","","原料：#c:crops/tomato；原料：#c:crops/tomato；原料：碗 <minecraft:bowl>",""
"farmersdelight","farmersdelight:cake_from_slices","蛋糕","minecraft:crafting_shapeless","工作台（无序合成）","蛋糕","minecraft:cake","1","否","","","","","","原料：蛋糕切片 <farmersdelight:cake_slice>；原料：蛋糕切片 <farmersdelight:cake_slice>；原料：蛋糕切片 <farmersdelight:cake_slice>；原料：蛋糕切片 <farmersdelight:cake_slice>；原料：蛋糕切片 <farmersdelight:cake_slice>；原料：蛋糕切片 <farmersdelight:cake_slice>；原料：蛋糕切片 <farmersdelight:cake_slice>",""
"spawn","spawn:date_cookie","椰枣曲奇","minecraft:crafting_shaped","工作台（有序合成）","椰枣曲奇","spawn:date_cookie","4","是","2","1.2","","","","[空原料或模组自定义参数]；[空原料或模组自定义参数]；[空原料或模组自定义参数]",""
"farmersdelight","farmersdelight:roasted_mutton_chops","烤羊排","minecraft:crafting_shapeless","工作台（无序合成）","烤羊排","farmersdelight:roasted_mutton_chops","1","是","14","21","滋养 6000tick 1级 概率1","","","原料：熟羊排 <farmersdelight:cooked_mutton_chops>；原料：#c:crops/beetroot；原料：碗 <minecraft:bowl>；原料：米饭 <farmersdelight:cooked_rice>；原料：#c:crops/tomato",""
"kaleidoscope_cookery","kaleidoscope_cookery:flex_pot/dongpo_pork","东坡肉","kaleidoscope_cookery:flex_pot","自定义工序（kaleidoscope_cookery:flex_pot）","东坡肉","kaleidoscope_cookery:dongpo_pork","1","是","20","22","饱腹代偿 1600tick 1级 概率1","","","原料：#c:foods/raw_pork；原料：竹子 <minecraft:bamboo>；容器/载体：碗 <minecraft:bowl>",""
"farmersdelight","farmersdelight:cabbage_crate","箱装卷心菜","minecraft:crafting_shaped","工作台（有序合成）","箱装卷心菜","farmersdelight:cabbage_crate","1","否","","","","","","[空原料或模组自定义参数]；[空原料或模组自定义参数]；[空原料或模组自定义参数]；[空原料或模组自定义参数]；[空原料或模组自定义参数]；[空原料或模组自定义参数]；[空原料或模组自定义参数]；[空原料或模组自定义参数]；[空原料或模组自定义参数]",""
"spawn","spawn:cooking/clam_chowder","蚌肉浓汤","farmersdelight:cooking","烹饪锅","蚌肉浓汤","spawn:clam_chowder","1","是","8","12.8","","","","原料：熟蚌肉 <spawn:cooked_clam>；原料：马铃薯 <minecraft:potato>；原料：奶瓶 <farmersdelight:milk_bottle>",""
"farmersdelight","farmersdelight:half_tatami_mat","短榻榻米垫","minecraft:crafting_shapeless","工作台（无序合成）","短榻榻米垫","farmersdelight:half_tatami_mat","2","否","","","","","","原料：长榻榻米垫 <farmersdelight:full_tatami_mat>",""
"kaleidoscope_cookery","kaleidoscope_cookery:pot/rabbit_to_cooked_rabbit_1","熟兔肉","kaleidoscope_cookery:pot","自定义工序（kaleidoscope_cookery:pot）","熟兔肉","minecraft:cooked_rabbit","1","是","5","6","","","","原料：生兔肉 <minecraft:rabbit>",""
"kaleidoscope_cookery","kaleidoscope_cookery:pot/rabbit_to_cooked_rabbit_9","熟兔肉","kaleidoscope_cookery:pot","自定义工序（kaleidoscope_cookery:pot）","熟兔肉","minecraft:cooked_rabbit","9","是","5","6","","","","原料：生兔肉 <minecraft:rabbit>；原料：生兔肉 <minecraft:rabbit>；原料：生兔肉 <minecraft:rabbit>；原料：生兔肉 <minecraft:rabbit>；原料：生兔肉 <minecraft:rabbit>；原料：生兔肉 <minecraft:rabbit>；原料：生兔肉 <minecraft:rabbit>；原料：生兔肉 <minecraft:rabbit>；原料：生兔肉 <minecraft:rabbit>",""
"kaleidoscope_cookery","kaleidoscope_cookery:pot/rabbit_to_cooked_rabbit_8","熟兔肉","kaleidoscope_cookery:pot","自定义工序（kaleidoscope_cookery:pot）","熟兔肉","minecraft:cooked_rabbit","8","是","5","6","","","","原料：生兔肉 <minecraft:rabbit>；原料：生兔肉 <minecraft:rabbit>；原料：生兔肉 <minecraft:rabbit>；原料：生兔肉 <minecraft:rabbit>；原料：生兔肉 <minecraft:rabbit>；原料：生兔肉 <minecraft:rabbit>；原料：生兔肉 <minecraft:rabbit>；原料：生兔肉 <minecraft:rabbit>",""
"kaleidoscope_cookery","kaleidoscope_cookery:pot/rabbit_to_cooked_rabbit_7","熟兔肉","kaleidoscope_cookery:pot","自定义工序（kaleidoscope_cookery:pot）","熟兔肉","minecraft:cooked_rabbit","7","是","5","6","","","","原料：生兔肉 <minecraft:rabbit>；原料：生兔肉 <minecraft:rabbit>；原料：生兔肉 <minecraft:rabbit>；原料：生兔肉 <minecraft:rabbit>；原料：生兔肉 <minecraft:rabbit>；原料：生兔肉 <minecraft:rabbit>；原料：生兔肉 <minecraft:rabbit>",""
"kaleidoscope_cookery","kaleidoscope_cookery:pot/rabbit_to_cooked_rabbit_6","熟兔肉","kaleidoscope_cookery:pot","自定义工序（kaleidoscope_cookery:pot）","熟兔肉","minecraft:cooked_rabbit","6","是","5","6","","","","原料：生兔肉 <minecraft:rabbit>；原料：生兔肉 <minecraft:rabbit>；原料：生兔肉 <minecraft:rabbit>；原料：生兔肉 <minecraft:rabbit>；原料：生兔肉 <minecraft:rabbit>；原料：生兔肉 <minecraft:rabbit>",""
"kaleidoscope_cookery","kaleidoscope_cookery:pot/rabbit_to_cooked_rabbit_5","熟兔肉","kaleidoscope_cookery:pot","自定义工序（kaleidoscope_cookery:pot）","熟兔肉","minecraft:cooked_rabbit","5","是","5","6","","","","原料：生兔肉 <minecraft:rabbit>；原料：生兔肉 <minecraft:rabbit>；原料：生兔肉 <minecraft:rabbit>；原料：生兔肉 <minecraft:rabbit>；原料：生兔肉 <minecraft:rabbit>",""
"kaleidoscope_cookery","kaleidoscope_cookery:pot/rabbit_to_cooked_rabbit_4","熟兔肉","kaleidoscope_cookery:pot","自定义工序（kaleidoscope_cookery:pot）","熟兔肉","minecraft:cooked_rabbit","4","是","5","6","","","","原料：生兔肉 <minecraft:rabbit>；原料：生兔肉 <minecraft:rabbit>；原料：生兔肉 <minecraft:rabbit>；原料：生兔肉 <minecraft:rabbit>",""
"kaleidoscope_cookery","kaleidoscope_cookery:pot/rabbit_to_cooked_rabbit_3","熟兔肉","kaleidoscope_cookery:pot","自定义工序（kaleidoscope_cookery:pot）","熟兔肉","minecraft:cooked_rabbit","3","是","5","6","","","","原料：生兔肉 <minecraft:rabbit>；原料：生兔肉 <minecraft:rabbit>；原料：生兔肉 <minecraft:rabbit>",""
"kaleidoscope_cookery","kaleidoscope_cookery:pot/rabbit_to_cooked_rabbit_2","熟兔肉","kaleidoscope_cookery:pot","自定义工序（kaleidoscope_cookery:pot）","熟兔肉","minecraft:cooked_rabbit","2","是","5","6","","","","原料：生兔肉 <minecraft:rabbit>；原料：生兔肉 <minecraft:rabbit>",""
"spawn","spawn:clam_case_white","白色蚌盒","minecraft:crafting_shaped","工作台（有序合成）","白色蚌盒","spawn:clam_case_white","1","否","","","","","","[空原料或模组自定义参数]；[空原料或模组自定义参数]；[空原料或模组自定义参数]；[空原料或模组自定义参数]；[空原料或模组自定义参数]；[空原料或模组自定义参数]；[空原料或模组自定义参数]；[空原料或模组自定义参数]；[空原料或模组自定义参数]",""
"kaleidoscope_cookery","kaleidoscope_cookery:flex_stockpot/beef_meatball_soup","牛丸汤","kaleidoscope_cookery:flex_stockpot","自定义工序（kaleidoscope_cookery:flex_stockpot）","牛丸汤","kaleidoscope_cookery:beef_meatball_soup","1","是","6","8.004","温暖 9600tick 1级 概率1","","","原料：生丸子 <kaleidoscope_cookery:raw_meatball>；原料：#c:crops/lettuce",""
"kaleidoscope_cookery","kaleidoscope_cookery:millstone/string_from_green_wool","线","kaleidoscope_cookery:millstone","自定义工序（kaleidoscope_cookery:millstone）","线","minecraft:string","3","否","","","","","","原料：绿色羊毛 <minecraft:green_wool>",""
"farmersdelight","farmersdelight:cooking/cabbage_rolls","卷心菜卷","farmersdelight:cooking","烹饪锅","卷心菜卷","farmersdelight:cabbage_rolls","1","是","5","5","","","","原料：#c:crops/cabbage；原料：{""type"":""neoforge:compound"",""children"":[{""tag"":""c:foods/raw_meat""},{""tag"":""c:foods/safe_raw_fish""},{""tag"":""c:foods/vegetable""},{""tag"":""c:mushrooms""}]}",""
"farmersdelight","farmersdelight:mutton_wrap","羊肉卷饼","minecraft:crafting_shapeless","工作台（无序合成）","羊肉卷饼","farmersdelight:mutton_wrap","1","是","10","16","","","","原料：#c:foods/bread；原料：#c:foods/cooked_mutton；原料：#c:foods/leafy_green；原料：#c:crops/onion",""
"spawn","spawn:reefstone_tile_stairs","礁石楼梯","minecraft:crafting_shaped","工作台（有序合成）","礁石楼梯","spawn:reefstone_tile_stairs","4","否","","","","","","[空原料或模组自定义参数]；[空原料或模组自定义参数]；[空原料或模组自定义参数]；[空原料或模组自定义参数]；[空原料或模组自定义参数]；[空原料或模组自定义参数]；[空原料或模组自定义参数]；[空原料或模组自定义参数]；[空原料或模组自定义参数]",""
"spawn","spawn:bone_meal_from_snail_shell","骨粉","minecraft:crafting_shapeless","工作台（无序合成）","骨粉","minecraft:bone_meal","4","否","","","","","","原料：蜗牛壳 <spawn:snail_shell>",""
"kaleidoscope_cookery","kaleidoscope_cookery:flex_pot/spicy_chicken","辣子鸡","kaleidoscope_cookery:flex_pot","自定义工序（kaleidoscope_cookery:flex_pot）","辣子鸡","kaleidoscope_cookery:spicy_chicken","1","是","20","22","饱腹代偿 1600tick 1级 概率1","","","原料：#c:foods/raw_chicken；原料：#c:crops/chilipepper；容器/载体：碗 <minecraft:bowl>",""
"farmersdelight","farmersdelight:safety_net","安全网","minecraft:crafting_shaped","工作台（有序合成）","安全网","farmersdelight:safety_net","1","否","","","","","","[空原料或模组自定义参数]；[空原料或模组自定义参数]；[空原料或模组自定义参数]；[空原料或模组自定义参数]",""
"spawn","spawn:blue_dye_from_booby_egg_shard","蓝色染料","minecraft:crafting_shapeless","工作台（无序合成）","蓝色染料","minecraft:blue_dye","4","否","","","","","","原料：鲣鸟蛋壳 <spawn:booby_egg_shard>",""
"farmersdelight","farmersdelight:wheat_dough_from_egg","生面团","minecraft:crafting_shapeless","工作台（无序合成）","生面团","kaleidoscope_cookery:raw_dough","3","否","","","","","","原料：#c:crops/wheat；原料：#c:crops/wheat；原料：#c:crops/wheat；原料：#c:eggs",""
"spawn","spawn:algal_reefstone","藻礁石","minecraft:crafting_shapeless","工作台（无序合成）","藻礁石","spawn:algal_reefstone","1","否","","","","","","原料：礁石 <spawn:reefstone>；原料：红藻块 <spawn:red_algae_block>",""
"kaleidoscope_cookery","kaleidoscope_cookery:teapot/oolong","乌龙茶","kaleidoscope_cookery:teapot","自定义工序（kaleidoscope_cookery:teapot）","乌龙茶","kaleidoscope_cookery:oolong","1","否","","","","","","原料：龙息 <minecraft:dragon_breath>",""
"spawn","spawn:snail_shell_from_big_snail_shell","蜗牛壳","minecraft:crafting_shapeless","工作台（无序合成）","蜗牛壳","spawn:snail_shell","9","否","","","","","","原料：大蜗牛壳 <spawn:big_snail_shell>",""
"farmersdelight","farmersdelight:cutting/orange_tulip","橙色染料","farmersdelight:cutting","切菜板","橙色染料","minecraft:orange_dye","2","否","","","","","","原料：橙色郁金香 <minecraft:orange_tulip>；工具：{""type"":""farmersdelight:item_ability"",""action"":""knife_dig""}；工具：#c:tools/knife",""
"kaleidoscope_cookery","kaleidoscope_cookery:teapot","茶壶","minecraft:crafting_shaped","工作台（有序合成）","茶壶","kaleidoscope_cookery:teapot","1","否","","","","","","[空原料或模组自定义参数]；[空原料或模组自定义参数]；[空原料或模组自定义参数]；[空原料或模组自定义参数]；[空原料或模组自定义参数]；[空原料或模组自定义参数]；[空原料或模组自定义参数]；[空原料或模组自定义参数]；[空原料或模组自定义参数]",""
"kaleidoscope_cookery","kaleidoscope_cookery:millstone/white_dye_from_lily_of_the_valley","白色染料","kaleidoscope_cookery:millstone","自定义工序（kaleidoscope_cookery:millstone）","白色染料","minecraft:white_dye","2","否","","","","","","原料：铃兰 <minecraft:lily_of_the_valley>",""
"spawn","spawn:date_planks","椰枣木木板","minecraft:crafting_shapeless","工作台（无序合成）","椰枣木木板","spawn:date_planks","4","否","","","","","","原料：#spawn:date_logs",""
"farmersdelight","farmersdelight:cooking/beetroot_soup","甜菜汤","farmersdelight:cooking","烹饪锅","甜菜汤","minecraft:beetroot_soup","1","是","6","7.2000003","","","","原料：#c:crops/beetroot；原料：#c:crops/beetroot；原料：#c:crops/beetroot",""
"kaleidoscope_cookery","kaleidoscope_cookery:millstone/smooth_sandstone_from_sandstone","平滑砂岩","kaleidoscope_cookery:millstone","自定义工序（kaleidoscope_cookery:millstone）","平滑砂岩","minecraft:smooth_sandstone","1","否","","","","","","原料：砂岩 <minecraft:sandstone>",""
"farmersdelight","farmersdelight:cutting/bamboo_block","去皮竹块","farmersdelight:cutting","切菜板","去皮竹块","minecraft:stripped_bamboo_block","1","否","","","","","","原料：竹块 <minecraft:bamboo_block>；工具：{""type"":""farmersdelight:item_ability"",""action"":""axe_strip""}；工具：#minecraft:axes",""
"kaleidoscope_cookery","kaleidoscope_cookery:stockpot/zongzi_count_4","熟粽子","kaleidoscope_cookery:stockpot","万花筒汤锅","熟粽子","kaleidoscope_cookery:zongzi","4","是","8","10","生命恢复 400tick 1级 概率1","","","原料：生粽子 <kaleidoscope_cookery:raw_zongzi>；原料：生粽子 <kaleidoscope_cookery:raw_zongzi>；原料：生粽子 <kaleidoscope_cookery:raw_zongzi>；原料：生粽子 <kaleidoscope_cookery:raw_zongzi>",""
"kaleidoscope_cookery","kaleidoscope_cookery:stockpot/zongzi_count_5","熟粽子","kaleidoscope_cookery:stockpot","万花筒汤锅","熟粽子","kaleidoscope_cookery:zongzi","5","是","8","10","生命恢复 400tick 1级 概率1","","","原料：生粽子 <kaleidoscope_cookery:raw_zongzi>；原料：生粽子 <kaleidoscope_cookery:raw_zongzi>；原料：生粽子 <kaleidoscope_cookery:raw_zongzi>；原料：生粽子 <kaleidoscope_cookery:raw_zongzi>；原料：生粽子 <kaleidoscope_cookery:raw_zongzi>",""
"kaleidoscope_cookery","kaleidoscope_cookery:stockpot/zongzi_count_2","熟粽子","kaleidoscope_cookery:stockpot","万花筒汤锅","熟粽子","kaleidoscope_cookery:zongzi","2","是","8","10","生命恢复 400tick 1级 概率1","","","原料：生粽子 <kaleidoscope_cookery:raw_zongzi>；原料：生粽子 <kaleidoscope_cookery:raw_zongzi>",""
"kaleidoscope_cookery","kaleidoscope_cookery:stockpot/zongzi_count_3","熟粽子","kaleidoscope_cookery:stockpot","万花筒汤锅","熟粽子","kaleidoscope_cookery:zongzi","3","是","8","10","生命恢复 400tick 1级 概率1","","","原料：生粽子 <kaleidoscope_cookery:raw_zongzi>；原料：生粽子 <kaleidoscope_cookery:raw_zongzi>；原料：生粽子 <kaleidoscope_cookery:raw_zongzi>",""
"kaleidoscope_cookery","kaleidoscope_cookery:stockpot/zongzi_count_1","熟粽子","kaleidoscope_cookery:stockpot","万花筒汤锅","熟粽子","kaleidoscope_cookery:zongzi","1","是","8","10","生命恢复 400tick 1级 概率1","","","原料：生粽子 <kaleidoscope_cookery:raw_zongzi>",""
"farmersdelight","farmersdelight:onion_crate","箱装洋葱","minecraft:crafting_shaped","工作台（有序合成）","箱装洋葱","farmersdelight:onion_crate","1","否","","","","","","[空原料或模组自定义参数]；[空原料或模组自定义参数]；[空原料或模组自定义参数]；[空原料或模组自定义参数]；[空原料或模组自定义参数]；[空原料或模组自定义参数]；[空原料或模组自定义参数]；[空原料或模组自定义参数]；[空原料或模组自定义参数]",""
"kaleidoscope_cookery","kaleidoscope_cookery:table_birch","白桦木餐桌","minecraft:crafting_shaped","工作台（有序合成）","白桦木餐桌","kaleidoscope_cookery:table_birch","1","否","","","","","","[空原料或模组自定义参数]；[空原料或模组自定义参数]；[空原料或模组自定义参数]；[空原料或模组自定义参数]；[空原料或模组自定义参数]；[空原料或模组自定义参数]",""
"kaleidoscope_cookery","kaleidoscope_cookery:stockpot/zongzi_count_8","熟粽子","kaleidoscope_cookery:stockpot","万花筒汤锅","熟粽子","kaleidoscope_cookery:zongzi","8","是","8","10","生命恢复 400tick 1级 概率1","","","原料：生粽子 <kaleidoscope_cookery:raw_zongzi>；原料：生粽子 <kaleidoscope_cookery:raw_zongzi>；原料：生粽子 <kaleidoscope_cookery:raw_zongzi>；原料：生粽子 <kaleidoscope_cookery:raw_zongzi>；原料：生粽子 <kaleidoscope_cookery:raw_zongzi>；原料：生粽子 <kaleidoscope_cookery:raw_zongzi>；原料：生粽子 <kaleidoscope_cookery:raw_zongzi>；原料：生粽子 <kaleidoscope_cookery:raw_zongzi>",""
"kaleidoscope_cookery","kaleidoscope_cookery:stockpot/zongzi_count_9","熟粽子","kaleidoscope_cookery:stockpot","万花筒汤锅","熟粽子","kaleidoscope_cookery:zongzi","9","是","8","10","生命恢复 400tick 1级 概率1","","","原料：生粽子 <kaleidoscope_cookery:raw_zongzi>；原料：生粽子 <kaleidoscope_cookery:raw_zongzi>；原料：生粽子 <kaleidoscope_cookery:raw_zongzi>；原料：生粽子 <kaleidoscope_cookery:raw_zongzi>；原料：生粽子 <kaleidoscope_cookery:raw_zongzi>；原料：生粽子 <kaleidoscope_cookery:raw_zongzi>；原料：生粽子 <kaleidoscope_cookery:raw_zongzi>；原料：生粽子 <kaleidoscope_cookery:raw_zongzi>；原料：生粽子 <kaleidoscope_cookery:raw_zongzi>",""
"kaleidoscope_cookery","kaleidoscope_cookery:stockpot/zongzi_count_6","熟粽子","kaleidoscope_cookery:stockpot","万花筒汤锅","熟粽子","kaleidoscope_cookery:zongzi","6","是","8","10","生命恢复 400tick 1级 概率1","","","原料：生粽子 <kaleidoscope_cookery:raw_zongzi>；原料：生粽子 <kaleidoscope_cookery:raw_zongzi>；原料：生粽子 <kaleidoscope_cookery:raw_zongzi>；原料：生粽子 <kaleidoscope_cookery:raw_zongzi>；原料：生粽子 <kaleidoscope_cookery:raw_zongzi>；原料：生粽子 <kaleidoscope_cookery:raw_zongzi>",""
"kaleidoscope_cookery","kaleidoscope_cookery:stockpot/zongzi_count_7","熟粽子","kaleidoscope_cookery:stockpot","万花筒汤锅","熟粽子","kaleidoscope_cookery:zongzi","7","是","8","10","生命恢复 400tick 1级 概率1","","","原料：生粽子 <kaleidoscope_cookery:raw_zongzi>；原料：生粽子 <kaleidoscope_cookery:raw_zongzi>；原料：生粽子 <kaleidoscope_cookery:raw_zongzi>；原料：生粽子 <kaleidoscope_cookery:raw_zongzi>；原料：生粽子 <kaleidoscope_cookery:raw_zongzi>；原料：生粽子 <kaleidoscope_cookery:raw_zongzi>；原料：生粽子 <kaleidoscope_cookery:raw_zongzi>",""
"kaleidoscope_cookery","kaleidoscope_cookery:stockpot/pufferfish_soup","河豚汤","kaleidoscope_cookery:stockpot","万花筒汤锅","河豚汤","kaleidoscope_cookery:pufferfish_soup","1","是","4","0","芥末 12000tick 1级 概率1","","","原料：河豚 <minecraft:pufferfish>；原料：河豚 <minecraft:pufferfish>；原料：#c:crops/lettuce；原料：#c:crops/lettuce；原料：#c:crops/lettuce",""
"kaleidoscope_cookery","kaleidoscope_cookery:flex_stockpot/pork_bone_soup","大骨汤","kaleidoscope_cookery:flex_stockpot","自定义工序（kaleidoscope_cookery:flex_stockpot）","大骨汤","kaleidoscope_cookery:pork_bone_soup","1","是","6","8.004","活力 6000tick 1级 概率1","","","原料：骨头 <minecraft:bone>",""
"spawn","spawn:pigment_shifter","色彩变换器","minecraft:crafting_shaped","工作台（有序合成）","色彩变换器","spawn:pigment_shifter","1","否","","","","","","[空原料或模组自定义参数]；[空原料或模组自定义参数]；[空原料或模组自定义参数]；[空原料或模组自定义参数]；[空原料或模组自定义参数]；[空原料或模组自定义参数]；[空原料或模组自定义参数]；[空原料或模组自定义参数]；[空原料或模组自定义参数]",""
"kaleidoscope_cookery","kaleidoscope_cookery:watermelon_platter","西瓜拼盘","minecraft:crafting_shapeless","工作台（无序合成）","西瓜拼盘","kaleidoscope_cookery:watermelon_platter","1","否","","","","","","原料：西瓜片 <minecraft:melon_slice>；原料：西瓜片 <minecraft:melon_slice>；原料：西瓜片 <minecraft:melon_slice>；原料：碗 <minecraft:bowl>",""
"kaleidoscope_cookery","kaleidoscope_cookery:pot/donkey_burger","驴肉火烧","kaleidoscope_cookery:pot","自定义工序（kaleidoscope_cookery:pot）","驴肉火烧","kaleidoscope_cookery:donkey_burger","1","是","12","19.2","饱腹代偿 900tick 1级 概率1","","","原料：#c:crops/chilipepper；原料：#c:crops/chilipepper；原料：#c:dough；原料：#c:dough；原料：生切制小肉 <kaleidoscope_cookery:raw_cut_small_meats>；原料：生切制小肉 <kaleidoscope_cookery:raw_cut_small_meats>",""
"spawn","spawn:rotten_boat","腐木船","minecraft:crafting_shaped","工作台（有序合成）","腐木船","spawn:rotten_boat","1","否","","","","","","[空原料或模组自定义参数]；[空原料或模组自定义参数]；[空原料或模组自定义参数]；[空原料或模组自定义参数]；[空原料或模组自定义参数]；[空原料或模组自定义参数]",""
"kaleidoscope_cookery","kaleidoscope_cookery:cold_style_sashimi","寒带风味刺身","minecraft:crafting_shapeless","工作台（无序合成）","寒带风味刺身","kaleidoscope_cookery:cold_style_sashimi","1","是","16","6","芥末 6000tick 1级 概率1","","","原料：雪球 <minecraft:snowball>；原料：雪球 <minecraft:snowball>；原料：雪球 <minecraft:snowball>；原料：刺身 <kaleidoscope_cookery:sashimi>；原料：刺身 <kaleidoscope_cookery:sashimi>；原料：刺身 <kaleidoscope_cookery:sashimi>；原料：刺身 <kaleidoscope_cookery:sashimi>；原料：碗 <minecraft:bowl>",""
"kaleidoscope_cookery","kaleidoscope_cookery:table_crimson","绯红木餐桌","minecraft:crafting_shaped","工作台（有序合成）","绯红木餐桌","kaleidoscope_cookery:table_crimson","1","否","","","","","","[空原料或模组自定义参数]；[空原料或模组自定义参数]；[空原料或模组自定义参数]；[空原料或模组自定义参数]；[空原料或模组自定义参数]；[空原料或模组自定义参数]",""
"farmersdelight","farmersdelight:salvaging/bamboo_chest_raft","竹筏","farmersdelight:cutting","切菜板","竹筏","minecraft:bamboo_raft","1","否","","","","","","原料：运输竹筏 <minecraft:bamboo_chest_raft>；工具：{""type"":""farmersdelight:item_ability"",""action"":""hoe_dig""}；工具：#minecraft:hoes",""
"spawn","spawn:salvaging/rotten_chest_boat","腐木船","farmersdelight:cutting","切菜板","腐木船","spawn:rotten_boat","1","否","","","","","","原料：腐木运输船 <spawn:rotten_chest_boat>；工具：{""type"":""farmersdelight:item_ability"",""action"":""hoe_dig""}；工具：#minecraft:hoes",""
"farmersdelight","farmersdelight:cutting/warped_hyphae","去皮诡异菌核","farmersdelight:cutting","切菜板","去皮诡异菌核","minecraft:stripped_warped_hyphae","1","否","","","","","","原料：诡异菌核 <minecraft:warped_hyphae>；工具：{""type"":""farmersdelight:item_ability"",""action"":""axe_strip""}；工具：#minecraft:axes",""
"spawn","spawn:cooked_tuna_chunk","熟金枪鱼块","minecraft:smelting","熔炉","熟金枪鱼块","spawn:cooked_tuna_chunk","1","是","6","9.6","","0.35","200","原料：金枪鱼块 <spawn:tuna_chunk>",""
"ordertocook","ordertocook:countertop","操作台","minecraft:crafting_shaped","工作台（有序合成）","操作台","ordertocook:countertop","1","否","","","","","","[空原料或模组自定义参数]；[空原料或模组自定义参数]；[空原料或模组自定义参数]；[空原料或模组自定义参数]；[空原料或模组自定义参数]；[空原料或模组自定义参数]；[空原料或模组自定义参数]；[空原料或模组自定义参数]；[空原料或模组自定义参数]",""
"spawn","spawn:reefstone_tiles","礁石瓦","minecraft:crafting_shaped","工作台（有序合成）","礁石瓦","spawn:reefstone_tiles","4","否","","","","","","[空原料或模组自定义参数]；[空原料或模组自定义参数]；[空原料或模组自定义参数]；[空原料或模组自定义参数]",""
"spawn","spawn:mucus_block","粘痕块","minecraft:crafting_shaped","工作台（有序合成）","粘痕块","spawn:mucus_block","1","否","","","","","","[空原料或模组自定义参数]；[空原料或模组自定义参数]；[空原料或模组自定义参数]；[空原料或模组自定义参数]；[空原料或模组自定义参数]；[空原料或模组自定义参数]；[空原料或模组自定义参数]；[空原料或模组自定义参数]；[空原料或模组自定义参数]",""
"farmersdelight","farmersdelight:cooked_mutton_chops_from_smoking","屏障","minecraft:crafting_shapeless","工作台（无序合成）","屏障","minecraft:barrier","1","否","","","","","","原料：生羊排 <farmersdelight:mutton_chops>",""
"spawn","spawn:salvaging/date_chest_raft","椰枣木筏","farmersdelight:cutting","切菜板","椰枣木筏","spawn:date_raft","1","否","","","","","","原料：运输椰枣木筏 <spawn:date_chest_raft>；工具：{""type"":""farmersdelight:item_ability"",""action"":""hoe_dig""}；工具：#minecraft:hoes",""
"kaleidoscope_cookery","kaleidoscope_cookery:millstone/rice_from_rice_panicle","稻米","kaleidoscope_cookery:millstone","自定义工序（kaleidoscope_cookery:millstone）","稻米","kaleidoscope_cookery:rice","3","否","","","","","","原料：稻穗 <kaleidoscope_cookery:rice_panicle>",""
"kaleidoscope_cookery","kaleidoscope_cookery:strung_mushrooms","蘑菇串串","minecraft:crafting_shaped","工作台（有序合成）","蘑菇串串","kaleidoscope_cookery:strung_mushrooms","1","否","","","","","","[空原料或模组自定义参数]；[空原料或模组自定义参数]；[空原料或模组自定义参数]；[空原料或模组自定义参数]；[空原料或模组自定义参数]；[空原料或模组自定义参数]",""
"farmersdelight","farmersdelight:full_tatami_mat","长榻榻米垫","minecraft:crafting_shapeless","工作台（无序合成）","长榻榻米垫","farmersdelight:full_tatami_mat","2","否","","","","","","原料：榻榻米方块 <farmersdelight:tatami>",""
"farmersdelight","farmersdelight:rope","绳子","minecraft:crafting_shaped","工作台（有序合成）","绳子","farmersdelight:rope","4","否","","","","","","[空原料或模组自定义参数]；[空原料或模组自定义参数]",""
"kaleidoscope_cookery","kaleidoscope_cookery:stockpot/fearsome_thick_soup","恐惧浓汤","kaleidoscope_cookery:stockpot","万花筒汤锅","恐惧浓汤","kaleidoscope_cookery:fearsome_thick_soup","1","是","4","0","硫磺 9600tick 1级 概率1","","","原料：腐肉 <minecraft:rotten_flesh>；原料：腐肉 <minecraft:rotten_flesh>；原料：腐肉 <minecraft:rotten_flesh>；原料：腐肉 <minecraft:rotten_flesh>；原料：幽匿块 <minecraft:sculk>；原料：幽匿块 <minecraft:sculk>；原料：幽匿块 <minecraft:sculk>；原料：幽匿块 <minecraft:sculk>；原料：幽匿块 <minecraft:sculk>",""
"farmersdelight","farmersdelight:salvaging/dark_oak_furniture","深色橡木木板","farmersdelight:cutting","切菜板","深色橡木木板","minecraft:dark_oak_planks","1","否","","","","","","原料：{""type"":""neoforge:compound"",""children"":[{""item"":""minecraft:dark_oak_door""},{""item"":""minecraft:dark_oak_trapdoor""},{""item"":""minecraft:dark_oak_sign""},{""item"":""minecraft:dark_oak_hanging_sign""},{""item"":""minecraft:dark_oak_fence""},{""item"":""minecraft:dark_oak_fence_gate""},{""item"":""minecraft:dark_oak_pressure_plate""},{""item"":""minecraft:dark_oak_button""},{""item"":""minecraft:dark_oak_boat""},{""item"":""farmersdelight:dark_oak_cabinet""}]}；工具：{""type"":""farmersdelight:item_ability"",""action"":""axe_dig""}；工具：#minecraft:axes",""
"spawn","spawn:shell_fragments","贝壳碎片","minecraft:crafting_shapeless","工作台（无序合成）","贝壳碎片","spawn:shell_fragments","2","否","","","","","","原料：蚌 <spawn:clam>",""
"spawn","spawn:rotten_planks","腐木木板","minecraft:crafting_shapeless","工作台（无序合成）","腐木木板","spawn:rotten_planks","4","否","","","","","","原料：#spawn:rotten_logs",""
"kaleidoscope_cookery","kaleidoscope_cookery:end_style_sashimi","末地风味刺身","minecraft:crafting_shapeless","工作台（无序合成）","末地风味刺身","kaleidoscope_cookery:end_style_sashimi","1","是","16","6","芥末 6000tick 1级 概率1","","","原料：紫颂果 <minecraft:chorus_fruit>；原料：紫颂果 <minecraft:chorus_fruit>；原料：紫颂果 <minecraft:chorus_fruit>；原料：刺身 <kaleidoscope_cookery:sashimi>；原料：刺身 <kaleidoscope_cookery:sashimi>；原料：刺身 <kaleidoscope_cookery:sashimi>；原料：刺身 <kaleidoscope_cookery:sashimi>；原料：碗 <minecraft:bowl>",""
"kaleidoscope_cookery","kaleidoscope_cookery:flex_stockpot/red_mushroom_pot_soup","红蘑菇瓦罐汤","kaleidoscope_cookery:flex_stockpot","自定义工序（kaleidoscope_cookery:flex_stockpot）","红蘑菇瓦罐汤","kaleidoscope_cookery:red_mushroom_pot_soup","1","是","18","24.012","温暖 6000tick 1级 概率1","","","原料：红色蘑菇 <minecraft:red_mushroom>；容器/载体：花盆 <minecraft:flower_pot>",""
"farmersdelight","farmersdelight:iron_nugget_from_smelting_knife","铁粒","minecraft:smelting","熔炉","铁粒","minecraft:iron_nugget","1","否","","","","0.1","200","原料：铁刀 <farmersdelight:iron_knife>",""
"kaleidoscope_cookery","kaleidoscope_cookery:millstone/quartz_from_quartz_pillar","下界石英","kaleidoscope_cookery:millstone","自定义工序（kaleidoscope_cookery:millstone）","下界石英","minecraft:quartz","3","否","","","","","","原料：石英柱 <minecraft:quartz_pillar>",""
"spawn","spawn:cutting/bluefish","扁鲹片","farmersdelight:cutting","切菜板","扁鲹片","spawn:bluefish_slice","2","是","1","0.2","","","","原料：扁鲹 <spawn:bluefish>；工具：#c:tools/knife",""
"kaleidoscope_cookery","kaleidoscope_cookery:recipe_item","Recipe","minecraft:crafting_shaped","工作台（有序合成）","Recipe","kaleidoscope_cookery:recipe_item","1","否","","","","","","[空原料或模组自定义参数]；[空原料或模组自定义参数]；[空原料或模组自定义参数]；[空原料或模组自定义参数]",""
"kaleidoscope_cookery","kaleidoscope_cookery:pot/kelp_to_dried_kelp_3","干海带","kaleidoscope_cookery:pot","自定义工序（kaleidoscope_cookery:pot）","干海带","minecraft:dried_kelp","3","是","1","0.6","","","","原料：海带 <minecraft:kelp>；原料：海带 <minecraft:kelp>；原料：海带 <minecraft:kelp>",""
"farmersdelight","farmersdelight:bacon_sandwich","培根三明治","minecraft:crafting_shapeless","工作台（无序合成）","培根三明治","farmersdelight:bacon_sandwich","1","是","10","16","","","","原料：#c:foods/bread；原料：#c:foods/cooked_bacon；原料：#c:foods/leafy_green；原料：#c:crops/tomato",""
"kaleidoscope_cookery","kaleidoscope_cookery:pot/kelp_to_dried_kelp_4","干海带","kaleidoscope_cookery:pot","自定义工序（kaleidoscope_cookery:pot）","干海带","minecraft:dried_kelp","4","是","1","0.6","","","","原料：海带 <minecraft:kelp>；原料：海带 <minecraft:kelp>；原料：海带 <minecraft:kelp>；原料：海带 <minecraft:kelp>",""
"kaleidoscope_cookery","kaleidoscope_cookery:pot/kelp_to_dried_kelp_5","干海带","kaleidoscope_cookery:pot","自定义工序（kaleidoscope_cookery:pot）","干海带","minecraft:dried_kelp","5","是","1","0.6","","","","原料：海带 <minecraft:kelp>；原料：海带 <minecraft:kelp>；原料：海带 <minecraft:kelp>；原料：海带 <minecraft:kelp>；原料：海带 <minecraft:kelp>",""
"kaleidoscope_cookery","kaleidoscope_cookery:pot/kelp_to_dried_kelp_6","干海带","kaleidoscope_cookery:pot","自定义工序（kaleidoscope_cookery:pot）","干海带","minecraft:dried_kelp","6","是","1","0.6","","","","原料：海带 <minecraft:kelp>；原料：海带 <minecraft:kelp>；原料：海带 <minecraft:kelp>；原料：海带 <minecraft:kelp>；原料：海带 <minecraft:kelp>；原料：海带 <minecraft:kelp>",""
"kaleidoscope_cookery","kaleidoscope_cookery:pot/kelp_to_dried_kelp_7","干海带","kaleidoscope_cookery:pot","自定义工序（kaleidoscope_cookery:pot）","干海带","minecraft:dried_kelp","7","是","1","0.6","","","","原料：海带 <minecraft:kelp>；原料：海带 <minecraft:kelp>；原料：海带 <minecraft:kelp>；原料：海带 <minecraft:kelp>；原料：海带 <minecraft:kelp>；原料：海带 <minecraft:kelp>；原料：海带 <minecraft:kelp>",""
"kaleidoscope_cookery","kaleidoscope_cookery:pot/kelp_to_dried_kelp_8","干海带","kaleidoscope_cookery:pot","自定义工序（kaleidoscope_cookery:pot）","干海带","minecraft:dried_kelp","8","是","1","0.6","","","","原料：海带 <minecraft:kelp>；原料：海带 <minecraft:kelp>；原料：海带 <minecraft:kelp>；原料：海带 <minecraft:kelp>；原料：海带 <minecraft:kelp>；原料：海带 <minecraft:kelp>；原料：海带 <minecraft:kelp>；原料：海带 <minecraft:kelp>",""
"kaleidoscope_cookery","kaleidoscope_cookery:pot/kelp_to_dried_kelp_9","干海带","kaleidoscope_cookery:pot","自定义工序（kaleidoscope_cookery:pot）","干海带","minecraft:dried_kelp","9","是","1","0.6","","","","原料：海带 <minecraft:kelp>；原料：海带 <minecraft:kelp>；原料：海带 <minecraft:kelp>；原料：海带 <minecraft:kelp>；原料：海带 <minecraft:kelp>；原料：海带 <minecraft:kelp>；原料：海带 <minecraft:kelp>；原料：海带 <minecraft:kelp>；原料：海带 <minecraft:kelp>",""
"spawn","spawn:smooth_blasted_sandstone","平滑荒砂岩","minecraft:smelting","熔炉","平滑荒砂岩","spawn:smooth_blasted_sandstone","1","否","","","","0.1","200","原料：荒砂岩 <spawn:blasted_sandstone>",""
"farmersdelight","farmersdelight:lead_from_straw","拴绳","minecraft:crafting_shaped","工作台（有序合成）","拴绳","minecraft:lead","1","否","","","","","","[空原料或模组自定义参数]；[空原料或模组自定义参数]；[空原料或模组自定义参数]；[空原料或模组自定义参数]；[空原料或模组自定义参数]；[空原料或模组自定义参数]；[空原料或模组自定义参数]；[空原料或模组自定义参数]；[空原料或模组自定义参数]",""
"spawn","spawn:snail_shell_tile_slab","蜗牛壳瓦台阶","minecraft:crafting_shaped","工作台（有序合成）","蜗牛壳瓦台阶","spawn:snail_shell_tile_slab","6","否","","","","","","[空原料或模组自定义参数]；[空原料或模组自定义参数]；[空原料或模组自定义参数]",""
"farmersdelight","farmersdelight:cyan_canvas_sign","青色粗布告示牌","minecraft:crafting_shapeless","工作台（无序合成）","青色粗布告示牌","farmersdelight:cyan_canvas_sign","1","否","","","","","","原料：#farmersdelight:canvas_signs；原料：#c:dyes/cyan",""
"farmersdelight","farmersdelight:gold_nugget_from_blasting_knife","金粒","minecraft:blasting","高炉","金粒","minecraft:gold_nugget","1","否","","","","0.1","100","原料：金刀 <farmersdelight:golden_knife>",""
"farmersdelight","farmersdelight:gleaming_salad_block","闪亮沙拉","minecraft:crafting_shapeless","工作台（无序合成）","闪亮沙拉","farmersdelight:gleaming_salad_block","1","否","","","","","","原料：发光浆果 <minecraft:glow_berries>；原料：蜂蜜瓶 <minecraft:honey_bottle>；原料：发光浆果 <minecraft:glow_berries>；原料：#c:crops/tomato；原料：金胡萝卜 <minecraft:golden_carrot>；原料：#c:crops/beetroot；原料：卷心菜 <farmersdelight:cabbage>；原料：碗 <minecraft:bowl>；原料：卷心菜 <farmersdelight:cabbage>",""
"spawn","spawn:roasted_sunflower_seeds","烘焙向日葵种子","minecraft:smelting","熔炉","烘焙向日葵种子","spawn:roasted_sunflower_seeds","1","是","3","1.2","","0.35","100","原料：向日葵种子 <spawn:sunflower_seeds>",""
"farmersdelight","farmersdelight:cutting/mangrove_wood","去皮红树木","farmersdelight:cutting","切菜板","去皮红树木","minecraft:stripped_mangrove_wood","1","否","","","","","","原料：红树木 <minecraft:mangrove_wood>；工具：{""type"":""farmersdelight:item_ability"",""action"":""axe_strip""}；工具：#minecraft:axes",""
"kaleidoscope_cookery","kaleidoscope_cookery:flex_pot/frost_lamb_chop","凛冬羊排","kaleidoscope_cookery:flex_pot","自定义工序（kaleidoscope_cookery:flex_pot）","凛冬羊排","kaleidoscope_cookery:frost_lamb_chop","1","是","13","15.99","寒带疾行 1600tick 1级 概率1","","","原料：蓝冰 <minecraft:blue_ice>；原料：#c:foods/raw_mutton；容器/载体：碗 <minecraft:bowl>",""
"kaleidoscope_cookery","kaleidoscope_cookery:chair_acacia","金合欢木椅子","minecraft:crafting_shaped","工作台（有序合成）","金合欢木椅子","kaleidoscope_cookery:chair_acacia","1","否","","","","","","[空原料或模组自定义参数]；[空原料或模组自定义参数]；[空原料或模组自定义参数]；[空原料或模组自定义参数]；[空原料或模组自定义参数]；[空原料或模组自定义参数]；[空原料或模组自定义参数]；[空原料或模组自定义参数]；[空原料或模组自定义参数]",""
"kaleidoscope_cookery","kaleidoscope_cookery:pot/kelp_to_dried_kelp_1","干海带","kaleidoscope_cookery:pot","自定义工序（kaleidoscope_cookery:pot）","干海带","minecraft:dried_kelp","1","是","1","0.6","","","","原料：海带 <minecraft:kelp>",""
"kaleidoscope_cookery","kaleidoscope_cookery:pot/kelp_to_dried_kelp_2","干海带","kaleidoscope_cookery:pot","自定义工序（kaleidoscope_cookery:pot）","干海带","minecraft:dried_kelp","2","是","1","0.6","","","","原料：海带 <minecraft:kelp>；原料：海带 <minecraft:kelp>",""
"spawn","spawn:reefstone_slab_from_reefstone_stonecutting","礁石台阶","minecraft:stonecutting","自定义工序（minecraft:stonecutting）","礁石台阶","spawn:reefstone_slab","2","否","","","","","","原料：礁石 <spawn:reefstone>",""
"spawn","spawn:red_algae_block","红藻块","minecraft:crafting_shaped","工作台（有序合成）","红藻块","spawn:red_algae_block","1","否","","","","","","[空原料或模组自定义参数]；[空原料或模组自定义参数]；[空原料或模组自定义参数]；[空原料或模组自定义参数]；[空原料或模组自定义参数]；[空原料或模组自定义参数]；[空原料或模组自定义参数]；[空原料或模组自定义参数]；[空原料或模组自定义参数]",""
"spawn","spawn:roasted_sunflower_seeds_from_campfire_cooking","烘焙向日葵种子","minecraft:campfire_cooking","营火","烘焙向日葵种子","spawn:roasted_sunflower_seeds","1","是","3","1.2","","0.35","300","原料：向日葵种子 <spawn:sunflower_seeds>",""
"farmersdelight","farmersdelight:cutting/wild_beetroots","甜菜种子","farmersdelight:cutting","切菜板","甜菜种子","minecraft:beetroot_seeds","1","否","","","","","","原料：海甜菜 <farmersdelight:wild_beetroots>；工具：{""type"":""farmersdelight:item_ability"",""action"":""knife_dig""}；工具：#c:tools/knife",""
"kaleidoscope_cookery","kaleidoscope_cookery:table_mangrove","红树木餐桌","minecraft:crafting_shaped","工作台（有序合成）","红树木餐桌","kaleidoscope_cookery:table_mangrove","1","否","","","","","","[空原料或模组自定义参数]；[空原料或模组自定义参数]；[空原料或模组自定义参数]；[空原料或模组自定义参数]；[空原料或模组自定义参数]；[空原料或模组自定义参数]",""
"kaleidoscope_cookery","kaleidoscope_cookery:flex_pot/spicy_rabbit_head","麻辣兔头","kaleidoscope_cookery:flex_pot","自定义工序（kaleidoscope_cookery:flex_pot）","麻辣兔头","kaleidoscope_cookery:spicy_rabbit_head","1","是","13","15.99","温暖 1600tick 1级 概率1","","","原料：生兔肉 <minecraft:rabbit>；原料：#c:crops/chilipepper；容器/载体：碗 <minecraft:bowl>",""
"farmersdelight","farmersdelight:cooking/hot_cocoa","热可可","farmersdelight:cooking","烹饪锅","热可可","farmersdelight:hot_cocoa","1","否","","","","","","原料：#c:drinks/milk；原料：糖 <minecraft:sugar>；原料：可可豆 <minecraft:cocoa_beans>；原料：可可豆 <minecraft:cocoa_beans>",""
"kaleidoscope_cookery","kaleidoscope_cookery:flex_pot/donkey_burger","驴肉火烧","kaleidoscope_cookery:flex_pot","自定义工序（kaleidoscope_cookery:flex_pot）","驴肉火烧","kaleidoscope_cookery:donkey_burger","1","是","12","19.2","饱腹代偿 900tick 1级 概率1","","","原料：#c:crops/chilipepper；原料：#c:dough；原料：生切制小肉 <kaleidoscope_cookery:raw_cut_small_meats>",""
"kaleidoscope_cookery","kaleidoscope_cookery:table_jungle","丛林木餐桌","minecraft:crafting_shaped","工作台（有序合成）","丛林木餐桌","kaleidoscope_cookery:table_jungle","1","否","","","","","","[空原料或模组自定义参数]；[空原料或模组自定义参数]；[空原料或模组自定义参数]；[空原料或模组自定义参数]；[空原料或模组自定义参数]；[空原料或模组自定义参数]",""
"farmersdelight","farmersdelight:cooking/noodle_soup","面条汤","farmersdelight:cooking","烹饪锅","面条汤","farmersdelight:noodle_soup","1","是","14","21","滋养 6000tick 1级 概率1","","","原料：#c:foods/pasta；原料：#c:eggs；原料：干海带 <minecraft:dried_kelp>；原料：#c:foods/raw_pork",""
"kaleidoscope_cookery","kaleidoscope_cookery:pot/oil_splashed_fish","油泼鱼","kaleidoscope_cookery:pot","自定义工序（kaleidoscope_cookery:pot）","油泼鱼","kaleidoscope_cookery:oil_splashed_fish","1","是","13","15.99","温暖 1600tick 1级 概率1","","","原料：#c:raw_fishes；原料：#c:raw_fishes；原料：#c:raw_fishes；原料：#c:raw_fishes；原料：#c:raw_fishes；原料：#c:raw_fishes；原料：#c:crops/chilipepper；原料：#c:crops/chilipepper；容器/载体：碗 <minecraft:bowl>",""
"spawn","spawn:casting_net","抛网","minecraft:crafting_shaped","工作台（有序合成）","抛网","spawn:casting_net","1","否","","","","","","[空原料或模组自定义参数]；[空原料或模组自定义参数]；[空原料或模组自定义参数]；[空原料或模组自定义参数]；[空原料或模组自定义参数]；[空原料或模组自定义参数]；[空原料或模组自定义参数]；[空原料或模组自定义参数]；[空原料或模组自定义参数]",""
"kaleidoscope_cookery","kaleidoscope_cookery:transmutation_lunch_bag","嬗变饭袋","minecraft:crafting_shaped","工作台（有序合成）","嬗变饭袋","kaleidoscope_cookery:transmutation_lunch_bag","1","否","","","","","","[空原料或模组自定义参数]；[空原料或模组自定义参数]；[空原料或模组自定义参数]；[空原料或模组自定义参数]；[空原料或模组自定义参数]；[空原料或模组自定义参数]；[空原料或模组自定义参数]；[空原料或模组自定义参数]；[空原料或模组自定义参数]",""
"farmersdelight","farmersdelight:salvaging/hopper_minecart","矿车","farmersdelight:cutting","切菜板","矿车","minecraft:minecart","1","否","","","","","","原料：漏斗矿车 <minecraft:hopper_minecart>；工具：{""type"":""farmersdelight:item_ability"",""action"":""hoe_dig""}；工具：#minecraft:hoes",""
"farmersdelight","farmersdelight:cutting/tag_dough","生意面","farmersdelight:cutting","切菜板","生意面","farmersdelight:raw_pasta","1","是","2","1.2","饥饿 600tick 1级 概率0.30000001192092896","","","原料：#c:foods/dough；工具：{""type"":""farmersdelight:item_ability"",""action"":""knife_dig""}；工具：#c:tools/knife",""
"kaleidoscope_cookery","kaleidoscope_cookery:stockpot/numbing_spicy_chicken","椒麻鸡","kaleidoscope_cookery:stockpot","万花筒汤锅","椒麻鸡","kaleidoscope_cookery:numbing_spicy_chicken","1","是","13","15.99","抗火 2400tick 1级 概率1","","","原料：#c:crops/chilipepper；原料：#c:crops/chilipepper；原料：#c:foods/raw_chicken；原料：#c:foods/raw_chicken；原料：#c:foods/raw_chicken",""
"spawn","spawn:reefstone_slab","礁石台阶","minecraft:crafting_shaped","工作台（有序合成）","礁石台阶","spawn:reefstone_slab","6","否","","","","","","[空原料或模组自定义参数]；[空原料或模组自定义参数]；[空原料或模组自定义参数]",""
"kaleidoscope_cookery","kaleidoscope_cookery:oil_block","油脂块","minecraft:crafting_shaped","工作台（有序合成）","油脂块","kaleidoscope_cookery:oil_block","1","否","","","","","","[空原料或模组自定义参数]；[空原料或模组自定义参数]；[空原料或模组自定义参数]；[空原料或模组自定义参数]；[空原料或模组自定义参数]；[空原料或模组自定义参数]；[空原料或模组自定义参数]；[空原料或模组自定义参数]；[空原料或模组自定义参数]",""
"farmersdelight","farmersdelight:cutting/mutton","屏障","minecraft:crafting_shapeless","工作台（无序合成）","屏障","minecraft:barrier","1","否","","","","","","原料：生羊肉 <minecraft:mutton>；工具：{""type"":""farmersdelight:item_ability"",""action"":""knife_dig""}；工具：#c:tools/knife",""
"spawn","spawn:tuna_roll","金枪鱼寿司","minecraft:crafting_shapeless","工作台（无序合成）","金枪鱼寿司","spawn:tuna_roll","3","是","5","6","","","","原料：金枪鱼片 <spawn:tuna_slice>；原料：干海带 <minecraft:dried_kelp>；原料：米饭 <farmersdelight:cooked_rice>",""
"spawn","spawn:cooked_herring_from_campfire_cooking","熟鲱鱼","minecraft:campfire_cooking","营火","熟鲱鱼","spawn:cooked_herring","1","是","4","4","","0.35","600","原料：鲱鱼 <spawn:herring>",""
"farmersdelight","farmersdelight:onion","洋葱","minecraft:crafting_shapeless","工作台（无序合成）","洋葱","farmersdelight:onion","9","是","2","1.6","","","","原料：箱装洋葱 <farmersdelight:onion_crate>",""
"kaleidoscope_cookery","kaleidoscope_cookery:stockpot_lid","汤锅盖","minecraft:crafting_shaped","工作台（有序合成）","汤锅盖","kaleidoscope_cookery:stockpot_lid","1","否","","","","","","[空原料或模组自定义参数]；[空原料或模组自定义参数]；[空原料或模组自定义参数]；[空原料或模组自定义参数]；[空原料或模组自定义参数]；[空原料或模组自定义参数]",""
"farmersdelight","farmersdelight:cooking/stuffed_pumpkin_block","填馅南瓜","farmersdelight:cooking","烹饪锅","填馅南瓜","farmersdelight:stuffed_pumpkin_block","1","否","","","","","","原料：#c:crops/rice；原料：#c:crops/onion；原料：棕色蘑菇 <minecraft:brown_mushroom>；原料：#c:crops/potato；原料：#c:foods/berry；原料：{""type"":""neoforge:difference"",""base"":{""tag"":""c:foods/vegetable""},""subtracted"":{""item"":""minecraft:melon_slice""}}",""
"spawn","spawn:cooked_herring_slice","熟鲱鱼片","minecraft:smelting","熔炉","熟鲱鱼片","spawn:cooked_herring_slice","1","是","2","1.2","","0.35","200","原料：鲱鱼片 <spawn:herring_slice>",""
"farmersdelight","farmersdelight:cooking/mushroom_stew","蘑菇煲","farmersdelight:cooking","烹饪锅","蘑菇煲","minecraft:mushroom_stew","1","是","6","7.2000003","","","","原料：棕色蘑菇 <minecraft:brown_mushroom>；原料：红色蘑菇 <minecraft:red_mushroom>",""
"spawn","spawn:date_stairs","椰枣木楼梯","minecraft:crafting_shaped","工作台（有序合成）","椰枣木楼梯","spawn:date_stairs","4","否","","","","","","[空原料或模组自定义参数]；[空原料或模组自定义参数]；[空原料或模组自定义参数]；[空原料或模组自定义参数]；[空原料或模组自定义参数]；[空原料或模组自定义参数]；[空原料或模组自定义参数]；[空原料或模组自定义参数]；[空原料或模组自定义参数]",""
"spawn","spawn:ghostly_mucus_block","苍白粘痕块","minecraft:crafting_shaped","工作台（有序合成）","苍白粘痕块","spawn:ghostly_mucus_block","4","否","","","","","","[空原料或模组自定义参数]；[空原料或模组自定义参数]；[空原料或模组自定义参数]；[空原料或模组自定义参数]；[空原料或模组自定义参数]；[空原料或模组自定义参数]；[空原料或模组自定义参数]；[空原料或模组自定义参数]；[空原料或模组自定义参数]",""
"spawn","spawn:reefstone_tile_stairs_from_reefstone_tiles_stonecutting","礁石楼梯","minecraft:stonecutting","自定义工序（minecraft:stonecutting）","礁石楼梯","spawn:reefstone_tile_stairs","1","否","","","","","","原料：礁石瓦 <spawn:reefstone_tiles>",""
"kaleidoscope_cookery","kaleidoscope_cookery:teapot/flower_tea","花茶","kaleidoscope_cookery:teapot","自定义工序（kaleidoscope_cookery:teapot）","花茶","kaleidoscope_cookery:flower_tea","1","否","","","","","","原料：#minecraft:small_flowers",""
"kaleidoscope_cookery","kaleidoscope_cookery:millstone/string_from_pink_wool","线","kaleidoscope_cookery:millstone","自定义工序（kaleidoscope_cookery:millstone）","线","minecraft:string","3","否","","","","","","原料：粉红色羊毛 <minecraft:pink_wool>",""
"farmersdelight","farmersdelight:pot/add/beef_patty","牛肉饼","kaleidoscope_cookery:pot","自定义工序（kaleidoscope_cookery:pot）","牛肉饼","farmersdelight:beef_patty","1","是","4","6.4","","","","原料：牛肉馅 <farmersdelight:minced_beef>",""
"farmersdelight","farmersdelight:white_hanging_canvas_sign","悬挂式白色粗布告示牌","minecraft:crafting_shapeless","工作台（无序合成）","悬挂式白色粗布告示牌","farmersdelight:white_hanging_canvas_sign","1","否","","","","","","原料：#farmersdelight:hanging_canvas_signs；原料：#c:dyes/white",""
"kaleidoscope_cookery","kaleidoscope_cookery:millstone/string_from_magenta_wool","线","kaleidoscope_cookery:millstone","自定义工序（kaleidoscope_cookery:millstone）","线","minecraft:string","3","否","","","","","","原料：品红色羊毛 <minecraft:magenta_wool>",""
"kaleidoscope_cookery","kaleidoscope_cookery:flex_pot/stir_fried_pork_with_peppers","青椒炒肉","kaleidoscope_cookery:flex_pot","自定义工序（kaleidoscope_cookery:flex_pot）","青椒炒肉","kaleidoscope_cookery:stir_fried_pork_with_peppers","1","是","9","10.998","活力 1800tick 1级 概率1","","","原料：#c:foods/raw_pork；原料：#c:crops/chilipepper；容器/载体：碗 <minecraft:bowl>",""
"kaleidoscope_cookery","kaleidoscope_cookery:sickle","镰刀","minecraft:crafting_shaped","工作台（有序合成）","镰刀","kaleidoscope_cookery:sickle","1","否","","","","","","[空原料或模组自定义参数]；[空原料或模组自定义参数]；[空原料或模组自定义参数]；[空原料或模组自定义参数]；[空原料或模组自定义参数]；[空原料或模组自定义参数]；[空原料或模组自定义参数]；[空原料或模组自定义参数]；[空原料或模组自定义参数]",""
"farmersdelight","farmersdelight:integration/create/milling/wild_cabbages","卷心菜种子","create:milling","自定义工序（create:milling）","卷心菜种子","farmersdelight:cabbage_seeds","1","否","","","","","","原料：野生卷心菜 <farmersdelight:wild_cabbages>",""
"spawn","spawn:rotten_fence_gate","腐木栅栏门","minecraft:crafting_shaped","工作台（有序合成）","腐木栅栏门","spawn:rotten_fence_gate","1","否","","","","","","[空原料或模组自定义参数]；[空原料或模组自定义参数]；[空原料或模组自定义参数]；[空原料或模组自定义参数]；[空原料或模组自定义参数]；[空原料或模组自定义参数]",""
"kaleidoscope_cookery","kaleidoscope_cookery:pot/blaze_lamb_chop","烈焰羊排","kaleidoscope_cookery:pot","自定义工序（kaleidoscope_cookery:pot）","烈焰羊排","kaleidoscope_cookery:blaze_lamb_chop","1","是","13","15.99","抗火 1600tick 1级 概率1","","","原料：烈焰粉 <minecraft:blaze_powder>；原料：烈焰粉 <minecraft:blaze_powder>；原料：烈焰粉 <minecraft:blaze_powder>；原料：#c:foods/raw_mutton；原料：#c:foods/raw_mutton；原料：#c:foods/raw_mutton；容器/载体：碗 <minecraft:bowl>",""
"farmersdelight","farmersdelight:cake_from_milk_bottle","蛋糕","minecraft:crafting_shaped","工作台（有序合成）","蛋糕","minecraft:cake","1","否","","","","","","[空原料或模组自定义参数]；[空原料或模组自定义参数]；[空原料或模组自定义参数]；[空原料或模组自定义参数]；[空原料或模组自定义参数]；[空原料或模组自定义参数]；[空原料或模组自定义参数]；[空原料或模组自定义参数]；[空原料或模组自定义参数]",""
"farmersdelight","farmersdelight:wheat_dough_from_water","屏障","minecraft:crafting_shapeless","工作台（无序合成）","屏障","minecraft:barrier","1","否","","","","","","原料：屏障 <minecraft:barrier>",""
"kaleidoscope_cookery","kaleidoscope_cookery:millstone/oil_from_seeds","油脂","kaleidoscope_cookery:millstone","自定义工序（kaleidoscope_cookery:millstone）","油脂","kaleidoscope_cookery:oil","1","否","","","","","","原料：#c:seeds",""
"spawn","spawn:clam_chowder_fd","蚌肉浓汤","minecraft:crafting_shapeless","工作台（无序合成）","蚌肉浓汤","spawn:clam_chowder","1","是","8","12.8","","","","原料：碗 <minecraft:bowl>；原料：熟蚌肉 <spawn:cooked_clam>；原料：马铃薯 <minecraft:potato>；原料：马铃薯 <minecraft:potato>；原料：奶瓶 <farmersdelight:milk_bottle>",""
"farmersdelight","farmersdelight:cooking/glow_berry_custard","发光浆果蛋奶沙司","farmersdelight:cooking","烹饪锅","发光浆果蛋奶沙司","farmersdelight:glow_berry_custard","1","是","7","8.400001","发光 100tick 1级 概率1","","","原料：发光浆果 <minecraft:glow_berries>；原料：#c:drinks/milk；原料：#c:eggs；原料：糖 <minecraft:sugar>",""
"kaleidoscope_cookery","kaleidoscope_cookery:millstone/polished_andesite_from_andesite","磨制安山岩","kaleidoscope_cookery:millstone","自定义工序（kaleidoscope_cookery:millstone）","磨制安山岩","minecraft:polished_andesite","1","否","","","","","","原料：安山岩 <minecraft:andesite>",""
"farmersdelight","farmersdelight:cutting/chocolate_pie","巧克力派切片","farmersdelight:cutting","切菜板","巧克力派切片","farmersdelight:chocolate_pie_slice","4","是","3","1.8000001","迅捷 600tick 1级 概率1","","","原料：巧克力派 <farmersdelight:chocolate_pie>；工具：{""type"":""farmersdelight:item_ability"",""action"":""knife_dig""}；工具：#c:tools/knife",""
"spawn","spawn:date_raft","椰枣木筏","minecraft:crafting_shaped","工作台（有序合成）","椰枣木筏","spawn:date_raft","1","否","","","","","","[空原料或模组自定义参数]；[空原料或模组自定义参数]；[空原料或模组自定义参数]；[空原料或模组自定义参数]；[空原料或模组自定义参数]；[空原料或模组自定义参数]",""
"farmersdelight","farmersdelight:green_hanging_canvas_sign","悬挂式绿色粗布告示牌","minecraft:crafting_shapeless","工作台（无序合成）","悬挂式绿色粗布告示牌","farmersdelight:green_hanging_canvas_sign","1","否","","","","","","原料：#farmersdelight:hanging_canvas_signs；原料：#c:dyes/green",""
"farmersdelight","farmersdelight:horse_feed","马食","minecraft:crafting_shapeless","工作台（无序合成）","马食","farmersdelight:horse_feed","1","否","","","","","","原料：干草捆 <minecraft:hay_block> / 稻穗捆 <farmersdelight:rice_bale>；原料：苹果 <minecraft:apple>；原料：苹果 <minecraft:apple>；原料：金胡萝卜 <minecraft:golden_carrot>",""
"kaleidoscope_cookery","kaleidoscope_cookery:millstone/string_from_cyan_wool","线","kaleidoscope_cookery:millstone","自定义工序（kaleidoscope_cookery:millstone）","线","minecraft:string","3","否","","","","","","原料：青色羊毛 <minecraft:cyan_wool>",""
"farmersdelight","farmersdelight:cutting/pink_tulip","粉红色染料","farmersdelight:cutting","切菜板","粉红色染料","minecraft:pink_dye","2","否","","","","","","原料：粉红色郁金香 <minecraft:pink_tulip>；工具：{""type"":""farmersdelight:item_ability"",""action"":""knife_dig""}；工具：#c:tools/knife",""
"kaleidoscope_cookery","kaleidoscope_cookery:millstone/polished_blackstone_from_blackstone","磨制黑石","kaleidoscope_cookery:millstone","自定义工序（kaleidoscope_cookery:millstone）","磨制黑石","minecraft:polished_blackstone","1","否","","","","","","原料：黑石 <minecraft:blackstone>",""
"spawn","spawn:heliostone_stairs","日光石楼梯","minecraft:crafting_shaped","工作台（有序合成）","日光石楼梯","spawn:heliostone_stairs","4","否","","","","","","[空原料或模组自定义参数]；[空原料或模组自定义参数]；[空原料或模组自定义参数]；[空原料或模组自定义参数]；[空原料或模组自定义参数]；[空原料或模组自定义参数]；[空原料或模组自定义参数]；[空原料或模组自定义参数]；[空原料或模组自定义参数]",""
"kaleidoscope_cookery","kaleidoscope_cookery:millstone/quartz_from_smooth_quartz","下界石英","kaleidoscope_cookery:millstone","自定义工序（kaleidoscope_cookery:millstone）","下界石英","minecraft:quartz","3","否","","","","","","原料：平滑石英块 <minecraft:smooth_quartz>",""
"farmersdelight","farmersdelight:cutting/acacia_wood","去皮金合欢木","farmersdelight:cutting","切菜板","去皮金合欢木","minecraft:stripped_acacia_wood","1","否","","","","","","原料：金合欢木 <minecraft:acacia_wood>；工具：{""type"":""farmersdelight:item_ability"",""action"":""axe_strip""}；工具：#minecraft:axes",""
"spawn","spawn:cooked_tuna_chunk_from_campfire_cooking","熟金枪鱼块","minecraft:campfire_cooking","营火","熟金枪鱼块","spawn:cooked_tuna_chunk","1","是","6","9.6","","0.35","600","原料：金枪鱼块 <spawn:tuna_chunk>",""
"spawn","spawn:reefstone_tile_wall_from_reefstone_stonecutting","礁石墙","minecraft:stonecutting","自定义工序（minecraft:stonecutting）","礁石墙","spawn:reefstone_tile_wall","1","否","","","","","","原料：礁石 <spawn:reefstone>",""
"farmersdelight","farmersdelight:cooking/beef_stew","牛肉炖","farmersdelight:cooking","烹饪锅","牛肉炖","farmersdelight:beef_stew","1","是","12","19.2","滋养 3600tick 1级 概率1","","","原料：#c:foods/raw_beef；原料：#c:crops/carrot；原料：#c:crops/potato",""
"farmersdelight","farmersdelight:cutting/dandelion","黄色染料","farmersdelight:cutting","切菜板","黄色染料","minecraft:yellow_dye","2","否","","","","","","原料：蒲公英 <minecraft:dandelion>；工具：{""type"":""farmersdelight:item_ability"",""action"":""knife_dig""}；工具：#c:tools/knife",""
"kaleidoscope_cookery","kaleidoscope_cookery:table_spruce","云杉木餐桌","minecraft:crafting_shaped","工作台（有序合成）","云杉木餐桌","kaleidoscope_cookery:table_spruce","1","否","","","","","","[空原料或模组自定义参数]；[空原料或模组自定义参数]；[空原料或模组自定义参数]；[空原料或模组自定义参数]；[空原料或模组自定义参数]；[空原料或模组自定义参数]",""
"kaleidoscope_cookery","kaleidoscope_cookery:chopping_board/raw_lamb_chops","生羊排","kaleidoscope_cookery:chopping_board","自定义工序（kaleidoscope_cookery:chopping_board）","生羊排","kaleidoscope_cookery:raw_lamb_chops","2","是","1","1","","","","原料：生羊肉 <minecraft:mutton>",""
"kaleidoscope_cookery","kaleidoscope_cookery:chopping_board/raw_noodles_from_raw_dough","生面条","kaleidoscope_cookery:chopping_board","自定义工序（kaleidoscope_cookery:chopping_board）","生面条","kaleidoscope_cookery:raw_noodles","2","否","","","","","","原料：#c:dough",""
"farmersdelight","farmersdelight:rope_from_safety_net","绳子","minecraft:crafting_shapeless","工作台（无序合成）","绳子","farmersdelight:rope","4","否","","","","","","原料：安全网 <farmersdelight:safety_net>",""
"farmersdelight","farmersdelight:cooked_mutton_chops_from_campfire_cooking","屏障","minecraft:crafting_shapeless","工作台（无序合成）","屏障","minecraft:barrier","1","否","","","","","","原料：生羊排 <farmersdelight:mutton_chops>",""
"spawn","spawn:cutting/cooked_herring","熟鲱鱼片","farmersdelight:cutting","切菜板","熟鲱鱼片","spawn:cooked_herring_slice","2","是","2","1.2","","","","原料：熟鲱鱼 <spawn:cooked_herring>；工具：#c:tools/knife",""
"farmersdelight","farmersdelight:orange_canvas_sign","橙色粗布告示牌","minecraft:crafting_shapeless","工作台（无序合成）","橙色粗布告示牌","farmersdelight:orange_canvas_sign","1","否","","","","","","原料：#farmersdelight:canvas_signs；原料：#c:dyes/orange",""
"farmersdelight","farmersdelight:cutting/dark_oak_wood","去皮深色橡木","farmersdelight:cutting","切菜板","去皮深色橡木","minecraft:stripped_dark_oak_wood","1","否","","","","","","原料：深色橡木 <minecraft:dark_oak_wood>；工具：{""type"":""farmersdelight:item_ability"",""action"":""axe_strip""}；工具：#minecraft:axes",""
"kaleidoscope_cookery","kaleidoscope_cookery:cold_cut_ham_slices","冷切火腿片","minecraft:crafting_shapeless","工作台（无序合成）","冷切火腿片","kaleidoscope_cookery:cold_cut_ham_slices","1","否","","","","","","原料：熟五花肉 <kaleidoscope_cookery:cooked_pork_belly>；原料：熟五花肉 <kaleidoscope_cookery:cooked_pork_belly>；原料：熟五花肉 <kaleidoscope_cookery:cooked_pork_belly>；原料：熟五花肉 <kaleidoscope_cookery:cooked_pork_belly>；原料：熟五花肉 <kaleidoscope_cookery:cooked_pork_belly>；原料：熟五花肉 <kaleidoscope_cookery:cooked_pork_belly>；原料：熟五花肉 <kaleidoscope_cookery:cooked_pork_belly>；原料：熟五花肉 <kaleidoscope_cookery:cooked_pork_belly>；原料：碗 <minecraft:bowl>",""
"farmersdelight","farmersdelight:cooking/cooked_rice","米饭","farmersdelight:cooking","烹饪锅","米饭","farmersdelight:cooked_rice","1","是","6","4.8","滋养 600tick 1级 概率1","","","原料：#c:crops/rice",""
"kaleidoscope_cookery","kaleidoscope_cookery:stockpot/crimson_fungus_pot_soup","绯红菌瓦罐汤","kaleidoscope_cookery:stockpot","万花筒汤锅","绯红菌瓦罐汤","kaleidoscope_cookery:crimson_fungus_pot_soup","1","是","18","24.012","抗火 2400tick 1级 概率1","","","原料：绯红菌 <minecraft:crimson_fungus>；原料：绯红菌 <minecraft:crimson_fungus>；原料：绯红菌 <minecraft:crimson_fungus>；原料：绯红菌 <minecraft:crimson_fungus>；原料：绯红菌 <minecraft:crimson_fungus>；原料：绯红菌 <minecraft:crimson_fungus>；容器/载体：花盆 <minecraft:flower_pot>",""
"kaleidoscope_cookery","kaleidoscope_cookery:flex_pot/braised_pork_ribs","红烧排骨","kaleidoscope_cookery:flex_pot","自定义工序（kaleidoscope_cookery:flex_pot）","红烧排骨","kaleidoscope_cookery:braised_pork_ribs","1","是","16","25.6","温暖 1600tick 1级 概率1","","","原料：骨头 <minecraft:bone>；原料：#c:foods/raw_pork；容器/载体：碗 <minecraft:bowl>",""
"farmersdelight","farmersdelight:salvaging/crimson_furniture","绯红木板","farmersdelight:cutting","切菜板","绯红木板","minecraft:crimson_planks","1","否","","","","","","原料：{""type"":""neoforge:compound"",""children"":[{""item"":""minecraft:crimson_door""},{""item"":""minecraft:crimson_trapdoor""},{""item"":""minecraft:crimson_sign""},{""item"":""minecraft:crimson_hanging_sign""},{""item"":""minecraft:crimson_fence""},{""item"":""minecraft:crimson_fence_gate""},{""item"":""minecraft:crimson_pressure_plate""},{""item"":""minecraft:crimson_button""},{""item"":""farmersdelight:crimson_cabinet""}]}；工具：{""type"":""farmersdelight:item_ability"",""action"":""axe_dig""}；工具：#minecraft:axes",""
"kaleidoscope_cookery","kaleidoscope_cookery:chopping_board/cooked_pork_belly","熟五花肉","kaleidoscope_cookery:chopping_board","自定义工序（kaleidoscope_cookery:chopping_board）","熟五花肉","kaleidoscope_cookery:cooked_pork_belly","2","是","4","6.4","","","","原料：熟猪排 <minecraft:cooked_porkchop>",""
"ordertocook","ordertocook:washingtable","洗碗池","minecraft:crafting_shaped","工作台（有序合成）","洗碗池","ordertocook:washingtable","1","否","","","","","","[空原料或模组自定义参数]；[空原料或模组自定义参数]；[空原料或模组自定义参数]；[空原料或模组自定义参数]；[空原料或模组自定义参数]；[空原料或模组自定义参数]；[空原料或模组自定义参数]；[空原料或模组自定义参数]；[空原料或模组自定义参数]",""
"farmersdelight","farmersdelight:beef_patty_from_smoking","牛肉饼","minecraft:smoking","烟熏炉","牛肉饼","farmersdelight:beef_patty","1","是","4","6.4","","0.35","100","原料：牛肉馅 <farmersdelight:minced_beef>",""
"kaleidoscope_cookery","kaleidoscope_cookery:flex_pot/fondant_spider_eye","翻糖蛛眼","kaleidoscope_cookery:flex_pot","自定义工序（kaleidoscope_cookery:flex_pot）","翻糖蛛眼","kaleidoscope_cookery:fondant_spider_eye","1","是","8","0","胀气 700tick 1级 概率1","","","原料：糖 <minecraft:sugar>；原料：蜘蛛眼 <minecraft:spider_eye>；容器/载体：碗 <minecraft:bowl>",""
"farmersdelight","farmersdelight:canvas_sign","粗布告示牌","minecraft:crafting_shaped","工作台（有序合成）","粗布告示牌","farmersdelight:canvas_sign","3","否","","","","","","[空原料或模组自定义参数]；[空原料或模组自定义参数]；[空原料或模组自定义参数]；[空原料或模组自定义参数]；[空原料或模组自定义参数]；[空原料或模组自定义参数]；[空原料或模组自定义参数]；[空原料或模组自定义参数]；[空原料或模组自定义参数]",""
"kaleidoscope_cookery","kaleidoscope_cookery:shawarma_spit","旋风烤肉塔","minecraft:crafting_shaped","工作台（有序合成）","旋风烤肉塔","kaleidoscope_cookery:shawarma_spit","1","否","","","","","","[空原料或模组自定义参数]；[空原料或模组自定义参数]；[空原料或模组自定义参数]；[空原料或模组自定义参数]；[空原料或模组自定义参数]；[空原料或模组自定义参数]",""
"kaleidoscope_cookery","kaleidoscope_cookery:pot/pan_seared_knight_steak","香煎骑士牛排","kaleidoscope_cookery:pot","自定义工序（kaleidoscope_cookery:pot）","香煎骑士牛排","kaleidoscope_cookery:pan_seared_knight_steak","1","是","13","15.99","饱腹代偿 1800tick 1级 概率1","","","原料：骨头 <minecraft:bone>；原料：骨头 <minecraft:bone>；原料：骨头 <minecraft:bone>；原料：甜浆果 <minecraft:sweet_berries>；原料：甜浆果 <minecraft:sweet_berries>；原料：甜浆果 <minecraft:sweet_berries>；原料：#c:foods/raw_beef；原料：#c:foods/raw_beef；容器/载体：碗 <minecraft:bowl>",""
"farmersdelight","farmersdelight:integration/create/milling/wild_onions","品红色染料","create:milling","自定义工序（create:milling）","品红色染料","minecraft:magenta_dye","1","否","","","","","","原料：野生洋葱 <farmersdelight:wild_onions>",""
"farmersdelight","farmersdelight:oak_cabinet","橡木橱柜","minecraft:crafting_shaped","工作台（有序合成）","橡木橱柜","farmersdelight:oak_cabinet","1","否","","","","","","[空原料或模组自定义参数]；[空原料或模组自定义参数]；[空原料或模组自定义参数]；[空原料或模组自定义参数]；[空原料或模组自定义参数]；[空原料或模组自定义参数]；[空原料或模组自定义参数]；[空原料或模组自定义参数]；[空原料或模组自定义参数]",""
"farmersdelight","farmersdelight:cutting/torchflower","橙色染料","farmersdelight:cutting","切菜板","橙色染料","minecraft:orange_dye","2","否","","","","","","原料：火把花 <minecraft:torchflower>；工具：{""type"":""farmersdelight:item_ability"",""action"":""knife_dig""}；工具：#c:tools/knife",""
"farmersdelight","farmersdelight:cutting/wild_carrots","胡萝卜","farmersdelight:cutting","切菜板","胡萝卜","minecraft:carrot","1","是","3","3.6000001","","","","原料：野生胡萝卜 <farmersdelight:wild_carrots>；工具：{""type"":""farmersdelight:item_ability"",""action"":""knife_dig""}；工具：#c:tools/knife",""
"farmersdelight","farmersdelight:netherite_knife_smithing","下界合金刀","minecraft:smithing_transform","自定义工序（minecraft:smithing_transform）","下界合金刀","farmersdelight:netherite_knife","1","否","","","","","","基础材料：钻石刀 <farmersdelight:diamond_knife>；附加材料：下界合金锭 <minecraft:netherite_ingot>",""
"farmersdelight","farmersdelight:rice_panicle","稻穗","minecraft:crafting_shapeless","工作台（无序合成）","稻穗","kaleidoscope_cookery:rice_panicle","9","否","","","","","","原料：稻穗捆 <farmersdelight:rice_bale>",""
"farmersdelight","farmersdelight:tatami","榻榻米方块","minecraft:crafting_shaped","工作台（有序合成）","榻榻米方块","farmersdelight:tatami","2","否","","","","","","[空原料或模组自定义参数]；[空原料或模组自定义参数]；[空原料或模组自定义参数]；[空原料或模组自定义参数]",""
"farmersdelight","farmersdelight:salvaging/furnace_minecart","矿车","farmersdelight:cutting","切菜板","矿车","minecraft:minecart","1","否","","","","","","原料：动力矿车 <minecraft:furnace_minecart>；工具：{""type"":""farmersdelight:item_ability"",""action"":""hoe_dig""}；工具：#minecraft:hoes",""
"kaleidoscope_cookery","kaleidoscope_cookery:iron_kitchen_knife","铁菜刀","minecraft:crafting_shaped","工作台（有序合成）","铁菜刀","kaleidoscope_cookery:iron_kitchen_knife","1","否","","","","","","[空原料或模组自定义参数]；[空原料或模组自定义参数]；[空原料或模组自定义参数]；[空原料或模组自定义参数]",""
"farmersdelight","farmersdelight:pot/add/cooked_salmon_slice","熟鲑鱼片","kaleidoscope_cookery:pot","自定义工序（kaleidoscope_cookery:pot）","熟鲑鱼片","farmersdelight:cooked_salmon_slice","1","是","3","4.8","","","","原料：生鲑鱼片 <farmersdelight:salmon_slice>",""
"spawn","spawn:cutting/tuna_chunk","金枪鱼片","farmersdelight:cutting","切菜板","金枪鱼片","spawn:tuna_slice","2","是","2","0.8","","","","原料：金枪鱼块 <spawn:tuna_chunk>；工具：#c:tools/knife",""
"farmersdelight","farmersdelight:cutting/red_mushroom_colony","红色蘑菇","farmersdelight:cutting","切菜板","红色蘑菇","minecraft:red_mushroom","5","否","","","","","","原料：红色蘑菇菌落 <farmersdelight:red_mushroom_colony>；工具：{""type"":""farmersdelight:item_ability"",""action"":""knife_dig""}；工具：#c:tools/knife",""
"farmersdelight","farmersdelight:cutting/acacia_log","去皮金合欢原木","farmersdelight:cutting","切菜板","去皮金合欢原木","minecraft:stripped_acacia_log","1","否","","","","","","原料：金合欢原木 <minecraft:acacia_log>；工具：{""type"":""farmersdelight:item_ability"",""action"":""axe_strip""}；工具：#minecraft:axes",""
"farmersdelight","farmersdelight:fried_egg_from_smoking","煎蛋","minecraft:smoking","烟熏炉","煎蛋","kaleidoscope_cookery:fried_egg","1","是","4","4","","0.35","100","原料：鸡蛋 <minecraft:egg>",""
"kaleidoscope_cookery","kaleidoscope_cookery:rice_panicle","稻穗","minecraft:crafting_shapeless","工作台（无序合成）","稻穗","kaleidoscope_cookery:rice_panicle","9","否","","","","","","原料：稻草捆 <kaleidoscope_cookery:straw_block>",""
"farmersdelight","farmersdelight:cooking/bone_broth","大骨汤","farmersdelight:cooking","烹饪锅","大骨汤","farmersdelight:bone_broth","1","是","8","11.2","滋养 1200tick 1级 概率1","","","原料：#c:bones；原料：{""type"":""neoforge:compound"",""children"":[{""item"":""minecraft:glow_berries""},{""tag"":""c:mushrooms""},{""item"":""minecraft:hanging_roots""},{""item"":""minecraft:glow_lichen""}]}",""
"kaleidoscope_cookery","kaleidoscope_cookery:millstone/smooth_red_sandstone_from_red_sandstone","平滑红砂岩","kaleidoscope_cookery:millstone","自定义工序（kaleidoscope_cookery:millstone）","平滑红砂岩","minecraft:smooth_red_sandstone","1","否","","","","","","原料：红砂岩 <minecraft:red_sandstone>",""
"kaleidoscope_cookery","kaleidoscope_cookery:cook_stool_warped","诡异木厨娘凳","minecraft:crafting_shaped","工作台（有序合成）","诡异木厨娘凳","kaleidoscope_cookery:cook_stool_warped","1","否","","","","","","[空原料或模组自定义参数]；[空原料或模组自定义参数]；[空原料或模组自定义参数]；[空原料或模组自定义参数]；[空原料或模组自定义参数]；[空原料或模组自定义参数]",""
"kaleidoscope_cookery","kaleidoscope_cookery:pot/fondant_pie","翻糖派","kaleidoscope_cookery:pot","自定义工序（kaleidoscope_cookery:pot）","翻糖派","kaleidoscope_cookery:fondant_pie","1","是","20","22","饱腹代偿 1600tick 1级 概率1","","","原料：糖 <minecraft:sugar>；原料：糖 <minecraft:sugar>；原料：糖 <minecraft:sugar>；原料：糖 <minecraft:sugar>；原料：南瓜派 <minecraft:pumpkin_pie>；原料：南瓜派 <minecraft:pumpkin_pie>；原料：南瓜派 <minecraft:pumpkin_pie>；原料：南瓜派 <minecraft:pumpkin_pie>；容器/载体：碗 <minecraft:bowl>",""
"farmersdelight","farmersdelight:cutting/melon","西瓜片","farmersdelight:cutting","切菜板","西瓜片","minecraft:melon_slice","9","是","2","1.2","","","","原料：西瓜 <minecraft:melon>；工具：{""type"":""farmersdelight:item_ability"",""action"":""knife_dig""}；工具：#c:tools/knife",""
"kaleidoscope_cookery","kaleidoscope_cookery:cook_stool_acacia","金合欢木厨娘凳","minecraft:crafting_shaped","工作台（有序合成）","金合欢木厨娘凳","kaleidoscope_cookery:cook_stool_acacia","1","否","","","","","","[空原料或模组自定义参数]；[空原料或模组自定义参数]；[空原料或模组自定义参数]；[空原料或模组自定义参数]；[空原料或模组自定义参数]；[空原料或模组自定义参数]",""
"kaleidoscope_cookery","kaleidoscope_cookery:flex_stockpot/dough_drop_soup","疙瘩汤","kaleidoscope_cookery:flex_stockpot","自定义工序（kaleidoscope_cookery:flex_stockpot）","疙瘩汤","kaleidoscope_cookery:dough_drop_soup","1","是","8","16","温暖 1600tick 1级 概率1","","","原料：#c:crops/lettuce；原料：#c:flour",""
"kaleidoscope_cookery","kaleidoscope_cookery:millstone/polished_basalt_from_smooth_basalt","磨制玄武岩","kaleidoscope_cookery:millstone","自定义工序（kaleidoscope_cookery:millstone）","磨制玄武岩","minecraft:polished_basalt","1","否","","","","","","原料：平滑玄武岩 <minecraft:smooth_basalt>",""
"kaleidoscope_cookery","kaleidoscope_cookery:chili_ristra","辣椒串串","minecraft:crafting_shaped","工作台（有序合成）","辣椒串串","kaleidoscope_cookery:chili_ristra","1","否","","","","","","[空原料或模组自定义参数]；[空原料或模组自定义参数]；[空原料或模组自定义参数]；[空原料或模组自定义参数]；[空原料或模组自定义参数]；[空原料或模组自定义参数]",""
"kaleidoscope_cookery","kaleidoscope_cookery:baozi_plate","一盘包子","minecraft:crafting_shapeless","工作台（无序合成）","一盘包子","kaleidoscope_cookery:baozi_plate","1","否","","","","","","原料：包子 <kaleidoscope_cookery:baozi>；原料：包子 <kaleidoscope_cookery:baozi>；原料：包子 <kaleidoscope_cookery:baozi>；原料：包子 <kaleidoscope_cookery:baozi>；原料：包子 <kaleidoscope_cookery:baozi>；原料：碗 <minecraft:bowl>",""
"farmersdelight","farmersdelight:skillet","煎锅","minecraft:crafting_shaped","工作台（有序合成）","煎锅","farmersdelight:skillet","1","否","","","","","","[空原料或模组自定义参数]；[空原料或模组自定义参数]；[空原料或模组自定义参数]；[空原料或模组自定义参数]；[空原料或模组自定义参数]；[空原料或模组自定义参数]；[空原料或模组自定义参数]；[空原料或模组自定义参数]；[空原料或模组自定义参数]",""
"kaleidoscope_cookery","kaleidoscope_cookery:pot/raw_meatball_to_cooked_meatball_3","熟丸子","kaleidoscope_cookery:pot","自定义工序（kaleidoscope_cookery:pot）","熟丸子","kaleidoscope_cookery:cooked_meatball","3","是","8","12.8","","","","原料：生丸子 <kaleidoscope_cookery:raw_meatball>；原料：生丸子 <kaleidoscope_cookery:raw_meatball>；原料：生丸子 <kaleidoscope_cookery:raw_meatball>",""
"kaleidoscope_cookery","kaleidoscope_cookery:pot/raw_meatball_to_cooked_meatball_4","熟丸子","kaleidoscope_cookery:pot","自定义工序（kaleidoscope_cookery:pot）","熟丸子","kaleidoscope_cookery:cooked_meatball","4","是","8","12.8","","","","原料：生丸子 <kaleidoscope_cookery:raw_meatball>；原料：生丸子 <kaleidoscope_cookery:raw_meatball>；原料：生丸子 <kaleidoscope_cookery:raw_meatball>；原料：生丸子 <kaleidoscope_cookery:raw_meatball>",""
"kaleidoscope_cookery","kaleidoscope_cookery:pot/raw_meatball_to_cooked_meatball_1","熟丸子","kaleidoscope_cookery:pot","自定义工序（kaleidoscope_cookery:pot）","熟丸子","kaleidoscope_cookery:cooked_meatball","1","是","8","12.8","","","","原料：生丸子 <kaleidoscope_cookery:raw_meatball>",""
"kaleidoscope_cookery","kaleidoscope_cookery:pot/raw_meatball_to_cooked_meatball_2","熟丸子","kaleidoscope_cookery:pot","自定义工序（kaleidoscope_cookery:pot）","熟丸子","kaleidoscope_cookery:cooked_meatball","2","是","8","12.8","","","","原料：生丸子 <kaleidoscope_cookery:raw_meatball>；原料：生丸子 <kaleidoscope_cookery:raw_meatball>",""
"kaleidoscope_cookery","kaleidoscope_cookery:pot/raw_meatball_to_cooked_meatball_7","熟丸子","kaleidoscope_cookery:pot","自定义工序（kaleidoscope_cookery:pot）","熟丸子","kaleidoscope_cookery:cooked_meatball","7","是","8","12.8","","","","原料：生丸子 <kaleidoscope_cookery:raw_meatball>；原料：生丸子 <kaleidoscope_cookery:raw_meatball>；原料：生丸子 <kaleidoscope_cookery:raw_meatball>；原料：生丸子 <kaleidoscope_cookery:raw_meatball>；原料：生丸子 <kaleidoscope_cookery:raw_meatball>；原料：生丸子 <kaleidoscope_cookery:raw_meatball>；原料：生丸子 <kaleidoscope_cookery:raw_meatball>",""
"kaleidoscope_cookery","kaleidoscope_cookery:pot/raw_meatball_to_cooked_meatball_8","熟丸子","kaleidoscope_cookery:pot","自定义工序（kaleidoscope_cookery:pot）","熟丸子","kaleidoscope_cookery:cooked_meatball","8","是","8","12.8","","","","原料：生丸子 <kaleidoscope_cookery:raw_meatball>；原料：生丸子 <kaleidoscope_cookery:raw_meatball>；原料：生丸子 <kaleidoscope_cookery:raw_meatball>；原料：生丸子 <kaleidoscope_cookery:raw_meatball>；原料：生丸子 <kaleidoscope_cookery:raw_meatball>；原料：生丸子 <kaleidoscope_cookery:raw_meatball>；原料：生丸子 <kaleidoscope_cookery:raw_meatball>；原料：生丸子 <kaleidoscope_cookery:raw_meatball>",""
"kaleidoscope_cookery","kaleidoscope_cookery:pot/raw_meatball_to_cooked_meatball_5","熟丸子","kaleidoscope_cookery:pot","自定义工序（kaleidoscope_cookery:pot）","熟丸子","kaleidoscope_cookery:cooked_meatball","5","是","8","12.8","","","","原料：生丸子 <kaleidoscope_cookery:raw_meatball>；原料：生丸子 <kaleidoscope_cookery:raw_meatball>；原料：生丸子 <kaleidoscope_cookery:raw_meatball>；原料：生丸子 <kaleidoscope_cookery:raw_meatball>；原料：生丸子 <kaleidoscope_cookery:raw_meatball>",""
"kaleidoscope_cookery","kaleidoscope_cookery:pot/raw_meatball_to_cooked_meatball_6","熟丸子","kaleidoscope_cookery:pot","自定义工序（kaleidoscope_cookery:pot）","熟丸子","kaleidoscope_cookery:cooked_meatball","6","是","8","12.8","","","","原料：生丸子 <kaleidoscope_cookery:raw_meatball>；原料：生丸子 <kaleidoscope_cookery:raw_meatball>；原料：生丸子 <kaleidoscope_cookery:raw_meatball>；原料：生丸子 <kaleidoscope_cookery:raw_meatball>；原料：生丸子 <kaleidoscope_cookery:raw_meatball>；原料：生丸子 <kaleidoscope_cookery:raw_meatball>",""
"kaleidoscope_cookery","kaleidoscope_cookery:pot/raw_meatball_to_cooked_meatball_9","熟丸子","kaleidoscope_cookery:pot","自定义工序（kaleidoscope_cookery:pot）","熟丸子","kaleidoscope_cookery:cooked_meatball","9","是","8","12.8","","","","原料：生丸子 <kaleidoscope_cookery:raw_meatball>；原料：生丸子 <kaleidoscope_cookery:raw_meatball>；原料：生丸子 <kaleidoscope_cookery:raw_meatball>；原料：生丸子 <kaleidoscope_cookery:raw_meatball>；原料：生丸子 <kaleidoscope_cookery:raw_meatball>；原料：生丸子 <kaleidoscope_cookery:raw_meatball>；原料：生丸子 <kaleidoscope_cookery:raw_meatball>；原料：生丸子 <kaleidoscope_cookery:raw_meatball>；原料：生丸子 <kaleidoscope_cookery:raw_meatball>",""
"kaleidoscope_cookery","kaleidoscope_cookery:chair_oak","橡木椅子","minecraft:crafting_shaped","工作台（有序合成）","橡木椅子","kaleidoscope_cookery:chair_oak","1","否","","","","","","[空原料或模组自定义参数]；[空原料或模组自定义参数]；[空原料或模组自定义参数]；[空原料或模组自定义参数]；[空原料或模组自定义参数]；[空原料或模组自定义参数]；[空原料或模组自定义参数]；[空原料或模组自定义参数]；[空原料或模组自定义参数]",""
"farmersdelight","farmersdelight:light_gray_canvas_sign","淡灰色粗布告示牌","minecraft:crafting_shapeless","工作台（无序合成）","淡灰色粗布告示牌","farmersdelight:light_gray_canvas_sign","1","否","","","","","","原料：#farmersdelight:canvas_signs；原料：#c:dyes/light_gray",""
"kaleidoscope_cookery","kaleidoscope_cookery:chorus_fruit_platter","紫颂果拼盘","minecraft:crafting_shapeless","工作台（无序合成）","紫颂果拼盘","kaleidoscope_cookery:chorus_fruit_platter","1","否","","","","","","原料：紫颂果 <minecraft:chorus_fruit>；原料：紫颂果 <minecraft:chorus_fruit>；原料：紫颂果 <minecraft:chorus_fruit>；原料：紫颂果 <minecraft:chorus_fruit>；原料：紫颂果 <minecraft:chorus_fruit>；原料：碗 <minecraft:bowl>",""
"kaleidoscope_cookery","kaleidoscope_cookery:pot/mutton_to_cooked_mutton_1","熟羊肉","kaleidoscope_cookery:pot","自定义工序（kaleidoscope_cookery:pot）","熟羊肉","minecraft:cooked_mutton","1","是","6","9.6","","","","原料：生羊肉 <minecraft:mutton>",""
"kaleidoscope_cookery","kaleidoscope_cookery:chair_birch","白桦木椅子","minecraft:crafting_shaped","工作台（有序合成）","白桦木椅子","kaleidoscope_cookery:chair_birch","1","否","","","","","","[空原料或模组自定义参数]；[空原料或模组自定义参数]；[空原料或模组自定义参数]；[空原料或模组自定义参数]；[空原料或模组自定义参数]；[空原料或模组自定义参数]；[空原料或模组自定义参数]；[空原料或模组自定义参数]；[空原料或模组自定义参数]",""
"kaleidoscope_cookery","kaleidoscope_cookery:pot/mutton_to_cooked_mutton_3","熟羊肉","kaleidoscope_cookery:pot","自定义工序（kaleidoscope_cookery:pot）","熟羊肉","minecraft:cooked_mutton","3","是","6","9.6","","","","原料：生羊肉 <minecraft:mutton>；原料：生羊肉 <minecraft:mutton>；原料：生羊肉 <minecraft:mutton>",""
"kaleidoscope_cookery","kaleidoscope_cookery:pot/mutton_to_cooked_mutton_2","熟羊肉","kaleidoscope_cookery:pot","自定义工序（kaleidoscope_cookery:pot）","熟羊肉","minecraft:cooked_mutton","2","是","6","9.6","","","","原料：生羊肉 <minecraft:mutton>；原料：生羊肉 <minecraft:mutton>",""
"kaleidoscope_cookery","kaleidoscope_cookery:pot/mutton_to_cooked_mutton_5","熟羊肉","kaleidoscope_cookery:pot","自定义工序（kaleidoscope_cookery:pot）","熟羊肉","minecraft:cooked_mutton","5","是","6","9.6","","","","原料：生羊肉 <minecraft:mutton>；原料：生羊肉 <minecraft:mutton>；原料：生羊肉 <minecraft:mutton>；原料：生羊肉 <minecraft:mutton>；原料：生羊肉 <minecraft:mutton>",""
"kaleidoscope_cookery","kaleidoscope_cookery:pot/mutton_to_cooked_mutton_4","熟羊肉","kaleidoscope_cookery:pot","自定义工序（kaleidoscope_cookery:pot）","熟羊肉","minecraft:cooked_mutton","4","是","6","9.6","","","","原料：生羊肉 <minecraft:mutton>；原料：生羊肉 <minecraft:mutton>；原料：生羊肉 <minecraft:mutton>；原料：生羊肉 <minecraft:mutton>",""
"kaleidoscope_cookery","kaleidoscope_cookery:pot/mutton_to_cooked_mutton_7","熟羊肉","kaleidoscope_cookery:pot","自定义工序（kaleidoscope_cookery:pot）","熟羊肉","minecraft:cooked_mutton","7","是","6","9.6","","","","原料：生羊肉 <minecraft:mutton>；原料：生羊肉 <minecraft:mutton>；原料：生羊肉 <minecraft:mutton>；原料：生羊肉 <minecraft:mutton>；原料：生羊肉 <minecraft:mutton>；原料：生羊肉 <minecraft:mutton>；原料：生羊肉 <minecraft:mutton>",""
"kaleidoscope_cookery","kaleidoscope_cookery:pot/mutton_to_cooked_mutton_6","熟羊肉","kaleidoscope_cookery:pot","自定义工序（kaleidoscope_cookery:pot）","熟羊肉","minecraft:cooked_mutton","6","是","6","9.6","","","","原料：生羊肉 <minecraft:mutton>；原料：生羊肉 <minecraft:mutton>；原料：生羊肉 <minecraft:mutton>；原料：生羊肉 <minecraft:mutton>；原料：生羊肉 <minecraft:mutton>；原料：生羊肉 <minecraft:mutton>",""
"kaleidoscope_cookery","kaleidoscope_cookery:pot/mutton_to_cooked_mutton_9","熟羊肉","kaleidoscope_cookery:pot","自定义工序（kaleidoscope_cookery:pot）","熟羊肉","minecraft:cooked_mutton","9","是","6","9.6","","","","原料：生羊肉 <minecraft:mutton>；原料：生羊肉 <minecraft:mutton>；原料：生羊肉 <minecraft:mutton>；原料：生羊肉 <minecraft:mutton>；原料：生羊肉 <minecraft:mutton>；原料：生羊肉 <minecraft:mutton>；原料：生羊肉 <minecraft:mutton>；原料：生羊肉 <minecraft:mutton>；原料：生羊肉 <minecraft:mutton>",""
"kaleidoscope_cookery","kaleidoscope_cookery:pot/mutton_to_cooked_mutton_8","熟羊肉","kaleidoscope_cookery:pot","自定义工序（kaleidoscope_cookery:pot）","熟羊肉","minecraft:cooked_mutton","8","是","6","9.6","","","","原料：生羊肉 <minecraft:mutton>；原料：生羊肉 <minecraft:mutton>；原料：生羊肉 <minecraft:mutton>；原料：生羊肉 <minecraft:mutton>；原料：生羊肉 <minecraft:mutton>；原料：生羊肉 <minecraft:mutton>；原料：生羊肉 <minecraft:mutton>；原料：生羊肉 <minecraft:mutton>",""
"farmersdelight","farmersdelight:canvas_rug","粗布毯","minecraft:crafting_shapeless","工作台（无序合成）","粗布毯","farmersdelight:canvas_rug","2","否","","","","","","原料：粗布 <farmersdelight:canvas>",""
"kaleidoscope_cookery","kaleidoscope_cookery:millstone/raw_gold_from_deepslate_gold_ore","粗金","kaleidoscope_cookery:millstone","自定义工序（kaleidoscope_cookery:millstone）","粗金","minecraft:raw_gold","3","否","","","","","","原料：深层金矿石 <minecraft:deepslate_gold_ore>",""
"kaleidoscope_cookery","kaleidoscope_cookery:stuffed_dough_food_steamer","蒸笼","minecraft:crafting_shapeless","工作台（无序合成）","蒸笼","kaleidoscope_cookery:steamer","1","否","","","","","","原料：蒸笼 <kaleidoscope_cookery:steamer>；原料：裹馅面食 <kaleidoscope_cookery:stuffed_dough_food>；原料：裹馅面食 <kaleidoscope_cookery:stuffed_dough_food>；原料：裹馅面食 <kaleidoscope_cookery:stuffed_dough_food>；原料：裹馅面食 <kaleidoscope_cookery:stuffed_dough_food>",""
"farmersdelight","farmersdelight:acacia_cabinet","金合欢木橱柜","minecraft:crafting_shaped","工作台（有序合成）","金合欢木橱柜","farmersdelight:acacia_cabinet","1","否","","","","","","[空原料或模组自定义参数]；[空原料或模组自定义参数]；[空原料或模组自定义参数]；[空原料或模组自定义参数]；[空原料或模组自定义参数]；[空原料或模组自定义参数]；[空原料或模组自定义参数]；[空原料或模组自定义参数]；[空原料或模组自定义参数]",""
"kaleidoscope_cookery","kaleidoscope_cookery:pot/fried_spring_roll","炸春卷","kaleidoscope_cookery:pot","自定义工序（kaleidoscope_cookery:pot）","炸春卷","kaleidoscope_cookery:fried_spring_roll","1","是","13","15.99","温暖 1600tick 1级 概率1","","","原料：幻翼膜 <minecraft:phantom_membrane>；原料：幻翼膜 <minecraft:phantom_membrane>；原料：#c:foods/raw_pork；原料：#c:foods/raw_pork；原料：#c:foods/raw_pork；原料：#c:foods/raw_pork；原料：#c:mushrooms；原料：#c:mushrooms；容器/载体：碗 <minecraft:bowl>",""
"farmersdelight","farmersdelight:chopping_board/add/cake_slice","蛋糕切片","kaleidoscope_cookery:chopping_board","自定义工序（kaleidoscope_cookery:chopping_board）","蛋糕切片","farmersdelight:cake_slice","7","是","2","0.4","迅捷 400tick 1级 概率1","","","原料：蛋糕 <minecraft:cake>",""
"spawn","spawn:blasted_sandstone_wall_from_blasted_sandstone_stonecutting","荒砂岩墙","minecraft:stonecutting","自定义工序（minecraft:stonecutting）","荒砂岩墙","spawn:blasted_sandstone_wall","1","否","","","","","","原料：荒砂岩 <spawn:blasted_sandstone>",""
"farmersdelight","farmersdelight:white_canvas_sign","白色粗布告示牌","minecraft:crafting_shapeless","工作台（无序合成）","白色粗布告示牌","farmersdelight:white_canvas_sign","1","否","","","","","","原料：#farmersdelight:canvas_signs；原料：#c:dyes/white",""
"kaleidoscope_cookery","kaleidoscope_cookery:stir_fried_pork_with_peppers_rice_bowl","青椒炒肉盖饭","kaleidoscope_cookery:rice_bowl","自定义工序（kaleidoscope_cookery:rice_bowl）","青椒炒肉盖饭","kaleidoscope_cookery:stir_fried_pork_with_peppers_rice_bowl","1","是","14","18.004","饱腹代偿 3600tick 1级 概率1","","","原料：青椒炒肉 <kaleidoscope_cookery:stir_fried_pork_with_peppers>",""
"spawn","spawn:rotten_wood","腐木","minecraft:crafting_shaped","工作台（有序合成）","腐木","spawn:rotten_wood","3","否","","","","","","[空原料或模组自定义参数]；[空原料或模组自定义参数]；[空原料或模组自定义参数]；[空原料或模组自定义参数]",""
"farmersdelight","farmersdelight:salvaging/amethyst_block","紫水晶碎片","farmersdelight:cutting","切菜板","紫水晶碎片","minecraft:amethyst_shard","4","否","","","","","","原料：紫水晶块 <minecraft:amethyst_block>；工具：{""type"":""farmersdelight:item_ability"",""action"":""pickaxe_dig""}；工具：#minecraft:pickaxes",""
"kaleidoscope_cookery","kaleidoscope_cookery:flex_pot/blaze_lamb_chop","烈焰羊排","kaleidoscope_cookery:flex_pot","自定义工序（kaleidoscope_cookery:flex_pot）","烈焰羊排","kaleidoscope_cookery:blaze_lamb_chop","1","是","13","15.99","抗火 1600tick 1级 概率1","","","原料：烈焰粉 <minecraft:blaze_powder>；原料：#c:foods/raw_mutton；容器/载体：碗 <minecraft:bowl>",""
"farmersdelight","farmersdelight:cutting/jungle_log","去皮丛林原木","farmersdelight:cutting","切菜板","去皮丛林原木","minecraft:stripped_jungle_log","1","否","","","","","","原料：丛林原木 <minecraft:jungle_log>；工具：{""type"":""farmersdelight:item_ability"",""action"":""axe_strip""}；工具：#minecraft:axes",""
"kaleidoscope_cookery","kaleidoscope_cookery:stockpot/hot_dry_noodles","热干面","kaleidoscope_cookery:stockpot","万花筒汤锅","热干面","kaleidoscope_cookery:hot_dry_noodles","1","是","14","18.004","生机 9600tick 1级 概率1","","","原料：生面条 <kaleidoscope_cookery:raw_noodles>；原料：生面条 <kaleidoscope_cookery:raw_noodles>；原料：生面条 <kaleidoscope_cookery:raw_noodles>；原料：#c:crops/chilipepper；原料：#c:crops/chilipepper；原料：#c:crops/chilipepper",""
"kaleidoscope_cookery","kaleidoscope_cookery:chair_mangrove","红树木椅子","minecraft:crafting_shaped","工作台（有序合成）","红树木椅子","kaleidoscope_cookery:chair_mangrove","1","否","","","","","","[空原料或模组自定义参数]；[空原料或模组自定义参数]；[空原料或模组自定义参数]；[空原料或模组自定义参数]；[空原料或模组自定义参数]；[空原料或模组自定义参数]；[空原料或模组自定义参数]；[空原料或模组自定义参数]；[空原料或模组自定义参数]",""
"kaleidoscope_cookery","kaleidoscope_cookery:shengjian_mantou_plate","一盘水煎包","minecraft:crafting_shapeless","工作台（无序合成）","一盘水煎包","kaleidoscope_cookery:shengjian_mantou_plate","1","否","","","","","","原料：水煎包 <kaleidoscope_cookery:shengjian_mantou>；原料：水煎包 <kaleidoscope_cookery:shengjian_mantou>；原料：水煎包 <kaleidoscope_cookery:shengjian_mantou>；原料：水煎包 <kaleidoscope_cookery:shengjian_mantou>；原料：水煎包 <kaleidoscope_cookery:shengjian_mantou>；原料：碗 <minecraft:bowl>",""
"kaleidoscope_cookery","kaleidoscope_cookery:steamer/baozi","包子","kaleidoscope_cookery:steamer","万花筒蒸笼","包子","kaleidoscope_cookery:baozi","1","是","8","16","伤害吸收 1600tick 1级 概率1","","","原料：裹馅面食 <kaleidoscope_cookery:stuffed_dough_food>",""
"farmersdelight","farmersdelight:beetroot_from_crate","甜菜根","minecraft:crafting_shapeless","工作台（无序合成）","甜菜根","minecraft:beetroot","9","是","1","1.2","","","","原料：箱装甜菜根 <farmersdelight:beetroot_crate>",""
"farmersdelight","farmersdelight:cooked_salmon_slice_from_smoking","熟鲑鱼片","minecraft:smoking","烟熏炉","熟鲑鱼片","farmersdelight:cooked_salmon_slice","1","是","3","4.8","","0.35","100","原料：生鲑鱼片 <farmersdelight:salmon_slice>",""
"spawn","spawn:chiseled_blasted_sandstone","雕纹荒砂岩","minecraft:crafting_shaped","工作台（有序合成）","雕纹荒砂岩","spawn:chiseled_blasted_sandstone","1","否","","","","","","[空原料或模组自定义参数]；[空原料或模组自定义参数]",""
"farmersdelight","farmersdelight:straw","草秆","minecraft:crafting_shapeless","工作台（无序合成）","草秆","farmersdelight:straw","9","否","","","","","","原料：草捆 <farmersdelight:straw_bale>",""
"farmersdelight","farmersdelight:cutting/cornflower","蓝色染料","farmersdelight:cutting","切菜板","蓝色染料","minecraft:blue_dye","2","否","","","","","","原料：矢车菊 <minecraft:cornflower>；工具：{""type"":""farmersdelight:item_ability"",""action"":""knife_dig""}；工具：#c:tools/knife",""
"kaleidoscope_cookery","kaleidoscope_cookery:cook_stool_dark_oak","深色橡木厨娘凳","minecraft:crafting_shaped","工作台（有序合成）","深色橡木厨娘凳","kaleidoscope_cookery:cook_stool_dark_oak","1","否","","","","","","[空原料或模组自定义参数]；[空原料或模组自定义参数]；[空原料或模组自定义参数]；[空原料或模组自定义参数]；[空原料或模组自定义参数]；[空原料或模组自定义参数]",""
"farmersdelight","farmersdelight:cutting/birch_wood","去皮白桦木","farmersdelight:cutting","切菜板","去皮白桦木","minecraft:stripped_birch_wood","1","否","","","","","","原料：白桦木 <minecraft:birch_wood>；工具：{""type"":""farmersdelight:item_ability"",""action"":""axe_strip""}；工具：#minecraft:axes",""
"spawn","spawn:blasted_sandstone_slab","荒砂岩台阶","minecraft:crafting_shaped","工作台（有序合成）","荒砂岩台阶","spawn:blasted_sandstone_slab","6","否","","","","","","[空原料或模组自定义参数]；[空原料或模组自定义参数]；[空原料或模组自定义参数]",""
"farmersdelight","farmersdelight:shepherds_pie_block","牧羊人派","minecraft:crafting_shapeless","工作台（无序合成）","牧羊人派","farmersdelight:shepherds_pie_block","1","否","","","","","","原料：烤马铃薯 <minecraft:baked_potato>；原料：#c:drinks/milk；原料：烤马铃薯 <minecraft:baked_potato>；原料：#c:foods/cooked_mutton；原料：#c:foods/cooked_mutton；原料：#c:foods/cooked_mutton；原料：#c:crops/onion；原料：碗 <minecraft:bowl>；原料：#c:crops/onion",""
"spawn","spawn:reefstone_tile_wall_from_reefstone_tiles_stonecutting","礁石墙","minecraft:stonecutting","自定义工序（minecraft:stonecutting）","礁石墙","spawn:reefstone_tile_wall","1","否","","","","","","原料：礁石瓦 <spawn:reefstone_tiles>",""
"kaleidoscope_cookery","kaleidoscope_cookery:millstone/gunpowder_from_flint","火药","kaleidoscope_cookery:millstone","自定义工序（kaleidoscope_cookery:millstone）","火药","minecraft:gunpowder","1","否","","","","","","原料：燧石 <minecraft:flint>",""
"farmersdelight","farmersdelight:cutting/kelp_roll","海带寿司","farmersdelight:cutting","切菜板","海带寿司","farmersdelight:kelp_roll_slice","3","是","6","6","","","","原料：海带寿司卷 <farmersdelight:kelp_roll>；工具：{""type"":""farmersdelight:item_ability"",""action"":""knife_dig""}；工具：#c:tools/knife",""
"farmersdelight","farmersdelight:salvaging/warped_furniture","诡异木板","farmersdelight:cutting","切菜板","诡异木板","minecraft:warped_planks","1","否","","","","","","原料：{""type"":""neoforge:compound"",""children"":[{""item"":""minecraft:warped_door""},{""item"":""minecraft:warped_trapdoor""},{""item"":""minecraft:warped_sign""},{""item"":""minecraft:warped_hanging_sign""},{""item"":""minecraft:warped_fence""},{""item"":""minecraft:warped_fence_gate""},{""item"":""minecraft:warped_pressure_plate""},{""item"":""minecraft:warped_button""},{""item"":""farmersdelight:warped_cabinet""}]}；工具：{""type"":""farmersdelight:item_ability"",""action"":""axe_dig""}；工具：#minecraft:axes",""
"farmersdelight","farmersdelight:salvaging/mangrove_furniture","红树木板","farmersdelight:cutting","切菜板","红树木板","minecraft:mangrove_planks","1","否","","","","","","原料：{""type"":""neoforge:compound"",""children"":[{""item"":""minecraft:mangrove_door""},{""item"":""minecraft:mangrove_trapdoor""},{""item"":""minecraft:mangrove_sign""},{""item"":""minecraft:mangrove_hanging_sign""},{""item"":""minecraft:mangrove_fence""},{""item"":""minecraft:mangrove_fence_gate""},{""item"":""minecraft:mangrove_pressure_plate""},{""item"":""minecraft:mangrove_button""},{""item"":""minecraft:mangrove_boat""},{""item"":""farmersdelight:mangrove_cabinet""}]}；工具：{""type"":""farmersdelight:item_ability"",""action"":""axe_dig""}；工具：#minecraft:axes",""
"kaleidoscope_cookery","kaleidoscope_cookery:millstone","石磨","minecraft:crafting_shaped","工作台（有序合成）","石磨","kaleidoscope_cookery:millstone","1","否","","","","","","[空原料或模组自定义参数]；[空原料或模组自定义参数]；[空原料或模组自定义参数]；[空原料或模组自定义参数]；[空原料或模组自定义参数]；[空原料或模组自定义参数]；[空原料或模组自定义参数]；[空原料或模组自定义参数]；[空原料或模组自定义参数]",""
"farmersdelight","farmersdelight:apple_pie_from_slices","苹果派","minecraft:crafting_shaped","工作台（有序合成）","苹果派","farmersdelight:apple_pie","1","否","","","","","","[空原料或模组自定义参数]；[空原料或模组自定义参数]；[空原料或模组自定义参数]；[空原料或模组自定义参数]",""
"kaleidoscope_cookery","kaleidoscope_cookery:sticky_rice_cake_plate","一盘糍粑","minecraft:crafting_shapeless","工作台（无序合成）","一盘糍粑","kaleidoscope_cookery:sticky_rice_cake_plate","1","否","","","","","","原料：糍粑 <kaleidoscope_cookery:sticky_rice_cake>；原料：糍粑 <kaleidoscope_cookery:sticky_rice_cake>；原料：糍粑 <kaleidoscope_cookery:sticky_rice_cake>；原料：糍粑 <kaleidoscope_cookery:sticky_rice_cake>；原料：糍粑 <kaleidoscope_cookery:sticky_rice_cake>；原料：碗 <minecraft:bowl>",""
"farmersdelight","farmersdelight:cutting/wooden_basket","粗布","farmersdelight:cutting","切菜板","粗布","farmersdelight:canvas","1","否","","","","","","原料：木篮 <farmersdelight:wooden_basket>；工具：{""type"":""farmersdelight:item_ability"",""action"":""axe_dig""}；工具：#minecraft:axes",""
"kaleidoscope_cookery","kaleidoscope_cookery:raw_meatball","生丸子","minecraft:crafting_shapeless","工作台（无序合成）","生丸子","kaleidoscope_cookery:raw_meatball","1","是","4","2.4","","","","原料：#c:raw_meats；原料：#c:raw_meats；原料：#c:vegetables",""
"kaleidoscope_cookery","kaleidoscope_cookery:teapot/biluochun","碧螺春","kaleidoscope_cookery:teapot","自定义工序（kaleidoscope_cookery:teapot）","碧螺春","kaleidoscope_cookery:biluochun","1","否","","","","","","原料：鹦鹉螺壳 <minecraft:nautilus_shell>",""
"kaleidoscope_cookery","kaleidoscope_cookery:millstone/cyan_dye_from_pitcher_plant","青色染料","kaleidoscope_cookery:millstone","自定义工序（kaleidoscope_cookery:millstone）","青色染料","minecraft:cyan_dye","2","否","","","","","","原料：瓶子草 <minecraft:pitcher_plant>",""
"spawn","spawn:cooked_bluefish_from_smoking","熟扁鲹","minecraft:smoking","烟熏炉","熟扁鲹","spawn:cooked_bluefish","1","是","6","9.6","","0.35","100","原料：扁鲹 <spawn:bluefish>",""
"spawn","spawn:clam_case_red","红色蚌盒","minecraft:crafting_shaped","工作台（有序合成）","红色蚌盒","spawn:clam_case_red","1","否","","","","","","[空原料或模组自定义参数]；[空原料或模组自定义参数]；[空原料或模组自定义参数]；[空原料或模组自定义参数]；[空原料或模组自定义参数]；[空原料或模组自定义参数]；[空原料或模组自定义参数]；[空原料或模组自定义参数]；[空原料或模组自定义参数]",""
"kaleidoscope_cookery","kaleidoscope_cookery:flex_stockpot/warped_fungus_pot_soup","诡异菌瓦罐汤","kaleidoscope_cookery:flex_stockpot","自定义工序（kaleidoscope_cookery:flex_stockpot）","诡异菌瓦罐汤","kaleidoscope_cookery:warped_fungus_pot_soup","1","是","18","24.012","抗火 2400tick 1级 概率1","","","原料：诡异菌 <minecraft:warped_fungus>；容器/载体：花盆 <minecraft:flower_pot>",""
"spawn","spawn:cutting/herring","鲱鱼片","farmersdelight:cutting","切菜板","鲱鱼片","spawn:herring_slice","2","是","1","0.2","","","","原料：鲱鱼 <spawn:herring>；工具：#c:tools/knife",""
"farmersdelight","farmersdelight:pink_canvas_sign","粉红色粗布告示牌","minecraft:crafting_shapeless","工作台（无序合成）","粉红色粗布告示牌","farmersdelight:pink_canvas_sign","1","否","","","","","","原料：#farmersdelight:canvas_signs；原料：#c:dyes/pink",""
"farmersdelight","farmersdelight:cooked_mutton_chops","屏障","minecraft:crafting_shapeless","工作台（无序合成）","屏障","minecraft:barrier","1","否","","","","","","原料：生羊排 <farmersdelight:mutton_chops>",""
"kaleidoscope_cookery","kaleidoscope_cookery:chopping_board/sashimi_from_tropical_fish","刺身","kaleidoscope_cookery:chopping_board","自定义工序（kaleidoscope_cookery:chopping_board）","刺身","kaleidoscope_cookery:sashimi","2","是","1","1","","","","原料：热带鱼 <minecraft:tropical_fish>",""
"farmersdelight","farmersdelight:roast_chicken_block","烤鸡","minecraft:crafting_shapeless","工作台（无序合成）","烤鸡","farmersdelight:roast_chicken_block","1","否","","","","","","原料：#c:crops/onion；原料：#c:eggs；原料：#c:foods/bread；原料：#c:crops/carrot；原料：熟鸡肉 <minecraft:cooked_chicken>；原料：烤马铃薯 <minecraft:baked_potato>；原料：#c:crops/carrot；原料：碗 <minecraft:bowl>；原料：烤马铃薯 <minecraft:baked_potato>",""
"kaleidoscope_cookery","kaleidoscope_cookery:farmer_chest_plate","农夫围裙","minecraft:crafting_shaped","工作台（有序合成）","农夫围裙","kaleidoscope_cookery:farmer_chest_plate","1","否","","","","","","[空原料或模组自定义参数]；[空原料或模组自定义参数]；[空原料或模组自定义参数]；[空原料或模组自定义参数]；[空原料或模组自定义参数]；[空原料或模组自定义参数]；[空原料或模组自定义参数]；[空原料或模组自定义参数]；[空原料或模组自定义参数]",""
"kaleidoscope_cookery","kaleidoscope_cookery:pot/braised_beef","红烧牛肉","kaleidoscope_cookery:pot","自定义工序（kaleidoscope_cookery:pot）","红烧牛肉","kaleidoscope_cookery:braised_beef","1","是","9","10.998","活力 1800tick 1级 概率1","","","原料：#c:foods/raw_beef；原料：#c:foods/raw_beef；原料：#c:foods/raw_beef；原料：红辣椒 <kaleidoscope_cookery:red_chili>；原料：红辣椒 <kaleidoscope_cookery:red_chili>；原料：红辣椒 <kaleidoscope_cookery:red_chili>；容器/载体：碗 <minecraft:bowl>",""
"farmersdelight","farmersdelight:cooked_chicken_cuts","熟鸡肉丁","minecraft:smelting","熔炉","熟鸡肉丁","farmersdelight:cooked_chicken_cuts","1","是","3","3.6000001","","0.35","200","原料：生鸡肉丁 <farmersdelight:chicken_cuts>",""
"farmersdelight","farmersdelight:cutting/beef","牛肉馅","farmersdelight:cutting","切菜板","牛肉馅","farmersdelight:minced_beef","2","是","2","1.2","","","","原料：生牛肉 <minecraft:beef>；工具：{""type"":""farmersdelight:item_ability"",""action"":""knife_dig""}；工具：#c:tools/knife",""
"kaleidoscope_cookery","kaleidoscope_cookery:stockpot/seafood_miso_soup_cod_entity","海鲜味噌汤","kaleidoscope_cookery:stockpot","万花筒汤锅","海鲜味噌汤","kaleidoscope_cookery:seafood_miso_soup","1","是","6","8.004","水下呼吸 9600tick 1级 概率1","","","原料：#c:crops/lettuce；原料：#c:crops/lettuce；原料：#c:crops/lettuce",""
"kaleidoscope_cookery","kaleidoscope_cookery:flex_stockpot/borscht","罗宋汤","kaleidoscope_cookery:flex_stockpot","自定义工序（kaleidoscope_cookery:flex_stockpot）","罗宋汤","kaleidoscope_cookery:borscht","1","是","6","8.004","胀气 3600tick 1级 概率1","","","原料：#c:foods/raw_beef；原料：#c:crops/tomato",""
"kaleidoscope_cookery","kaleidoscope_cookery:flex_stockpot/four_joy_meatball_soup","四喜丸子汤","kaleidoscope_cookery:flex_stockpot","自定义工序（kaleidoscope_cookery:flex_stockpot）","四喜丸子汤","kaleidoscope_cookery:four_joy_meatball_soup","1","是","13","15.99","温暖 1600tick 1级 概率1","","","原料：生丸子 <kaleidoscope_cookery:raw_meatball>",""
"kaleidoscope_cookery","kaleidoscope_cookery:millstone/quartz_from_nether_quartz_ore","下界石英","kaleidoscope_cookery:millstone","自定义工序（kaleidoscope_cookery:millstone）","下界石英","minecraft:quartz","3","否","","","","","","原料：下界石英矿石 <minecraft:nether_quartz_ore>",""
"spawn","spawn:cutting/rotten_wood","去皮腐木","farmersdelight:cutting","切菜板","去皮腐木","spawn:stripped_rotten_wood","1","否","","","","","","原料：腐木 <spawn:rotten_wood>；工具：{""type"":""farmersdelight:item_ability"",""action"":""axe_strip""}",""
"kaleidoscope_cookery","kaleidoscope_cookery:steamer/mantou","馒头","kaleidoscope_cookery:steamer","万花筒蒸笼","馒头","kaleidoscope_cookery:mantou","1","是","6","10.799999","","","","原料：#c:dough",""
"kaleidoscope_cookery","kaleidoscope_cookery:millstone/gold_nugget_from_nether_gold_ore","金粒","kaleidoscope_cookery:millstone","自定义工序（kaleidoscope_cookery:millstone）","金粒","minecraft:gold_nugget","5","否","","","","","","原料：下界金矿石 <minecraft:nether_gold_ore>",""
"kaleidoscope_cookery","kaleidoscope_cookery:flex_pot/pan_seared_knight_steak","香煎骑士牛排","kaleidoscope_cookery:flex_pot","自定义工序（kaleidoscope_cookery:flex_pot）","香煎骑士牛排","kaleidoscope_cookery:pan_seared_knight_steak","1","是","13","15.99","饱腹代偿 1800tick 1级 概率1","","","原料：甜浆果 <minecraft:sweet_berries>；原料：#c:foods/raw_beef；原料：骨头 <minecraft:bone>；容器/载体：碗 <minecraft:bowl>",""
"farmersdelight","farmersdelight:organic_compost_from_tree_bark","有机堆肥","minecraft:crafting_shapeless","工作台（无序合成）","有机堆肥","farmersdelight:organic_compost","1","否","","","","","","原料：泥土 <minecraft:dirt>；原料：草秆 <farmersdelight:straw>；原料：草秆 <farmersdelight:straw>；原料：骨粉 <minecraft:bone_meal>；原料：骨粉 <minecraft:bone_meal>；原料：树皮 <farmersdelight:tree_bark>；原料：树皮 <farmersdelight:tree_bark>；原料：树皮 <farmersdelight:tree_bark>；原料：树皮 <farmersdelight:tree_bark>",""
"ordertocook","ordertocook:board","立牌","minecraft:crafting_shaped","工作台（有序合成）","立牌","ordertocook:board","1","否","","","","","","[空原料或模组自定义参数]；[空原料或模组自定义参数]；[空原料或模组自定义参数]；[空原料或模组自定义参数]；[空原料或模组自定义参数]；[空原料或模组自定义参数]；[空原料或模组自定义参数]；[空原料或模组自定义参数]；[空原料或模组自定义参数]",""
"kaleidoscope_cookery","kaleidoscope_cookery:millstone/black_dye_from_wither_rose","黑色染料","kaleidoscope_cookery:millstone","自定义工序（kaleidoscope_cookery:millstone）","黑色染料","minecraft:black_dye","2","否","","","","","","原料：凋灵玫瑰 <minecraft:wither_rose>",""
"kaleidoscope_cookery","kaleidoscope_cookery:trash_can","垃圾桶","minecraft:crafting_shaped","工作台（有序合成）","垃圾桶","kaleidoscope_cookery:trash_can","1","否","","","","","","[空原料或模组自定义参数]；[空原料或模组自定义参数]；[空原料或模组自定义参数]；[空原料或模组自定义参数]；[空原料或模组自定义参数]；[空原料或模组自定义参数]；[空原料或模组自定义参数]；[空原料或模组自定义参数]；[空原料或模组自定义参数]",""
"farmersdelight","farmersdelight:potato_from_crate","马铃薯","minecraft:crafting_shapeless","工作台（无序合成）","马铃薯","minecraft:potato","9","是","1","0.6","","","","原料：箱装马铃薯 <farmersdelight:potato_crate>",""
"kaleidoscope_cookery","kaleidoscope_cookery:millstone/lapis_lazuli_from_deepslate_lapis_ore","青金石","kaleidoscope_cookery:millstone","自定义工序（kaleidoscope_cookery:millstone）","青金石","minecraft:lapis_lazuli","7","否","","","","","","原料：深层青金石矿石 <minecraft:deepslate_lapis_ore>",""
"farmersdelight","farmersdelight:beef_patty_from_campfire_cooking","牛肉饼","minecraft:campfire_cooking","营火","牛肉饼","farmersdelight:beef_patty","1","是","4","6.4","","0.35","600","原料：牛肉馅 <farmersdelight:minced_beef>",""
"kaleidoscope_cookery","kaleidoscope_cookery:chopping_board/raw_cow_offal","生牛杂","kaleidoscope_cookery:chopping_board","自定义工序（kaleidoscope_cookery:chopping_board）","生牛杂","kaleidoscope_cookery:raw_cow_offal","2","是","2","1.2","","","","原料：生牛肉 <minecraft:beef>",""
"farmersdelight","farmersdelight:barbecue_stick","烧烤串","minecraft:crafting_shapeless","工作台（无序合成）","烧烤串","farmersdelight:barbecue_stick","1","是","8","14.4","","","","原料：#c:crops/tomato；原料：#c:crops/onion；原料：#c:foods/cooked_meat；原料：木棍 <minecraft:stick>",""
"farmersdelight","farmersdelight:stuffed_potato","填馅马铃薯","minecraft:crafting_shapeless","工作台（无序合成）","填馅马铃薯","farmersdelight:stuffed_potato","1","是","10","14","","","","原料：烤马铃薯 <minecraft:baked_potato>；原料：#c:foods/cooked_beef；原料：#c:drinks/milk",""
"farmersdelight","farmersdelight:cooking/rabbit_stew","兔肉煲","farmersdelight:cooking","烹饪锅","兔肉煲","minecraft:rabbit_stew","1","是","14","21","滋养 6000tick 1级 概率1","","","原料：#c:crops/potato；原料：生兔肉 <minecraft:rabbit>；原料：#c:crops/carrot；原料：{""type"":""neoforge:compound"",""children"":[{""item"":""minecraft:brown_mushroom""},{""item"":""minecraft:red_mushroom""}]}",""
"kaleidoscope_cookery","kaleidoscope_cookery:pot/spicy_chicken","辣子鸡","kaleidoscope_cookery:pot","自定义工序（kaleidoscope_cookery:pot）","辣子鸡","kaleidoscope_cookery:spicy_chicken","1","是","20","22","饱腹代偿 1600tick 1级 概率1","","","原料：#c:foods/raw_chicken；原料：#c:foods/raw_chicken；原料：#c:foods/raw_chicken；原料：#c:foods/raw_chicken；原料：#c:crops/chilipepper；原料：#c:crops/chilipepper；原料：#c:crops/chilipepper；原料：#c:crops/chilipepper；容器/载体：碗 <minecraft:bowl>",""
"farmersdelight","farmersdelight:pot/add/cooked_bacon","熟培根","kaleidoscope_cookery:pot","自定义工序（kaleidoscope_cookery:pot）","熟培根","farmersdelight:cooked_bacon","1","是","4","6.4","","","","原料：生培根 <farmersdelight:bacon>",""
"farmersdelight","farmersdelight:rice_bale","稻穗捆","minecraft:crafting_shaped","工作台（有序合成）","稻穗捆","farmersdelight:rice_bale","1","否","","","","","","[空原料或模组自定义参数]；[空原料或模组自定义参数]；[空原料或模组自定义参数]；[空原料或模组自定义参数]；[空原料或模组自定义参数]；[空原料或模组自定义参数]；[空原料或模组自定义参数]；[空原料或模组自定义参数]；[空原料或模组自定义参数]",""
"spawn","spawn:cooked_bluefish_slice_from_smoking","熟扁鲹片","minecraft:smoking","烟熏炉","熟扁鲹片","spawn:cooked_bluefish_slice","1","是","3","3","","0.35","100","原料：扁鲹片 <spawn:bluefish_slice>",""
"farmersdelight","farmersdelight:chopping_board/add/pumpkin_slice","南瓜片","kaleidoscope_cookery:chopping_board","自定义工序（kaleidoscope_cookery:chopping_board）","南瓜片","farmersdelight:pumpkin_slice","4","是","3","1.8000001","","","","原料：南瓜 <minecraft:pumpkin>",""
"kaleidoscope_cookery","kaleidoscope_cookery:stockpot/borscht","罗宋汤","kaleidoscope_cookery:stockpot","万花筒汤锅","罗宋汤","kaleidoscope_cookery:borscht","1","是","6","8.004","胀气 3600tick 1级 概率1","","","原料：#c:foods/raw_beef；原料：#c:foods/raw_beef；原料：#c:crops/tomato；原料：#c:crops/tomato；原料：#c:crops/tomato；原料：#c:crops/tomato",""
"kaleidoscope_cookery","kaleidoscope_cookery:sticky_candy_plate","一盘牛皮糖","minecraft:crafting_shapeless","工作台（无序合成）","一盘牛皮糖","kaleidoscope_cookery:sticky_candy_plate","1","否","","","","","","原料：牛皮糖 <kaleidoscope_cookery:sticky_candy>；原料：牛皮糖 <kaleidoscope_cookery:sticky_candy>；原料：牛皮糖 <kaleidoscope_cookery:sticky_candy>；原料：牛皮糖 <kaleidoscope_cookery:sticky_candy>；原料：碗 <minecraft:bowl>",""
"spawn","spawn:cooked_herring_slice_from_campfire_cooking","熟鲱鱼片","minecraft:campfire_cooking","营火","熟鲱鱼片","spawn:cooked_herring_slice","1","是","2","1.2","","0.35","600","原料：鲱鱼片 <spawn:herring_slice>",""
"farmersdelight","farmersdelight:light_blue_hanging_canvas_sign","悬挂式淡蓝色粗布告示牌","minecraft:crafting_shapeless","工作台（无序合成）","悬挂式淡蓝色粗布告示牌","farmersdelight:light_blue_hanging_canvas_sign","1","否","","","","","","原料：#farmersdelight:hanging_canvas_signs；原料：#c:dyes/light_blue",""
"kaleidoscope_cookery","kaleidoscope_cookery:millstone/string_from_light_gray_wool","线","kaleidoscope_cookery:millstone","自定义工序（kaleidoscope_cookery:millstone）","线","minecraft:string","3","否","","","","","","原料：淡灰色羊毛 <minecraft:light_gray_wool>",""
"farmersdelight","farmersdelight:cooked_salmon_slice_from_campfire_cooking","熟鲑鱼片","minecraft:campfire_cooking","营火","熟鲑鱼片","farmersdelight:cooked_salmon_slice","1","是","3","4.8","","0.35","600","原料：生鲑鱼片 <farmersdelight:salmon_slice>",""
"kaleidoscope_cookery","kaleidoscope_cookery:stockpot/beef_meatball_soup","牛丸汤","kaleidoscope_cookery:stockpot","万花筒汤锅","牛丸汤","kaleidoscope_cookery:beef_meatball_soup","1","是","6","8.004","温暖 9600tick 1级 概率1","","","原料：生丸子 <kaleidoscope_cookery:raw_meatball>；原料：生丸子 <kaleidoscope_cookery:raw_meatball>；原料：#c:crops/lettuce；原料：#c:crops/lettuce；原料：#c:crops/lettuce",""
"kaleidoscope_cookery","kaleidoscope_cookery:millstone/pink_dye_from_peony","粉红色染料","kaleidoscope_cookery:millstone","自定义工序（kaleidoscope_cookery:millstone）","粉红色染料","minecraft:pink_dye","3","否","","","","","","原料：牡丹 <minecraft:peony>",""
"farmersdelight","farmersdelight:packed_mud_from_straw","泥坯","minecraft:crafting_shapeless","工作台（无序合成）","泥坯","minecraft:packed_mud","2","否","","","","","","原料：草秆 <farmersdelight:straw>；原料：泥巴 <minecraft:mud>；原料：泥巴 <minecraft:mud>",""
"kaleidoscope_cookery","kaleidoscope_cookery:pot/spicy_rabbit_head","麻辣兔头","kaleidoscope_cookery:pot","自定义工序（kaleidoscope_cookery:pot）","麻辣兔头","kaleidoscope_cookery:spicy_rabbit_head","1","是","13","15.99","温暖 1600tick 1级 概率1","","","原料：生兔肉 <minecraft:rabbit>；原料：生兔肉 <minecraft:rabbit>；原料：生兔肉 <minecraft:rabbit>；原料：#c:crops/chilipepper；原料：#c:crops/chilipepper；原料：#c:crops/chilipepper；容器/载体：碗 <minecraft:bowl>",""
"kaleidoscope_cookery","kaleidoscope_cookery:chair_warped","诡异木椅子","minecraft:crafting_shaped","工作台（有序合成）","诡异木椅子","kaleidoscope_cookery:chair_warped","1","否","","","","","","[空原料或模组自定义参数]；[空原料或模组自定义参数]；[空原料或模组自定义参数]；[空原料或模组自定义参数]；[空原料或模组自定义参数]；[空原料或模组自定义参数]；[空原料或模组自定义参数]；[空原料或模组自定义参数]；[空原料或模组自定义参数]",""
"kaleidoscope_cookery","kaleidoscope_cookery:chopping_board","菜板","minecraft:crafting_shaped","工作台（有序合成）","菜板","kaleidoscope_cookery:chopping_board","1","否","","","","","","[空原料或模组自定义参数]；[空原料或模组自定义参数]；[空原料或模组自定义参数]；[空原料或模组自定义参数]；[空原料或模组自定义参数]；[空原料或模组自定义参数]",""
"kaleidoscope_cookery","kaleidoscope_cookery:stockpot/pufferfish_soup_entity","河豚汤","kaleidoscope_cookery:stockpot","万花筒汤锅","河豚汤","kaleidoscope_cookery:pufferfish_soup","1","是","4","0","芥末 12000tick 1级 概率1","","","原料：#c:crops/lettuce；原料：#c:crops/lettuce；原料：#c:crops/lettuce",""
"farmersdelight","farmersdelight:straw_bale","草捆","minecraft:crafting_shaped","工作台（有序合成）","草捆","farmersdelight:straw_bale","1","否","","","","","","[空原料或模组自定义参数]；[空原料或模组自定义参数]；[空原料或模组自定义参数]；[空原料或模组自定义参数]；[空原料或模组自定义参数]；[空原料或模组自定义参数]；[空原料或模组自定义参数]；[空原料或模组自定义参数]；[空原料或模组自定义参数]",""
"farmersdelight","farmersdelight:gray_hanging_canvas_sign","悬挂式灰色粗布告示牌","minecraft:crafting_shapeless","工作台（无序合成）","悬挂式灰色粗布告示牌","farmersdelight:gray_hanging_canvas_sign","1","否","","","","","","原料：#farmersdelight:hanging_canvas_signs；原料：#c:dyes/gray",""
"kaleidoscope_cookery","kaleidoscope_cookery:flex_stockpot/laba_congee","腊八粥","kaleidoscope_cookery:flex_stockpot","自定义工序（kaleidoscope_cookery:flex_stockpot）","腊八粥","kaleidoscope_cookery:laba_congee","1","是","12","12","温暖 6000tick 1级 概率1","","","原料：#c:seeds；原料：糖 <minecraft:sugar>",""
"farmersdelight","farmersdelight:pumpkin_pie_from_pie_crust","南瓜派","minecraft:crafting_shaped","工作台（有序合成）","南瓜派","minecraft:pumpkin_pie","2","是","8","4.8","","","","[空原料或模组自定义参数]；[空原料或模组自定义参数]；[空原料或模组自定义参数]；[空原料或模组自定义参数]；[空原料或模组自定义参数]；[空原料或模组自定义参数]；[空原料或模组自定义参数]；[空原料或模组自定义参数]；[空原料或模组自定义参数]",""
"spawn","spawn:potted_sweet_berries","Potted Sweet Berries","minecraft:crafting_shapeless","工作台（无序合成）","Potted Sweet Berries","spawn:potted_sweet_berries","1","否","","","","","","原料：甜浆果 <minecraft:sweet_berries>；原料：甜浆果 <minecraft:sweet_berries>；原料：甜浆果 <minecraft:sweet_berries>；原料：甜浆果 <minecraft:sweet_berries>；原料：蜗牛壳 <spawn:snail_shell>",""
"kaleidoscope_cookery","kaleidoscope_cookery:millstone/polished_basalt_from_basalt","磨制玄武岩","kaleidoscope_cookery:millstone","自定义工序（kaleidoscope_cookery:millstone）","磨制玄武岩","minecraft:polished_basalt","1","否","","","","","","原料：玄武岩 <minecraft:basalt>",""
"farmersdelight","farmersdelight:fried_egg_from_campfire_cooking","煎蛋","minecraft:campfire_cooking","营火","煎蛋","kaleidoscope_cookery:fried_egg","1","是","4","4","","0.35","600","原料：鸡蛋 <minecraft:egg>",""
"farmersdelight","farmersdelight:cutting/oak_log","去皮橡木原木","farmersdelight:cutting","切菜板","去皮橡木原木","minecraft:stripped_oak_log","1","否","","","","","","原料：橡木原木 <minecraft:oak_log>；工具：{""type"":""farmersdelight:item_ability"",""action"":""axe_strip""}；工具：#minecraft:axes",""
"kaleidoscope_cookery","kaleidoscope_cookery:millstone/quartz_from_quartz_block","下界石英","kaleidoscope_cookery:millstone","自定义工序（kaleidoscope_cookery:millstone）","下界石英","minecraft:quartz","3","否","","","","","","原料：石英块 <minecraft:quartz_block>",""
"kaleidoscope_cookery","kaleidoscope_cookery:stockpot/laba_congee","腊八粥","kaleidoscope_cookery:stockpot","万花筒汤锅","腊八粥","kaleidoscope_cookery:laba_congee","1","是","12","12","温暖 6000tick 1级 概率1","","","原料：#c:seeds；原料：#c:seeds；原料：#c:seeds；原料：#c:seeds；原料：#c:seeds；原料：#c:seeds；原料：糖 <minecraft:sugar>；原料：糖 <minecraft:sugar>；原料：糖 <minecraft:sugar>",""
"kaleidoscope_cookery","kaleidoscope_cookery:stockpot/rice_1","米饭","kaleidoscope_cookery:stockpot","万花筒汤锅","米饭","kaleidoscope_cookery:cooked_rice","1","是","6","12","","","","原料：#c:grain/rice",""
"kaleidoscope_cookery","kaleidoscope_cookery:stockpot/rice_5","米饭","kaleidoscope_cookery:stockpot","万花筒汤锅","米饭","kaleidoscope_cookery:cooked_rice","5","是","6","12","","","","原料：#c:grain/rice；原料：#c:grain/rice；原料：#c:grain/rice；原料：#c:grain/rice；原料：#c:grain/rice",""
"kaleidoscope_cookery","kaleidoscope_cookery:stockpot/rice_4","米饭","kaleidoscope_cookery:stockpot","万花筒汤锅","米饭","kaleidoscope_cookery:cooked_rice","4","是","6","12","","","","原料：#c:grain/rice；原料：#c:grain/rice；原料：#c:grain/rice；原料：#c:grain/rice",""
"kaleidoscope_cookery","kaleidoscope_cookery:stockpot/rice_3","米饭","kaleidoscope_cookery:stockpot","万花筒汤锅","米饭","kaleidoscope_cookery:cooked_rice","3","是","6","12","","","","原料：#c:grain/rice；原料：#c:grain/rice；原料：#c:grain/rice",""
"kaleidoscope_cookery","kaleidoscope_cookery:stockpot/rice_2","米饭","kaleidoscope_cookery:stockpot","万花筒汤锅","米饭","kaleidoscope_cookery:cooked_rice","2","是","6","12","","","","原料：#c:grain/rice；原料：#c:grain/rice",""
"kaleidoscope_cookery","kaleidoscope_cookery:stockpot/rice_9","米饭","kaleidoscope_cookery:stockpot","万花筒汤锅","米饭","kaleidoscope_cookery:cooked_rice","9","是","6","12","","","","原料：#c:grain/rice；原料：#c:grain/rice；原料：#c:grain/rice；原料：#c:grain/rice；原料：#c:grain/rice；原料：#c:grain/rice；原料：#c:grain/rice；原料：#c:grain/rice；原料：#c:grain/rice",""
"kaleidoscope_cookery","kaleidoscope_cookery:stockpot/rice_8","米饭","kaleidoscope_cookery:stockpot","万花筒汤锅","米饭","kaleidoscope_cookery:cooked_rice","8","是","6","12","","","","原料：#c:grain/rice；原料：#c:grain/rice；原料：#c:grain/rice；原料：#c:grain/rice；原料：#c:grain/rice；原料：#c:grain/rice；原料：#c:grain/rice；原料：#c:grain/rice",""
"kaleidoscope_cookery","kaleidoscope_cookery:stockpot/rice_7","米饭","kaleidoscope_cookery:stockpot","万花筒汤锅","米饭","kaleidoscope_cookery:cooked_rice","7","是","6","12","","","","原料：#c:grain/rice；原料：#c:grain/rice；原料：#c:grain/rice；原料：#c:grain/rice；原料：#c:grain/rice；原料：#c:grain/rice；原料：#c:grain/rice",""
"kaleidoscope_cookery","kaleidoscope_cookery:stockpot/rice_6","米饭","kaleidoscope_cookery:stockpot","万花筒汤锅","米饭","kaleidoscope_cookery:cooked_rice","6","是","6","12","","","","原料：#c:grain/rice；原料：#c:grain/rice；原料：#c:grain/rice；原料：#c:grain/rice；原料：#c:grain/rice；原料：#c:grain/rice",""
"farmersdelight","farmersdelight:stove","炉灶","minecraft:crafting_shaped","工作台（有序合成）","炉灶","farmersdelight:stove","1","否","","","","","","[空原料或模组自定义参数]；[空原料或模组自定义参数]；[空原料或模组自定义参数]；[空原料或模组自定义参数]；[空原料或模组自定义参数]；[空原料或模组自定义参数]；[空原料或模组自定义参数]；[空原料或模组自定义参数]；[空原料或模组自定义参数]",""
"spawn","spawn:heliostone_slab_stonecutting","日光石台阶","minecraft:stonecutting","自定义工序（minecraft:stonecutting）","日光石台阶","spawn:heliostone_slab","2","否","","","","","","原料：日光石 <spawn:heliostone>",""
"farmersdelight","farmersdelight:carrot_crate","箱装胡萝卜","minecraft:crafting_shaped","工作台（有序合成）","箱装胡萝卜","farmersdelight:carrot_crate","1","否","","","","","","[空原料或模组自定义参数]；[空原料或模组自定义参数]；[空原料或模组自定义参数]；[空原料或模组自定义参数]；[空原料或模组自定义参数]；[空原料或模组自定义参数]；[空原料或模组自定义参数]；[空原料或模组自定义参数]；[空原料或模组自定义参数]",""
"spawn","spawn:rotten_hanging_sign","悬挂式腐木告示牌","minecraft:crafting_shaped","工作台（有序合成）","悬挂式腐木告示牌","spawn:rotten_hanging_sign","6","否","","","","","","[空原料或模组自定义参数]；[空原料或模组自定义参数]；[空原料或模组自定义参数]；[空原料或模组自定义参数]；[空原料或模组自定义参数]；[空原料或模组自定义参数]；[空原料或模组自定义参数]；[空原料或模组自定义参数]；[空原料或模组自定义参数]",""
"spawn","spawn:bone_meal_from_shell_fragments","骨粉","minecraft:crafting_shapeless","工作台（无序合成）","骨粉","minecraft:bone_meal","3","否","","","","","","原料：贝壳碎片 <spawn:shell_fragments>",""
"kaleidoscope_cookery","kaleidoscope_cookery:pot/frost_lamb_chop","凛冬羊排","kaleidoscope_cookery:pot","自定义工序（kaleidoscope_cookery:pot）","凛冬羊排","kaleidoscope_cookery:frost_lamb_chop","1","是","13","15.99","寒带疾行 1600tick 1级 概率1","","","原料：蓝冰 <minecraft:blue_ice>；原料：蓝冰 <minecraft:blue_ice>；原料：蓝冰 <minecraft:blue_ice>；原料：#c:foods/raw_mutton；原料：#c:foods/raw_mutton；原料：#c:foods/raw_mutton；容器/载体：碗 <minecraft:bowl>",""
"spawn","spawn:bluefish_roll","扁鲹寿司","minecraft:crafting_shapeless","工作台（无序合成）","扁鲹寿司","spawn:bluefish_roll","2","是","7","8.400001","","","","原料：扁鲹片 <spawn:bluefish_slice>；原料：扁鲹片 <spawn:bluefish_slice>；原料：米饭 <farmersdelight:cooked_rice>",""
"kaleidoscope_cookery","kaleidoscope_cookery:tomato_seed","番茄种子","minecraft:crafting_shapeless","工作台（无序合成）","番茄种子","kaleidoscope_cookery:tomato_seed","1","否","","","","","","原料：番茄 <kaleidoscope_cookery:tomato>",""
"kaleidoscope_cookery","kaleidoscope_cookery:millstone/polished_granite_from_granite","磨制花岗岩","kaleidoscope_cookery:millstone","自定义工序（kaleidoscope_cookery:millstone）","磨制花岗岩","minecraft:polished_granite","1","否","","","","","","原料：花岗岩 <minecraft:granite>",""
"spawn","spawn:yellow_dye_from_spawn_sunflower","黄色染料","minecraft:crafting_shapeless","工作台（无序合成）","黄色染料","minecraft:yellow_dye","2","否","","","","","","原料：向日葵 <spawn:sunflower>",""
"kaleidoscope_cookery","kaleidoscope_cookery:chopping_board/raw_cut_small_meats_from_rabbit","生切制小肉","kaleidoscope_cookery:chopping_board","自定义工序（kaleidoscope_cookery:chopping_board）","生切制小肉","kaleidoscope_cookery:raw_cut_small_meats","2","是","2","1.2","","","","原料：生兔肉 <minecraft:rabbit>",""
"farmersdelight","farmersdelight:magenta_hanging_canvas_sign","悬挂式品红色粗布告示牌","minecraft:crafting_shapeless","工作台（无序合成）","悬挂式品红色粗布告示牌","farmersdelight:magenta_hanging_canvas_sign","1","否","","","","","","原料：#farmersdelight:hanging_canvas_signs；原料：#c:dyes/magenta",""
"kaleidoscope_cookery","kaleidoscope_cookery:steamer","蒸笼","minecraft:crafting_shaped","工作台（有序合成）","蒸笼","kaleidoscope_cookery:steamer","1","否","","","","","","[空原料或模组自定义参数]；[空原料或模组自定义参数]；[空原料或模组自定义参数]；[空原料或模组自定义参数]；[空原料或模组自定义参数]；[空原料或模组自定义参数]",""
"kaleidoscope_cookery","kaleidoscope_cookery:millstone/emerald_from_deepslate_emerald_ore","绿宝石","kaleidoscope_cookery:millstone","自定义工序（kaleidoscope_cookery:millstone）","绿宝石","minecraft:emerald","2","否","","","","","","原料：深层绿宝石矿石 <minecraft:deepslate_emerald_ore>",""
"spawn","spawn:smooth_blasted_sandstone_slab","平滑荒砂岩台阶","minecraft:crafting_shaped","工作台（有序合成）","平滑荒砂岩台阶","spawn:smooth_blasted_sandstone_slab","6","否","","","","","","[空原料或模组自定义参数]；[空原料或模组自定义参数]；[空原料或模组自定义参数]",""
"kaleidoscope_cookery","kaleidoscope_cookery:chair_cherry","樱花木椅子","minecraft:crafting_shaped","工作台（有序合成）","樱花木椅子","kaleidoscope_cookery:chair_cherry","1","否","","","","","","[空原料或模组自定义参数]；[空原料或模组自定义参数]；[空原料或模组自定义参数]；[空原料或模组自定义参数]；[空原料或模组自定义参数]；[空原料或模组自定义参数]；[空原料或模组自定义参数]；[空原料或模组自定义参数]；[空原料或模组自定义参数]",""
"kaleidoscope_cookery","kaleidoscope_cookery:cook_stool_cherry","樱花木厨娘凳","minecraft:crafting_shaped","工作台（有序合成）","樱花木厨娘凳","kaleidoscope_cookery:cook_stool_cherry","1","否","","","","","","[空原料或模组自定义参数]；[空原料或模组自定义参数]；[空原料或模组自定义参数]；[空原料或模组自定义参数]；[空原料或模组自定义参数]；[空原料或模组自定义参数]",""
"farmersdelight","farmersdelight:salvaging/cherry_chest_boat","樱花木船","farmersdelight:cutting","切菜板","樱花木船","minecraft:cherry_boat","1","否","","","","","","原料：樱花木运输船 <minecraft:cherry_chest_boat>；工具：{""type"":""farmersdelight:item_ability"",""action"":""hoe_dig""}；工具：#minecraft:hoes",""
"farmersdelight","farmersdelight:milk_bucket_from_bottles","奶桶","minecraft:crafting_shapeless","工作台（无序合成）","奶桶","minecraft:milk_bucket","1","否","","","","","","原料：铁桶 <minecraft:bucket>；原料：奶瓶 <farmersdelight:milk_bottle>；原料：奶瓶 <farmersdelight:milk_bottle>；原料：奶瓶 <farmersdelight:milk_bottle>；原料：奶瓶 <farmersdelight:milk_bottle>",""
"kaleidoscope_cookery","kaleidoscope_cookery:pot/sticky_candy","牛皮糖","kaleidoscope_cookery:pot","自定义工序（kaleidoscope_cookery:pot）","牛皮糖","kaleidoscope_cookery:sticky_candy","1","是","6","12","","","","原料：皮革 <minecraft:leather>；原料：糖 <minecraft:sugar>；原料：糖 <minecraft:sugar>；原料：糖 <minecraft:sugar>；原料：糖 <minecraft:sugar>",""
"farmersdelight","farmersdelight:cutting/jungle_wood","去皮丛林木","farmersdelight:cutting","切菜板","去皮丛林木","minecraft:stripped_jungle_wood","1","否","","","","","","原料：丛林木 <minecraft:jungle_wood>；工具：{""type"":""farmersdelight:item_ability"",""action"":""axe_strip""}；工具：#minecraft:axes",""
"farmersdelight","farmersdelight:cutting/cooked_chicken","熟鸡肉丁","farmersdelight:cutting","切菜板","熟鸡肉丁","farmersdelight:cooked_chicken_cuts","2","是","3","3.6000001","","","","原料：熟鸡肉 <minecraft:cooked_chicken>；工具：{""type"":""farmersdelight:item_ability"",""action"":""knife_dig""}；工具：#c:tools/knife",""
"farmersdelight","farmersdelight:egg_sandwich","夹蛋三明治","minecraft:crafting_shapeless","工作台（无序合成）","夹蛋三明治","farmersdelight:egg_sandwich","1","是","8","12.8","","","","原料：#c:foods/bread；原料：#c:foods/cooked_egg；原料：#c:foods/cooked_egg",""
"spawn","spawn:escargot","法式蜗牛","minecraft:crafting_shaped","工作台（有序合成）","法式蜗牛","spawn:escargot","1","是","4","6.4","","","","[空原料或模组自定义参数]；[空原料或模组自定义参数]；[空原料或模组自定义参数]；[空原料或模组自定义参数]；[空原料或模组自定义参数]；[空原料或模组自定义参数]；[空原料或模组自定义参数]；[空原料或模组自定义参数]；[空原料或模组自定义参数]",""
"kaleidoscope_cookery","kaleidoscope_cookery:gold_kitchen_knife","金菜刀","minecraft:crafting_shaped","工作台（有序合成）","金菜刀","kaleidoscope_cookery:gold_kitchen_knife","1","否","","","","","","[空原料或模组自定义参数]；[空原料或模组自定义参数]；[空原料或模组自定义参数]；[空原料或模组自定义参数]",""
"kaleidoscope_cookery","kaleidoscope_cookery:raw_dough_steamer","蒸笼","minecraft:crafting_shapeless","工作台（无序合成）","蒸笼","kaleidoscope_cookery:steamer","1","否","","","","","","原料：蒸笼 <kaleidoscope_cookery:steamer>；原料：生面团 <kaleidoscope_cookery:raw_dough>；原料：生面团 <kaleidoscope_cookery:raw_dough>；原料：生面团 <kaleidoscope_cookery:raw_dough>；原料：生面团 <kaleidoscope_cookery:raw_dough>",""
"farmersdelight","farmersdelight:purple_canvas_sign","紫色粗布告示牌","minecraft:crafting_shapeless","工作台（无序合成）","紫色粗布告示牌","farmersdelight:purple_canvas_sign","1","否","","","","","","原料：#farmersdelight:canvas_signs；原料：#c:dyes/purple",""
"farmersdelight","farmersdelight:brown_hanging_canvas_sign","悬挂式棕色粗布告示牌","minecraft:crafting_shapeless","工作台（无序合成）","悬挂式棕色粗布告示牌","farmersdelight:brown_hanging_canvas_sign","1","否","","","","","","原料：#farmersdelight:hanging_canvas_signs；原料：#c:dyes/brown",""
"kaleidoscope_cookery","kaleidoscope_cookery:millstone/amethyst_shard_from_amethyst_block","紫水晶碎片","kaleidoscope_cookery:millstone","自定义工序（kaleidoscope_cookery:millstone）","紫水晶碎片","minecraft:amethyst_shard","3","否","","","","","","原料：紫水晶块 <minecraft:amethyst_block>",""
"kaleidoscope_cookery","kaleidoscope_cookery:millstone/coal_from_coal_ore","煤炭","kaleidoscope_cookery:millstone","自定义工序（kaleidoscope_cookery:millstone）","煤炭","minecraft:coal","3","否","","","","","","原料：煤矿石 <minecraft:coal_ore>",""
"spawn","spawn:hamster_wheel","仓鼠轮","minecraft:crafting_shaped","工作台（有序合成）","仓鼠轮","spawn:hamster_wheel","1","否","","","","","","[空原料或模组自定义参数]；[空原料或模组自定义参数]",""
"kaleidoscope_cookery","kaleidoscope_cookery:millstone/polished_diorite_from_diorite","磨制闪长岩","kaleidoscope_cookery:millstone","自定义工序（kaleidoscope_cookery:millstone）","磨制闪长岩","minecraft:polished_diorite","1","否","","","","","","原料：闪长岩 <minecraft:diorite>",""
"kaleidoscope_cookery","kaleidoscope_cookery:pot/cod_to_cooked_cod_3","熟鳕鱼","kaleidoscope_cookery:pot","自定义工序（kaleidoscope_cookery:pot）","熟鳕鱼","minecraft:cooked_cod","3","是","5","6","","","","原料：生鳕鱼 <minecraft:cod>；原料：生鳕鱼 <minecraft:cod>；原料：生鳕鱼 <minecraft:cod>",""
"kaleidoscope_cookery","kaleidoscope_cookery:pot/cod_to_cooked_cod_2","熟鳕鱼","kaleidoscope_cookery:pot","自定义工序（kaleidoscope_cookery:pot）","熟鳕鱼","minecraft:cooked_cod","2","是","5","6","","","","原料：生鳕鱼 <minecraft:cod>；原料：生鳕鱼 <minecraft:cod>",""
"kaleidoscope_cookery","kaleidoscope_cookery:pot/cod_to_cooked_cod_1","熟鳕鱼","kaleidoscope_cookery:pot","自定义工序（kaleidoscope_cookery:pot）","熟鳕鱼","minecraft:cooked_cod","1","是","5","6","","","","原料：生鳕鱼 <minecraft:cod>",""
"kaleidoscope_cookery","kaleidoscope_cookery:pot/cod_to_cooked_cod_7","熟鳕鱼","kaleidoscope_cookery:pot","自定义工序（kaleidoscope_cookery:pot）","熟鳕鱼","minecraft:cooked_cod","7","是","5","6","","","","原料：生鳕鱼 <minecraft:cod>；原料：生鳕鱼 <minecraft:cod>；原料：生鳕鱼 <minecraft:cod>；原料：生鳕鱼 <minecraft:cod>；原料：生鳕鱼 <minecraft:cod>；原料：生鳕鱼 <minecraft:cod>；原料：生鳕鱼 <minecraft:cod>",""
"kaleidoscope_cookery","kaleidoscope_cookery:pot/cod_to_cooked_cod_6","熟鳕鱼","kaleidoscope_cookery:pot","自定义工序（kaleidoscope_cookery:pot）","熟鳕鱼","minecraft:cooked_cod","6","是","5","6","","","","原料：生鳕鱼 <minecraft:cod>；原料：生鳕鱼 <minecraft:cod>；原料：生鳕鱼 <minecraft:cod>；原料：生鳕鱼 <minecraft:cod>；原料：生鳕鱼 <minecraft:cod>；原料：生鳕鱼 <minecraft:cod>",""
"kaleidoscope_cookery","kaleidoscope_cookery:pot/cod_to_cooked_cod_5","熟鳕鱼","kaleidoscope_cookery:pot","自定义工序（kaleidoscope_cookery:pot）","熟鳕鱼","minecraft:cooked_cod","5","是","5","6","","","","原料：生鳕鱼 <minecraft:cod>；原料：生鳕鱼 <minecraft:cod>；原料：生鳕鱼 <minecraft:cod>；原料：生鳕鱼 <minecraft:cod>；原料：生鳕鱼 <minecraft:cod>",""
"kaleidoscope_cookery","kaleidoscope_cookery:pot/cod_to_cooked_cod_4","熟鳕鱼","kaleidoscope_cookery:pot","自定义工序（kaleidoscope_cookery:pot）","熟鳕鱼","minecraft:cooked_cod","4","是","5","6","","","","原料：生鳕鱼 <minecraft:cod>；原料：生鳕鱼 <minecraft:cod>；原料：生鳕鱼 <minecraft:cod>；原料：生鳕鱼 <minecraft:cod>",""
"kaleidoscope_cookery","kaleidoscope_cookery:pot/cod_to_cooked_cod_9","熟鳕鱼","kaleidoscope_cookery:pot","自定义工序（kaleidoscope_cookery:pot）","熟鳕鱼","minecraft:cooked_cod","9","是","5","6","","","","原料：生鳕鱼 <minecraft:cod>；原料：生鳕鱼 <minecraft:cod>；原料：生鳕鱼 <minecraft:cod>；原料：生鳕鱼 <minecraft:cod>；原料：生鳕鱼 <minecraft:cod>；原料：生鳕鱼 <minecraft:cod>；原料：生鳕鱼 <minecraft:cod>；原料：生鳕鱼 <minecraft:cod>；原料：生鳕鱼 <minecraft:cod>",""
"kaleidoscope_cookery","kaleidoscope_cookery:pot/cod_to_cooked_cod_8","熟鳕鱼","kaleidoscope_cookery:pot","自定义工序（kaleidoscope_cookery:pot）","熟鳕鱼","minecraft:cooked_cod","8","是","5","6","","","","原料：生鳕鱼 <minecraft:cod>；原料：生鳕鱼 <minecraft:cod>；原料：生鳕鱼 <minecraft:cod>；原料：生鳕鱼 <minecraft:cod>；原料：生鳕鱼 <minecraft:cod>；原料：生鳕鱼 <minecraft:cod>；原料：生鳕鱼 <minecraft:cod>；原料：生鳕鱼 <minecraft:cod>",""
"kaleidoscope_cookery","kaleidoscope_cookery:table_oak","橡木餐桌","minecraft:crafting_shaped","工作台（有序合成）","橡木餐桌","kaleidoscope_cookery:table_oak","1","否","","","","","","[空原料或模组自定义参数]；[空原料或模组自定义参数]；[空原料或模组自定义参数]；[空原料或模组自定义参数]；[空原料或模组自定义参数]；[空原料或模组自定义参数]",""
"farmersdelight","farmersdelight:cooking/pasta_with_mutton_chop","羊排意面","farmersdelight:cooking","烹饪锅","羊排意面","farmersdelight:pasta_with_mutton_chop","1","是","12","19.2","滋养 3600tick 1级 概率1","","","原料：#c:foods/raw_mutton；原料：#c:foods/pasta；原料：番茄酱 <farmersdelight:tomato_sauce>",""
"spawn","spawn:bone_meal_from_dead_sea_urchin","骨粉","minecraft:crafting_shapeless","工作台（无序合成）","骨粉","minecraft:bone_meal","2","否","","","","","","原料：失活海胆 <spawn:dead_sea_urchin>",""
"kaleidoscope_cookery","kaleidoscope_cookery:flex_stockpot/crimson_fungus_pot_soup","绯红菌瓦罐汤","kaleidoscope_cookery:flex_stockpot","自定义工序（kaleidoscope_cookery:flex_stockpot）","绯红菌瓦罐汤","kaleidoscope_cookery:crimson_fungus_pot_soup","1","是","18","24.012","抗火 2400tick 1级 概率1","","","原料：绯红菌 <minecraft:crimson_fungus>；容器/载体：花盆 <minecraft:flower_pot>",""
"spawn","spawn:reefstone_tile_slab_from_reefstone_tiles_stonecutting","礁石台阶","minecraft:stonecutting","自定义工序（minecraft:stonecutting）","礁石台阶","spawn:reefstone_tile_slab","2","否","","","","","","原料：礁石瓦 <spawn:reefstone_tiles>",""
"spawn","spawn:cooked_clam_from_smoking","熟蚌肉","minecraft:smoking","烟熏炉","熟蚌肉","spawn:cooked_clam","1","是","3","3","","0.35","100","原料：蚌 <spawn:clam>",""
"farmersdelight","farmersdelight:salvaging/tnt_minecart","矿车","farmersdelight:cutting","切菜板","矿车","minecraft:minecart","1","否","","","","","","原料：TNT矿车 <minecraft:tnt_minecart>；工具：{""type"":""farmersdelight:item_ability"",""action"":""hoe_dig""}；工具：#minecraft:hoes",""
"farmersdelight","farmersdelight:cabbage_from_leaves","卷心菜","minecraft:crafting_shapeless","工作台（无序合成）","卷心菜","farmersdelight:cabbage","1","是","2","1.6","","","","原料：卷心菜叶 <farmersdelight:cabbage_leaf>；原料：卷心菜叶 <farmersdelight:cabbage_leaf>",""
"spawn","spawn:cooked_dodo_from_smoking","熟渡渡鸟肉","minecraft:smoking","烟熏炉","熟渡渡鸟肉","spawn:cooked_dodo","1","是","20","56","力量 1200tick 2级 概率1","0.35","100","原料：生渡渡鸟肉 <spawn:dodo>",""
"spawn","spawn:reefstone_tile_wall","礁石墙","minecraft:crafting_shaped","工作台（有序合成）","礁石墙","spawn:reefstone_tile_wall","6","否","","","","","","[空原料或模组自定义参数]；[空原料或模组自定义参数]；[空原料或模组自定义参数]；[空原料或模组自定义参数]；[空原料或模组自定义参数]；[空原料或模组自定义参数]",""
"farmersdelight","farmersdelight:salvaging/acacia_chest_boat","金合欢木船","farmersdelight:cutting","切菜板","金合欢木船","minecraft:acacia_boat","1","否","","","","","","原料：金合欢木运输船 <minecraft:acacia_chest_boat>；工具：{""type"":""farmersdelight:item_ability"",""action"":""hoe_dig""}；工具：#minecraft:hoes",""
"farmersdelight","farmersdelight:salvaging/deepslate","深板岩圆石","farmersdelight:cutting","切菜板","深板岩圆石","minecraft:cobbled_deepslate","1","否","","","","","","原料：深板岩 <minecraft:deepslate>；工具：{""type"":""farmersdelight:item_ability"",""action"":""pickaxe_dig""}；工具：#minecraft:pickaxes",""
"farmersdelight","farmersdelight:bamboo_cabinet","竹橱柜","minecraft:crafting_shaped","工作台（有序合成）","竹橱柜","farmersdelight:bamboo_cabinet","1","否","","","","","","[空原料或模组自定义参数]；[空原料或模组自定义参数]；[空原料或模组自定义参数]；[空原料或模组自定义参数]；[空原料或模组自定义参数]；[空原料或模组自定义参数]；[空原料或模组自定义参数]；[空原料或模组自定义参数]；[空原料或模组自定义参数]",""
"farmersdelight","farmersdelight:salvaging/nether_bricks","下界砖","farmersdelight:cutting","切菜板","下界砖","minecraft:nether_brick","4","否","","","","","","原料：下界砖块 <minecraft:nether_bricks>；工具：{""type"":""farmersdelight:item_ability"",""action"":""pickaxe_dig""}；工具：#minecraft:pickaxes",""
"kaleidoscope_cookery","kaleidoscope_cookery:flex_pot/fried_caterpillar","油炸猪儿虫","kaleidoscope_cookery:flex_pot","自定义工序（kaleidoscope_cookery:flex_pot）","油炸猪儿虫","kaleidoscope_cookery:fried_caterpillar","1","是","12","19.2","胀气 200tick 1级 概率1","","","原料：#kaleidoscope_cookery:caterpillars；容器/载体：碗 <minecraft:bowl>",""
"farmersdelight","farmersdelight:salmon_roll","鲑鱼寿司","minecraft:crafting_shapeless","工作台（无序合成）","鲑鱼寿司","farmersdelight:salmon_roll","2","是","7","8.400001","","","","原料：生鲑鱼片 <farmersdelight:salmon_slice>；原料：生鲑鱼片 <farmersdelight:salmon_slice>；原料：米饭 <farmersdelight:cooked_rice>",""
"kaleidoscope_cookery","kaleidoscope_cookery:chopping_board/bone_from_salmon","骨头","kaleidoscope_cookery:chopping_board","自定义工序（kaleidoscope_cookery:chopping_board）","骨头","minecraft:bone","2","否","","","","","","原料：熟鲑鱼 <minecraft:cooked_salmon>",""
"farmersdelight","farmersdelight:cutting/gravel","沙砾","farmersdelight:cutting","切菜板","沙砾","minecraft:gravel","1","否","","","","","","原料：沙砾 <minecraft:gravel>；工具：{""type"":""farmersdelight:item_ability"",""action"":""shovel_dig""}；工具：#minecraft:shovels",""
"spawn","spawn:cooked_herring","熟鲱鱼","minecraft:smelting","熔炉","熟鲱鱼","spawn:cooked_herring","1","是","4","4","","0.35","200","原料：鲱鱼 <spawn:herring>",""
"kaleidoscope_cookery","kaleidoscope_cookery:millstone/green_dye_from_cactus","绿色染料","kaleidoscope_cookery:millstone","自定义工序（kaleidoscope_cookery:millstone）","绿色染料","minecraft:green_dye","2","否","","","","","","原料：仙人掌 <minecraft:cactus>",""
"farmersdelight","farmersdelight:cooking/baked_cod_stew","烘焙鳕鱼炖","farmersdelight:cooking","烹饪锅","烘焙鳕鱼炖","farmersdelight:baked_cod_stew","1","是","14","21","滋养 6000tick 1级 概率1","","","原料：#c:foods/raw_cod；原料：#c:crops/potato；原料：#c:eggs；原料：#c:crops/tomato",""
"kaleidoscope_cookery","kaleidoscope_cookery:pot/chicken_to_cooked_chicken_7","熟鸡肉","kaleidoscope_cookery:pot","自定义工序（kaleidoscope_cookery:pot）","熟鸡肉","minecraft:cooked_chicken","7","是","6","7.2000003","","","","原料：生鸡肉 <minecraft:chicken>；原料：生鸡肉 <minecraft:chicken>；原料：生鸡肉 <minecraft:chicken>；原料：生鸡肉 <minecraft:chicken>；原料：生鸡肉 <minecraft:chicken>；原料：生鸡肉 <minecraft:chicken>；原料：生鸡肉 <minecraft:chicken>",""
"kaleidoscope_cookery","kaleidoscope_cookery:pot/chicken_to_cooked_chicken_6","熟鸡肉","kaleidoscope_cookery:pot","自定义工序（kaleidoscope_cookery:pot）","熟鸡肉","minecraft:cooked_chicken","6","是","6","7.2000003","","","","原料：生鸡肉 <minecraft:chicken>；原料：生鸡肉 <minecraft:chicken>；原料：生鸡肉 <minecraft:chicken>；原料：生鸡肉 <minecraft:chicken>；原料：生鸡肉 <minecraft:chicken>；原料：生鸡肉 <minecraft:chicken>",""
"kaleidoscope_cookery","kaleidoscope_cookery:pot/chicken_to_cooked_chicken_9","熟鸡肉","kaleidoscope_cookery:pot","自定义工序（kaleidoscope_cookery:pot）","熟鸡肉","minecraft:cooked_chicken","9","是","6","7.2000003","","","","原料：生鸡肉 <minecraft:chicken>；原料：生鸡肉 <minecraft:chicken>；原料：生鸡肉 <minecraft:chicken>；原料：生鸡肉 <minecraft:chicken>；原料：生鸡肉 <minecraft:chicken>；原料：生鸡肉 <minecraft:chicken>；原料：生鸡肉 <minecraft:chicken>；原料：生鸡肉 <minecraft:chicken>；原料：生鸡肉 <minecraft:chicken>",""
"kaleidoscope_cookery","kaleidoscope_cookery:pot/chicken_to_cooked_chicken_8","熟鸡肉","kaleidoscope_cookery:pot","自定义工序（kaleidoscope_cookery:pot）","熟鸡肉","minecraft:cooked_chicken","8","是","6","7.2000003","","","","原料：生鸡肉 <minecraft:chicken>；原料：生鸡肉 <minecraft:chicken>；原料：生鸡肉 <minecraft:chicken>；原料：生鸡肉 <minecraft:chicken>；原料：生鸡肉 <minecraft:chicken>；原料：生鸡肉 <minecraft:chicken>；原料：生鸡肉 <minecraft:chicken>；原料：生鸡肉 <minecraft:chicken>",""
"farmersdelight","farmersdelight:cherry_cabinet","樱花木橱柜","minecraft:crafting_shaped","工作台（有序合成）","樱花木橱柜","farmersdelight:cherry_cabinet","1","否","","","","","","[空原料或模组自定义参数]；[空原料或模组自定义参数]；[空原料或模组自定义参数]；[空原料或模组自定义参数]；[空原料或模组自定义参数]；[空原料或模组自定义参数]；[空原料或模组自定义参数]；[空原料或模组自定义参数]；[空原料或模组自定义参数]",""
"kaleidoscope_cookery","kaleidoscope_cookery:flex_stockpot/lamb_and_radish_soup","萝卜羊肉汤","kaleidoscope_cookery:flex_stockpot","自定义工序（kaleidoscope_cookery:flex_stockpot）","萝卜羊肉汤","kaleidoscope_cookery:lamb_and_radish_soup","1","是","6","8.004","寒带疾行 6000tick 1级 概率1","","","原料：#c:foods/raw_mutton；原料：胡萝卜 <minecraft:carrot>",""
"kaleidoscope_cookery","kaleidoscope_cookery:pot/stuffed_dough_food_to_meat_pie_1","馅饼","kaleidoscope_cookery:pot","自定义工序（kaleidoscope_cookery:pot）","馅饼","kaleidoscope_cookery:meat_pie","1","是","8","16","温暖 1600tick 1级 概率1","","","原料：裹馅面食 <kaleidoscope_cookery:stuffed_dough_food>",""
"farmersdelight","farmersdelight:melon_popsicle","西瓜冰棍","minecraft:crafting_shaped","工作台（有序合成）","西瓜冰棍","farmersdelight:melon_popsicle","1","是","3","1.2","","","","[空原料或模组自定义参数]；[空原料或模组自定义参数]；[空原料或模组自定义参数]；[空原料或模组自定义参数]；[空原料或模组自定义参数]；[空原料或模组自定义参数]；[空原料或模组自定义参数]；[空原料或模组自定义参数]；[空原料或模组自定义参数]",""
"kaleidoscope_cookery","kaleidoscope_cookery:pot/stuffed_dough_food_to_meat_pie_2","馅饼","kaleidoscope_cookery:pot","自定义工序（kaleidoscope_cookery:pot）","馅饼","kaleidoscope_cookery:meat_pie","2","是","8","16","温暖 1600tick 1级 概率1","","","原料：裹馅面食 <kaleidoscope_cookery:stuffed_dough_food>；原料：裹馅面食 <kaleidoscope_cookery:stuffed_dough_food>",""
"kaleidoscope_cookery","kaleidoscope_cookery:pot/stuffed_dough_food_to_meat_pie_3","馅饼","kaleidoscope_cookery:pot","自定义工序（kaleidoscope_cookery:pot）","馅饼","kaleidoscope_cookery:meat_pie","3","是","8","16","温暖 1600tick 1级 概率1","","","原料：裹馅面食 <kaleidoscope_cookery:stuffed_dough_food>；原料：裹馅面食 <kaleidoscope_cookery:stuffed_dough_food>；原料：裹馅面食 <kaleidoscope_cookery:stuffed_dough_food>",""
"kaleidoscope_cookery","kaleidoscope_cookery:pot/stuffed_dough_food_to_meat_pie_4","馅饼","kaleidoscope_cookery:pot","自定义工序（kaleidoscope_cookery:pot）","馅饼","kaleidoscope_cookery:meat_pie","4","是","8","16","温暖 1600tick 1级 概率1","","","原料：裹馅面食 <kaleidoscope_cookery:stuffed_dough_food>；原料：裹馅面食 <kaleidoscope_cookery:stuffed_dough_food>；原料：裹馅面食 <kaleidoscope_cookery:stuffed_dough_food>；原料：裹馅面食 <kaleidoscope_cookery:stuffed_dough_food>",""
"kaleidoscope_cookery","kaleidoscope_cookery:pot/stuffed_dough_food_to_meat_pie_5","馅饼","kaleidoscope_cookery:pot","自定义工序（kaleidoscope_cookery:pot）","馅饼","kaleidoscope_cookery:meat_pie","5","是","8","16","温暖 1600tick 1级 概率1","","","原料：裹馅面食 <kaleidoscope_cookery:stuffed_dough_food>；原料：裹馅面食 <kaleidoscope_cookery:stuffed_dough_food>；原料：裹馅面食 <kaleidoscope_cookery:stuffed_dough_food>；原料：裹馅面食 <kaleidoscope_cookery:stuffed_dough_food>；原料：裹馅面食 <kaleidoscope_cookery:stuffed_dough_food>",""
"kaleidoscope_cookery","kaleidoscope_cookery:pot/stuffed_dough_food_to_meat_pie_6","馅饼","kaleidoscope_cookery:pot","自定义工序（kaleidoscope_cookery:pot）","馅饼","kaleidoscope_cookery:meat_pie","6","是","8","16","温暖 1600tick 1级 概率1","","","原料：裹馅面食 <kaleidoscope_cookery:stuffed_dough_food>；原料：裹馅面食 <kaleidoscope_cookery:stuffed_dough_food>；原料：裹馅面食 <kaleidoscope_cookery:stuffed_dough_food>；原料：裹馅面食 <kaleidoscope_cookery:stuffed_dough_food>；原料：裹馅面食 <kaleidoscope_cookery:stuffed_dough_food>；原料：裹馅面食 <kaleidoscope_cookery:stuffed_dough_food>",""
"farmersdelight","farmersdelight:spruce_cabinet","云杉木橱柜","minecraft:crafting_shaped","工作台（有序合成）","云杉木橱柜","farmersdelight:spruce_cabinet","1","否","","","","","","[空原料或模组自定义参数]；[空原料或模组自定义参数]；[空原料或模组自定义参数]；[空原料或模组自定义参数]；[空原料或模组自定义参数]；[空原料或模组自定义参数]；[空原料或模组自定义参数]；[空原料或模组自定义参数]；[空原料或模组自定义参数]",""
"kaleidoscope_cookery","kaleidoscope_cookery:pot/stuffed_dough_food_to_meat_pie_7","馅饼","kaleidoscope_cookery:pot","自定义工序（kaleidoscope_cookery:pot）","馅饼","kaleidoscope_cookery:meat_pie","7","是","8","16","温暖 1600tick 1级 概率1","","","原料：裹馅面食 <kaleidoscope_cookery:stuffed_dough_food>；原料：裹馅面食 <kaleidoscope_cookery:stuffed_dough_food>；原料：裹馅面食 <kaleidoscope_cookery:stuffed_dough_food>；原料：裹馅面食 <kaleidoscope_cookery:stuffed_dough_food>；原料：裹馅面食 <kaleidoscope_cookery:stuffed_dough_food>；原料：裹馅面食 <kaleidoscope_cookery:stuffed_dough_food>；原料：裹馅面食 <kaleidoscope_cookery:stuffed_dough_food>",""
"kaleidoscope_cookery","kaleidoscope_cookery:pot/stuffed_dough_food_to_meat_pie_8","馅饼","kaleidoscope_cookery:pot","自定义工序（kaleidoscope_cookery:pot）","馅饼","kaleidoscope_cookery:meat_pie","8","是","8","16","温暖 1600tick 1级 概率1","","","原料：裹馅面食 <kaleidoscope_cookery:stuffed_dough_food>；原料：裹馅面食 <kaleidoscope_cookery:stuffed_dough_food>；原料：裹馅面食 <kaleidoscope_cookery:stuffed_dough_food>；原料：裹馅面食 <kaleidoscope_cookery:stuffed_dough_food>；原料：裹馅面食 <kaleidoscope_cookery:stuffed_dough_food>；原料：裹馅面食 <kaleidoscope_cookery:stuffed_dough_food>；原料：裹馅面食 <kaleidoscope_cookery:stuffed_dough_food>；原料：裹馅面食 <kaleidoscope_cookery:stuffed_dough_food>",""
"kaleidoscope_cookery","kaleidoscope_cookery:pot/stuffed_dough_food_to_meat_pie_9","馅饼","kaleidoscope_cookery:pot","自定义工序（kaleidoscope_cookery:pot）","馅饼","kaleidoscope_cookery:meat_pie","9","是","8","16","温暖 1600tick 1级 概率1","","","原料：裹馅面食 <kaleidoscope_cookery:stuffed_dough_food>；原料：裹馅面食 <kaleidoscope_cookery:stuffed_dough_food>；原料：裹馅面食 <kaleidoscope_cookery:stuffed_dough_food>；原料：裹馅面食 <kaleidoscope_cookery:stuffed_dough_food>；原料：裹馅面食 <kaleidoscope_cookery:stuffed_dough_food>；原料：裹馅面食 <kaleidoscope_cookery:stuffed_dough_food>；原料：裹馅面食 <kaleidoscope_cookery:stuffed_dough_food>；原料：裹馅面食 <kaleidoscope_cookery:stuffed_dough_food>；原料：裹馅面食 <kaleidoscope_cookery:stuffed_dough_food>",""
"spawn","spawn:cut_blasted_sandstone","切制荒砂岩","minecraft:crafting_shaped","工作台（有序合成）","切制荒砂岩","spawn:cut_blasted_sandstone","4","否","","","","","","[空原料或模组自定义参数]；[空原料或模组自定义参数]；[空原料或模组自定义参数]；[空原料或模组自定义参数]",""
"farmersdelight","farmersdelight:steak_and_potatoes","牛排配马铃薯","minecraft:crafting_shapeless","工作台（无序合成）","牛排配马铃薯","farmersdelight:steak_and_potatoes","1","是","12","19.2","滋养 3600tick 1级 概率1","","","原料：烤马铃薯 <minecraft:baked_potato>；原料：牛排 <minecraft:cooked_beef>；原料：碗 <minecraft:bowl>；原料：#c:crops/onion；原料：米饭 <farmersdelight:cooked_rice>",""
"spawn","spawn:rotten_fence","腐木栅栏","minecraft:crafting_shaped","工作台（有序合成）","腐木栅栏","spawn:rotten_fence","3","否","","","","","","[空原料或模组自定义参数]；[空原料或模组自定义参数]；[空原料或模组自定义参数]；[空原料或模组自定义参数]；[空原料或模组自定义参数]；[空原料或模组自定义参数]",""
"farmersdelight","farmersdelight:cooking/squid_ink_pasta","鱿鱼墨面","farmersdelight:cooking","烹饪锅","鱿鱼墨面","farmersdelight:squid_ink_pasta","1","是","14","21","滋养 6000tick 1级 概率1","","","原料：#c:foods/safe_raw_fish；原料：#c:foods/pasta；原料：#c:crops/tomato；原料：墨囊 <minecraft:ink_sac>",""
"farmersdelight","farmersdelight:cutting/oak_wood","去皮橡木","farmersdelight:cutting","切菜板","去皮橡木","minecraft:stripped_oak_wood","1","否","","","","","","原料：橡木 <minecraft:oak_wood>；工具：{""type"":""farmersdelight:item_ability"",""action"":""axe_strip""}；工具：#minecraft:axes",""
"farmersdelight","farmersdelight:cutting/spruce_log","去皮云杉原木","farmersdelight:cutting","切菜板","去皮云杉原木","minecraft:stripped_spruce_log","1","否","","","","","","原料：云杉原木 <minecraft:spruce_log>；工具：{""type"":""farmersdelight:item_ability"",""action"":""axe_strip""}；工具：#minecraft:axes",""
"kaleidoscope_cookery","kaleidoscope_cookery:millstone/yellow_dye_from_dandelion","黄色染料","kaleidoscope_cookery:millstone","自定义工序（kaleidoscope_cookery:millstone）","黄色染料","minecraft:yellow_dye","2","否","","","","","","原料：蒲公英 <minecraft:dandelion>",""
"spawn","spawn:blasted_sandstone_stairs","荒砂岩楼梯","minecraft:crafting_shaped","工作台（有序合成）","荒砂岩楼梯","spawn:blasted_sandstone_stairs","4","否","","","","","","[空原料或模组自定义参数]；[空原料或模组自定义参数]；[空原料或模组自定义参数]；[空原料或模组自定义参数]；[空原料或模组自定义参数]；[空原料或模组自定义参数]；[空原料或模组自定义参数]；[空原料或模组自定义参数]；[空原料或模组自定义参数]",""
"kaleidoscope_cookery","kaleidoscope_cookery:stockpot","汤锅","minecraft:crafting_shaped","工作台（有序合成）","汤锅","kaleidoscope_cookery:stockpot","1","否","","","","","","[空原料或模组自定义参数]；[空原料或模组自定义参数]；[空原料或模组自定义参数]；[空原料或模组自定义参数]；[空原料或模组自定义参数]；[空原料或模组自定义参数]；[空原料或模组自定义参数]；[空原料或模组自定义参数]；[空原料或模组自定义参数]",""
"kaleidoscope_cookery","kaleidoscope_cookery:pot/braised_pork_ribs","红烧排骨","kaleidoscope_cookery:pot","自定义工序（kaleidoscope_cookery:pot）","红烧排骨","kaleidoscope_cookery:braised_pork_ribs","1","是","16","25.6","温暖 1600tick 1级 概率1","","","原料：骨头 <minecraft:bone>；原料：骨头 <minecraft:bone>；原料：骨头 <minecraft:bone>；原料：骨头 <minecraft:bone>；原料：#c:foods/raw_pork；原料：#c:foods/raw_pork；原料：#c:foods/raw_pork；原料：#c:foods/raw_pork；容器/载体：碗 <minecraft:bowl>",""
"kaleidoscope_cookery","kaleidoscope_cookery:stockpot/pork_bone_soup","大骨汤","kaleidoscope_cookery:stockpot","万花筒汤锅","大骨汤","kaleidoscope_cookery:pork_bone_soup","1","是","6","8.004","活力 6000tick 1级 概率1","","","原料：骨头 <minecraft:bone>；原料：骨头 <minecraft:bone>；原料：骨头 <minecraft:bone>；原料：骨头 <minecraft:bone>；原料：骨头 <minecraft:bone>；原料：骨头 <minecraft:bone>；原料：骨头 <minecraft:bone>",""
"spawn","spawn:shell_fragments_from_casting_net","","spawn:casting_net_clam","自定义工序（spawn:casting_net_clam）","","","","否","","","","","","","此配方没有固定产物，或产物需由容器/上下文决定。"
"ordertocook","ordertocook:chef_coin_100_from_20","100 oTc币","minecraft:crafting_shapeless","工作台（无序合成）","100 oTc币","ordertocook:chef_coin_100","1","否","","","","","","原料：20 oTc币 <ordertocook:chef_coin_20>；原料：20 oTc币 <ordertocook:chef_coin_20>；原料：20 oTc币 <ordertocook:chef_coin_20>；原料：20 oTc币 <ordertocook:chef_coin_20>；原料：20 oTc币 <ordertocook:chef_coin_20>",""
"farmersdelight","farmersdelight:sweet_berry_cheesecake_from_slices","甜浆果芝士派","minecraft:crafting_shaped","工作台（有序合成）","甜浆果芝士派","farmersdelight:sweet_berry_cheesecake","1","否","","","","","","[空原料或模组自定义参数]；[空原料或模组自定义参数]；[空原料或模组自定义参数]；[空原料或模组自定义参数]",""
"kaleidoscope_cookery","kaleidoscope_cookery:chopping_board/cooked_cut_small_meats_from_chicken","熟切制小肉","kaleidoscope_cookery:chopping_board","自定义工序（kaleidoscope_cookery:chopping_board）","熟切制小肉","kaleidoscope_cookery:cooked_cut_small_meats","2","是","4","6.4","","","","原料：熟鸡肉 <minecraft:cooked_chicken>",""
"kaleidoscope_cookery","kaleidoscope_cookery:flex_pot/stargazy_pie","仰望星空派","kaleidoscope_cookery:flex_pot","自定义工序（kaleidoscope_cookery:flex_pot）","仰望星空派","kaleidoscope_cookery:stargazy_pie","1","是","13","15.99","胀气 600tick 1级 概率1；霉运 3600tick 1级 概率1","","","原料：#c:raw_fishes；原料：南瓜派 <minecraft:pumpkin_pie>；容器/载体：碗 <minecraft:bowl>",""
"farmersdelight","farmersdelight:cutting/azure_bluet","淡灰色染料","farmersdelight:cutting","切菜板","淡灰色染料","minecraft:light_gray_dye","2","否","","","","","","原料：蓝花美耳草 <minecraft:azure_bluet>；工具：{""type"":""farmersdelight:item_ability"",""action"":""knife_dig""}；工具：#c:tools/knife",""
"kaleidoscope_cookery","kaleidoscope_cookery:pot/raw_pork_belly_to_cooked_pork_belly_4","熟五花肉","kaleidoscope_cookery:pot","自定义工序（kaleidoscope_cookery:pot）","熟五花肉","kaleidoscope_cookery:cooked_pork_belly","4","是","4","6.4","","","","原料：生五花肉 <kaleidoscope_cookery:raw_pork_belly>；原料：生五花肉 <kaleidoscope_cookery:raw_pork_belly>；原料：生五花肉 <kaleidoscope_cookery:raw_pork_belly>；原料：生五花肉 <kaleidoscope_cookery:raw_pork_belly>",""
"kaleidoscope_cookery","kaleidoscope_cookery:pot/raw_pork_belly_to_cooked_pork_belly_3","熟五花肉","kaleidoscope_cookery:pot","自定义工序（kaleidoscope_cookery:pot）","熟五花肉","kaleidoscope_cookery:cooked_pork_belly","3","是","4","6.4","","","","原料：生五花肉 <kaleidoscope_cookery:raw_pork_belly>；原料：生五花肉 <kaleidoscope_cookery:raw_pork_belly>；原料：生五花肉 <kaleidoscope_cookery:raw_pork_belly>",""
"spawn","spawn:rotten_sign","腐木告示牌","minecraft:crafting_shaped","工作台（有序合成）","腐木告示牌","spawn:rotten_sign","3","否","","","","","","[空原料或模组自定义参数]；[空原料或模组自定义参数]；[空原料或模组自定义参数]；[空原料或模组自定义参数]；[空原料或模组自定义参数]；[空原料或模组自定义参数]；[空原料或模组自定义参数]；[空原料或模组自定义参数]；[空原料或模组自定义参数]",""
"kaleidoscope_cookery","kaleidoscope_cookery:pot/raw_pork_belly_to_cooked_pork_belly_2","熟五花肉","kaleidoscope_cookery:pot","自定义工序（kaleidoscope_cookery:pot）","熟五花肉","kaleidoscope_cookery:cooked_pork_belly","2","是","4","6.4","","","","原料：生五花肉 <kaleidoscope_cookery:raw_pork_belly>；原料：生五花肉 <kaleidoscope_cookery:raw_pork_belly>",""
"kaleidoscope_cookery","kaleidoscope_cookery:pot/raw_pork_belly_to_cooked_pork_belly_1","熟五花肉","kaleidoscope_cookery:pot","自定义工序（kaleidoscope_cookery:pot）","熟五花肉","kaleidoscope_cookery:cooked_pork_belly","1","是","4","6.4","","","","原料：生五花肉 <kaleidoscope_cookery:raw_pork_belly>",""
"kaleidoscope_cookery","kaleidoscope_cookery:pot/raw_pork_belly_to_cooked_pork_belly_8","熟五花肉","kaleidoscope_cookery:pot","自定义工序（kaleidoscope_cookery:pot）","熟五花肉","kaleidoscope_cookery:cooked_pork_belly","8","是","4","6.4","","","","原料：生五花肉 <kaleidoscope_cookery:raw_pork_belly>；原料：生五花肉 <kaleidoscope_cookery:raw_pork_belly>；原料：生五花肉 <kaleidoscope_cookery:raw_pork_belly>；原料：生五花肉 <kaleidoscope_cookery:raw_pork_belly>；原料：生五花肉 <kaleidoscope_cookery:raw_pork_belly>；原料：生五花肉 <kaleidoscope_cookery:raw_pork_belly>；原料：生五花肉 <kaleidoscope_cookery:raw_pork_belly>；原料：生五花肉 <kaleidoscope_cookery:raw_pork_belly>",""
"kaleidoscope_cookery","kaleidoscope_cookery:pot/raw_pork_belly_to_cooked_pork_belly_7","熟五花肉","kaleidoscope_cookery:pot","自定义工序（kaleidoscope_cookery:pot）","熟五花肉","kaleidoscope_cookery:cooked_pork_belly","7","是","4","6.4","","","","原料：生五花肉 <kaleidoscope_cookery:raw_pork_belly>；原料：生五花肉 <kaleidoscope_cookery:raw_pork_belly>；原料：生五花肉 <kaleidoscope_cookery:raw_pork_belly>；原料：生五花肉 <kaleidoscope_cookery:raw_pork_belly>；原料：生五花肉 <kaleidoscope_cookery:raw_pork_belly>；原料：生五花肉 <kaleidoscope_cookery:raw_pork_belly>；原料：生五花肉 <kaleidoscope_cookery:raw_pork_belly>",""
"farmersdelight","farmersdelight:integration/create/milling/wild_carrots","淡灰色染料","create:milling","自定义工序（create:milling）","淡灰色染料","minecraft:light_gray_dye","2","否","","","","","","原料：野生胡萝卜 <farmersdelight:wild_carrots>",""
"kaleidoscope_cookery","kaleidoscope_cookery:pot/raw_pork_belly_to_cooked_pork_belly_6","熟五花肉","kaleidoscope_cookery:pot","自定义工序（kaleidoscope_cookery:pot）","熟五花肉","kaleidoscope_cookery:cooked_pork_belly","6","是","4","6.4","","","","原料：生五花肉 <kaleidoscope_cookery:raw_pork_belly>；原料：生五花肉 <kaleidoscope_cookery:raw_pork_belly>；原料：生五花肉 <kaleidoscope_cookery:raw_pork_belly>；原料：生五花肉 <kaleidoscope_cookery:raw_pork_belly>；原料：生五花肉 <kaleidoscope_cookery:raw_pork_belly>；原料：生五花肉 <kaleidoscope_cookery:raw_pork_belly>",""
"kaleidoscope_cookery","kaleidoscope_cookery:pot/raw_pork_belly_to_cooked_pork_belly_5","熟五花肉","kaleidoscope_cookery:pot","自定义工序（kaleidoscope_cookery:pot）","熟五花肉","kaleidoscope_cookery:cooked_pork_belly","5","是","4","6.4","","","","原料：生五花肉 <kaleidoscope_cookery:raw_pork_belly>；原料：生五花肉 <kaleidoscope_cookery:raw_pork_belly>；原料：生五花肉 <kaleidoscope_cookery:raw_pork_belly>；原料：生五花肉 <kaleidoscope_cookery:raw_pork_belly>；原料：生五花肉 <kaleidoscope_cookery:raw_pork_belly>",""
"kaleidoscope_cookery","kaleidoscope_cookery:pot/raw_pork_belly_to_cooked_pork_belly_9","熟五花肉","kaleidoscope_cookery:pot","自定义工序（kaleidoscope_cookery:pot）","熟五花肉","kaleidoscope_cookery:cooked_pork_belly","9","是","4","6.4","","","","原料：生五花肉 <kaleidoscope_cookery:raw_pork_belly>；原料：生五花肉 <kaleidoscope_cookery:raw_pork_belly>；原料：生五花肉 <kaleidoscope_cookery:raw_pork_belly>；原料：生五花肉 <kaleidoscope_cookery:raw_pork_belly>；原料：生五花肉 <kaleidoscope_cookery:raw_pork_belly>；原料：生五花肉 <kaleidoscope_cookery:raw_pork_belly>；原料：生五花肉 <kaleidoscope_cookery:raw_pork_belly>；原料：生五花肉 <kaleidoscope_cookery:raw_pork_belly>；原料：生五花肉 <kaleidoscope_cookery:raw_pork_belly>",""
"spawn","spawn:cooked_bluefish_slice_from_campfire_cooking","熟扁鲹片","minecraft:campfire_cooking","营火","熟扁鲹片","spawn:cooked_bluefish_slice","1","是","3","3","","0.35","600","原料：扁鲹片 <spawn:bluefish_slice>",""
"farmersdelight","farmersdelight:mixed_salad","混合沙拉","minecraft:crafting_shapeless","工作台（无序合成）","混合沙拉","farmersdelight:mixed_salad","1","是","6","7.2000003","生命恢复 100tick 1级 概率1","","","原料：#c:foods/leafy_green；原料：#c:crops/tomato；原料：#c:crops/beetroot；原料：碗 <minecraft:bowl>",""
"kaleidoscope_cookery","kaleidoscope_cookery:table_warped","诡异木餐桌","minecraft:crafting_shaped","工作台（有序合成）","诡异木餐桌","kaleidoscope_cookery:table_warped","1","否","","","","","","[空原料或模组自定义参数]；[空原料或模组自定义参数]；[空原料或模组自定义参数]；[空原料或模组自定义参数]；[空原料或模组自定义参数]；[空原料或模组自定义参数]",""
"farmersdelight","farmersdelight:cutting/chicken","生鸡肉丁","farmersdelight:cutting","切菜板","生鸡肉丁","farmersdelight:chicken_cuts","2","是","1","0.6","饥饿 600tick 1级 概率0.30000001192092896","","","原料：生鸡肉 <minecraft:chicken>；工具：{""type"":""farmersdelight:item_ability"",""action"":""knife_dig""}；工具：#c:tools/knife",""
"farmersdelight","farmersdelight:cutting/cooked_cod","熟鳕鱼片","farmersdelight:cutting","切菜板","熟鳕鱼片","farmersdelight:cooked_cod_slice","2","是","3","3","","","","原料：熟鳕鱼 <minecraft:cooked_cod>；工具：{""type"":""farmersdelight:item_ability"",""action"":""knife_dig""}；工具：#c:tools/knife",""
"farmersdelight","farmersdelight:salvaging/spruce_chest_boat","云杉木船","farmersdelight:cutting","切菜板","云杉木船","minecraft:spruce_boat","1","否","","","","","","原料：云杉木运输船 <minecraft:spruce_chest_boat>；工具：{""type"":""farmersdelight:item_ability"",""action"":""hoe_dig""}；工具：#minecraft:hoes",""
"farmersdelight","farmersdelight:pot/add/bacon_and_eggs","培根蛋","kaleidoscope_cookery:pot","自定义工序（kaleidoscope_cookery:pot）","培根蛋","farmersdelight:bacon_and_eggs","1","是","10","12","滋养 1200tick 1级 概率1","","","原料：#c:eggs；原料：#c:eggs；原料：#c:foods/raw_bacon；原料：#c:foods/raw_bacon；容器/载体：碗 <minecraft:bowl>",""
"kaleidoscope_cookery","kaleidoscope_cookery:pot/crystal_lamb_chop","水晶羊排","kaleidoscope_cookery:pot","自定义工序（kaleidoscope_cookery:pot）","水晶羊排","kaleidoscope_cookery:crystal_lamb_chop","1","是","13","15.99","急迫 6000tick 2级 概率1","","","原料：紫水晶碎片 <minecraft:amethyst_shard>；原料：紫水晶碎片 <minecraft:amethyst_shard>；原料：紫水晶碎片 <minecraft:amethyst_shard>；原料：#c:foods/raw_mutton；原料：#c:foods/raw_mutton；原料：#c:foods/raw_mutton；容器/载体：碗 <minecraft:bowl>",""
"spawn","spawn:smooth_blasted_sandstone_stairs_from_smooth_blasted_sandstone_stonecutting","平滑荒砂岩楼梯","minecraft:stonecutting","自定义工序（minecraft:stonecutting）","平滑荒砂岩楼梯","spawn:smooth_blasted_sandstone_stairs","1","否","","","","","","原料：平滑荒砂岩 <spawn:smooth_blasted_sandstone>",""
"farmersdelight","farmersdelight:cutting/wild_onions","洋葱","farmersdelight:cutting","切菜板","洋葱","farmersdelight:onion","1","是","2","1.6","","","","原料：野生洋葱 <farmersdelight:wild_onions>；工具：{""type"":""farmersdelight:item_ability"",""action"":""knife_dig""}；工具：#c:tools/knife",""
"kaleidoscope_cookery","kaleidoscope_cookery:millstone/red_dye_from_poppy","红色染料","kaleidoscope_cookery:millstone","自定义工序（kaleidoscope_cookery:millstone）","红色染料","minecraft:red_dye","2","否","","","","","","原料：虞美人 <minecraft:poppy>",""
"kaleidoscope_cookery","kaleidoscope_cookery:pot/potato_to_baked_potato_1","烤马铃薯","kaleidoscope_cookery:pot","自定义工序（kaleidoscope_cookery:pot）","烤马铃薯","minecraft:baked_potato","1","是","5","6","","","","原料：马铃薯 <minecraft:potato>",""
"kaleidoscope_cookery","kaleidoscope_cookery:pot/salmon_to_cooked_salmon_1","熟鲑鱼","kaleidoscope_cookery:pot","自定义工序（kaleidoscope_cookery:pot）","熟鲑鱼","minecraft:cooked_salmon","1","是","6","9.6","","","","原料：生鲑鱼 <minecraft:salmon>",""
"kaleidoscope_cookery","kaleidoscope_cookery:pot/salmon_to_cooked_salmon_2","熟鲑鱼","kaleidoscope_cookery:pot","自定义工序（kaleidoscope_cookery:pot）","熟鲑鱼","minecraft:cooked_salmon","2","是","6","9.6","","","","原料：生鲑鱼 <minecraft:salmon>；原料：生鲑鱼 <minecraft:salmon>",""
"kaleidoscope_cookery","kaleidoscope_cookery:pot/salmon_to_cooked_salmon_3","熟鲑鱼","kaleidoscope_cookery:pot","自定义工序（kaleidoscope_cookery:pot）","熟鲑鱼","minecraft:cooked_salmon","3","是","6","9.6","","","","原料：生鲑鱼 <minecraft:salmon>；原料：生鲑鱼 <minecraft:salmon>；原料：生鲑鱼 <minecraft:salmon>",""
"kaleidoscope_cookery","kaleidoscope_cookery:pot/salmon_to_cooked_salmon_4","熟鲑鱼","kaleidoscope_cookery:pot","自定义工序（kaleidoscope_cookery:pot）","熟鲑鱼","minecraft:cooked_salmon","4","是","6","9.6","","","","原料：生鲑鱼 <minecraft:salmon>；原料：生鲑鱼 <minecraft:salmon>；原料：生鲑鱼 <minecraft:salmon>；原料：生鲑鱼 <minecraft:salmon>",""
"kaleidoscope_cookery","kaleidoscope_cookery:pot/salmon_to_cooked_salmon_5","熟鲑鱼","kaleidoscope_cookery:pot","自定义工序（kaleidoscope_cookery:pot）","熟鲑鱼","minecraft:cooked_salmon","5","是","6","9.6","","","","原料：生鲑鱼 <minecraft:salmon>；原料：生鲑鱼 <minecraft:salmon>；原料：生鲑鱼 <minecraft:salmon>；原料：生鲑鱼 <minecraft:salmon>；原料：生鲑鱼 <minecraft:salmon>",""
"kaleidoscope_cookery","kaleidoscope_cookery:pot/salmon_to_cooked_salmon_6","熟鲑鱼","kaleidoscope_cookery:pot","自定义工序（kaleidoscope_cookery:pot）","熟鲑鱼","minecraft:cooked_salmon","6","是","6","9.6","","","","原料：生鲑鱼 <minecraft:salmon>；原料：生鲑鱼 <minecraft:salmon>；原料：生鲑鱼 <minecraft:salmon>；原料：生鲑鱼 <minecraft:salmon>；原料：生鲑鱼 <minecraft:salmon>；原料：生鲑鱼 <minecraft:salmon>",""
"kaleidoscope_cookery","kaleidoscope_cookery:pot/salmon_to_cooked_salmon_7","熟鲑鱼","kaleidoscope_cookery:pot","自定义工序（kaleidoscope_cookery:pot）","熟鲑鱼","minecraft:cooked_salmon","7","是","6","9.6","","","","原料：生鲑鱼 <minecraft:salmon>；原料：生鲑鱼 <minecraft:salmon>；原料：生鲑鱼 <minecraft:salmon>；原料：生鲑鱼 <minecraft:salmon>；原料：生鲑鱼 <minecraft:salmon>；原料：生鲑鱼 <minecraft:salmon>；原料：生鲑鱼 <minecraft:salmon>",""
"kaleidoscope_cookery","kaleidoscope_cookery:pot/salmon_to_cooked_salmon_8","熟鲑鱼","kaleidoscope_cookery:pot","自定义工序（kaleidoscope_cookery:pot）","熟鲑鱼","minecraft:cooked_salmon","8","是","6","9.6","","","","原料：生鲑鱼 <minecraft:salmon>；原料：生鲑鱼 <minecraft:salmon>；原料：生鲑鱼 <minecraft:salmon>；原料：生鲑鱼 <minecraft:salmon>；原料：生鲑鱼 <minecraft:salmon>；原料：生鲑鱼 <minecraft:salmon>；原料：生鲑鱼 <minecraft:salmon>；原料：生鲑鱼 <minecraft:salmon>",""
"kaleidoscope_cookery","kaleidoscope_cookery:pot/salmon_to_cooked_salmon_9","熟鲑鱼","kaleidoscope_cookery:pot","自定义工序（kaleidoscope_cookery:pot）","熟鲑鱼","minecraft:cooked_salmon","9","是","6","9.6","","","","原料：生鲑鱼 <minecraft:salmon>；原料：生鲑鱼 <minecraft:salmon>；原料：生鲑鱼 <minecraft:salmon>；原料：生鲑鱼 <minecraft:salmon>；原料：生鲑鱼 <minecraft:salmon>；原料：生鲑鱼 <minecraft:salmon>；原料：生鲑鱼 <minecraft:salmon>；原料：生鲑鱼 <minecraft:salmon>；原料：生鲑鱼 <minecraft:salmon>",""
"ordertocook","ordertocook:otc_upgrade_box","oTc升级箱","minecraft:crafting_shaped","工作台（有序合成）","oTc升级箱","ordertocook:otc_upgrade_box","1","否","","","","","","[空原料或模组自定义参数]；[空原料或模组自定义参数]；[空原料或模组自定义参数]；[空原料或模组自定义参数]；[空原料或模组自定义参数]；[空原料或模组自定义参数]；[空原料或模组自定义参数]；[空原料或模组自定义参数]；[空原料或模组自定义参数]",""
"spawn","spawn:cooked_clam","熟蚌肉","minecraft:smelting","熔炉","熟蚌肉","spawn:cooked_clam","1","是","3","3","","0.35","200","原料：蚌 <spawn:clam>",""
"spawn","spawn:cooked_dodo","熟渡渡鸟肉","minecraft:smelting","熔炉","熟渡渡鸟肉","spawn:cooked_dodo","1","是","20","56","力量 1200tick 2级 概率1","0.35","200","原料：生渡渡鸟肉 <spawn:dodo>",""
"kaleidoscope_cookery","kaleidoscope_cookery:scramble_egg_with_tomatoes_rice_bowl","番茄炒蛋盖饭","kaleidoscope_cookery:rice_bowl","自定义工序（kaleidoscope_cookery:rice_bowl）","番茄炒蛋盖饭","kaleidoscope_cookery:scramble_egg_with_tomatoes_rice_bowl","1","是","14","18.004","饱腹代偿 3600tick 1级 概率1","","","原料：番茄炒蛋 <kaleidoscope_cookery:scramble_egg_with_tomatoes>",""
"farmersdelight","farmersdelight:cooked_cod_slice_from_campfire_cooking","熟鳕鱼片","minecraft:campfire_cooking","营火","熟鳕鱼片","farmersdelight:cooked_cod_slice","1","是","3","3","","0.35","600","原料：生鳕鱼片 <farmersdelight:cod_slice>",""
"spawn","spawn:cooked_dodo_from_campfire_cooking","熟渡渡鸟肉","minecraft:campfire_cooking","营火","熟渡渡鸟肉","spawn:cooked_dodo","1","是","20","56","力量 1200tick 2级 概率1","0.35","600","原料：生渡渡鸟肉 <spawn:dodo>",""
"spawn","spawn:date_chest_raft","运输椰枣木筏","minecraft:crafting_shapeless","工作台（无序合成）","运输椰枣木筏","spawn:date_chest_raft","1","否","","","","","","原料：箱子 <minecraft:chest>；原料：椰枣木筏 <spawn:date_raft>",""
"kaleidoscope_cookery","kaleidoscope_cookery:flex_stockpot/braised_beef_with_potatoes","土豆炖牛肉","kaleidoscope_cookery:flex_stockpot","自定义工序（kaleidoscope_cookery:flex_stockpot）","土豆炖牛肉","kaleidoscope_cookery:braised_beef_with_potatoes","1","是","6","8.004","温暖 9600tick 1级 概率1","","","原料：#c:foods/raw_beef；原料：马铃薯 <minecraft:potato>",""
"farmersdelight","farmersdelight:integration/create/filling/chocolate_pie","巧克力派","create:filling","灌装","巧克力派","farmersdelight:chocolate_pie","1","否","","","","","","原料：馅饼酥皮 <farmersdelight:pie_crust>；原料：#c:chocolate",""
"farmersdelight","farmersdelight:warped_cabinet","诡异木橱柜","minecraft:crafting_shaped","工作台（有序合成）","诡异木橱柜","farmersdelight:warped_cabinet","1","否","","","","","","[空原料或模组自定义参数]；[空原料或模组自定义参数]；[空原料或模组自定义参数]；[空原料或模组自定义参数]；[空原料或模组自定义参数]；[空原料或模组自定义参数]；[空原料或模组自定义参数]；[空原料或模组自定义参数]；[空原料或模组自定义参数]",""
"kaleidoscope_cookery","kaleidoscope_cookery:table_dark_oak","深色橡木餐桌","minecraft:crafting_shaped","工作台（有序合成）","深色橡木餐桌","kaleidoscope_cookery:table_dark_oak","1","否","","","","","","[空原料或模组自定义参数]；[空原料或模组自定义参数]；[空原料或模组自定义参数]；[空原料或模组自定义参数]；[空原料或模组自定义参数]；[空原料或模组自定义参数]",""
"kaleidoscope_cookery","kaleidoscope_cookery:pot/chicken_to_cooked_chicken_3","熟鸡肉","kaleidoscope_cookery:pot","自定义工序（kaleidoscope_cookery:pot）","熟鸡肉","minecraft:cooked_chicken","3","是","6","7.2000003","","","","原料：生鸡肉 <minecraft:chicken>；原料：生鸡肉 <minecraft:chicken>；原料：生鸡肉 <minecraft:chicken>",""
"kaleidoscope_cookery","kaleidoscope_cookery:pot/chicken_to_cooked_chicken_2","熟鸡肉","kaleidoscope_cookery:pot","自定义工序（kaleidoscope_cookery:pot）","熟鸡肉","minecraft:cooked_chicken","2","是","6","7.2000003","","","","原料：生鸡肉 <minecraft:chicken>；原料：生鸡肉 <minecraft:chicken>",""
"kaleidoscope_cookery","kaleidoscope_cookery:pot/chicken_to_cooked_chicken_5","熟鸡肉","kaleidoscope_cookery:pot","自定义工序（kaleidoscope_cookery:pot）","熟鸡肉","minecraft:cooked_chicken","5","是","6","7.2000003","","","","原料：生鸡肉 <minecraft:chicken>；原料：生鸡肉 <minecraft:chicken>；原料：生鸡肉 <minecraft:chicken>；原料：生鸡肉 <minecraft:chicken>；原料：生鸡肉 <minecraft:chicken>",""
"kaleidoscope_cookery","kaleidoscope_cookery:pot/chicken_to_cooked_chicken_4","熟鸡肉","kaleidoscope_cookery:pot","自定义工序（kaleidoscope_cookery:pot）","熟鸡肉","minecraft:cooked_chicken","4","是","6","7.2000003","","","","原料：生鸡肉 <minecraft:chicken>；原料：生鸡肉 <minecraft:chicken>；原料：生鸡肉 <minecraft:chicken>；原料：生鸡肉 <minecraft:chicken>",""
"kaleidoscope_cookery","kaleidoscope_cookery:pot/chicken_to_cooked_chicken_1","熟鸡肉","kaleidoscope_cookery:pot","自定义工序（kaleidoscope_cookery:pot）","熟鸡肉","minecraft:cooked_chicken","1","是","6","7.2000003","","","","原料：生鸡肉 <minecraft:chicken>",""
"kaleidoscope_cookery","kaleidoscope_cookery:pot/raw_lamb_chops_to_cooked_lamb_chops_9","熟羊排","kaleidoscope_cookery:pot","自定义工序（kaleidoscope_cookery:pot）","熟羊排","kaleidoscope_cookery:cooked_lamb_chops","9","是","3","4.8","","","","原料：生羊排 <kaleidoscope_cookery:raw_lamb_chops>；原料：生羊排 <kaleidoscope_cookery:raw_lamb_chops>；原料：生羊排 <kaleidoscope_cookery:raw_lamb_chops>；原料：生羊排 <kaleidoscope_cookery:raw_lamb_chops>；原料：生羊排 <kaleidoscope_cookery:raw_lamb_chops>；原料：生羊排 <kaleidoscope_cookery:raw_lamb_chops>；原料：生羊排 <kaleidoscope_cookery:raw_lamb_chops>；原料：生羊排 <kaleidoscope_cookery:raw_lamb_chops>；原料：生羊排 <kaleidoscope_cookery:raw_lamb_chops>",""
"kaleidoscope_cookery","kaleidoscope_cookery:pot/raw_lamb_chops_to_cooked_lamb_chops_5","熟羊排","kaleidoscope_cookery:pot","自定义工序（kaleidoscope_cookery:pot）","熟羊排","kaleidoscope_cookery:cooked_lamb_chops","5","是","3","4.8","","","","原料：生羊排 <kaleidoscope_cookery:raw_lamb_chops>；原料：生羊排 <kaleidoscope_cookery:raw_lamb_chops>；原料：生羊排 <kaleidoscope_cookery:raw_lamb_chops>；原料：生羊排 <kaleidoscope_cookery:raw_lamb_chops>；原料：生羊排 <kaleidoscope_cookery:raw_lamb_chops>",""
"kaleidoscope_cookery","kaleidoscope_cookery:pot/raw_lamb_chops_to_cooked_lamb_chops_6","熟羊排","kaleidoscope_cookery:pot","自定义工序（kaleidoscope_cookery:pot）","熟羊排","kaleidoscope_cookery:cooked_lamb_chops","6","是","3","4.8","","","","原料：生羊排 <kaleidoscope_cookery:raw_lamb_chops>；原料：生羊排 <kaleidoscope_cookery:raw_lamb_chops>；原料：生羊排 <kaleidoscope_cookery:raw_lamb_chops>；原料：生羊排 <kaleidoscope_cookery:raw_lamb_chops>；原料：生羊排 <kaleidoscope_cookery:raw_lamb_chops>；原料：生羊排 <kaleidoscope_cookery:raw_lamb_chops>",""
"kaleidoscope_cookery","kaleidoscope_cookery:pot/raw_lamb_chops_to_cooked_lamb_chops_7","熟羊排","kaleidoscope_cookery:pot","自定义工序（kaleidoscope_cookery:pot）","熟羊排","kaleidoscope_cookery:cooked_lamb_chops","7","是","3","4.8","","","","原料：生羊排 <kaleidoscope_cookery:raw_lamb_chops>；原料：生羊排 <kaleidoscope_cookery:raw_lamb_chops>；原料：生羊排 <kaleidoscope_cookery:raw_lamb_chops>；原料：生羊排 <kaleidoscope_cookery:raw_lamb_chops>；原料：生羊排 <kaleidoscope_cookery:raw_lamb_chops>；原料：生羊排 <kaleidoscope_cookery:raw_lamb_chops>；原料：生羊排 <kaleidoscope_cookery:raw_lamb_chops>",""
"kaleidoscope_cookery","kaleidoscope_cookery:pot/raw_lamb_chops_to_cooked_lamb_chops_8","熟羊排","kaleidoscope_cookery:pot","自定义工序（kaleidoscope_cookery:pot）","熟羊排","kaleidoscope_cookery:cooked_lamb_chops","8","是","3","4.8","","","","原料：生羊排 <kaleidoscope_cookery:raw_lamb_chops>；原料：生羊排 <kaleidoscope_cookery:raw_lamb_chops>；原料：生羊排 <kaleidoscope_cookery:raw_lamb_chops>；原料：生羊排 <kaleidoscope_cookery:raw_lamb_chops>；原料：生羊排 <kaleidoscope_cookery:raw_lamb_chops>；原料：生羊排 <kaleidoscope_cookery:raw_lamb_chops>；原料：生羊排 <kaleidoscope_cookery:raw_lamb_chops>；原料：生羊排 <kaleidoscope_cookery:raw_lamb_chops>",""
"kaleidoscope_cookery","kaleidoscope_cookery:pot/raw_lamb_chops_to_cooked_lamb_chops_1","熟羊排","kaleidoscope_cookery:pot","自定义工序（kaleidoscope_cookery:pot）","熟羊排","kaleidoscope_cookery:cooked_lamb_chops","1","是","3","4.8","","","","原料：生羊排 <kaleidoscope_cookery:raw_lamb_chops>",""
"kaleidoscope_cookery","kaleidoscope_cookery:pot/raw_lamb_chops_to_cooked_lamb_chops_2","熟羊排","kaleidoscope_cookery:pot","自定义工序（kaleidoscope_cookery:pot）","熟羊排","kaleidoscope_cookery:cooked_lamb_chops","2","是","3","4.8","","","","原料：生羊排 <kaleidoscope_cookery:raw_lamb_chops>；原料：生羊排 <kaleidoscope_cookery:raw_lamb_chops>",""
"kaleidoscope_cookery","kaleidoscope_cookery:pot/raw_lamb_chops_to_cooked_lamb_chops_3","熟羊排","kaleidoscope_cookery:pot","自定义工序（kaleidoscope_cookery:pot）","熟羊排","kaleidoscope_cookery:cooked_lamb_chops","3","是","3","4.8","","","","原料：生羊排 <kaleidoscope_cookery:raw_lamb_chops>；原料：生羊排 <kaleidoscope_cookery:raw_lamb_chops>；原料：生羊排 <kaleidoscope_cookery:raw_lamb_chops>",""
"kaleidoscope_cookery","kaleidoscope_cookery:pot/raw_lamb_chops_to_cooked_lamb_chops_4","熟羊排","kaleidoscope_cookery:pot","自定义工序（kaleidoscope_cookery:pot）","熟羊排","kaleidoscope_cookery:cooked_lamb_chops","4","是","3","4.8","","","","原料：生羊排 <kaleidoscope_cookery:raw_lamb_chops>；原料：生羊排 <kaleidoscope_cookery:raw_lamb_chops>；原料：生羊排 <kaleidoscope_cookery:raw_lamb_chops>；原料：生羊排 <kaleidoscope_cookery:raw_lamb_chops>",""
"farmersdelight","farmersdelight:salvaging/mangrove_chest_boat","红树木船","farmersdelight:cutting","切菜板","红树木船","minecraft:mangrove_boat","1","否","","","","","","原料：红树木运输船 <minecraft:mangrove_chest_boat>；工具：{""type"":""farmersdelight:item_ability"",""action"":""hoe_dig""}；工具：#minecraft:hoes",""
"kaleidoscope_cookery","kaleidoscope_cookery:millstone/bone_meal_from_bone","骨粉","kaleidoscope_cookery:millstone","自定义工序（kaleidoscope_cookery:millstone）","骨粉","minecraft:bone_meal","5","否","","","","","","原料：骨头 <minecraft:bone>",""
"farmersdelight","farmersdelight:rice_from_bag","稻米","minecraft:crafting_shapeless","工作台（无序合成）","稻米","kaleidoscope_cookery:rice","9","否","","","","","","原料：袋装稻米 <farmersdelight:rice_bag>",""
"kaleidoscope_cookery","kaleidoscope_cookery:straw_block","稻草捆","minecraft:crafting_shaped","工作台（有序合成）","稻草捆","kaleidoscope_cookery:straw_block","1","否","","","","","","[空原料或模组自定义参数]；[空原料或模组自定义参数]；[空原料或模组自定义参数]；[空原料或模组自定义参数]；[空原料或模组自定义参数]；[空原料或模组自定义参数]；[空原料或模组自定义参数]；[空原料或模组自定义参数]；[空原料或模组自定义参数]",""
"farmersdelight","farmersdelight:flint_knife","燧石刀","minecraft:crafting_shaped","工作台（有序合成）","燧石刀","farmersdelight:flint_knife","1","否","","","","","","[空原料或模组自定义参数]；[空原料或模组自定义参数]",""
"spawn","spawn:algal_reefstone_slab","藻礁石台阶","minecraft:crafting_shaped","工作台（有序合成）","藻礁石台阶","spawn:algal_reefstone_slab","6","否","","","","","","[空原料或模组自定义参数]；[空原料或模组自定义参数]；[空原料或模组自定义参数]",""
"kaleidoscope_cookery","kaleidoscope_cookery:braised_beef_rice_bowl","红烧牛肉盖饭","kaleidoscope_cookery:rice_bowl","自定义工序（kaleidoscope_cookery:rice_bowl）","红烧牛肉盖饭","kaleidoscope_cookery:braised_beef_rice_bowl","1","是","14","18.004","饱腹代偿 3600tick 1级 概率1","","","原料：红烧牛肉 <kaleidoscope_cookery:braised_beef>",""
"kaleidoscope_cookery","kaleidoscope_cookery:stockpot/brown_mushroom_pot_soup","棕蘑菇瓦罐汤","kaleidoscope_cookery:stockpot","万花筒汤锅","棕蘑菇瓦罐汤","kaleidoscope_cookery:brown_mushroom_pot_soup","1","是","18","24.012","温暖 6000tick 1级 概率1","","","原料：棕色蘑菇 <minecraft:brown_mushroom>；原料：棕色蘑菇 <minecraft:brown_mushroom>；原料：棕色蘑菇 <minecraft:brown_mushroom>；原料：棕色蘑菇 <minecraft:brown_mushroom>；原料：棕色蘑菇 <minecraft:brown_mushroom>；原料：棕色蘑菇 <minecraft:brown_mushroom>；容器/载体：花盆 <minecraft:flower_pot>",""
"farmersdelight","farmersdelight:salvaging/bricks","红砖","farmersdelight:cutting","切菜板","红砖","minecraft:brick","4","否","","","","","","原料：红砖块 <minecraft:bricks>；工具：{""type"":""farmersdelight:item_ability"",""action"":""pickaxe_dig""}；工具：#minecraft:pickaxes",""
"farmersdelight","farmersdelight:cutting/cod","生鳕鱼片","farmersdelight:cutting","切菜板","生鳕鱼片","farmersdelight:cod_slice","2","是","1","0.2","","","","原料：生鳕鱼 <minecraft:cod>；工具：{""type"":""farmersdelight:item_ability"",""action"":""knife_dig""}；工具：#c:tools/knife",""
"kaleidoscope_cookery","kaleidoscope_cookery:steamer/qingtuan","青团","kaleidoscope_cookery:steamer","万花筒蒸笼","青团","kaleidoscope_cookery:qingtuan","1","是","5","6","","","","原料：黏液球 <minecraft:slime_ball>",""
"farmersdelight","farmersdelight:cutting/dark_oak_log","去皮深色橡木原木","farmersdelight:cutting","切菜板","去皮深色橡木原木","minecraft:stripped_dark_oak_log","1","否","","","","","","原料：深色橡木原木 <minecraft:dark_oak_log>；工具：{""type"":""farmersdelight:item_ability"",""action"":""axe_strip""}；工具：#minecraft:axes",""
"farmersdelight","farmersdelight:salvaging/jungle_furniture","丛林木板","farmersdelight:cutting","切菜板","丛林木板","minecraft:jungle_planks","1","否","","","","","","原料：{""type"":""neoforge:compound"",""children"":[{""item"":""minecraft:jungle_door""},{""item"":""minecraft:jungle_trapdoor""},{""item"":""minecraft:jungle_sign""},{""item"":""minecraft:jungle_hanging_sign""},{""item"":""minecraft:jungle_fence""},{""item"":""minecraft:jungle_fence_gate""},{""item"":""minecraft:jungle_pressure_plate""},{""item"":""minecraft:jungle_button""},{""item"":""minecraft:jungle_boat""},{""item"":""farmersdelight:jungle_cabinet""}]}；工具：{""type"":""farmersdelight:item_ability"",""action"":""axe_dig""}；工具：#minecraft:axes",""
"spawn","spawn:cooked_tuna_chunk_from_smoking","熟金枪鱼块","minecraft:smoking","烟熏炉","熟金枪鱼块","spawn:cooked_tuna_chunk","1","是","6","9.6","","0.35","100","原料：金枪鱼块 <spawn:tuna_chunk>",""
"kaleidoscope_cookery","kaleidoscope_cookery:flex_stockpot/pufferfish_soup_entity","河豚汤","kaleidoscope_cookery:flex_stockpot","自定义工序（kaleidoscope_cookery:flex_stockpot）","河豚汤","kaleidoscope_cookery:pufferfish_soup","1","是","4","0","芥末 12000tick 1级 概率1","","","原料：#c:crops/lettuce",""
"kaleidoscope_cookery","kaleidoscope_cookery:flex_pot/sticky_candy","牛皮糖","kaleidoscope_cookery:flex_pot","自定义工序（kaleidoscope_cookery:flex_pot）","牛皮糖","kaleidoscope_cookery:sticky_candy","1","是","6","12","","","","原料：皮革 <minecraft:leather>；原料：糖 <minecraft:sugar>",""
"farmersdelight","farmersdelight:magenta_canvas_sign","品红色粗布告示牌","minecraft:crafting_shapeless","工作台（无序合成）","品红色粗布告示牌","farmersdelight:magenta_canvas_sign","1","否","","","","","","原料：#farmersdelight:canvas_signs；原料：#c:dyes/magenta",""
"kaleidoscope_cookery","kaleidoscope_cookery:millstone/red_dye_from_rose_bush","红色染料","kaleidoscope_cookery:millstone","自定义工序（kaleidoscope_cookery:millstone）","红色染料","minecraft:red_dye","3","否","","","","","","原料：玫瑰丛 <minecraft:rose_bush>",""
"spawn","spawn:date_button","椰枣木按钮","minecraft:crafting_shapeless","工作台（无序合成）","椰枣木按钮","spawn:date_button","1","否","","","","","","原料：椰枣木木板 <spawn:date_planks>",""
"kaleidoscope_cookery","kaleidoscope_cookery:stockpot/seafood_miso_soup_salmon_entity","海鲜味噌汤","kaleidoscope_cookery:stockpot","万花筒汤锅","海鲜味噌汤","kaleidoscope_cookery:seafood_miso_soup","1","是","6","8.004","水下呼吸 9600tick 1级 概率1","","","原料：#c:crops/lettuce；原料：#c:crops/lettuce；原料：#c:crops/lettuce",""
"kaleidoscope_cookery","kaleidoscope_cookery:pot/potato_to_baked_potato_9","烤马铃薯","kaleidoscope_cookery:pot","自定义工序（kaleidoscope_cookery:pot）","烤马铃薯","minecraft:baked_potato","9","是","5","6","","","","原料：马铃薯 <minecraft:potato>；原料：马铃薯 <minecraft:potato>；原料：马铃薯 <minecraft:potato>；原料：马铃薯 <minecraft:potato>；原料：马铃薯 <minecraft:potato>；原料：马铃薯 <minecraft:potato>；原料：马铃薯 <minecraft:potato>；原料：马铃薯 <minecraft:potato>；原料：马铃薯 <minecraft:potato>",""
"farmersdelight","farmersdelight:cutting/wild_potatoes","马铃薯","farmersdelight:cutting","切菜板","马铃薯","minecraft:potato","1","是","1","0.6","","","","原料：野生马铃薯 <farmersdelight:wild_potatoes>；工具：{""type"":""farmersdelight:item_ability"",""action"":""knife_dig""}；工具：#c:tools/knife",""
"kaleidoscope_cookery","kaleidoscope_cookery:pot/potato_to_baked_potato_8","烤马铃薯","kaleidoscope_cookery:pot","自定义工序（kaleidoscope_cookery:pot）","烤马铃薯","minecraft:baked_potato","8","是","5","6","","","","原料：马铃薯 <minecraft:potato>；原料：马铃薯 <minecraft:potato>；原料：马铃薯 <minecraft:potato>；原料：马铃薯 <minecraft:potato>；原料：马铃薯 <minecraft:potato>；原料：马铃薯 <minecraft:potato>；原料：马铃薯 <minecraft:potato>；原料：马铃薯 <minecraft:potato>",""
"kaleidoscope_cookery","kaleidoscope_cookery:pot/potato_to_baked_potato_7","烤马铃薯","kaleidoscope_cookery:pot","自定义工序（kaleidoscope_cookery:pot）","烤马铃薯","minecraft:baked_potato","7","是","5","6","","","","原料：马铃薯 <minecraft:potato>；原料：马铃薯 <minecraft:potato>；原料：马铃薯 <minecraft:potato>；原料：马铃薯 <minecraft:potato>；原料：马铃薯 <minecraft:potato>；原料：马铃薯 <minecraft:potato>；原料：马铃薯 <minecraft:potato>",""
"kaleidoscope_cookery","kaleidoscope_cookery:pot/potato_to_baked_potato_6","烤马铃薯","kaleidoscope_cookery:pot","自定义工序（kaleidoscope_cookery:pot）","烤马铃薯","minecraft:baked_potato","6","是","5","6","","","","原料：马铃薯 <minecraft:potato>；原料：马铃薯 <minecraft:potato>；原料：马铃薯 <minecraft:potato>；原料：马铃薯 <minecraft:potato>；原料：马铃薯 <minecraft:potato>；原料：马铃薯 <minecraft:potato>",""
"kaleidoscope_cookery","kaleidoscope_cookery:nether_style_sashimi","下界风味刺身","minecraft:crafting_shapeless","工作台（无序合成）","下界风味刺身","kaleidoscope_cookery:nether_style_sashimi","1","是","16","6","芥末 6000tick 1级 概率1","","","原料：绯红菌 <minecraft:crimson_fungus>；原料：诡异菌 <minecraft:warped_fungus>；原料：刺身 <kaleidoscope_cookery:sashimi>；原料：刺身 <kaleidoscope_cookery:sashimi>；原料：刺身 <kaleidoscope_cookery:sashimi>；原料：刺身 <kaleidoscope_cookery:sashimi>；原料：碗 <minecraft:bowl>",""
"kaleidoscope_cookery","kaleidoscope_cookery:pot/potato_to_baked_potato_5","烤马铃薯","kaleidoscope_cookery:pot","自定义工序（kaleidoscope_cookery:pot）","烤马铃薯","minecraft:baked_potato","5","是","5","6","","","","原料：马铃薯 <minecraft:potato>；原料：马铃薯 <minecraft:potato>；原料：马铃薯 <minecraft:potato>；原料：马铃薯 <minecraft:potato>；原料：马铃薯 <minecraft:potato>",""
"kaleidoscope_cookery","kaleidoscope_cookery:pot/potato_to_baked_potato_4","烤马铃薯","kaleidoscope_cookery:pot","自定义工序（kaleidoscope_cookery:pot）","烤马铃薯","minecraft:baked_potato","4","是","5","6","","","","原料：马铃薯 <minecraft:potato>；原料：马铃薯 <minecraft:potato>；原料：马铃薯 <minecraft:potato>；原料：马铃薯 <minecraft:potato>",""
"kaleidoscope_cookery","kaleidoscope_cookery:pot/potato_to_baked_potato_3","烤马铃薯","kaleidoscope_cookery:pot","自定义工序（kaleidoscope_cookery:pot）","烤马铃薯","minecraft:baked_potato","3","是","5","6","","","","原料：马铃薯 <minecraft:potato>；原料：马铃薯 <minecraft:potato>；原料：马铃薯 <minecraft:potato>",""
"kaleidoscope_cookery","kaleidoscope_cookery:pot/potato_to_baked_potato_2","烤马铃薯","kaleidoscope_cookery:pot","自定义工序（kaleidoscope_cookery:pot）","烤马铃薯","minecraft:baked_potato","2","是","5","6","","","","原料：马铃薯 <minecraft:potato>；原料：马铃薯 <minecraft:potato>",""
"farmersdelight","farmersdelight:integration/create/milling/wild_potatoes","紫色染料","create:milling","自定义工序（create:milling）","紫色染料","minecraft:purple_dye","2","否","","","","","","原料：野生马铃薯 <farmersdelight:wild_potatoes>",""
"kaleidoscope_cookery","kaleidoscope_cookery:flex_pot/fried_spring_roll","炸春卷","kaleidoscope_cookery:flex_pot","自定义工序（kaleidoscope_cookery:flex_pot）","炸春卷","kaleidoscope_cookery:fried_spring_roll","1","是","13","15.99","温暖 1600tick 1级 概率1","","","原料：幻翼膜 <minecraft:phantom_membrane>；原料：#c:foods/raw_pork；原料：#c:mushrooms；容器/载体：碗 <minecraft:bowl>",""
"spawn","spawn:bone_meal_from_dead_sea_star","骨粉","minecraft:crafting_shapeless","工作台（无序合成）","骨粉","minecraft:bone_meal","1","否","","","","","","原料：失活海星 <spawn:dead_sea_star>",""
"kaleidoscope_cookery","kaleidoscope_cookery:flex_stockpot/fearsome_thick_soup","恐惧浓汤","kaleidoscope_cookery:flex_stockpot","自定义工序（kaleidoscope_cookery:flex_stockpot）","恐惧浓汤","kaleidoscope_cookery:fearsome_thick_soup","1","是","4","0","硫磺 9600tick 1级 概率1","","","原料：腐肉 <minecraft:rotten_flesh>；原料：幽匿块 <minecraft:sculk>",""
"farmersdelight","farmersdelight:grilled_salmon","香烤鲑鱼","minecraft:crafting_shapeless","工作台（无序合成）","香烤鲑鱼","farmersdelight:grilled_salmon","1","是","14","21","滋养 3600tick 1级 概率1","","","原料：#c:foods/cooked_salmon；原料：甜浆果 <minecraft:sweet_berries>；原料：碗 <minecraft:bowl>；原料：#c:crops/cabbage；原料：#c:crops/onion",""
"spawn","spawn:cooked_herring_from_smoking","熟鲱鱼","minecraft:smoking","烟熏炉","熟鲱鱼","spawn:cooked_herring","1","是","4","4","","0.35","100","原料：鲱鱼 <spawn:herring>",""
"kaleidoscope_cookery","kaleidoscope_cookery:stockpot/wild_mushroom_rabbit_soup","野菌兔肉汤","kaleidoscope_cookery:stockpot","万花筒汤锅","野菌兔肉汤","kaleidoscope_cookery:wild_mushroom_rabbit_soup","1","是","6","8.004","迅捷 9600tick 1级 概率1","","","原料：#c:mushrooms；原料：#c:mushrooms；原料：#c:mushrooms；原料：生兔肉 <minecraft:rabbit>；原料：生兔肉 <minecraft:rabbit>",""
"kaleidoscope_cookery","kaleidoscope_cookery:millstone/red_dye_from_beetroot","红色染料","kaleidoscope_cookery:millstone","自定义工序（kaleidoscope_cookery:millstone）","红色染料","minecraft:red_dye","2","否","","","","","","原料：甜菜根 <minecraft:beetroot>",""
"farmersdelight","farmersdelight:chocolate_pie","巧克力派","minecraft:crafting_shaped","工作台（有序合成）","巧克力派","farmersdelight:chocolate_pie","1","否","","","","","","[空原料或模组自定义参数]；[空原料或模组自定义参数]；[空原料或模组自定义参数]；[空原料或模组自定义参数]；[空原料或模组自定义参数]；[空原料或模组自定义参数]；[空原料或模组自定义参数]；[空原料或模组自定义参数]；[空原料或模组自定义参数]",""
"kaleidoscope_cookery","kaleidoscope_cookery:apple_platter","苹果拼盘","minecraft:crafting_shapeless","工作台（无序合成）","苹果拼盘","kaleidoscope_cookery:apple_platter","1","否","","","","","","原料：苹果 <minecraft:apple>；原料：苹果 <minecraft:apple>；原料：苹果 <minecraft:apple>；原料：苹果 <minecraft:apple>；原料：碗 <minecraft:bowl>",""
"kaleidoscope_cookery","kaleidoscope_cookery:chair_jungle","丛林木椅子","minecraft:crafting_shaped","工作台（有序合成）","丛林木椅子","kaleidoscope_cookery:chair_jungle","1","否","","","","","","[空原料或模组自定义参数]；[空原料或模组自定义参数]；[空原料或模组自定义参数]；[空原料或模组自定义参数]；[空原料或模组自定义参数]；[空原料或模组自定义参数]；[空原料或模组自定义参数]；[空原料或模组自定义参数]；[空原料或模组自定义参数]",""
"spawn","spawn:algal_reefstone_slab_from_algal_reefstone_stonecutting","藻礁石台阶","minecraft:stonecutting","自定义工序（minecraft:stonecutting）","藻礁石台阶","spawn:algal_reefstone_slab","2","否","","","","","","原料：藻礁石 <spawn:algal_reefstone>",""
"spawn","spawn:cutting/cooked_tuna_chunk","熟金枪鱼片","farmersdelight:cutting","切菜板","熟金枪鱼片","spawn:cooked_tuna_slice","2","是","4","4","","","","原料：熟金枪鱼块 <spawn:cooked_tuna_chunk>；工具：#c:tools/knife",""
"farmersdelight","farmersdelight:cutting/clay","黏土球","farmersdelight:cutting","切菜板","黏土球","minecraft:clay_ball","4","否","","","","","","原料：黏土 <minecraft:clay>；工具：{""type"":""farmersdelight:item_ability"",""action"":""shovel_dig""}；工具：#minecraft:shovels",""
"kaleidoscope_cookery","kaleidoscope_cookery:cook_stool_jungle","丛林木厨娘凳","minecraft:crafting_shaped","工作台（有序合成）","丛林木厨娘凳","kaleidoscope_cookery:cook_stool_jungle","1","否","","","","","","[空原料或模组自定义参数]；[空原料或模组自定义参数]；[空原料或模组自定义参数]；[空原料或模组自定义参数]；[空原料或模组自定义参数]；[空原料或模组自定义参数]",""
"spawn","spawn:cooked_bluefish","熟扁鲹","minecraft:smelting","熔炉","熟扁鲹","spawn:cooked_bluefish","1","是","6","9.6","","0.35","200","原料：扁鲹 <spawn:bluefish>",""
"farmersdelight","farmersdelight:cutting/cherry_wood","去皮樱花木","farmersdelight:cutting","切菜板","去皮樱花木","minecraft:stripped_cherry_wood","1","否","","","","","","原料：樱花木 <minecraft:cherry_wood>；工具：{""type"":""farmersdelight:item_ability"",""action"":""axe_strip""}；工具：#minecraft:axes",""
"farmersdelight","farmersdelight:honey_glazed_ham_block","蜜汁火腿","minecraft:crafting_shapeless","工作台（无序合成）","蜜汁火腿","farmersdelight:honey_glazed_ham_block","1","否","","","","","","原料：甜浆果 <minecraft:sweet_berries>；原料：蜂蜜瓶 <minecraft:honey_bottle>；原料：甜浆果 <minecraft:sweet_berries>；原料：甜浆果 <minecraft:sweet_berries>；原料：烟熏火腿 <farmersdelight:smoked_ham>；原料：甜浆果 <minecraft:sweet_berries>；原料：米饭 <farmersdelight:cooked_rice>；原料：碗 <minecraft:bowl>；原料：米饭 <farmersdelight:cooked_rice>",""
"farmersdelight","farmersdelight:orange_hanging_canvas_sign","悬挂式橙色粗布告示牌","minecraft:crafting_shapeless","工作台（无序合成）","悬挂式橙色粗布告示牌","farmersdelight:orange_hanging_canvas_sign","1","否","","","","","","原料：#farmersdelight:hanging_canvas_signs；原料：#c:dyes/orange",""
"spawn","spawn:heliostone_wall","日光石墙","minecraft:crafting_shaped","工作台（有序合成）","日光石墙","spawn:heliostone_wall","6","否","","","","","","[空原料或模组自定义参数]；[空原料或模组自定义参数]；[空原料或模组自定义参数]；[空原料或模组自定义参数]；[空原料或模组自定义参数]；[空原料或模组自定义参数]",""
"farmersdelight","farmersdelight:cooking/onion_soup","洋葱汤","farmersdelight:cooking","烹饪锅","洋葱汤","farmersdelight:onion_soup","1","是","12","19.2","滋养 3600tick 1级 概率1","","","原料：#c:crops/onion；原料：#c:crops/onion；原料：#c:foods/bread；原料：#c:drinks/milk",""
"spawn","spawn:smooth_blasted_sandstone_stairs","平滑荒砂岩楼梯","minecraft:crafting_shaped","工作台（有序合成）","平滑荒砂岩楼梯","spawn:smooth_blasted_sandstone_stairs","4","否","","","","","","[空原料或模组自定义参数]；[空原料或模组自定义参数]；[空原料或模组自定义参数]；[空原料或模组自定义参数]；[空原料或模组自定义参数]；[空原料或模组自定义参数]；[空原料或模组自定义参数]；[空原料或模组自定义参数]；[空原料或模组自定义参数]",""
"kaleidoscope_cookery","kaleidoscope_cookery:table_acacia","金合欢木餐桌","minecraft:crafting_shaped","工作台（有序合成）","金合欢木餐桌","kaleidoscope_cookery:table_acacia","1","否","","","","","","[空原料或模组自定义参数]；[空原料或模组自定义参数]；[空原料或模组自定义参数]；[空原料或模组自定义参数]；[空原料或模组自定义参数]；[空原料或模组自定义参数]",""
"farmersdelight","farmersdelight:fried_egg","煎蛋","minecraft:smelting","熔炉","煎蛋","kaleidoscope_cookery:fried_egg","1","是","4","4","","0.35","200","原料：鸡蛋 <minecraft:egg>",""
"spawn","spawn:cut_blasted_sandstone_slab","切制荒砂岩台阶","minecraft:crafting_shaped","工作台（有序合成）","切制荒砂岩台阶","spawn:cut_blasted_sandstone_slab","6","否","","","","","","[空原料或模组自定义参数]；[空原料或模组自定义参数]；[空原料或模组自定义参数]",""
"spawn","spawn:reefstone_wall","礁石墙","minecraft:crafting_shaped","工作台（有序合成）","礁石墙","spawn:reefstone_wall","6","否","","","","","","[空原料或模组自定义参数]；[空原料或模组自定义参数]；[空原料或模组自定义参数]；[空原料或模组自定义参数]；[空原料或模组自定义参数]；[空原料或模组自定义参数]",""
"farmersdelight","farmersdelight:cooking/tomato_sauce","番茄酱","farmersdelight:cooking","烹饪锅","番茄酱","farmersdelight:tomato_sauce","1","是","4","3.2","","","","原料：#c:crops/tomato；原料：#c:crops/tomato",""
"farmersdelight","farmersdelight:fruit_salad","水果沙拉","minecraft:crafting_shapeless","工作台（无序合成）","水果沙拉","farmersdelight:fruit_salad","1","是","6","7.2000003","生命恢复 100tick 1级 概率1","","","原料：苹果 <minecraft:apple>；原料：西瓜片 <minecraft:melon_slice>；原料：西瓜片 <minecraft:melon_slice>；原料：#c:foods/berry；原料：#c:foods/berry；原料：南瓜片 <farmersdelight:pumpkin_slice>；原料：碗 <minecraft:bowl>",""
"farmersdelight","farmersdelight:tomato_seeds","番茄种子","minecraft:crafting_shapeless","工作台（无序合成）","番茄种子","kaleidoscope_cookery:tomato_seed","1","否","","","","","","原料：番茄 <farmersdelight:tomato> / 烂番茄 <farmersdelight:rotten_tomato>",""
"farmersdelight","farmersdelight:cutting/allium","品红色染料","farmersdelight:cutting","切菜板","品红色染料","minecraft:magenta_dye","2","否","","","","","","原料：绒球葱 <minecraft:allium>；工具：{""type"":""farmersdelight:item_ability"",""action"":""knife_dig""}；工具：#c:tools/knife",""
"spawn","spawn:red_dye_from_tropical_wildflowers","红色染料","minecraft:crafting_shapeless","工作台（无序合成）","红色染料","minecraft:red_dye","1","否","","","","","","原料：热带野花 <spawn:tropical_wildflowers>",""
"kaleidoscope_cookery","kaleidoscope_cookery:fish_flavored_shredded_pork_rice_bowl","鱼香肉丝盖饭","kaleidoscope_cookery:rice_bowl","自定义工序（kaleidoscope_cookery:rice_bowl）","鱼香肉丝盖饭","kaleidoscope_cookery:fish_flavored_shredded_pork_rice_bowl","1","是","14","18.004","饱腹代偿 3600tick 1级 概率1","","","原料：鱼香肉丝 <kaleidoscope_cookery:fish_flavored_shredded_pork>",""
"kaleidoscope_cookery","kaleidoscope_cookery:millstone/orange_dye_from_torchflower","橙色染料","kaleidoscope_cookery:millstone","自定义工序（kaleidoscope_cookery:millstone）","橙色染料","minecraft:orange_dye","2","否","","","","","","原料：火把花 <minecraft:torchflower>",""
"farmersdelight","farmersdelight:cooking/fish_stew","鱼肉炖","farmersdelight:cooking","烹饪锅","鱼肉炖","farmersdelight:fish_stew","1","是","12","19.2","滋养 3600tick 1级 概率1","","","原料：#c:foods/safe_raw_fish；原料：番茄酱 <farmersdelight:tomato_sauce>；原料：#c:crops/onion",""
"ordertocook","ordertocook:chef_coin_1_from_5","1 oTc币","minecraft:crafting_shapeless","工作台（无序合成）","1 oTc币","ordertocook:chef_coin_1","5","否","","","","","","原料：5 oTc币 <ordertocook:chef_coin_5>",""
"kaleidoscope_cookery","kaleidoscope_cookery:millstone/light_gray_dye_from_oxeye_daisy","淡灰色染料","kaleidoscope_cookery:millstone","自定义工序（kaleidoscope_cookery:millstone）","淡灰色染料","minecraft:light_gray_dye","2","否","","","","","","原料：滨菊 <minecraft:oxeye_daisy>",""
"farmersdelight","farmersdelight:cutting/pumpkin_pie","南瓜派切片","farmersdelight:cutting","切菜板","南瓜派切片","farmersdelight:pumpkin_pie_slice","4","是","3","1.8000001","迅捷 600tick 1级 概率1","","","原料：南瓜派 <minecraft:pumpkin_pie>；工具：{""type"":""farmersdelight:item_ability"",""action"":""knife_dig""}；工具：#c:tools/knife",""
"spawn","spawn:rotten_door","腐木门","minecraft:crafting_shaped","工作台（有序合成）","腐木门","spawn:rotten_door","3","否","","","","","","[空原料或模组自定义参数]；[空原料或模组自定义参数]；[空原料或模组自定义参数]；[空原料或模组自定义参数]；[空原料或模组自定义参数]；[空原料或模组自定义参数]",""
"kaleidoscope_cookery","kaleidoscope_cookery:zongzi_plate","一盘粽子","minecraft:crafting_shapeless","工作台（无序合成）","一盘粽子","kaleidoscope_cookery:zongzi_plate","1","否","","","","","","原料：熟粽子 <kaleidoscope_cookery:zongzi>；原料：熟粽子 <kaleidoscope_cookery:zongzi>；原料：熟粽子 <kaleidoscope_cookery:zongzi>；原料：熟粽子 <kaleidoscope_cookery:zongzi>；原料：碗 <minecraft:bowl>",""
"kaleidoscope_cookery","kaleidoscope_cookery:flex_pot/sweet_and_sour_ender_pearls","珍珠咕噜肉","kaleidoscope_cookery:flex_pot","自定义工序（kaleidoscope_cookery:flex_pot）","珍珠咕噜肉","kaleidoscope_cookery:sweet_and_sour_ender_pearls","1","是","9","0","胀气 700tick 1级 概率1","","","原料：末影珍珠 <minecraft:ender_pearl>；原料：末影之眼 <minecraft:ender_eye>；容器/载体：碗 <minecraft:bowl>",""
"farmersdelight","farmersdelight:cooking_pot","厨锅","minecraft:crafting_shaped","工作台（有序合成）","厨锅","farmersdelight:cooking_pot","1","否","","","","","","原料：屏障 <minecraft:barrier>",""
"kaleidoscope_cookery","kaleidoscope_cookery:millstone/raw_iron_from_deepslate_iron_ore","粗铁","kaleidoscope_cookery:millstone","自定义工序（kaleidoscope_cookery:millstone）","粗铁","minecraft:raw_iron","3","否","","","","","","原料：深层铁矿石 <minecraft:deepslate_iron_ore>",""
"kaleidoscope_cookery","kaleidoscope_cookery:chopping_board/bone_from_cod","骨头","kaleidoscope_cookery:chopping_board","自定义工序（kaleidoscope_cookery:chopping_board）","骨头","minecraft:bone","2","否","","","","","","原料：熟鳕鱼 <minecraft:cooked_cod>",""
"spawn","spawn:cooking/crab_boil_block","蒸螃蟹","farmersdelight:cooking","烹饪锅","蒸螃蟹","spawn:crab_boil_block","1","否","","","","","","原料：海岸蟹桶 <spawn:coastal_crab_bucket>；原料：马铃薯 <minecraft:potato>；原料：马铃薯 <minecraft:potato>；原料：生培根 <farmersdelight:bacon>；原料：洋葱 <farmersdelight:onion>",""
"farmersdelight","farmersdelight:salvaging/dark_oak_chest_boat","深色橡木船","farmersdelight:cutting","切菜板","深色橡木船","minecraft:dark_oak_boat","1","否","","","","","","原料：深色橡木运输船 <minecraft:dark_oak_chest_boat>；工具：{""type"":""farmersdelight:item_ability"",""action"":""hoe_dig""}；工具：#minecraft:hoes",""
"kaleidoscope_cookery","kaleidoscope_cookery:millstone/string_from_lime_wool","线","kaleidoscope_cookery:millstone","自定义工序（kaleidoscope_cookery:millstone）","线","minecraft:string","3","否","","","","","","原料：黄绿色羊毛 <minecraft:lime_wool>",""
"ordertocook","ordertocook:shelf","包装架","minecraft:crafting_shaped","工作台（有序合成）","包装架","ordertocook:shelf","1","否","","","","","","[空原料或模组自定义参数]；[空原料或模组自定义参数]；[空原料或模组自定义参数]；[空原料或模组自定义参数]；[空原料或模组自定义参数]；[空原料或模组自定义参数]",""
"spawn","spawn:blasted_sandstone_wall","荒砂岩墙","minecraft:crafting_shaped","工作台（有序合成）","荒砂岩墙","spawn:blasted_sandstone_wall","6","否","","","","","","[空原料或模组自定义参数]；[空原料或模组自定义参数]；[空原料或模组自定义参数]；[空原料或模组自定义参数]；[空原料或模组自定义参数]；[空原料或模组自定义参数]",""
"farmersdelight","farmersdelight:melon_juice","西瓜汁","minecraft:crafting_shapeless","工作台（无序合成）","西瓜汁","farmersdelight:melon_juice","1","否","","","","","","原料：西瓜片 <minecraft:melon_slice>；原料：西瓜片 <minecraft:melon_slice>；原料：糖 <minecraft:sugar>；原料：西瓜片 <minecraft:melon_slice>；原料：西瓜片 <minecraft:melon_slice>；原料：玻璃瓶 <minecraft:glass_bottle>",""
"farmersdelight","farmersdelight:cutting/red_tulip","红色染料","farmersdelight:cutting","切菜板","红色染料","minecraft:red_dye","2","否","","","","","","原料：红色郁金香 <minecraft:red_tulip>；工具：{""type"":""farmersdelight:item_ability"",""action"":""knife_dig""}；工具：#c:tools/knife",""
"kaleidoscope_cookery","kaleidoscope_cookery:tundra_style_sashimi","苔原风味刺身","minecraft:crafting_shapeless","工作台（无序合成）","苔原风味刺身","kaleidoscope_cookery:tundra_style_sashimi","1","是","16","6","芥末 6000tick 1级 概率1","","","原料：#minecraft:flowers；原料：#minecraft:flowers；原料：刺身 <kaleidoscope_cookery:sashimi>；原料：刺身 <kaleidoscope_cookery:sashimi>；原料：刺身 <kaleidoscope_cookery:sashimi>；原料：刺身 <kaleidoscope_cookery:sashimi>；原料：碗 <minecraft:bowl>",""
"farmersdelight","farmersdelight:cutting/spruce_wood","去皮云杉木","farmersdelight:cutting","切菜板","去皮云杉木","minecraft:stripped_spruce_wood","1","否","","","","","","原料：云杉木 <minecraft:spruce_wood>；工具：{""type"":""farmersdelight:item_ability"",""action"":""axe_strip""}；工具：#minecraft:axes",""
"farmersdelight","farmersdelight:cutting/crimson_hyphae","去皮绯红菌核","farmersdelight:cutting","切菜板","去皮绯红菌核","minecraft:stripped_crimson_hyphae","1","否","","","","","","原料：绯红菌核 <minecraft:crimson_hyphae>；工具：{""type"":""farmersdelight:item_ability"",""action"":""axe_strip""}；工具：#minecraft:axes",""
"spawn","spawn:chiseled_blasted_sandstone_from_blasted_sandstone_stonecutting","雕纹荒砂岩","minecraft:stonecutting","自定义工序（minecraft:stonecutting）","雕纹荒砂岩","spawn:chiseled_blasted_sandstone","1","否","","","","","","原料：荒砂岩 <spawn:blasted_sandstone>",""
"kaleidoscope_cookery","kaleidoscope_cookery:straw_hat_flower","缀花草帽","minecraft:crafting_shaped","工作台（有序合成）","缀花草帽","kaleidoscope_cookery:straw_hat_flower","1","否","","","","","","[空原料或模组自定义参数]；[空原料或模组自定义参数]；[空原料或模组自定义参数]；[空原料或模组自定义参数]；[空原料或模组自定义参数]；[空原料或模组自定义参数]；[空原料或模组自定义参数]；[空原料或模组自定义参数]；[空原料或模组自定义参数]",""
"farmersdelight","farmersdelight:cooking/pasta_with_meatballs","肉丸意面","farmersdelight:cooking","烹饪锅","肉丸意面","farmersdelight:pasta_with_meatballs","1","是","12","19.2","滋养 3600tick 1级 概率1","","","原料：牛肉馅 <farmersdelight:minced_beef>；原料：#c:foods/pasta；原料：番茄酱 <farmersdelight:tomato_sauce>",""
"kaleidoscope_cookery","kaleidoscope_cookery:chair_crimson","绯红木椅子","minecraft:crafting_shaped","工作台（有序合成）","绯红木椅子","kaleidoscope_cookery:chair_crimson","1","否","","","","","","[空原料或模组自定义参数]；[空原料或模组自定义参数]；[空原料或模组自定义参数]；[空原料或模组自定义参数]；[空原料或模组自定义参数]；[空原料或模组自定义参数]；[空原料或模组自定义参数]；[空原料或模组自定义参数]；[空原料或模组自定义参数]",""
"farmersdelight","farmersdelight:light_blue_canvas_sign","淡蓝色粗布告示牌","minecraft:crafting_shapeless","工作台（无序合成）","淡蓝色粗布告示牌","farmersdelight:light_blue_canvas_sign","1","否","","","","","","原料：#farmersdelight:canvas_signs；原料：#c:dyes/light_blue",""
"kaleidoscope_cookery","kaleidoscope_cookery:oil","油脂","minecraft:crafting_shapeless","工作台（无序合成）","油脂","kaleidoscope_cookery:oil","9","否","","","","","","原料：油脂块 <kaleidoscope_cookery:oil_block>",""
"kaleidoscope_cookery","kaleidoscope_cookery:fruit_basket","果篮","minecraft:crafting_shaped","工作台（有序合成）","果篮","kaleidoscope_cookery:fruit_basket","1","否","","","","","","[空原料或模组自定义参数]；[空原料或模组自定义参数]；[空原料或模组自定义参数]；[空原料或模组自定义参数]；[空原料或模组自定义参数]；[空原料或模组自定义参数]；[空原料或模组自定义参数]；[空原料或模组自定义参数]；[空原料或模组自定义参数]",""
"spawn","spawn:cooked_herring_slice_from_smoking","熟鲱鱼片","minecraft:smoking","烟熏炉","熟鲱鱼片","spawn:cooked_herring_slice","1","是","2","1.2","","0.35","100","原料：鲱鱼片 <spawn:herring_slice>",""
"ordertocook","ordertocook:chef_coin_20_from_100","20 oTc币","minecraft:crafting_shapeless","工作台（无序合成）","20 oTc币","ordertocook:chef_coin_20","5","否","","","","","","原料：100 oTc币 <ordertocook:chef_coin_100>",""
"spawn","spawn:rotten_trapdoor","腐木活版门","minecraft:crafting_shaped","工作台（有序合成）","腐木活版门","spawn:rotten_trapdoor","2","否","","","","","","[空原料或模组自定义参数]；[空原料或模组自定义参数]；[空原料或模组自定义参数]；[空原料或模组自定义参数]；[空原料或模组自定义参数]；[空原料或模组自定义参数]",""
"kaleidoscope_cookery","kaleidoscope_cookery:cook_stool_birch","白桦木厨娘凳","minecraft:crafting_shaped","工作台（有序合成）","白桦木厨娘凳","kaleidoscope_cookery:cook_stool_birch","1","否","","","","","","[空原料或模组自定义参数]；[空原料或模组自定义参数]；[空原料或模组自定义参数]；[空原料或模组自定义参数]；[空原料或模组自定义参数]；[空原料或模组自定义参数]",""
"spawn","spawn:date_slab","椰枣木台阶","minecraft:crafting_shaped","工作台（有序合成）","椰枣木台阶","spawn:date_slab","6","否","","","","","","[空原料或模组自定义参数]；[空原料或模组自定义参数]；[空原料或模组自定义参数]",""
"kaleidoscope_cookery","kaleidoscope_cookery:millstone/smooth_red_sandstone_from_red_sand","平滑红砂岩","kaleidoscope_cookery:millstone","自定义工序（kaleidoscope_cookery:millstone）","平滑红砂岩","minecraft:smooth_red_sandstone","1","否","","","","","","原料：#c:sands/red",""
"ordertocook","ordertocook:clean_plate","空盘","minecraft:crafting_shaped","工作台（有序合成）","空盘","ordertocook:clean_plate","1","否","","","","","","[空原料或模组自定义参数]；[空原料或模组自定义参数]；[空原料或模组自定义参数]；[空原料或模组自定义参数]；[空原料或模组自定义参数]；[空原料或模组自定义参数]",""
"farmersdelight","farmersdelight:salvaging/quartz_block","下界石英","farmersdelight:cutting","切菜板","下界石英","minecraft:quartz","4","否","","","","","","原料：石英块 <minecraft:quartz_block>；工具：{""type"":""farmersdelight:item_ability"",""action"":""pickaxe_dig""}；工具：#minecraft:pickaxes",""
"kaleidoscope_cookery","kaleidoscope_cookery:enamel_basin","搪瓷盆子","minecraft:crafting_shaped","工作台（有序合成）","搪瓷盆子","kaleidoscope_cookery:enamel_basin","1","否","","","","","","[空原料或模组自定义参数]；[空原料或模组自定义参数]；[空原料或模组自定义参数]",""
"kaleidoscope_cookery","kaleidoscope_cookery:millstone/pink_dye_from_pink_tulip","粉红色染料","kaleidoscope_cookery:millstone","自定义工序（kaleidoscope_cookery:millstone）","粉红色染料","minecraft:pink_dye","2","否","","","","","","原料：粉红色郁金香 <minecraft:pink_tulip>",""
"kaleidoscope_cookery","kaleidoscope_cookery:chopping_board/sashimi_from_cod","刺身","kaleidoscope_cookery:chopping_board","自定义工序（kaleidoscope_cookery:chopping_board）","刺身","kaleidoscope_cookery:sashimi","2","是","1","1","","","","原料：生鳕鱼 <minecraft:cod>",""
"kaleidoscope_cookery","kaleidoscope_cookery:straw_hat","草帽","minecraft:crafting_shaped","工作台（有序合成）","草帽","kaleidoscope_cookery:straw_hat","1","否","","","","","","[空原料或模组自定义参数]；[空原料或模组自定义参数]；[空原料或模组自定义参数]；[空原料或模组自定义参数]；[空原料或模组自定义参数]；[空原料或模组自定义参数]；[空原料或模组自定义参数]；[空原料或模组自定义参数]；[空原料或模组自定义参数]",""
"farmersdelight","farmersdelight:cutting/cooked_salmon","熟鲑鱼片","farmersdelight:cutting","切菜板","熟鲑鱼片","farmersdelight:cooked_salmon_slice","2","是","3","4.8","","","","原料：熟鲑鱼 <minecraft:cooked_salmon>；工具：{""type"":""farmersdelight:item_ability"",""action"":""knife_dig""}；工具：#c:tools/knife",""
"spawn","spawn:blasted_sandstone_stairs_from_blasted_sandstone_stonecutting","荒砂岩楼梯","minecraft:stonecutting","自定义工序（minecraft:stonecutting）","荒砂岩楼梯","spawn:blasted_sandstone_stairs","1","否","","","","","","原料：荒砂岩 <spawn:blasted_sandstone>",""
"spawn","spawn:smooth_blasted_sandstone_slab_from_smooth_blasted_sandstone_stonecutting","平滑荒砂岩台阶","minecraft:stonecutting","自定义工序（minecraft:stonecutting）","平滑荒砂岩台阶","spawn:smooth_blasted_sandstone_slab","2","否","","","","","","原料：平滑荒砂岩 <spawn:smooth_blasted_sandstone>",""
"kaleidoscope_cookery","kaleidoscope_cookery:stockpot/seafood_miso_soup_tropical_entity","海鲜味噌汤","kaleidoscope_cookery:stockpot","万花筒汤锅","海鲜味噌汤","kaleidoscope_cookery:seafood_miso_soup","1","是","6","8.004","水下呼吸 9600tick 1级 概率1","","","原料：#c:crops/lettuce；原料：#c:crops/lettuce；原料：#c:crops/lettuce",""
"kaleidoscope_cookery","kaleidoscope_cookery:tomato_platter","番茄拼盘","minecraft:crafting_shapeless","工作台（无序合成）","番茄拼盘","kaleidoscope_cookery:tomato_platter","1","否","","","","","","原料：番茄 <kaleidoscope_cookery:tomato>；原料：番茄 <kaleidoscope_cookery:tomato>；原料：番茄 <kaleidoscope_cookery:tomato>；原料：番茄 <kaleidoscope_cookery:tomato>；原料：番茄 <kaleidoscope_cookery:tomato>；原料：碗 <minecraft:bowl>",""
"spawn","spawn:cooked_tuna_slice_from_campfire_cooking","熟金枪鱼片","minecraft:campfire_cooking","营火","熟金枪鱼片","spawn:cooked_tuna_slice","1","是","4","4","","0.35","600","原料：金枪鱼片 <spawn:tuna_slice>",""
"farmersdelight","farmersdelight:mangrove_cabinet","红树木橱柜","minecraft:crafting_shaped","工作台（有序合成）","红树木橱柜","farmersdelight:mangrove_cabinet","1","否","","","","","","[空原料或模组自定义参数]；[空原料或模组自定义参数]；[空原料或模组自定义参数]；[空原料或模组自定义参数]；[空原料或模组自定义参数]；[空原料或模组自定义参数]；[空原料或模组自定义参数]；[空原料或模组自定义参数]；[空原料或模组自定义参数]",""
"kaleidoscope_cookery","kaleidoscope_cookery:oil_pot","油壶","minecraft:crafting_shaped","工作台（有序合成）","油壶","kaleidoscope_cookery:oil_pot","1","否","","","","","","[空原料或模组自定义参数]；[空原料或模组自定义参数]；[空原料或模组自定义参数]；[空原料或模组自定义参数]",""
"spawn","spawn:date_trapdoor","椰枣木活版门","minecraft:crafting_shaped","工作台（有序合成）","椰枣木活版门","spawn:date_trapdoor","2","否","","","","","","[空原料或模组自定义参数]；[空原料或模组自定义参数]；[空原料或模组自定义参数]；[空原料或模组自定义参数]；[空原料或模组自定义参数]；[空原料或模组自定义参数]",""
"kaleidoscope_cookery","kaleidoscope_cookery:raw_zongzi","生粽子","minecraft:crafting_shapeless","工作台（无序合成）","生粽子","kaleidoscope_cookery:raw_zongzi","1","否","","","","","","原料：稻米 <kaleidoscope_cookery:rice>；原料：睡莲 <minecraft:lily_pad>",""
"farmersdelight","farmersdelight:diamond_knife","钻石刀","minecraft:crafting_shaped","工作台（有序合成）","钻石刀","farmersdelight:diamond_knife","1","否","","","","","","[空原料或模组自定义参数]；[空原料或模组自定义参数]",""
"farmersdelight","farmersdelight:yellow_hanging_canvas_sign","悬挂式黄色粗布告示牌","minecraft:crafting_shapeless","工作台（无序合成）","悬挂式黄色粗布告示牌","farmersdelight:yellow_hanging_canvas_sign","1","否","","","","","","原料：#farmersdelight:hanging_canvas_signs；原料：#c:dyes/yellow",""
"kaleidoscope_cookery","kaleidoscope_cookery:steamer/bamboo_tube_rice","熟竹筒饭","kaleidoscope_cookery:steamer","万花筒蒸笼","熟竹筒饭","kaleidoscope_cookery:bamboo_tube_rice","1","是","10","10","","","","原料：生竹筒饭 <kaleidoscope_cookery:raw_bamboo_tube_rice>",""
"kaleidoscope_cookery","kaleidoscope_cookery:millstone/blue_dye_from_cornflower","蓝色染料","kaleidoscope_cookery:millstone","自定义工序（kaleidoscope_cookery:millstone）","蓝色染料","minecraft:blue_dye","2","否","","","","","","原料：矢车菊 <minecraft:cornflower>",""
"farmersdelight","farmersdelight:cooked_bacon","熟培根","minecraft:smelting","熔炉","熟培根","farmersdelight:cooked_bacon","1","是","4","6.4","","0.35","200","原料：生培根 <farmersdelight:bacon>",""
"kaleidoscope_cookery","kaleidoscope_cookery:pot/fondant_spider_eye","翻糖蛛眼","kaleidoscope_cookery:pot","自定义工序（kaleidoscope_cookery:pot）","翻糖蛛眼","kaleidoscope_cookery:fondant_spider_eye","1","是","8","0","胀气 700tick 1级 概率1","","","原料：糖 <minecraft:sugar>；原料：糖 <minecraft:sugar>；原料：糖 <minecraft:sugar>；原料：糖 <minecraft:sugar>；原料：蜘蛛眼 <minecraft:spider_eye>；原料：蜘蛛眼 <minecraft:spider_eye>；原料：蜘蛛眼 <minecraft:spider_eye>；原料：蜘蛛眼 <minecraft:spider_eye>；容器/载体：碗 <minecraft:bowl>",""
"kaleidoscope_cookery","kaleidoscope_cookery:table_cherry","樱花木餐桌","minecraft:crafting_shaped","工作台（有序合成）","樱花木餐桌","kaleidoscope_cookery:table_cherry","1","否","","","","","","[空原料或模组自定义参数]；[空原料或模组自定义参数]；[空原料或模组自定义参数]；[空原料或模组自定义参数]；[空原料或模组自定义参数]；[空原料或模组自定义参数]",""
"kaleidoscope_cookery","kaleidoscope_cookery:flex_stockpot/pufferfish_soup","河豚汤","kaleidoscope_cookery:flex_stockpot","自定义工序（kaleidoscope_cookery:flex_stockpot）","河豚汤","kaleidoscope_cookery:pufferfish_soup","1","是","4","0","芥末 12000tick 1级 概率1","","","原料：河豚 <minecraft:pufferfish>；原料：#c:crops/lettuce",""
"farmersdelight","farmersdelight:cooking/dog_food","狗粮","farmersdelight:cooking","烹饪锅","狗粮","farmersdelight:dog_food","1","是","4","1.6","","","","原料：腐肉 <minecraft:rotten_flesh>；原料：骨粉 <minecraft:bone_meal>；原料：#c:foods/raw_meat；原料：#c:crops/rice",""
"farmersdelight","farmersdelight:salvaging/bamboo_furniture","竹板","farmersdelight:cutting","切菜板","竹板","minecraft:bamboo_planks","1","否","","","","","","原料：{""type"":""neoforge:compound"",""children"":[{""item"":""minecraft:bamboo_door""},{""item"":""minecraft:bamboo_trapdoor""},{""item"":""minecraft:bamboo_sign""},{""item"":""minecraft:bamboo_hanging_sign""},{""item"":""minecraft:bamboo_fence""},{""item"":""minecraft:bamboo_fence_gate""},{""item"":""minecraft:bamboo_pressure_plate""},{""item"":""minecraft:bamboo_button""},{""item"":""minecraft:bamboo_raft""},{""item"":""farmersdelight:bamboo_cabinet""}]}；工具：{""type"":""farmersdelight:item_ability"",""action"":""axe_dig""}；工具：#minecraft:axes",""
"farmersdelight","farmersdelight:cutting/wild_tomatoes","番茄种子","farmersdelight:cutting","切菜板","番茄种子","kaleidoscope_cookery:tomato_seed","1","否","","","","","","原料：番茄灌木 <farmersdelight:wild_tomatoes>；工具：{""type"":""farmersdelight:item_ability"",""action"":""knife_dig""}；工具：#c:tools/knife",""
"spawn","spawn:snail_shell_tiles","蜗牛壳瓦","minecraft:crafting_shaped","工作台（有序合成）","蜗牛壳瓦","spawn:snail_shell_tiles","4","否","","","","","","[空原料或模组自定义参数]；[空原料或模组自定义参数]；[空原料或模组自定义参数]；[空原料或模组自定义参数]",""
"farmersdelight","farmersdelight:cutting/salmon","生鲑鱼片","farmersdelight:cutting","切菜板","生鲑鱼片","farmersdelight:salmon_slice","2","是","1","0.2","","","","原料：生鲑鱼 <minecraft:salmon>；工具：{""type"":""farmersdelight:item_ability"",""action"":""knife_dig""}；工具：#c:tools/knife",""
"farmersdelight","farmersdelight:cooking/ratatouille","蔬菜杂烩","farmersdelight:cooking","烹饪锅","蔬菜杂烩","farmersdelight:ratatouille","1","是","10","12","滋养 1200tick 1级 概率1","","","原料：#c:crops/tomato；原料：#c:crops/onion；原料：#c:crops/beetroot；原料：{""type"":""neoforge:difference"",""base"":{""tag"":""c:foods/vegetable""},""subtracted"":{""item"":""minecraft:melon_slice""}}",""
"farmersdelight","farmersdelight:hanging_canvas_sign","悬挂式粗布告示牌","minecraft:crafting_shaped","工作台（有序合成）","悬挂式粗布告示牌","farmersdelight:hanging_canvas_sign","6","否","","","","","","[空原料或模组自定义参数]；[空原料或模组自定义参数]；[空原料或模组自定义参数]；[空原料或模组自定义参数]；[空原料或模组自定义参数]；[空原料或模组自定义参数]；[空原料或模组自定义参数]；[空原料或模组自定义参数]；[空原料或模组自定义参数]",""
"spawn","spawn:cutting/cooked_bluefish","熟扁鲹片","farmersdelight:cutting","切菜板","熟扁鲹片","spawn:cooked_bluefish_slice","2","是","3","3","","","","原料：熟扁鲹 <spawn:cooked_bluefish>；工具：#c:tools/knife",""
"kaleidoscope_cookery","kaleidoscope_cookery:pot/egg_fried_rice","蛋炒饭","kaleidoscope_cookery:pot","自定义工序（kaleidoscope_cookery:pot）","蛋炒饭","kaleidoscope_cookery:egg_fried_rice","1","是","8","14","","","","原料：#c:eggs；原料：#c:eggs；原料：#c:foods/cooked_rice；容器/载体：碗 <minecraft:bowl>",""
"farmersdelight","farmersdelight:paper_from_tree_bark","纸","minecraft:crafting_shapeless","工作台（无序合成）","纸","minecraft:paper","1","否","","","","","","原料：树皮 <farmersdelight:tree_bark>；原料：树皮 <farmersdelight:tree_bark>；原料：树皮 <farmersdelight:tree_bark>",""
"farmersdelight","farmersdelight:cutting/lily_of_the_valley","白色染料","farmersdelight:cutting","切菜板","白色染料","minecraft:white_dye","2","否","","","","","","原料：铃兰 <minecraft:lily_of_the_valley>；工具：{""type"":""farmersdelight:item_ability"",""action"":""knife_dig""}；工具：#c:tools/knife",""
"kaleidoscope_cookery","kaleidoscope_cookery:millstone/string_from_light_blue_wool","线","kaleidoscope_cookery:millstone","自定义工序（kaleidoscope_cookery:millstone）","线","minecraft:string","3","否","","","","","","原料：淡蓝色羊毛 <minecraft:light_blue_wool>",""
"farmersdelight","farmersdelight:gray_canvas_sign","灰色粗布告示牌","minecraft:crafting_shapeless","工作台（无序合成）","灰色粗布告示牌","farmersdelight:gray_canvas_sign","1","否","","","","","","原料：#farmersdelight:canvas_signs；原料：#c:dyes/gray",""
"farmersdelight","farmersdelight:cooking/fried_rice","炒饭","farmersdelight:cooking","烹饪锅","炒饭","farmersdelight:fried_rice","1","是","12","19.2","滋养 3600tick 1级 概率1","","","原料：#c:crops/rice；原料：#c:eggs；原料：#c:crops/carrot；原料：#c:crops/onion",""
"farmersdelight","farmersdelight:honey_cookie","蜂蜜曲奇","minecraft:crafting_shapeless","工作台（无序合成）","蜂蜜曲奇","farmersdelight:honey_cookie","8","是","2","0.4","","","","原料：蜂蜜瓶 <minecraft:honey_bottle>；原料：#c:crops/wheat；原料：#c:crops/wheat",""
"farmersdelight","farmersdelight:cutting/birch_log","去皮白桦原木","farmersdelight:cutting","切菜板","去皮白桦原木","minecraft:stripped_birch_log","1","否","","","","","","原料：白桦原木 <minecraft:birch_log>；工具：{""type"":""farmersdelight:item_ability"",""action"":""axe_strip""}；工具：#minecraft:axes",""
"farmersdelight","farmersdelight:black_hanging_canvas_sign","悬挂式黑色粗布告示牌","minecraft:crafting_shapeless","工作台（无序合成）","悬挂式黑色粗布告示牌","farmersdelight:black_hanging_canvas_sign","1","否","","","","","","原料：#farmersdelight:hanging_canvas_signs；原料：#c:dyes/black",""
"farmersdelight","farmersdelight:cutting/warped_stem","去皮诡异菌柄","farmersdelight:cutting","切菜板","去皮诡异菌柄","minecraft:stripped_warped_stem","1","否","","","","","","原料：诡异菌柄 <minecraft:warped_stem>；工具：{""type"":""farmersdelight:item_ability"",""action"":""axe_strip""}；工具：#minecraft:axes",""
"spawn","spawn:big_snail_shell","大蜗牛壳","minecraft:crafting_shaped","工作台（有序合成）","大蜗牛壳","spawn:big_snail_shell","1","否","","","","","","[空原料或模组自定义参数]；[空原料或模组自定义参数]；[空原料或模组自定义参数]；[空原料或模组自定义参数]；[空原料或模组自定义参数]；[空原料或模组自定义参数]；[空原料或模组自定义参数]；[空原料或模组自定义参数]；[空原料或模组自定义参数]",""
"farmersdelight","farmersdelight:jungle_cabinet","丛林木橱柜","minecraft:crafting_shaped","工作台（有序合成）","丛林木橱柜","farmersdelight:jungle_cabinet","1","否","","","","","","[空原料或模组自定义参数]；[空原料或模组自定义参数]；[空原料或模组自定义参数]；[空原料或模组自定义参数]；[空原料或模组自定义参数]；[空原料或模组自定义参数]；[空原料或模组自定义参数]；[空原料或模组自定义参数]；[空原料或模组自定义参数]",""
"kaleidoscope_cookery","kaleidoscope_cookery:flex_stockpot/chicken_and_mushroom_stew","小鸡炖蘑菇","kaleidoscope_cookery:flex_stockpot","自定义工序（kaleidoscope_cookery:flex_stockpot）","小鸡炖蘑菇","kaleidoscope_cookery:chicken_and_mushroom_stew","1","是","6","8.004","温暖 9600tick 1级 概率1","","","原料：#c:foods/raw_chicken；原料：#c:mushrooms",""
"farmersdelight","farmersdelight:iron_nugget_from_blasting_knife","铁粒","minecraft:blasting","高炉","铁粒","minecraft:iron_nugget","1","否","","","","0.1","100","原料：铁刀 <farmersdelight:iron_knife>",""
"kaleidoscope_cookery","kaleidoscope_cookery:flex_pot/scramble_egg_with_tomatoes","番茄炒蛋","kaleidoscope_cookery:flex_pot","自定义工序（kaleidoscope_cookery:flex_pot）","番茄炒蛋","kaleidoscope_cookery:scramble_egg_with_tomatoes","1","是","9","10.998","活力 1800tick 1级 概率1","","","原料：#c:eggs；原料：#c:crops/tomato；容器/载体：碗 <minecraft:bowl>",""
"farmersdelight","farmersdelight:blue_hanging_canvas_sign","悬挂式蓝色粗布告示牌","minecraft:crafting_shapeless","工作台（无序合成）","悬挂式蓝色粗布告示牌","farmersdelight:blue_hanging_canvas_sign","1","否","","","","","","原料：#farmersdelight:hanging_canvas_signs；原料：#c:dyes/blue",""
"farmersdelight","farmersdelight:cutting/poppy","红色染料","farmersdelight:cutting","切菜板","红色染料","minecraft:red_dye","2","否","","","","","","原料：虞美人 <minecraft:poppy>；工具：{""type"":""farmersdelight:item_ability"",""action"":""knife_dig""}；工具：#c:tools/knife",""
"spawn","spawn:cooked_tuna_slice","熟金枪鱼片","minecraft:smelting","熔炉","熟金枪鱼片","spawn:cooked_tuna_slice","1","是","4","4","","0.35","200","原料：金枪鱼片 <spawn:tuna_slice>",""
"kaleidoscope_cookery","kaleidoscope_cookery:millstone/string_from_yellow_wool","线","kaleidoscope_cookery:millstone","自定义工序（kaleidoscope_cookery:millstone）","线","minecraft:string","3","否","","","","","","原料：黄色羊毛 <minecraft:yellow_wool>",""
"kaleidoscope_cookery","kaleidoscope_cookery:millstone/redstone_from_redstone_ore","红石粉","kaleidoscope_cookery:millstone","自定义工序（kaleidoscope_cookery:millstone）","红石粉","minecraft:redstone","7","否","","","","","","原料：红石矿石 <minecraft:redstone_ore>",""
"kaleidoscope_cookery","kaleidoscope_cookery:pot/sweet_and_sour_pork","糖醋里脊","kaleidoscope_cookery:pot","自定义工序（kaleidoscope_cookery:pot）","糖醋里脊","kaleidoscope_cookery:sweet_and_sour_pork","1","是","9","10.998","活力 1800tick 1级 概率1","","","原料：糖 <minecraft:sugar>；原料：糖 <minecraft:sugar>；原料：糖 <minecraft:sugar>；原料：#c:foods/raw_pork；原料：#c:foods/raw_pork；原料：#c:foods/raw_pork；容器/载体：碗 <minecraft:bowl>",""
"farmersdelight","farmersdelight:sweet_berry_cookie","甜浆果曲奇","minecraft:crafting_shapeless","工作台（无序合成）","甜浆果曲奇","farmersdelight:sweet_berry_cookie","8","是","2","0.4","","","","原料：甜浆果 <minecraft:sweet_berries>；原料：#c:crops/wheat；原料：#c:crops/wheat",""
"kaleidoscope_cookery","kaleidoscope_cookery:stockpot/braised_beef_with_potatoes","土豆炖牛肉","kaleidoscope_cookery:stockpot","万花筒汤锅","土豆炖牛肉","kaleidoscope_cookery:braised_beef_with_potatoes","1","是","6","8.004","温暖 9600tick 1级 概率1","","","原料：马铃薯 <minecraft:potato>；原料：马铃薯 <minecraft:potato>；原料：马铃薯 <minecraft:potato>；原料：#c:foods/raw_beef；原料：#c:foods/raw_beef",""
"farmersdelight","farmersdelight:beetroot_crate","箱装甜菜根","minecraft:crafting_shaped","工作台（有序合成）","箱装甜菜根","farmersdelight:beetroot_crate","1","否","","","","","","[空原料或模组自定义参数]；[空原料或模组自定义参数]；[空原料或模组自定义参数]；[空原料或模组自定义参数]；[空原料或模组自定义参数]；[空原料或模组自定义参数]；[空原料或模组自定义参数]；[空原料或模组自定义参数]；[空原料或模组自定义参数]",""
"kaleidoscope_cookery","kaleidoscope_cookery:scarecrow","稻草人","minecraft:crafting_shaped","工作台（有序合成）","稻草人","kaleidoscope_cookery:scarecrow","1","否","","","","","","[空原料或模组自定义参数]；[空原料或模组自定义参数]；[空原料或模组自定义参数]；[空原料或模组自定义参数]；[空原料或模组自定义参数]；[空原料或模组自定义参数]；[空原料或模组自定义参数]；[空原料或模组自定义参数]；[空原料或模组自定义参数]",""
"kaleidoscope_cookery","kaleidoscope_cookery:pot/fried_caterpillar","油炸猪儿虫","kaleidoscope_cookery:pot","自定义工序（kaleidoscope_cookery:pot）","油炸猪儿虫","kaleidoscope_cookery:fried_caterpillar","1","是","12","19.2","胀气 200tick 1级 概率1","","","原料：#kaleidoscope_cookery:caterpillars；原料：#kaleidoscope_cookery:caterpillars；原料：#kaleidoscope_cookery:caterpillars；容器/载体：碗 <minecraft:bowl>",""
"spawn","spawn:stripped_rotten_wood","去皮腐木","minecraft:crafting_shaped","工作台（有序合成）","去皮腐木","spawn:stripped_rotten_wood","3","否","","","","","","[空原料或模组自定义参数]；[空原料或模组自定义参数]；[空原料或模组自定义参数]；[空原料或模组自定义参数]",""
"kaleidoscope_cookery","kaleidoscope_cookery:millstone/string_from_gray_wool","线","kaleidoscope_cookery:millstone","自定义工序（kaleidoscope_cookery:millstone）","线","minecraft:string","3","否","","","","","","原料：灰色羊毛 <minecraft:gray_wool>",""
"farmersdelight","farmersdelight:pink_hanging_canvas_sign","悬挂式粉红色粗布告示牌","minecraft:crafting_shapeless","工作台（无序合成）","悬挂式粉红色粗布告示牌","farmersdelight:pink_hanging_canvas_sign","1","否","","","","","","原料：#farmersdelight:hanging_canvas_signs；原料：#c:dyes/pink",""
"kaleidoscope_cookery","kaleidoscope_cookery:stockpot/warped_fungus_pot_soup","诡异菌瓦罐汤","kaleidoscope_cookery:stockpot","万花筒汤锅","诡异菌瓦罐汤","kaleidoscope_cookery:warped_fungus_pot_soup","1","是","18","24.012","抗火 2400tick 1级 概率1","","","原料：诡异菌 <minecraft:warped_fungus>；原料：诡异菌 <minecraft:warped_fungus>；原料：诡异菌 <minecraft:warped_fungus>；原料：诡异菌 <minecraft:warped_fungus>；原料：诡异菌 <minecraft:warped_fungus>；原料：诡异菌 <minecraft:warped_fungus>；容器/载体：花盆 <minecraft:flower_pot>",""
"farmersdelight","farmersdelight:yellow_canvas_sign","黄色粗布告示牌","minecraft:crafting_shapeless","工作台（无序合成）","黄色粗布告示牌","farmersdelight:yellow_canvas_sign","1","否","","","","","","原料：#farmersdelight:canvas_signs；原料：#c:dyes/yellow",""
"farmersdelight","farmersdelight:salvaging/leather_horse_armor","皮革","farmersdelight:cutting","切菜板","皮革","minecraft:leather","2","否","","","","","","原料：皮革马铠 <minecraft:leather_horse_armor>；工具：{""type"":""farmersdelight:item_ability"",""action"":""shears_dig""}；工具：#c:tools/shear",""
"spawn","spawn:cut_blasted_sandstone_from_blasted_sandstone_stonecutting","切制荒砂岩","minecraft:stonecutting","自定义工序（minecraft:stonecutting）","切制荒砂岩","spawn:cut_blasted_sandstone","1","否","","","","","","原料：荒砂岩 <spawn:blasted_sandstone>",""
"farmersdelight","farmersdelight:salvaging/chest_minecart","矿车","farmersdelight:cutting","切菜板","矿车","minecraft:minecart","1","否","","","","","","原料：运输矿车 <minecraft:chest_minecart>；工具：{""type"":""farmersdelight:item_ability"",""action"":""hoe_dig""}；工具：#minecraft:hoes",""
"farmersdelight","farmersdelight:lime_canvas_sign","黄绿色粗布告示牌","minecraft:crafting_shapeless","工作台（无序合成）","黄绿色粗布告示牌","farmersdelight:lime_canvas_sign","1","否","","","","","","原料：#farmersdelight:canvas_signs；原料：#c:dyes/lime",""
"kaleidoscope_cookery","kaleidoscope_cookery:pot/dongpo_pork","东坡肉","kaleidoscope_cookery:pot","自定义工序（kaleidoscope_cookery:pot）","东坡肉","kaleidoscope_cookery:dongpo_pork","1","是","20","22","饱腹代偿 1600tick 1级 概率1","","","原料：竹子 <minecraft:bamboo>；原料：竹子 <minecraft:bamboo>；原料：#c:foods/raw_pork；原料：#c:foods/raw_pork；原料：#c:foods/raw_pork；原料：#c:foods/raw_pork；原料：#c:foods/raw_pork；原料：#c:foods/raw_pork；容器/载体：碗 <minecraft:bowl>",""
"kaleidoscope_cookery","kaleidoscope_cookery:stove_soul_campfire","炉灶","minecraft:crafting_shaped","工作台（有序合成）","炉灶","kaleidoscope_cookery:stove","1","否","","","","","","[空原料或模组自定义参数]；[空原料或模组自定义参数]；[空原料或模组自定义参数]；[空原料或模组自定义参数]；[空原料或模组自定义参数]；[空原料或模组自定义参数]；[空原料或模组自定义参数]；[空原料或模组自定义参数]；[空原料或模组自定义参数]",""
"kaleidoscope_cookery","kaleidoscope_cookery:pot/raw_cut_small_meats_to_cooked_cut_small_meats_9","熟切制小肉","kaleidoscope_cookery:pot","自定义工序（kaleidoscope_cookery:pot）","熟切制小肉","kaleidoscope_cookery:cooked_cut_small_meats","9","是","4","6.4","","","","原料：生切制小肉 <kaleidoscope_cookery:raw_cut_small_meats>；原料：生切制小肉 <kaleidoscope_cookery:raw_cut_small_meats>；原料：生切制小肉 <kaleidoscope_cookery:raw_cut_small_meats>；原料：生切制小肉 <kaleidoscope_cookery:raw_cut_small_meats>；原料：生切制小肉 <kaleidoscope_cookery:raw_cut_small_meats>；原料：生切制小肉 <kaleidoscope_cookery:raw_cut_small_meats>；原料：生切制小肉 <kaleidoscope_cookery:raw_cut_small_meats>；原料：生切制小肉 <kaleidoscope_cookery:raw_cut_small_meats>；原料：生切制小肉 <kaleidoscope_cookery:raw_cut_small_meats>",""
"kaleidoscope_cookery","kaleidoscope_cookery:pot/raw_cut_small_meats_to_cooked_cut_small_meats_6","熟切制小肉","kaleidoscope_cookery:pot","自定义工序（kaleidoscope_cookery:pot）","熟切制小肉","kaleidoscope_cookery:cooked_cut_small_meats","6","是","4","6.4","","","","原料：生切制小肉 <kaleidoscope_cookery:raw_cut_small_meats>；原料：生切制小肉 <kaleidoscope_cookery:raw_cut_small_meats>；原料：生切制小肉 <kaleidoscope_cookery:raw_cut_small_meats>；原料：生切制小肉 <kaleidoscope_cookery:raw_cut_small_meats>；原料：生切制小肉 <kaleidoscope_cookery:raw_cut_small_meats>；原料：生切制小肉 <kaleidoscope_cookery:raw_cut_small_meats>",""
"kaleidoscope_cookery","kaleidoscope_cookery:pot/raw_cut_small_meats_to_cooked_cut_small_meats_5","熟切制小肉","kaleidoscope_cookery:pot","自定义工序（kaleidoscope_cookery:pot）","熟切制小肉","kaleidoscope_cookery:cooked_cut_small_meats","5","是","4","6.4","","","","原料：生切制小肉 <kaleidoscope_cookery:raw_cut_small_meats>；原料：生切制小肉 <kaleidoscope_cookery:raw_cut_small_meats>；原料：生切制小肉 <kaleidoscope_cookery:raw_cut_small_meats>；原料：生切制小肉 <kaleidoscope_cookery:raw_cut_small_meats>；原料：生切制小肉 <kaleidoscope_cookery:raw_cut_small_meats>",""
"kaleidoscope_cookery","kaleidoscope_cookery:pot/raw_cut_small_meats_to_cooked_cut_small_meats_8","熟切制小肉","kaleidoscope_cookery:pot","自定义工序（kaleidoscope_cookery:pot）","熟切制小肉","kaleidoscope_cookery:cooked_cut_small_meats","8","是","4","6.4","","","","原料：生切制小肉 <kaleidoscope_cookery:raw_cut_small_meats>；原料：生切制小肉 <kaleidoscope_cookery:raw_cut_small_meats>；原料：生切制小肉 <kaleidoscope_cookery:raw_cut_small_meats>；原料：生切制小肉 <kaleidoscope_cookery:raw_cut_small_meats>；原料：生切制小肉 <kaleidoscope_cookery:raw_cut_small_meats>；原料：生切制小肉 <kaleidoscope_cookery:raw_cut_small_meats>；原料：生切制小肉 <kaleidoscope_cookery:raw_cut_small_meats>；原料：生切制小肉 <kaleidoscope_cookery:raw_cut_small_meats>",""
"kaleidoscope_cookery","kaleidoscope_cookery:pot/raw_cut_small_meats_to_cooked_cut_small_meats_7","熟切制小肉","kaleidoscope_cookery:pot","自定义工序（kaleidoscope_cookery:pot）","熟切制小肉","kaleidoscope_cookery:cooked_cut_small_meats","7","是","4","6.4","","","","原料：生切制小肉 <kaleidoscope_cookery:raw_cut_small_meats>；原料：生切制小肉 <kaleidoscope_cookery:raw_cut_small_meats>；原料：生切制小肉 <kaleidoscope_cookery:raw_cut_small_meats>；原料：生切制小肉 <kaleidoscope_cookery:raw_cut_small_meats>；原料：生切制小肉 <kaleidoscope_cookery:raw_cut_small_meats>；原料：生切制小肉 <kaleidoscope_cookery:raw_cut_small_meats>；原料：生切制小肉 <kaleidoscope_cookery:raw_cut_small_meats>",""
"kaleidoscope_cookery","kaleidoscope_cookery:pot/raw_cut_small_meats_to_cooked_cut_small_meats_2","熟切制小肉","kaleidoscope_cookery:pot","自定义工序（kaleidoscope_cookery:pot）","熟切制小肉","kaleidoscope_cookery:cooked_cut_small_meats","2","是","4","6.4","","","","原料：生切制小肉 <kaleidoscope_cookery:raw_cut_small_meats>；原料：生切制小肉 <kaleidoscope_cookery:raw_cut_small_meats>",""
"kaleidoscope_cookery","kaleidoscope_cookery:pot/raw_cut_small_meats_to_cooked_cut_small_meats_1","熟切制小肉","kaleidoscope_cookery:pot","自定义工序（kaleidoscope_cookery:pot）","熟切制小肉","kaleidoscope_cookery:cooked_cut_small_meats","1","是","4","6.4","","","","原料：生切制小肉 <kaleidoscope_cookery:raw_cut_small_meats>",""
"kaleidoscope_cookery","kaleidoscope_cookery:pot/raw_cut_small_meats_to_cooked_cut_small_meats_4","熟切制小肉","kaleidoscope_cookery:pot","自定义工序（kaleidoscope_cookery:pot）","熟切制小肉","kaleidoscope_cookery:cooked_cut_small_meats","4","是","4","6.4","","","","原料：生切制小肉 <kaleidoscope_cookery:raw_cut_small_meats>；原料：生切制小肉 <kaleidoscope_cookery:raw_cut_small_meats>；原料：生切制小肉 <kaleidoscope_cookery:raw_cut_small_meats>；原料：生切制小肉 <kaleidoscope_cookery:raw_cut_small_meats>",""
"kaleidoscope_cookery","kaleidoscope_cookery:pot/raw_cut_small_meats_to_cooked_cut_small_meats_3","熟切制小肉","kaleidoscope_cookery:pot","自定义工序（kaleidoscope_cookery:pot）","熟切制小肉","kaleidoscope_cookery:cooked_cut_small_meats","3","是","4","6.4","","","","原料：生切制小肉 <kaleidoscope_cookery:raw_cut_small_meats>；原料：生切制小肉 <kaleidoscope_cookery:raw_cut_small_meats>；原料：生切制小肉 <kaleidoscope_cookery:raw_cut_small_meats>",""
"farmersdelight","farmersdelight:pumpkin_seeds_from_slice","南瓜种子","minecraft:crafting_shapeless","工作台（无序合成）","南瓜种子","minecraft:pumpkin_seeds","1","否","","","","","","原料：南瓜片 <farmersdelight:pumpkin_slice>",""
"farmersdelight","farmersdelight:bamboo_basket","竹篮","minecraft:crafting_shaped","工作台（有序合成）","竹篮","farmersdelight:bamboo_basket","1","否","","","","","","[空原料或模组自定义参数]；[空原料或模组自定义参数]；[空原料或模组自定义参数]；[空原料或模组自定义参数]；[空原料或模组自定义参数]；[空原料或模组自定义参数]；[空原料或模组自定义参数]；[空原料或模组自定义参数]；[空原料或模组自定义参数]",""
"kaleidoscope_cookery","kaleidoscope_cookery:stockpot/hui_noodle","羊肉烩面","kaleidoscope_cookery:stockpot","万花筒汤锅","羊肉烩面","kaleidoscope_cookery:hui_noodle","1","是","14","18.004","生机 9600tick 1级 概率1","","","原料：#c:foods/raw_mutton；原料：#c:foods/raw_mutton；原料：#c:foods/raw_mutton；原料：#c:foods/raw_mutton；原料：生面条 <kaleidoscope_cookery:raw_noodles>；原料：生面条 <kaleidoscope_cookery:raw_noodles>；原料：生面条 <kaleidoscope_cookery:raw_noodles>",""
"kaleidoscope_cookery","kaleidoscope_cookery:diamond_kitchen_knife","钻石菜刀","minecraft:crafting_shaped","工作台（有序合成）","钻石菜刀","kaleidoscope_cookery:diamond_kitchen_knife","1","否","","","","","","[空原料或模组自定义参数]；[空原料或模组自定义参数]；[空原料或模组自定义参数]；[空原料或模组自定义参数]",""
"spawn","spawn:clam_case_purple","紫色蚌盒","minecraft:crafting_shaped","工作台（有序合成）","紫色蚌盒","spawn:clam_case_purple","1","否","","","","","","[空原料或模组自定义参数]；[空原料或模组自定义参数]；[空原料或模组自定义参数]；[空原料或模组自定义参数]；[空原料或模组自定义参数]；[空原料或模组自定义参数]；[空原料或模组自定义参数]；[空原料或模组自定义参数]；[空原料或模组自定义参数]",""
"ordertocook","ordertocook:chef_coin_20_from_5","20 oTc币","minecraft:crafting_shapeless","工作台（无序合成）","20 oTc币","ordertocook:chef_coin_20","1","否","","","","","","原料：5 oTc币 <ordertocook:chef_coin_5>；原料：5 oTc币 <ordertocook:chef_coin_5>；原料：5 oTc币 <ordertocook:chef_coin_5>；原料：5 oTc币 <ordertocook:chef_coin_5>",""
"kaleidoscope_cookery","kaleidoscope_cookery:flex_pot/braised_beef","红烧牛肉","kaleidoscope_cookery:flex_pot","自定义工序（kaleidoscope_cookery:flex_pot）","红烧牛肉","kaleidoscope_cookery:braised_beef","1","是","9","10.998","活力 1800tick 1级 概率1","","","原料：#c:foods/raw_beef；原料：#c:crops/chilipepper；容器/载体：碗 <minecraft:bowl>",""
"spawn","spawn:cooked_bluefish_slice","熟扁鲹片","minecraft:smelting","熔炉","熟扁鲹片","spawn:cooked_bluefish_slice","1","是","3","3","","0.35","200","原料：扁鲹片 <spawn:bluefish_slice>",""
"kaleidoscope_cookery","kaleidoscope_cookery:millstone/yellow_dye_from_sunflower","黄色染料","kaleidoscope_cookery:millstone","自定义工序（kaleidoscope_cookery:millstone）","黄色染料","minecraft:yellow_dye","3","否","","","","","","原料：向日葵 <minecraft:sunflower>",""
"kaleidoscope_cookery","kaleidoscope_cookery:chopping_board/raw_pork_belly","生五花肉","kaleidoscope_cookery:chopping_board","自定义工序（kaleidoscope_cookery:chopping_board）","生五花肉","kaleidoscope_cookery:raw_pork_belly","2","是","2","1.2","","","","原料：生猪排 <minecraft:porkchop>",""
"kaleidoscope_cookery","kaleidoscope_cookery:stockpot/dough_drop_soup","疙瘩汤","kaleidoscope_cookery:stockpot","万花筒汤锅","疙瘩汤","kaleidoscope_cookery:dough_drop_soup","1","是","8","16","温暖 1600tick 1级 概率1","","","原料：#c:crops/lettuce；原料：#c:crops/lettuce；原料：#c:crops/lettuce；原料：#c:crops/lettuce；原料：#c:flour；原料：#c:flour",""
"farmersdelight","farmersdelight:cabbage","卷心菜","minecraft:crafting_shapeless","工作台（无序合成）","卷心菜","farmersdelight:cabbage","9","是","2","1.6","","","","原料：箱装卷心菜 <farmersdelight:cabbage_crate>",""
"spawn","spawn:red_algae_from_red_algae_block","红藻","minecraft:crafting_shapeless","工作台（无序合成）","红藻","spawn:red_algae","9","否","","","","","","原料：红藻块 <spawn:red_algae_block>",""
"farmersdelight","farmersdelight:iron_knife","铁刀","minecraft:crafting_shaped","工作台（有序合成）","铁刀","farmersdelight:iron_knife","1","否","","","","","","[空原料或模组自定义参数]；[空原料或模组自定义参数]",""
"farmersdelight","farmersdelight:cutting/blue_orchid","淡蓝色染料","farmersdelight:cutting","切菜板","淡蓝色染料","minecraft:light_blue_dye","2","否","","","","","","原料：兰花 <minecraft:blue_orchid>；工具：{""type"":""farmersdelight:item_ability"",""action"":""knife_dig""}；工具：#c:tools/knife",""
"farmersdelight","farmersdelight:rice_bag","袋装稻米","minecraft:crafting_shaped","工作台（有序合成）","袋装稻米","farmersdelight:rice_bag","1","否","","","","","","[空原料或模组自定义参数]；[空原料或模组自定义参数]；[空原料或模组自定义参数]；[空原料或模组自定义参数]；[空原料或模组自定义参数]；[空原料或模组自定义参数]；[空原料或模组自定义参数]；[空原料或模组自定义参数]；[空原料或模组自定义参数]",""
"farmersdelight","farmersdelight:chicken_sandwich","鸡肉三明治","minecraft:crafting_shapeless","工作台（无序合成）","鸡肉三明治","farmersdelight:chicken_sandwich","1","是","10","16","","","","原料：#c:foods/bread；原料：#c:foods/cooked_chicken；原料：#c:foods/leafy_green；原料：#c:crops/carrot",""
"kaleidoscope_cookery","kaleidoscope_cookery:flex_pot/sweet_and_sour_pork","糖醋里脊","kaleidoscope_cookery:flex_pot","自定义工序（kaleidoscope_cookery:flex_pot）","糖醋里脊","kaleidoscope_cookery:sweet_and_sour_pork","1","是","9","10.998","活力 1800tick 1级 概率1","","","原料：#c:foods/raw_pork；原料：糖 <minecraft:sugar>；容器/载体：碗 <minecraft:bowl>",""
"spawn","spawn:reefstone_tile_slab","礁石台阶","minecraft:crafting_shaped","工作台（有序合成）","礁石台阶","spawn:reefstone_tile_slab","6","否","","","","","","[空原料或模组自定义参数]；[空原料或模组自定义参数]；[空原料或模组自定义参数]",""
"farmersdelight","farmersdelight:cooked_salmon_slice","熟鲑鱼片","minecraft:smelting","熔炉","熟鲑鱼片","farmersdelight:cooked_salmon_slice","1","是","3","4.8","","0.35","200","原料：生鲑鱼片 <farmersdelight:salmon_slice>",""
"kaleidoscope_cookery","kaleidoscope_cookery:chair_bamboo","竹椅子","minecraft:crafting_shaped","工作台（有序合成）","竹椅子","kaleidoscope_cookery:chair_bamboo","1","否","","","","","","[空原料或模组自定义参数]；[空原料或模组自定义参数]；[空原料或模组自定义参数]；[空原料或模组自定义参数]；[空原料或模组自定义参数]；[空原料或模组自定义参数]；[空原料或模组自定义参数]；[空原料或模组自定义参数]；[空原料或模组自定义参数]",""
"spawn","spawn:cutting/date_log","去皮椰枣原木","farmersdelight:cutting","切菜板","去皮椰枣原木","spawn:stripped_date_log","1","否","","","","","","原料：椰枣原木 <spawn:date_log>；工具：{""type"":""farmersdelight:item_ability"",""action"":""axe_strip""}",""
"farmersdelight","farmersdelight:birch_cabinet","白桦木橱柜","minecraft:crafting_shaped","工作台（有序合成）","白桦木橱柜","farmersdelight:birch_cabinet","1","否","","","","","","[空原料或模组自定义参数]；[空原料或模组自定义参数]；[空原料或模组自定义参数]；[空原料或模组自定义参数]；[空原料或模组自定义参数]；[空原料或模组自定义参数]；[空原料或模组自定义参数]；[空原料或模组自定义参数]；[空原料或模组自定义参数]",""
"kaleidoscope_cookery","kaleidoscope_cookery:pot/stargazy_pie","仰望星空派","kaleidoscope_cookery:pot","自定义工序（kaleidoscope_cookery:pot）","仰望星空派","kaleidoscope_cookery:stargazy_pie","1","是","13","15.99","胀气 600tick 1级 概率1；霉运 3600tick 1级 概率1","","","原料：南瓜派 <minecraft:pumpkin_pie>；原料：#c:raw_fishes；原料：#c:raw_fishes；原料：#c:raw_fishes；原料：#c:raw_fishes；原料：#c:raw_fishes；容器/载体：碗 <minecraft:bowl>",""
"farmersdelight","farmersdelight:brown_canvas_sign","棕色粗布告示牌","minecraft:crafting_shapeless","工作台（无序合成）","棕色粗布告示牌","farmersdelight:brown_canvas_sign","1","否","","","","","","原料：#farmersdelight:canvas_signs；原料：#c:dyes/brown",""
"kaleidoscope_cookery","kaleidoscope_cookery:chopping_board/cooked_cow_offal","熟牛杂","kaleidoscope_cookery:chopping_board","自定义工序（kaleidoscope_cookery:chopping_board）","熟牛杂","kaleidoscope_cookery:cooked_cow_offal","2","是","4","6.4","","","","原料：牛排 <minecraft:cooked_beef>",""
"farmersdelight","farmersdelight:cutting/wild_rice","稻米","farmersdelight:cutting","切菜板","稻米","kaleidoscope_cookery:rice","1","否","","","","","","原料：野生稻米 <farmersdelight:wild_rice>；工具：{""type"":""farmersdelight:item_ability"",""action"":""knife_dig""}；工具：#c:tools/knife",""
"kaleidoscope_cookery","kaleidoscope_cookery:millstone/white_dye_from_white_tulip","白色染料","kaleidoscope_cookery:millstone","自定义工序（kaleidoscope_cookery:millstone）","白色染料","minecraft:white_dye","2","否","","","","","","原料：白色郁金香 <minecraft:white_tulip>",""
"farmersdelight","farmersdelight:canvas","粗布","minecraft:crafting_shaped","工作台（有序合成）","粗布","farmersdelight:canvas","1","否","","","","","","[空原料或模组自定义参数]；[空原料或模组自定义参数]；[空原料或模组自定义参数]；[空原料或模组自定义参数]",""
"spawn","spawn:blasted_sandstone","荒砂岩","minecraft:crafting_shaped","工作台（有序合成）","荒砂岩","spawn:blasted_sandstone","1","否","","","","","","[空原料或模组自定义参数]；[空原料或模组自定义参数]；[空原料或模组自定义参数]；[空原料或模组自定义参数]",""
"kaleidoscope_cookery","kaleidoscope_cookery:millstone/smooth_sandstone_from_sand","平滑砂岩","kaleidoscope_cookery:millstone","自定义工序（kaleidoscope_cookery:millstone）","平滑砂岩","minecraft:smooth_sandstone","1","否","","","","","","原料：#c:sands/colorless",""
"kaleidoscope_cookery","kaleidoscope_cookery:cook_stool_crimson","绯红木厨娘凳","minecraft:crafting_shaped","工作台（有序合成）","绯红木厨娘凳","kaleidoscope_cookery:cook_stool_crimson","1","否","","","","","","[空原料或模组自定义参数]；[空原料或模组自定义参数]；[空原料或模组自定义参数]；[空原料或模组自定义参数]；[空原料或模组自定义参数]；[空原料或模组自定义参数]",""
"spawn","spawn:cut_blasted_sandstone_slab_from_cut_blasted_sandstone_stonecutting","切制荒砂岩台阶","minecraft:stonecutting","自定义工序（minecraft:stonecutting）","切制荒砂岩台阶","spawn:cut_blasted_sandstone_slab","2","否","","","","","","原料：切制荒砂岩 <spawn:cut_blasted_sandstone>",""
"kaleidoscope_cookery","kaleidoscope_cookery:millstone/coal_from_deepslate_coal_ore","煤炭","kaleidoscope_cookery:millstone","自定义工序（kaleidoscope_cookery:millstone）","煤炭","minecraft:coal","3","否","","","","","","原料：深层煤矿石 <minecraft:deepslate_coal_ore>",""
"farmersdelight","farmersdelight:chopping_board/add/cabbage_leaf","卷心菜叶","kaleidoscope_cookery:chopping_board","自定义工序（kaleidoscope_cookery:chopping_board）","卷心菜叶","farmersdelight:cabbage_leaf","2","是","1","0.8","","","","原料：卷心菜 <farmersdelight:cabbage>",""
"spawn","spawn:reefstone_tiles_stonecutting","礁石瓦","minecraft:stonecutting","自定义工序（minecraft:stonecutting）","礁石瓦","spawn:reefstone_tiles","1","否","","","","","","原料：礁石 <spawn:reefstone>",""
"farmersdelight","farmersdelight:cutting/rice_panicle","稻米","farmersdelight:cutting","切菜板","稻米","kaleidoscope_cookery:rice","1","否","","","","","","原料：稻米穗 <farmersdelight:rice_panicle>；工具：{""type"":""farmersdelight:item_ability"",""action"":""knife_dig""}；工具：#c:tools/knife",""
"kaleidoscope_cookery","kaleidoscope_cookery:flex_stockpot/seafood_miso_soup_tropical_entity","海鲜味噌汤","kaleidoscope_cookery:flex_stockpot","自定义工序（kaleidoscope_cookery:flex_stockpot）","海鲜味噌汤","kaleidoscope_cookery:seafood_miso_soup","1","是","6","8.004","水下呼吸 9600tick 1级 概率1","","","原料：#c:crops/lettuce",""
"kaleidoscope_cookery","kaleidoscope_cookery:millstone/raw_copper_from_copper_ore","粗铜","kaleidoscope_cookery:millstone","自定义工序（kaleidoscope_cookery:millstone）","粗铜","minecraft:raw_copper","5","否","","","","","","原料：铜矿石 <minecraft:copper_ore>",""
"farmersdelight","farmersdelight:cutting/pumpkin","南瓜片","farmersdelight:cutting","切菜板","南瓜片","farmersdelight:pumpkin_slice","4","是","3","1.8000001","","","","原料：南瓜 <minecraft:pumpkin>；工具：{""type"":""farmersdelight:item_ability"",""action"":""knife_dig""}；工具：#c:tools/knife",""
"spawn","spawn:salvaging/rotten_furniture","腐木木板","farmersdelight:cutting","切菜板","腐木木板","spawn:rotten_planks","1","否","","","","","","原料：{""type"":""neoforge:compound"",""children"":[{""item"":""spawn:rotten_door""},{""item"":""spawn:rotten_trapdoor""},{""item"":""spawn:rotten_sign""},{""item"":""spawn:rotten_hanging_sign""},{""item"":""spawn:rotten_fence""},{""item"":""spawn:rotten_fence_gate""},{""item"":""spawn:rotten_pressure_plate""},{""item"":""spawn:rotten_button""},{""item"":""spawn:rotten_boat""}]}；工具：{""type"":""farmersdelight:item_ability"",""action"":""axe_dig""}；工具：#minecraft:axes",""
"kaleidoscope_cookery","kaleidoscope_cookery:pot/beef_to_cooked_beef_1","牛排","kaleidoscope_cookery:pot","自定义工序（kaleidoscope_cookery:pot）","牛排","minecraft:cooked_beef","1","是","8","12.8","","","","原料：生牛肉 <minecraft:beef>",""
"farmersdelight","farmersdelight:salvaging/saddle","皮革","farmersdelight:cutting","切菜板","皮革","minecraft:leather","2","否","","","","","","原料：鞍 <minecraft:saddle>；工具：{""type"":""farmersdelight:item_ability"",""action"":""shears_dig""}；工具：#c:tools/shear",""
"kaleidoscope_cookery","kaleidoscope_cookery:pot/beef_to_cooked_beef_7","牛排","kaleidoscope_cookery:pot","自定义工序（kaleidoscope_cookery:pot）","牛排","minecraft:cooked_beef","7","是","8","12.8","","","","原料：生牛肉 <minecraft:beef>；原料：生牛肉 <minecraft:beef>；原料：生牛肉 <minecraft:beef>；原料：生牛肉 <minecraft:beef>；原料：生牛肉 <minecraft:beef>；原料：生牛肉 <minecraft:beef>；原料：生牛肉 <minecraft:beef>",""
"kaleidoscope_cookery","kaleidoscope_cookery:pot/beef_to_cooked_beef_6","牛排","kaleidoscope_cookery:pot","自定义工序（kaleidoscope_cookery:pot）","牛排","minecraft:cooked_beef","6","是","8","12.8","","","","原料：生牛肉 <minecraft:beef>；原料：生牛肉 <minecraft:beef>；原料：生牛肉 <minecraft:beef>；原料：生牛肉 <minecraft:beef>；原料：生牛肉 <minecraft:beef>；原料：生牛肉 <minecraft:beef>",""
"kaleidoscope_cookery","kaleidoscope_cookery:pot/beef_to_cooked_beef_9","牛排","kaleidoscope_cookery:pot","自定义工序（kaleidoscope_cookery:pot）","牛排","minecraft:cooked_beef","9","是","8","12.8","","","","原料：生牛肉 <minecraft:beef>；原料：生牛肉 <minecraft:beef>；原料：生牛肉 <minecraft:beef>；原料：生牛肉 <minecraft:beef>；原料：生牛肉 <minecraft:beef>；原料：生牛肉 <minecraft:beef>；原料：生牛肉 <minecraft:beef>；原料：生牛肉 <minecraft:beef>；原料：生牛肉 <minecraft:beef>",""
"kaleidoscope_cookery","kaleidoscope_cookery:pot/beef_to_cooked_beef_8","牛排","kaleidoscope_cookery:pot","自定义工序（kaleidoscope_cookery:pot）","牛排","minecraft:cooked_beef","8","是","8","12.8","","","","原料：生牛肉 <minecraft:beef>；原料：生牛肉 <minecraft:beef>；原料：生牛肉 <minecraft:beef>；原料：生牛肉 <minecraft:beef>；原料：生牛肉 <minecraft:beef>；原料：生牛肉 <minecraft:beef>；原料：生牛肉 <minecraft:beef>；原料：生牛肉 <minecraft:beef>",""
"kaleidoscope_cookery","kaleidoscope_cookery:pot/beef_to_cooked_beef_3","牛排","kaleidoscope_cookery:pot","自定义工序（kaleidoscope_cookery:pot）","牛排","minecraft:cooked_beef","3","是","8","12.8","","","","原料：生牛肉 <minecraft:beef>；原料：生牛肉 <minecraft:beef>；原料：生牛肉 <minecraft:beef>",""
"kaleidoscope_cookery","kaleidoscope_cookery:pot/beef_to_cooked_beef_2","牛排","kaleidoscope_cookery:pot","自定义工序（kaleidoscope_cookery:pot）","牛排","minecraft:cooked_beef","2","是","8","12.8","","","","原料：生牛肉 <minecraft:beef>；原料：生牛肉 <minecraft:beef>",""
"kaleidoscope_cookery","kaleidoscope_cookery:pot/beef_to_cooked_beef_5","牛排","kaleidoscope_cookery:pot","自定义工序（kaleidoscope_cookery:pot）","牛排","minecraft:cooked_beef","5","是","8","12.8","","","","原料：生牛肉 <minecraft:beef>；原料：生牛肉 <minecraft:beef>；原料：生牛肉 <minecraft:beef>；原料：生牛肉 <minecraft:beef>；原料：生牛肉 <minecraft:beef>",""
"kaleidoscope_cookery","kaleidoscope_cookery:pot/beef_to_cooked_beef_4","牛排","kaleidoscope_cookery:pot","自定义工序（kaleidoscope_cookery:pot）","牛排","minecraft:cooked_beef","4","是","8","12.8","","","","原料：生牛肉 <minecraft:beef>；原料：生牛肉 <minecraft:beef>；原料：生牛肉 <minecraft:beef>；原料：生牛肉 <minecraft:beef>",""
"farmersdelight","farmersdelight:integration/create/mixing/pie_crust_from_mixing","馅饼酥皮","create:mixing","搅拌盆","馅饼酥皮","farmersdelight:pie_crust","1","是","2","0.8","","","","原料：小麦面粉 <create:wheat_flour>；原料：小麦面粉 <create:wheat_flour>；原料：小麦面粉 <create:wheat_flour>；原料：#c:milk",""
"spawn","spawn:date_fence","椰枣木栅栏","minecraft:crafting_shaped","工作台（有序合成）","椰枣木栅栏","spawn:date_fence","3","否","","","","","","[空原料或模组自定义参数]；[空原料或模组自定义参数]；[空原料或模组自定义参数]；[空原料或模组自定义参数]；[空原料或模组自定义参数]；[空原料或模组自定义参数]",""
"farmersdelight","farmersdelight:rice","屏障","minecraft:crafting_shapeless","工作台（无序合成）","屏障","minecraft:barrier","1","否","","","","","","原料：稻米穗 <farmersdelight:rice_panicle>",""
"kaleidoscope_cookery","kaleidoscope_cookery:millstone/redstone_from_deepslate_redstone_ore","红石粉","kaleidoscope_cookery:millstone","自定义工序（kaleidoscope_cookery:millstone）","红石粉","minecraft:redstone","7","否","","","","","","原料：深层红石矿石 <minecraft:deepslate_redstone_ore>",""
"kaleidoscope_cookery","kaleidoscope_cookery:kitchen_shovel","锅铲","minecraft:crafting_shaped","工作台（有序合成）","锅铲","kaleidoscope_cookery:kitchen_shovel","1","否","","","","","","[空原料或模组自定义参数]；[空原料或模组自定义参数]；[空原料或模组自定义参数]；[空原料或模组自定义参数]；[空原料或模组自定义参数]；[空原料或模组自定义参数]；[空原料或模组自定义参数]；[空原料或模组自定义参数]；[空原料或模组自定义参数]",""
"spawn","spawn:octoduct","章鱼洞","minecraft:crafting_shaped","工作台（有序合成）","章鱼洞","spawn:octoduct","1","否","","","","","","[空原料或模组自定义参数]；[空原料或模组自定义参数]",""
"farmersdelight","farmersdelight:crimson_cabinet","绯红木橱柜","minecraft:crafting_shaped","工作台（有序合成）","绯红木橱柜","farmersdelight:crimson_cabinet","1","否","","","","","","[空原料或模组自定义参数]；[空原料或模组自定义参数]；[空原料或模组自定义参数]；[空原料或模组自定义参数]；[空原料或模组自定义参数]；[空原料或模组自定义参数]；[空原料或模组自定义参数]；[空原料或模组自定义参数]；[空原料或模组自定义参数]",""
"farmersdelight","farmersdelight:cutting/cooked_mutton","屏障","minecraft:crafting_shapeless","工作台（无序合成）","屏障","minecraft:barrier","1","否","","","","","","原料：熟羊肉 <minecraft:cooked_mutton>；工具：{""type"":""farmersdelight:item_ability"",""action"":""knife_dig""}；工具：#c:tools/knife",""
"kaleidoscope_cookery","kaleidoscope_cookery:teapot/tieguanyin","铁观音","kaleidoscope_cookery:teapot","自定义工序（kaleidoscope_cookery:teapot）","铁观音","kaleidoscope_cookery:tieguanyin","1","否","","","","","","原料：铁粒 <minecraft:iron_nugget>",""
"kaleidoscope_cookery","kaleidoscope_cookery:millstone/string_from_white_wool","线","kaleidoscope_cookery:millstone","自定义工序（kaleidoscope_cookery:millstone）","线","minecraft:string","3","否","","","","","","原料：白色羊毛 <minecraft:white_wool>",""
"farmersdelight","farmersdelight:scaffolding_from_canvas","脚手架","minecraft:crafting_shaped","工作台（有序合成）","脚手架","minecraft:scaffolding","6","否","","","","","","[空原料或模组自定义参数]；[空原料或模组自定义参数]；[空原料或模组自定义参数]；[空原料或模组自定义参数]；[空原料或模组自定义参数]；[空原料或模组自定义参数]；[空原料或模组自定义参数]；[空原料或模组自定义参数]；[空原料或模组自定义参数]",""
"kaleidoscope_cookery","kaleidoscope_cookery:chair_dark_oak","深色橡木椅子","minecraft:crafting_shaped","工作台（有序合成）","深色橡木椅子","kaleidoscope_cookery:chair_dark_oak","1","否","","","","","","[空原料或模组自定义参数]；[空原料或模组自定义参数]；[空原料或模组自定义参数]；[空原料或模组自定义参数]；[空原料或模组自定义参数]；[空原料或模组自定义参数]；[空原料或模组自定义参数]；[空原料或模组自定义参数]；[空原料或模组自定义参数]",""
"ordertocook","ordertocook:chef_coin_5_from_20","5 oTc币","minecraft:crafting_shapeless","工作台（无序合成）","5 oTc币","ordertocook:chef_coin_5","4","否","","","","","","原料：20 oTc币 <ordertocook:chef_coin_20>",""
"spawn","spawn:date_hanging_sign","悬挂式椰枣木告示牌","minecraft:crafting_shaped","工作台（有序合成）","悬挂式椰枣木告示牌","spawn:date_hanging_sign","6","否","","","","","","[空原料或模组自定义参数]；[空原料或模组自定义参数]；[空原料或模组自定义参数]；[空原料或模组自定义参数]；[空原料或模组自定义参数]；[空原料或模组自定义参数]；[空原料或模组自定义参数]；[空原料或模组自定义参数]；[空原料或模组自定义参数]",""
"kaleidoscope_cookery","kaleidoscope_cookery:raw_bamboo_tube_rice","生竹筒饭","minecraft:crafting_shapeless","工作台（无序合成）","生竹筒饭","kaleidoscope_cookery:raw_bamboo_tube_rice","1","否","","","","","","原料：竹子 <minecraft:bamboo>；原料：#c:grain/rice；原料：#c:raw_meats",""
"spawn","spawn:rotten_chest_boat","腐木运输船","minecraft:crafting_shapeless","工作台（无序合成）","腐木运输船","spawn:rotten_chest_boat","1","否","","","","","","原料：箱子 <minecraft:chest>；原料：腐木船 <spawn:rotten_boat>",""
"kaleidoscope_cookery","kaleidoscope_cookery:stockpot/buddha_jumps_over_the_wall","佛跳墙","kaleidoscope_cookery:stockpot","万花筒汤锅","佛跳墙","kaleidoscope_cookery:buddha_jumps_over_the_wall","1","是","20","22","饱腹代偿 3600tick 1级 概率1","","","原料：#c:eggs；原料：#c:eggs；原料：幻翼膜 <minecraft:phantom_membrane>；原料：幻翼膜 <minecraft:phantom_membrane>；原料：#c:crops/lettuce；原料：#c:crops/lettuce；原料：#c:crops/lettuce；原料：#c:crops/lettuce；容器/载体：花盆 <minecraft:flower_pot>",""
"kaleidoscope_cookery","kaleidoscope_cookery:flex_stockpot/numbing_spicy_chicken","椒麻鸡","kaleidoscope_cookery:flex_stockpot","自定义工序（kaleidoscope_cookery:flex_stockpot）","椒麻鸡","kaleidoscope_cookery:numbing_spicy_chicken","1","是","13","15.99","抗火 2400tick 1级 概率1","","","原料：#c:crops/chilipepper；原料：#c:foods/raw_chicken",""
"ordertocook","ordertocook:chef_coin_5_from_1","5 oTc币","minecraft:crafting_shapeless","工作台（无序合成）","5 oTc币","ordertocook:chef_coin_5","1","否","","","","","","原料：1 oTc币 <ordertocook:chef_coin_1>；原料：1 oTc币 <ordertocook:chef_coin_1>；原料：1 oTc币 <ordertocook:chef_coin_1>；原料：1 oTc币 <ordertocook:chef_coin_1>；原料：1 oTc币 <ordertocook:chef_coin_1>",""
"kaleidoscope_cookery","kaleidoscope_cookery:stuffed_dough_food","裹馅面食","minecraft:crafting_shapeless","工作台（无序合成）","裹馅面食","kaleidoscope_cookery:stuffed_dough_food","1","否","","","","","","原料：#c:raw_meats；原料：#c:vegetables；原料：#c:dough",""
"spawn","spawn:big_sea_pickle","大海泡菜","minecraft:crafting_shaped","工作台（有序合成）","大海泡菜","spawn:big_sea_pickle","1","否","","","","","","[空原料或模组自定义参数]；[空原料或模组自定义参数]；[空原料或模组自定义参数]；[空原料或模组自定义参数]",""
"kaleidoscope_cookery","kaleidoscope_cookery:golden_salad","黄金沙拉","minecraft:crafting_shapeless","工作台（无序合成）","黄金沙拉","kaleidoscope_cookery:golden_salad","1","是","20","22","抗性提升 2000tick 1级 概率1；生命恢复 200tick 1级 概率1","","","原料：金苹果 <minecraft:golden_apple>；原料：金苹果 <minecraft:golden_apple>；原料：金胡萝卜 <minecraft:golden_carrot>；原料：金胡萝卜 <minecraft:golden_carrot>；原料：闪烁的西瓜片 <minecraft:glistering_melon_slice>；原料：闪烁的西瓜片 <minecraft:glistering_melon_slice>；原料：碗 <minecraft:bowl>",""
"kaleidoscope_cookery","kaleidoscope_cookery:flex_stockpot/udon_noodle","乌冬面","kaleidoscope_cookery:flex_stockpot","自定义工序（kaleidoscope_cookery:flex_stockpot）","乌冬面","kaleidoscope_cookery:udon_noodle","1","是","14","18.004","生机 9600tick 1级 概率1","","","原料：#c:crops/lettuce；原料：#c:eggs；原料：生面条 <kaleidoscope_cookery:raw_noodles>",""
"ordertocook","ordertocook:order_machine","打单机","minecraft:crafting_shaped","工作台（有序合成）","打单机","ordertocook:order_machine","1","否","","","","","","[空原料或模组自定义参数]；[空原料或模组自定义参数]；[空原料或模组自定义参数]；[空原料或模组自定义参数]；[空原料或模组自定义参数]；[空原料或模组自定义参数]；[空原料或模组自定义参数]；[空原料或模组自定义参数]；[空原料或模组自定义参数]",""
"spawn","spawn:snail_shell_tile_stairs_stonecutting","蜗牛壳瓦楼梯","minecraft:stonecutting","自定义工序（minecraft:stonecutting）","蜗牛壳瓦楼梯","spawn:snail_shell_tile_stairs","1","否","","","","","","原料：蜗牛壳瓦 <spawn:snail_shell_tiles>",""
"farmersdelight","farmersdelight:pumpkin_pie_from_slices","南瓜派","minecraft:crafting_shaped","工作台（有序合成）","南瓜派","minecraft:pumpkin_pie","1","是","8","4.8","","","","[空原料或模组自定义参数]；[空原料或模组自定义参数]；[空原料或模组自定义参数]；[空原料或模组自定义参数]",""
"kaleidoscope_cookery","kaleidoscope_cookery:millstone/string_from_brown_wool","线","kaleidoscope_cookery:millstone","自定义工序（kaleidoscope_cookery:millstone）","线","minecraft:string","3","否","","","","","","原料：棕色羊毛 <minecraft:brown_wool>",""
"kaleidoscope_cookery","kaleidoscope_cookery:millstone/orange_dye_from_orange_tulip","橙色染料","kaleidoscope_cookery:millstone","自定义工序（kaleidoscope_cookery:millstone）","橙色染料","minecraft:orange_dye","2","否","","","","","","原料：橙色郁金香 <minecraft:orange_tulip>",""
"farmersdelight","farmersdelight:cutting/white_tulip","淡灰色染料","farmersdelight:cutting","切菜板","淡灰色染料","minecraft:light_gray_dye","2","否","","","","","","原料：白色郁金香 <minecraft:white_tulip>；工具：{""type"":""farmersdelight:item_ability"",""action"":""knife_dig""}；工具：#c:tools/knife",""
"kaleidoscope_cookery","kaleidoscope_cookery:flex_stockpot/spicy_blood_stew","毛血旺","kaleidoscope_cookery:flex_stockpot","自定义工序（kaleidoscope_cookery:flex_stockpot）","毛血旺","kaleidoscope_cookery:spicy_blood_stew","1","是","13","15.99","抗火 1600tick 1级 概率1","","","原料：#c:foods/raw_pork；原料：#c:crops/chilipepper；原料：烈焰粉 <minecraft:blaze_powder>",""
"kaleidoscope_cookery","kaleidoscope_cookery:stockpot/seafood_miso_soup","海鲜味噌汤","kaleidoscope_cookery:stockpot","万花筒汤锅","海鲜味噌汤","kaleidoscope_cookery:seafood_miso_soup","1","是","6","8.004","水下呼吸 9600tick 1级 概率1","","","原料：#c:raw_fishes；原料：#c:raw_fishes；原料：#c:crops/lettuce；原料：#c:crops/lettuce；原料：#c:crops/lettuce",""
"farmersdelight","farmersdelight:potato_crate","箱装马铃薯","minecraft:crafting_shaped","工作台（有序合成）","箱装马铃薯","farmersdelight:potato_crate","1","否","","","","","","[空原料或模组自定义参数]；[空原料或模组自定义参数]；[空原料或模组自定义参数]；[空原料或模组自定义参数]；[空原料或模组自定义参数]；[空原料或模组自定义参数]；[空原料或模组自定义参数]；[空原料或模组自定义参数]；[空原料或模组自定义参数]",""
"kaleidoscope_cookery","kaleidoscope_cookery:berry_platter","浆果拼盘","minecraft:crafting_shapeless","工作台（无序合成）","浆果拼盘","kaleidoscope_cookery:berry_platter","1","否","","","","","","原料：甜浆果 <minecraft:sweet_berries>；原料：甜浆果 <minecraft:sweet_berries>；原料：甜浆果 <minecraft:sweet_berries>；原料：甜浆果 <minecraft:sweet_berries>；原料：发光浆果 <minecraft:glow_berries>；原料：发光浆果 <minecraft:glow_berries>；原料：发光浆果 <minecraft:glow_berries>；原料：发光浆果 <minecraft:glow_berries>；原料：碗 <minecraft:bowl>",""
"farmersdelight","farmersdelight:cod_roll","鳕鱼寿司","minecraft:crafting_shapeless","工作台（无序合成）","鳕鱼寿司","farmersdelight:cod_roll","2","是","7","8.400001","","","","原料：生鳕鱼片 <farmersdelight:cod_slice>；原料：生鳕鱼片 <farmersdelight:cod_slice>；原料：米饭 <farmersdelight:cooked_rice>",""
"spawn","spawn:cooked_clam_from_campfire_cooking","熟蚌肉","minecraft:campfire_cooking","营火","熟蚌肉","spawn:cooked_clam","1","是","3","3","","0.35","600","原料：蚌 <spawn:clam>",""
"kaleidoscope_cookery","kaleidoscope_cookery:flex_pot/crystal_lamb_chop","水晶羊排","kaleidoscope_cookery:flex_pot","自定义工序（kaleidoscope_cookery:flex_pot）","水晶羊排","kaleidoscope_cookery:crystal_lamb_chop","1","是","13","15.99","急迫 6000tick 2级 概率1","","","原料：紫水晶碎片 <minecraft:amethyst_shard>；原料：#c:foods/raw_mutton；容器/载体：碗 <minecraft:bowl>",""
"kaleidoscope_cookery","kaleidoscope_cookery:farmer_boots","农夫皮靴","minecraft:crafting_shaped","工作台（有序合成）","农夫皮靴","kaleidoscope_cookery:farmer_boots","1","否","","","","","","[空原料或模组自定义参数]；[空原料或模组自定义参数]；[空原料或模组自定义参数]；[空原料或模组自定义参数]；[空原料或模组自定义参数]；[空原料或模组自定义参数]",""
"spawn","spawn:blue_footed_boots","蓝脚靴","minecraft:crafting_shaped","工作台（有序合成）","蓝脚靴","spawn:blue_footed_boots","1","否","","","","","","[空原料或模组自定义参数]；[空原料或模组自定义参数]；[空原料或模组自定义参数]；[空原料或模组自定义参数]；[空原料或模组自定义参数]；[空原料或模组自定义参数]；[空原料或模组自定义参数]；[空原料或模组自定义参数]；[空原料或模组自定义参数]",""
"spawn","spawn:snail_shell_tile_slab_stonecutting","蜗牛壳瓦台阶","minecraft:stonecutting","自定义工序（minecraft:stonecutting）","蜗牛壳瓦台阶","spawn:snail_shell_tile_slab","2","否","","","","","","原料：蜗牛壳瓦 <spawn:snail_shell_tiles>",""
"kaleidoscope_cookery","kaleidoscope_cookery:pot","炒锅","minecraft:crafting_shaped","工作台（有序合成）","炒锅","kaleidoscope_cookery:pot","1","否","","","","","","[空原料或模组自定义参数]；[空原料或模组自定义参数]；[空原料或模组自定义参数]；[空原料或模组自定义参数]；[空原料或模组自定义参数]；[空原料或模组自定义参数]；[空原料或模组自定义参数]；[空原料或模组自定义参数]；[空原料或模组自定义参数]",""
"farmersdelight","farmersdelight:full_tatami_mat_from_halves","长榻榻米垫","minecraft:crafting_shapeless","工作台（无序合成）","长榻榻米垫","farmersdelight:full_tatami_mat","1","否","","","","","","原料：短榻榻米垫 <farmersdelight:half_tatami_mat>；原料：短榻榻米垫 <farmersdelight:half_tatami_mat>",""
"farmersdelight","farmersdelight:beef_patty","牛肉饼","minecraft:smelting","熔炉","牛肉饼","farmersdelight:beef_patty","1","是","4","6.4","","0.35","200","原料：牛肉馅 <farmersdelight:minced_beef>",""
"kaleidoscope_cookery","kaleidoscope_cookery:stockpot/lamb_and_radish_soup","萝卜羊肉汤","kaleidoscope_cookery:stockpot","万花筒汤锅","萝卜羊肉汤","kaleidoscope_cookery:lamb_and_radish_soup","1","是","6","8.004","寒带疾行 6000tick 1级 概率1","","","原料：胡萝卜 <minecraft:carrot>；原料：胡萝卜 <minecraft:carrot>；原料：胡萝卜 <minecraft:carrot>；原料：#c:foods/raw_mutton；原料：#c:foods/raw_mutton",""
"spawn","spawn:heliostone_stairs_stonecutting","日光石楼梯","minecraft:stonecutting","自定义工序（minecraft:stonecutting）","日光石楼梯","spawn:heliostone_stairs","1","否","","","","","","原料：日光石 <spawn:heliostone>",""
"farmersdelight","farmersdelight:salvaging/oak_chest_boat","橡木船","farmersdelight:cutting","切菜板","橡木船","minecraft:oak_boat","1","否","","","","","","原料：橡木运输船 <minecraft:oak_chest_boat>；工具：{""type"":""farmersdelight:item_ability"",""action"":""hoe_dig""}；工具：#minecraft:hoes",""
"farmersdelight","farmersdelight:tomato","番茄","minecraft:crafting_shapeless","工作台（无序合成）","番茄","kaleidoscope_cookery:tomato","9","是","2","2","","","","原料：箱装番茄 <farmersdelight:tomato_crate>",""
"farmersdelight","farmersdelight:dark_oak_cabinet","深色橡木橱柜","minecraft:crafting_shaped","工作台（有序合成）","深色橡木橱柜","farmersdelight:dark_oak_cabinet","1","否","","","","","","[空原料或模组自定义参数]；[空原料或模组自定义参数]；[空原料或模组自定义参数]；[空原料或模组自定义参数]；[空原料或模组自定义参数]；[空原料或模组自定义参数]；[空原料或模组自定义参数]；[空原料或模组自定义参数]；[空原料或模组自定义参数]",""
"spawn","spawn:rotten_slab","腐木台阶","minecraft:crafting_shaped","工作台（有序合成）","腐木台阶","spawn:rotten_slab","6","否","","","","","","[空原料或模组自定义参数]；[空原料或模组自定义参数]；[空原料或模组自定义参数]",""
"kaleidoscope_cookery","kaleidoscope_cookery:millstone/green_dye_from_large_fern","绿色染料","kaleidoscope_cookery:millstone","自定义工序（kaleidoscope_cookery:millstone）","绿色染料","minecraft:green_dye","3","否","","","","","","原料：大型蕨 <minecraft:large_fern>",""
"spawn","spawn:reefstone_stairs","礁石楼梯","minecraft:crafting_shaped","工作台（有序合成）","礁石楼梯","spawn:reefstone_stairs","4","否","","","","","","[空原料或模组自定义参数]；[空原料或模组自定义参数]；[空原料或模组自定义参数]；[空原料或模组自定义参数]；[空原料或模组自定义参数]；[空原料或模组自定义参数]；[空原料或模组自定义参数]；[空原料或模组自定义参数]；[空原料或模组自定义参数]",""
"farmersdelight","farmersdelight:hamburger","汉堡包","minecraft:crafting_shapeless","工作台（无序合成）","汉堡包","farmersdelight:hamburger","1","是","11","17.6","","","","原料：#c:foods/bread；原料：牛肉饼 <farmersdelight:beef_patty>；原料：#c:foods/leafy_green；原料：#c:crops/tomato；原料：#c:crops/onion",""
"spawn","spawn:snail_shell_tile_stairs","蜗牛壳瓦楼梯","minecraft:crafting_shaped","工作台（有序合成）","蜗牛壳瓦楼梯","spawn:snail_shell_tile_stairs","4","否","","","","","","[空原料或模组自定义参数]；[空原料或模组自定义参数]；[空原料或模组自定义参数]；[空原料或模组自定义参数]；[空原料或模组自定义参数]；[空原料或模组自定义参数]；[空原料或模组自定义参数]；[空原料或模组自定义参数]；[空原料或模组自定义参数]",""
"farmersdelight","farmersdelight:cooking/vegetable_soup","蔬菜汤","farmersdelight:cooking","烹饪锅","蔬菜汤","farmersdelight:vegetable_soup","1","是","12","19.2","滋养 3600tick 1级 概率1","","","原料：#c:crops/carrot；原料：#c:crops/potato；原料：#c:crops/beetroot；原料：#c:foods/leafy_green",""
"kaleidoscope_cookery","kaleidoscope_cookery:flex_stockpot/wild_mushroom_rabbit_soup","野菌兔肉汤","kaleidoscope_cookery:flex_stockpot","自定义工序（kaleidoscope_cookery:flex_stockpot）","野菌兔肉汤","kaleidoscope_cookery:wild_mushroom_rabbit_soup","1","是","6","8.004","迅捷 9600tick 1级 概率1","","","原料：生兔肉 <minecraft:rabbit>；原料：#c:mushrooms",""
"kaleidoscope_cookery","kaleidoscope_cookery:millstone/red_dye_from_red_tulip","红色染料","kaleidoscope_cookery:millstone","自定义工序（kaleidoscope_cookery:millstone）","红色染料","minecraft:red_dye","2","否","","","","","","原料：红色郁金香 <minecraft:red_tulip>",""
"kaleidoscope_cookery","kaleidoscope_cookery:flex_stockpot/seafood_miso_soup_salmon_entity","海鲜味噌汤","kaleidoscope_cookery:flex_stockpot","自定义工序（kaleidoscope_cookery:flex_stockpot）","海鲜味噌汤","kaleidoscope_cookery:seafood_miso_soup","1","是","6","8.004","水下呼吸 9600tick 1级 概率1","","","原料：#c:crops/lettuce",""
"kaleidoscope_cookery","kaleidoscope_cookery:pot/porkchop_to_cooked_porkchop_1","熟猪排","kaleidoscope_cookery:pot","自定义工序（kaleidoscope_cookery:pot）","熟猪排","minecraft:cooked_porkchop","1","是","8","12.8","","","","原料：生猪排 <minecraft:porkchop>",""
"farmersdelight","farmersdelight:pot/add/cooked_chicken_cuts","熟鸡肉丁","kaleidoscope_cookery:pot","自定义工序（kaleidoscope_cookery:pot）","熟鸡肉丁","farmersdelight:cooked_chicken_cuts","1","是","3","3.6000001","","","","原料：生鸡肉丁 <farmersdelight:chicken_cuts>",""
"kaleidoscope_cookery","kaleidoscope_cookery:pot/porkchop_to_cooked_porkchop_9","熟猪排","kaleidoscope_cookery:pot","自定义工序（kaleidoscope_cookery:pot）","熟猪排","minecraft:cooked_porkchop","9","是","8","12.8","","","","原料：生猪排 <minecraft:porkchop>；原料：生猪排 <minecraft:porkchop>；原料：生猪排 <minecraft:porkchop>；原料：生猪排 <minecraft:porkchop>；原料：生猪排 <minecraft:porkchop>；原料：生猪排 <minecraft:porkchop>；原料：生猪排 <minecraft:porkchop>；原料：生猪排 <minecraft:porkchop>；原料：生猪排 <minecraft:porkchop>",""
"kaleidoscope_cookery","kaleidoscope_cookery:pot/porkchop_to_cooked_porkchop_8","熟猪排","kaleidoscope_cookery:pot","自定义工序（kaleidoscope_cookery:pot）","熟猪排","minecraft:cooked_porkchop","8","是","8","12.8","","","","原料：生猪排 <minecraft:porkchop>；原料：生猪排 <minecraft:porkchop>；原料：生猪排 <minecraft:porkchop>；原料：生猪排 <minecraft:porkchop>；原料：生猪排 <minecraft:porkchop>；原料：生猪排 <minecraft:porkchop>；原料：生猪排 <minecraft:porkchop>；原料：生猪排 <minecraft:porkchop>",""
"kaleidoscope_cookery","kaleidoscope_cookery:pot/porkchop_to_cooked_porkchop_7","熟猪排","kaleidoscope_cookery:pot","自定义工序（kaleidoscope_cookery:pot）","熟猪排","minecraft:cooked_porkchop","7","是","8","12.8","","","","原料：生猪排 <minecraft:porkchop>；原料：生猪排 <minecraft:porkchop>；原料：生猪排 <minecraft:porkchop>；原料：生猪排 <minecraft:porkchop>；原料：生猪排 <minecraft:porkchop>；原料：生猪排 <minecraft:porkchop>；原料：生猪排 <minecraft:porkchop>",""
"kaleidoscope_cookery","kaleidoscope_cookery:pot/porkchop_to_cooked_porkchop_6","熟猪排","kaleidoscope_cookery:pot","自定义工序（kaleidoscope_cookery:pot）","熟猪排","minecraft:cooked_porkchop","6","是","8","12.8","","","","原料：生猪排 <minecraft:porkchop>；原料：生猪排 <minecraft:porkchop>；原料：生猪排 <minecraft:porkchop>；原料：生猪排 <minecraft:porkchop>；原料：生猪排 <minecraft:porkchop>；原料：生猪排 <minecraft:porkchop>",""
"kaleidoscope_cookery","kaleidoscope_cookery:pot/porkchop_to_cooked_porkchop_5","熟猪排","kaleidoscope_cookery:pot","自定义工序（kaleidoscope_cookery:pot）","熟猪排","minecraft:cooked_porkchop","5","是","8","12.8","","","","原料：生猪排 <minecraft:porkchop>；原料：生猪排 <minecraft:porkchop>；原料：生猪排 <minecraft:porkchop>；原料：生猪排 <minecraft:porkchop>；原料：生猪排 <minecraft:porkchop>",""
"kaleidoscope_cookery","kaleidoscope_cookery:pot/porkchop_to_cooked_porkchop_4","熟猪排","kaleidoscope_cookery:pot","自定义工序（kaleidoscope_cookery:pot）","熟猪排","minecraft:cooked_porkchop","4","是","8","12.8","","","","原料：生猪排 <minecraft:porkchop>；原料：生猪排 <minecraft:porkchop>；原料：生猪排 <minecraft:porkchop>；原料：生猪排 <minecraft:porkchop>",""
"kaleidoscope_cookery","kaleidoscope_cookery:pot/porkchop_to_cooked_porkchop_3","熟猪排","kaleidoscope_cookery:pot","自定义工序（kaleidoscope_cookery:pot）","熟猪排","minecraft:cooked_porkchop","3","是","8","12.8","","","","原料：生猪排 <minecraft:porkchop>；原料：生猪排 <minecraft:porkchop>；原料：生猪排 <minecraft:porkchop>",""
"kaleidoscope_cookery","kaleidoscope_cookery:pot/porkchop_to_cooked_porkchop_2","熟猪排","kaleidoscope_cookery:pot","自定义工序（kaleidoscope_cookery:pot）","熟猪排","minecraft:cooked_porkchop","2","是","8","12.8","","","","原料：生猪排 <minecraft:porkchop>；原料：生猪排 <minecraft:porkchop>",""
"farmersdelight","farmersdelight:cutting/cherry_log","去皮樱花原木","farmersdelight:cutting","切菜板","去皮樱花原木","minecraft:stripped_cherry_log","1","否","","","","","","原料：樱花原木 <minecraft:cherry_log>；工具：{""type"":""farmersdelight:item_ability"",""action"":""axe_strip""}；工具：#minecraft:axes",""
"spawn","spawn:roasted_sunflower_seeds_from_smoking","烘焙向日葵种子","minecraft:smoking","烟熏炉","烘焙向日葵种子","spawn:roasted_sunflower_seeds","1","是","3","1.2","","0.35","70","原料：向日葵种子 <spawn:sunflower_seeds>",""
"farmersdelight","farmersdelight:cutting/wild_cabbages","卷心菜种子","farmersdelight:cutting","切菜板","卷心菜种子","farmersdelight:cabbage_seeds","1","否","","","","","","原料：野生卷心菜 <farmersdelight:wild_cabbages>；工具：{""type"":""farmersdelight:item_ability"",""action"":""knife_dig""}；工具：#c:tools/knife",""
"kaleidoscope_cookery","kaleidoscope_cookery:chopping_board/raw_cut_small_meats_from_chicken","生切制小肉","kaleidoscope_cookery:chopping_board","自定义工序（kaleidoscope_cookery:chopping_board）","生切制小肉","kaleidoscope_cookery:raw_cut_small_meats","2","是","2","1.2","","","","原料：生鸡肉 <minecraft:chicken>",""
"farmersdelight","farmersdelight:gold_nugget_from_smelting_knife","金粒","minecraft:smelting","熔炉","金粒","minecraft:gold_nugget","1","否","","","","0.1","200","原料：金刀 <farmersdelight:golden_knife>",""
"kaleidoscope_cookery","kaleidoscope_cookery:pot/egg_to_fried_egg_8","煎蛋","kaleidoscope_cookery:pot","自定义工序（kaleidoscope_cookery:pot）","煎蛋","kaleidoscope_cookery:fried_egg","8","是","4","4","","","","原料：#c:eggs；原料：#c:eggs；原料：#c:eggs；原料：#c:eggs；原料：#c:eggs；原料：#c:eggs；原料：#c:eggs；原料：#c:eggs",""
"kaleidoscope_cookery","kaleidoscope_cookery:pot/egg_to_fried_egg_7","煎蛋","kaleidoscope_cookery:pot","自定义工序（kaleidoscope_cookery:pot）","煎蛋","kaleidoscope_cookery:fried_egg","7","是","4","4","","","","原料：#c:eggs；原料：#c:eggs；原料：#c:eggs；原料：#c:eggs；原料：#c:eggs；原料：#c:eggs；原料：#c:eggs",""
"kaleidoscope_cookery","kaleidoscope_cookery:pot/egg_to_fried_egg_6","煎蛋","kaleidoscope_cookery:pot","自定义工序（kaleidoscope_cookery:pot）","煎蛋","kaleidoscope_cookery:fried_egg","6","是","4","4","","","","原料：#c:eggs；原料：#c:eggs；原料：#c:eggs；原料：#c:eggs；原料：#c:eggs；原料：#c:eggs",""
"kaleidoscope_cookery","kaleidoscope_cookery:pot/egg_to_fried_egg_5","煎蛋","kaleidoscope_cookery:pot","自定义工序（kaleidoscope_cookery:pot）","煎蛋","kaleidoscope_cookery:fried_egg","5","是","4","4","","","","原料：#c:eggs；原料：#c:eggs；原料：#c:eggs；原料：#c:eggs；原料：#c:eggs",""
"kaleidoscope_cookery","kaleidoscope_cookery:pot/egg_to_fried_egg_4","煎蛋","kaleidoscope_cookery:pot","自定义工序（kaleidoscope_cookery:pot）","煎蛋","kaleidoscope_cookery:fried_egg","4","是","4","4","","","","原料：#c:eggs；原料：#c:eggs；原料：#c:eggs；原料：#c:eggs",""
"kaleidoscope_cookery","kaleidoscope_cookery:pot/egg_to_fried_egg_3","煎蛋","kaleidoscope_cookery:pot","自定义工序（kaleidoscope_cookery:pot）","煎蛋","kaleidoscope_cookery:fried_egg","3","是","4","4","","","","原料：#c:eggs；原料：#c:eggs；原料：#c:eggs",""
"kaleidoscope_cookery","kaleidoscope_cookery:pot/egg_to_fried_egg_2","煎蛋","kaleidoscope_cookery:pot","自定义工序（kaleidoscope_cookery:pot）","煎蛋","kaleidoscope_cookery:fried_egg","2","是","4","4","","","","原料：#c:eggs；原料：#c:eggs",""
"kaleidoscope_cookery","kaleidoscope_cookery:pot/egg_to_fried_egg_1","煎蛋","kaleidoscope_cookery:pot","自定义工序（kaleidoscope_cookery:pot）","煎蛋","kaleidoscope_cookery:fried_egg","1","是","4","4","","","","原料：#c:eggs",""
"farmersdelight","farmersdelight:cutting/ham","生猪排","farmersdelight:cutting","切菜板","生猪排","minecraft:porkchop","2","是","3","1.8000001","","","","原料：火腿 <farmersdelight:ham>；工具：{""type"":""farmersdelight:item_ability"",""action"":""knife_dig""}；工具：#c:tools/knife",""
"kaleidoscope_cookery","kaleidoscope_cookery:pot/egg_to_fried_egg_9","煎蛋","kaleidoscope_cookery:pot","自定义工序（kaleidoscope_cookery:pot）","煎蛋","kaleidoscope_cookery:fried_egg","9","是","4","4","","","","原料：#c:eggs；原料：#c:eggs；原料：#c:eggs；原料：#c:eggs；原料：#c:eggs；原料：#c:eggs；原料：#c:eggs；原料：#c:eggs；原料：#c:eggs",""
"kaleidoscope_cookery","kaleidoscope_cookery:stockpot/udon_noodle","乌冬面","kaleidoscope_cookery:stockpot","万花筒汤锅","乌冬面","kaleidoscope_cookery:udon_noodle","1","是","14","18.004","生机 9600tick 1级 概率1","","","原料：#c:crops/lettuce；原料：#c:crops/lettuce；原料：#c:eggs；原料：#c:eggs；原料：生面条 <kaleidoscope_cookery:raw_noodles>；原料：生面条 <kaleidoscope_cookery:raw_noodles>；原料：生面条 <kaleidoscope_cookery:raw_noodles>",""
"kaleidoscope_cookery","kaleidoscope_cookery:pot/slime_ball_meal","黏液饭","kaleidoscope_cookery:pot","自定义工序（kaleidoscope_cookery:pot）","黏液饭","kaleidoscope_cookery:slime_ball_meal","1","是","9","0","胀气 700tick 1级 概率1","","","原料：黏液球 <minecraft:slime_ball>；原料：黏液球 <minecraft:slime_ball>；原料：黏液球 <minecraft:slime_ball>；原料：黏液球 <minecraft:slime_ball>；原料：黏液球 <minecraft:slime_ball>；原料：黏液球 <minecraft:slime_ball>；容器/载体：碗 <minecraft:bowl>",""
"farmersdelight","farmersdelight:smoked_ham","烟熏火腿","minecraft:smoking","烟熏炉","烟熏火腿","farmersdelight:smoked_ham","1","是","10","16","","0.35","200","原料：火腿 <farmersdelight:ham>",""
"spawn","spawn:herring_roll","鲱鱼寿司","minecraft:crafting_shapeless","工作台（无序合成）","鲱鱼寿司","spawn:herring_roll","2","是","8","11.2","","","","原料：鲱鱼片 <spawn:herring_slice>；原料：鲱鱼片 <spawn:herring_slice>；原料：鲱鱼片 <spawn:herring_slice>；原料：米饭 <farmersdelight:cooked_rice>",""
"spawn","spawn:date_door","椰枣木门","minecraft:crafting_shaped","工作台（有序合成）","椰枣木门","spawn:date_door","3","否","","","","","","[空原料或模组自定义参数]；[空原料或模组自定义参数]；[空原料或模组自定义参数]；[空原料或模组自定义参数]；[空原料或模组自定义参数]；[空原料或模组自定义参数]",""
"farmersdelight","farmersdelight:rope_fence_gate","绳栅栏门","minecraft:crafting_shaped","工作台（有序合成）","绳栅栏门","farmersdelight:rope_fence_gate","1","否","","","","","","[空原料或模组自定义参数]；[空原料或模组自定义参数]；[空原料或模组自定义参数]；[空原料或模组自定义参数]；[空原料或模组自定义参数]；[空原料或模组自定义参数]",""
"spawn","spawn:rotten_button","腐木按钮","minecraft:crafting_shapeless","工作台（无序合成）","腐木按钮","spawn:rotten_button","1","否","","","","","","原料：腐木木板 <spawn:rotten_planks>",""
"farmersdelight","farmersdelight:cooking/apple_cider","苹果酒","farmersdelight:cooking","烹饪锅","苹果酒","farmersdelight:apple_cider","1","是","0","0","伤害吸收 1200tick 1级 概率1","","","原料：苹果 <minecraft:apple>；原料：苹果 <minecraft:apple>；原料：糖 <minecraft:sugar>",""
"farmersdelight","farmersdelight:integration/create/mixing/cabbage_slice_from_mixing","卷心菜叶","create:mixing","搅拌盆","卷心菜叶","farmersdelight:cabbage_leaf","2","是","1","0.8","","","","原料：卷心菜 <farmersdelight:cabbage>",""
"kaleidoscope_cookery","kaleidoscope_cookery:empty_cup","空茶杯","minecraft:crafting_shapeless","工作台（无序合成）","空茶杯","kaleidoscope_cookery:empty_cup","1","否","","","","","","原料：花盆 <minecraft:flower_pot>",""
"farmersdelight","farmersdelight:salvaging/acacia_furniture","金合欢木板","farmersdelight:cutting","切菜板","金合欢木板","minecraft:acacia_planks","1","否","","","","","","原料：{""type"":""neoforge:compound"",""children"":[{""item"":""minecraft:acacia_door""},{""item"":""minecraft:acacia_trapdoor""},{""item"":""minecraft:acacia_sign""},{""item"":""minecraft:acacia_hanging_sign""},{""item"":""minecraft:acacia_fence""},{""item"":""minecraft:acacia_fence_gate""},{""item"":""minecraft:acacia_pressure_plate""},{""item"":""minecraft:acacia_button""},{""item"":""minecraft:acacia_boat""},{""item"":""farmersdelight:acacia_cabinet""}]}；工具：{""type"":""farmersdelight:item_ability"",""action"":""axe_dig""}；工具：#minecraft:axes",""
"kaleidoscope_cookery","kaleidoscope_cookery:stockpot/four_joy_meatball_soup","四喜丸子汤","kaleidoscope_cookery:stockpot","万花筒汤锅","四喜丸子汤","kaleidoscope_cookery:four_joy_meatball_soup","1","是","13","15.99","温暖 1600tick 1级 概率1","","","原料：生丸子 <kaleidoscope_cookery:raw_meatball>；原料：生丸子 <kaleidoscope_cookery:raw_meatball>；原料：生丸子 <kaleidoscope_cookery:raw_meatball>；原料：生丸子 <kaleidoscope_cookery:raw_meatball>",""
"farmersdelight","farmersdelight:cutting/wither_rose","黑色染料","farmersdelight:cutting","切菜板","黑色染料","minecraft:black_dye","2","否","","","","","","原料：凋灵玫瑰 <minecraft:wither_rose>；工具：{""type"":""farmersdelight:item_ability"",""action"":""knife_dig""}；工具：#c:tools/knife",""
"farmersdelight","farmersdelight:cutting/porkchop","生培根","farmersdelight:cutting","切菜板","生培根","farmersdelight:bacon","2","是","2","1.2","","","","原料：生猪排 <minecraft:porkchop>；工具：{""type"":""farmersdelight:item_ability"",""action"":""knife_dig""}；工具：#c:tools/knife",""
"kaleidoscope_cookery","kaleidoscope_cookery:cook_stool_bamboo","竹厨娘凳","minecraft:crafting_shaped","工作台（有序合成）","竹厨娘凳","kaleidoscope_cookery:cook_stool_bamboo","1","否","","","","","","[空原料或模组自定义参数]；[空原料或模组自定义参数]；[空原料或模组自定义参数]；[空原料或模组自定义参数]；[空原料或模组自定义参数]；[空原料或模组自定义参数]",""
"kaleidoscope_cookery","kaleidoscope_cookery:millstone/quartz_from_chiseled_quartz_block","下界石英","kaleidoscope_cookery:millstone","自定义工序（kaleidoscope_cookery:millstone）","下界石英","minecraft:quartz","3","否","","","","","","原料：雕纹石英块 <minecraft:chiseled_quartz_block>",""
"farmersdelight","farmersdelight:lime_hanging_canvas_sign","悬挂式黄绿色粗布告示牌","minecraft:crafting_shapeless","工作台（无序合成）","悬挂式黄绿色粗布告示牌","farmersdelight:lime_hanging_canvas_sign","1","否","","","","","","原料：#farmersdelight:hanging_canvas_signs；原料：#c:dyes/lime",""
"farmersdelight","farmersdelight:pie_crust","馅饼酥皮","minecraft:crafting_shaped","工作台（有序合成）","馅饼酥皮","farmersdelight:pie_crust","1","是","2","0.8","","","","[空原料或模组自定义参数]；[空原料或模组自定义参数]；[空原料或模组自定义参数]；[空原料或模组自定义参数]；[空原料或模组自定义参数]；[空原料或模组自定义参数]",""
"farmersdelight","farmersdelight:cooked_chicken_cuts_from_campfire_cooking","熟鸡肉丁","minecraft:campfire_cooking","营火","熟鸡肉丁","farmersdelight:cooked_chicken_cuts","1","是","3","3.6000001","","0.35","600","原料：生鸡肉丁 <farmersdelight:chicken_cuts>",""
"farmersdelight","farmersdelight:apple_pie","苹果派","minecraft:crafting_shaped","工作台（有序合成）","苹果派","farmersdelight:apple_pie","1","否","","","","","","[空原料或模组自定义参数]；[空原料或模组自定义参数]；[空原料或模组自定义参数]；[空原料或模组自定义参数]；[空原料或模组自定义参数]；[空原料或模组自定义参数]；[空原料或模组自定义参数]；[空原料或模组自定义参数]；[空原料或模组自定义参数]",""
"farmersdelight","farmersdelight:black_canvas_sign","黑色粗布告示牌","minecraft:crafting_shapeless","工作台（无序合成）","黑色粗布告示牌","farmersdelight:black_canvas_sign","1","否","","","","","","原料：#farmersdelight:canvas_signs；原料：#c:dyes/black",""
"ordertocook","ordertocook:plate_shelf","餐盘架","minecraft:crafting_shaped","工作台（有序合成）","餐盘架","ordertocook:plate_shelf","1","否","","","","","","[空原料或模组自定义参数]；[空原料或模组自定义参数]；[空原料或模组自定义参数]；[空原料或模组自定义参数]；[空原料或模组自定义参数]；[空原料或模组自定义参数]",""
"farmersdelight","farmersdelight:purple_hanging_canvas_sign","悬挂式紫色粗布告示牌","minecraft:crafting_shapeless","工作台（无序合成）","悬挂式紫色粗布告示牌","farmersdelight:purple_hanging_canvas_sign","1","否","","","","","","原料：#farmersdelight:hanging_canvas_signs；原料：#c:dyes/purple",""
"farmersdelight","farmersdelight:cooked_cod_slice_from_smoking","熟鳕鱼片","minecraft:smoking","烟熏炉","熟鳕鱼片","farmersdelight:cooked_cod_slice","1","是","3","3","","0.35","100","原料：生鳕鱼片 <farmersdelight:cod_slice>",""
"spawn","spawn:mucus","粘痕","minecraft:crafting_shapeless","工作台（无序合成）","粘痕","spawn:mucus","9","否","","","","","","原料：粘痕块 <spawn:mucus_block>",""
"kaleidoscope_cookery","kaleidoscope_cookery:millstone/magenta_dye_from_allium","品红色染料","kaleidoscope_cookery:millstone","自定义工序（kaleidoscope_cookery:millstone）","品红色染料","minecraft:magenta_dye","2","否","","","","","","原料：绒球葱 <minecraft:allium>",""
"farmersdelight","farmersdelight:cooking/chicken_soup","鸡肉汤","farmersdelight:cooking","烹饪锅","鸡肉汤","farmersdelight:chicken_soup","1","是","12","19.2","滋养 3600tick 1级 概率1","","","原料：#c:foods/raw_chicken；原料：#c:crops/carrot；原料：#c:foods/leafy_green；原料：{""type"":""neoforge:difference"",""base"":{""tag"":""c:foods/vegetable""},""subtracted"":{""item"":""minecraft:melon_slice""}}",""
