"配方 ID","产物序号","产物中文名","产物 ID","数量","是否可食用","饥饿值","饱食度","食用效果/BUFF"
"farmersdelight:cutting/brown_mushroom_colony","1","棕色蘑菇","minecraft:brown_mushroom","5","否","","",""
"farmersdelight:chopping_board/add/sweet_berry_cheesecake_slice","1","甜浆果芝士派切片","farmersdelight:sweet_berry_cheesecake_slice","4","是","3","1.8000001","迅捷 600tick 1级 概率1"
"kaleidoscope_cookery:millstone/light_blue_dye_from_blue_orchid","1","淡蓝色染料","minecraft:light_blue_dye","2","否","","",""
"kaleidoscope_cookery:flex_pot/candied_potato","1","拔丝土豆","kaleidoscope_cookery:candied_potato","1","是","20","22","温暖 1600tick 1级 概率1"
"kaleidoscope_cookery:farmer_leggings","1","农夫长裤","kaleidoscope_cookery:farmer_leggings","1","否","","",""
"spawn:rotten_flesh_from_zombified_flower","1","腐肉","minecraft:rotten_flesh","3","是","4","0.8","饥饿 600tick 1级 概率0.800000011920929"
"kaleidoscope_cookery:flex_stockpot/hui_noodle","1","羊肉烩面","kaleidoscope_cookery:hui_noodle","1","是","14","18.004","生机 9600tick 1级 概率1"
"farmersdelight:cutting/ink_sac","1","黑色染料","minecraft:black_dye","2","否","","",""
"kaleidoscope_cookery:millstone/gold_nugget_from_gilded_blackstone","1","金粒","minecraft:gold_nugget","3","否","","",""
"farmersdelight:cooked_chicken_cuts_from_smoking","1","熟鸡肉丁","farmersdelight:cooked_chicken_cuts","1","是","3","3.6000001",""
"farmersdelight:sweet_berry_cheesecake","1","甜浆果芝士派","farmersdelight:sweet_berry_cheesecake","1","否","","",""
"spawn:rotten_stairs","1","腐木楼梯","spawn:rotten_stairs","4","否","","",""
"kaleidoscope_cookery:stockpot/shengjian_mantou_count_6","1","水煎包","kaleidoscope_cookery:shengjian_mantou","6","是","8","16","温暖 1600tick 1级 概率1"
"kaleidoscope_cookery:stockpot/shengjian_mantou_count_5","1","水煎包","kaleidoscope_cookery:shengjian_mantou","5","是","8","16","温暖 1600tick 1级 概率1"
"kaleidoscope_cookery:stockpot/shengjian_mantou_count_8","1","水煎包","kaleidoscope_cookery:shengjian_mantou","8","是","8","16","温暖 1600tick 1级 概率1"
"kaleidoscope_cookery:stockpot/shengjian_mantou_count_7","1","水煎包","kaleidoscope_cookery:shengjian_mantou","7","是","8","16","温暖 1600tick 1级 概率1"
"kaleidoscope_cookery:stockpot/shengjian_mantou_count_2","1","水煎包","kaleidoscope_cookery:shengjian_mantou","2","是","8","16","温暖 1600tick 1级 概率1"
"kaleidoscope_cookery:stockpot/shengjian_mantou_count_1","1","水煎包","kaleidoscope_cookery:shengjian_mantou","1","是","8","16","温暖 1600tick 1级 概率1"
"kaleidoscope_cookery:stockpot/shengjian_mantou_count_4","1","水煎包","kaleidoscope_cookery:shengjian_mantou","4","是","8","16","温暖 1600tick 1级 概率1"
"kaleidoscope_cookery:stockpot/shengjian_mantou_count_3","1","水煎包","kaleidoscope_cookery:shengjian_mantou","3","是","8","16","温暖 1600tick 1级 概率1"
"farmersdelight:integration/create/milling/wild_beetroots","1","甜菜种子","minecraft:beetroot_seeds","1","否","","",""
"kaleidoscope_cookery:stockpot/shengjian_mantou_count_9","1","水煎包","kaleidoscope_cookery:shengjian_mantou","9","是","8","16","温暖 1600tick 1级 概率1"
"spawn:algal_reefstone_wall_from_algal_reefstone_stonecutting","1","藻礁石墙","spawn:algal_reefstone_wall","1","否","","",""
"spawn:algal_reefstone_stairs","1","藻礁石楼梯","spawn:algal_reefstone_stairs","4","否","","",""
"kaleidoscope_cookery:sweet_and_sour_pork_rice_bowl","1","糖醋里脊盖饭","kaleidoscope_cookery:sweet_and_sour_pork_rice_bowl","1","是","14","18.004","饱腹代偿 3600tick 1级 概率1"
"kaleidoscope_cookery:millstone/light_gray_dye_from_azure_bluet","1","淡灰色染料","minecraft:light_gray_dye","2","否","","",""
"farmersdelight:rice_roll_medley_block","1","寿司拼盘","farmersdelight:rice_roll_medley_block","1","否","","",""
"farmersdelight:cutting/smoked_ham","1","熟猪排","minecraft:cooked_porkchop","2","是","8","12.8",""
"farmersdelight:blue_canvas_sign","1","蓝色粗布告示牌","farmersdelight:blue_canvas_sign","1","否","","",""
"kaleidoscope_cookery:pot/cooked_rice_to_sticky_rice_cake_8","1","糍粑","kaleidoscope_cookery:sticky_rice_cake","8","是","8","14",""
"kaleidoscope_cookery:pot/cooked_rice_to_sticky_rice_cake_7","1","糍粑","kaleidoscope_cookery:sticky_rice_cake","7","是","8","14",""
"kaleidoscope_cookery:pot/cooked_rice_to_sticky_rice_cake_9","1","糍粑","kaleidoscope_cookery:sticky_rice_cake","9","是","8","14",""
"kaleidoscope_cookery:flex_pot/chorus_fried_egg","1","荷包紫颂烧","kaleidoscope_cookery:chorus_fried_egg","1","是","9","0","胀气 700tick 1级 概率1"
"spawn:date_fence_gate","1","椰枣木栅栏门","spawn:date_fence_gate","1","否","","",""
"kaleidoscope_cookery:pot/cooked_rice_to_sticky_rice_cake_2","1","糍粑","kaleidoscope_cookery:sticky_rice_cake","2","是","8","14",""
"kaleidoscope_cookery:pot/cooked_rice_to_sticky_rice_cake_1","1","糍粑","kaleidoscope_cookery:sticky_rice_cake","1","是","8","14",""
"kaleidoscope_cookery:pot/cooked_rice_to_sticky_rice_cake_4","1","糍粑","kaleidoscope_cookery:sticky_rice_cake","4","是","8","14",""
"farmersdelight:cyan_hanging_canvas_sign","1","悬挂式青色粗布告示牌","farmersdelight:cyan_hanging_canvas_sign","1","否","","",""
"kaleidoscope_cookery:pot/cooked_rice_to_sticky_rice_cake_3","1","糍粑","kaleidoscope_cookery:sticky_rice_cake","3","是","8","14",""
"kaleidoscope_cookery:pot/cooked_rice_to_sticky_rice_cake_6","1","糍粑","kaleidoscope_cookery:sticky_rice_cake","6","是","8","14",""
"kaleidoscope_cookery:pot/cooked_rice_to_sticky_rice_cake_5","1","糍粑","kaleidoscope_cookery:sticky_rice_cake","5","是","8","14",""
"farmersdelight:pot/modify/fried_rice","1","炒饭","farmersdelight:fried_rice","1","是","12","19.2","滋养 3600tick 1级 概率1"
"kaleidoscope_cookery:flex_pot/fish_flavored_shredded_pork","1","鱼香肉丝","kaleidoscope_cookery:fish_flavored_shredded_pork","1","是","9","10.998","活力 1800tick 1级 概率1"
"kaleidoscope_cookery:flex_stockpot/hot_dry_noodles","1","热干面","kaleidoscope_cookery:hot_dry_noodles","1","是","14","18.004","生机 9600tick 1级 概率1"
"kaleidoscope_cookery:cook_stool_spruce","1","云杉木厨娘凳","kaleidoscope_cookery:cook_stool_spruce","1","否","","",""
"farmersdelight:milk_bottle","1","奶瓶","farmersdelight:milk_bottle","4","否","","",""
"farmersdelight:pumpkin_from_slices","1","南瓜","minecraft:pumpkin","1","否","","",""
"farmersdelight:tomato_crate","1","箱装番茄","farmersdelight:tomato_crate","1","否","","",""
"ordertocook:motorcycle","1","小电驴","ordertocook:motorcycle","1","否","","",""
"kaleidoscope_cookery:pot/chorus_fruit_to_popped_chorus_fruit_9","1","爆裂紫颂果","minecraft:popped_chorus_fruit","9","否","","",""
"kaleidoscope_cookery:pot/chorus_fruit_to_popped_chorus_fruit_8","1","爆裂紫颂果","minecraft:popped_chorus_fruit","8","否","","",""
"kaleidoscope_cookery:pot/chorus_fruit_to_popped_chorus_fruit_7","1","爆裂紫颂果","minecraft:popped_chorus_fruit","7","否","","",""
"kaleidoscope_cookery:pot/chorus_fruit_to_popped_chorus_fruit_6","1","爆裂紫颂果","minecraft:popped_chorus_fruit","6","否","","",""
"kaleidoscope_cookery:pot/chorus_fruit_to_popped_chorus_fruit_5","1","爆裂紫颂果","minecraft:popped_chorus_fruit","5","否","","",""
"kaleidoscope_cookery:pot/chorus_fruit_to_popped_chorus_fruit_4","1","爆裂紫颂果","minecraft:popped_chorus_fruit","4","否","","",""
"kaleidoscope_cookery:pot/chorus_fruit_to_popped_chorus_fruit_3","1","爆裂紫颂果","minecraft:popped_chorus_fruit","3","否","","",""
"kaleidoscope_cookery:pot/chorus_fruit_to_popped_chorus_fruit_2","1","爆裂紫颂果","minecraft:popped_chorus_fruit","2","否","","",""
"kaleidoscope_cookery:pot/chorus_fruit_to_popped_chorus_fruit_1","1","爆裂紫颂果","minecraft:popped_chorus_fruit","1","否","","",""
"kaleidoscope_cookery:flex_stockpot/seafood_miso_soup_cod_entity","1","海鲜味噌汤","kaleidoscope_cookery:seafood_miso_soup","1","是","6","8.004","水下呼吸 9600tick 1级 概率1"
"kaleidoscope_cookery:millstone/cobblestone_from_stone","1","圆石","minecraft:cobblestone","1","否","","",""
"farmersdelight:painting_from_canvas","1","画","minecraft:painting","1","否","","",""
"farmersdelight:cooking/dumplings","1","饺子","farmersdelight:dumplings","2","是","8","12.8",""
"kaleidoscope_cookery:millstone/string_from_black_wool","1","线","minecraft:string","3","否","","",""
"spawn:sea_pickle_from_big_sea_pickle","1","海泡菜","minecraft:sea_pickle","4","否","","",""
"farmersdelight:book_from_canvas","1","书","minecraft:book","1","否","","",""
"spawn:reefstone_wall_from_reefstone_stonecutting","1","礁石墙","spawn:reefstone_wall","1","否","","",""
"spawn:cooked_tuna_slice_from_smoking","1","熟金枪鱼片","spawn:cooked_tuna_slice","1","是","4","4",""
"kaleidoscope_cookery:millstone/green_dye_from_fern","1","绿色染料","minecraft:green_dye","1","否","","",""
"farmersdelight:red_hanging_canvas_sign","1","悬挂式红色粗布告示牌","farmersdelight:red_hanging_canvas_sign","1","否","","",""
"farmersdelight:cutting/bamboo_basket","1","粗布","farmersdelight:canvas","1","否","","",""
"kaleidoscope_cookery:chopping_board/cooked_cut_small_meats_from_rabbit","1","熟切制小肉","kaleidoscope_cookery:cooked_cut_small_meats","2","是","4","6.4",""
"farmersdelight:organic_compost_from_rotten_flesh","1","有机堆肥","farmersdelight:organic_compost","1","否","","",""
"spawn:heliostone_slab","1","日光石台阶","spawn:heliostone_slab","6","否","","",""
"spawn:date_sign","1","椰枣木告示牌","spawn:date_sign","3","否","","",""
"kaleidoscope_cookery:stockpot/red_mushroom_pot_soup","1","红蘑菇瓦罐汤","kaleidoscope_cookery:red_mushroom_pot_soup","1","是","18","24.012","温暖 6000tick 1级 概率1"
"spawn:heliostone_wall_stonecutting","1","日光石墙","spawn:heliostone_wall","1","否","","",""
"kaleidoscope_cookery:table_bamboo","1","竹餐桌","kaleidoscope_cookery:table_bamboo","1","否","","",""
"kaleidoscope_cookery:teapot/sakura_fubuki","1","樱吹雪","kaleidoscope_cookery:sakura_fubuki","1","否","","",""
"spawn:rotten_pressure_plate","1","腐木压力板","spawn:rotten_pressure_plate","1","否","","",""
"kaleidoscope_cookery:cook_stool_mangrove","1","红树木厨娘凳","kaleidoscope_cookery:cook_stool_mangrove","1","否","","",""
"farmersdelight:rope_fence","1","绳栅栏","farmersdelight:rope_fence","3","否","","",""
"kaleidoscope_cookery:flex_pot/oil_splashed_fish","1","油泼鱼","kaleidoscope_cookery:oil_splashed_fish","1","是","13","15.99","温暖 1600tick 1级 概率1"
"kaleidoscope_cookery:chopping_board/cooked_lamb_chops","1","熟羊排","kaleidoscope_cookery:cooked_lamb_chops","2","是","3","4.8",""
"farmersdelight:cutting/apple_pie","1","苹果派切片","farmersdelight:apple_pie_slice","4","是","3","1.8000001","迅捷 600tick 1级 概率1"
"kaleidoscope_cookery:pot/chorus_fried_egg","1","荷包紫颂烧","kaleidoscope_cookery:chorus_fried_egg","1","是","9","0","胀气 700tick 1级 概率1"
"kaleidoscope_cookery:pot/raw_cow_offal_to_cooked_cow_offal_5","1","熟牛杂","kaleidoscope_cookery:cooked_cow_offal","5","是","4","6.4",""
"kaleidoscope_cookery:flex_pot/slime_ball_meal","1","黏液饭","kaleidoscope_cookery:slime_ball_meal","1","是","9","0","胀气 700tick 1级 概率1"
"kaleidoscope_cookery:pot/raw_cow_offal_to_cooked_cow_offal_6","1","熟牛杂","kaleidoscope_cookery:cooked_cow_offal","6","是","4","6.4",""
"kaleidoscope_cookery:pot/raw_cow_offal_to_cooked_cow_offal_3","1","熟牛杂","kaleidoscope_cookery:cooked_cow_offal","3","是","4","6.4",""
"kaleidoscope_cookery:pot/raw_cow_offal_to_cooked_cow_offal_4","1","熟牛杂","kaleidoscope_cookery:cooked_cow_offal","4","是","4","6.4",""
"kaleidoscope_cookery:pot/raw_cow_offal_to_cooked_cow_offal_9","1","熟牛杂","kaleidoscope_cookery:cooked_cow_offal","9","是","4","6.4",""
"kaleidoscope_cookery:pot/raw_cow_offal_to_cooked_cow_offal_7","1","熟牛杂","kaleidoscope_cookery:cooked_cow_offal","7","是","4","6.4",""
"kaleidoscope_cookery:pot/raw_cow_offal_to_cooked_cow_offal_8","1","熟牛杂","kaleidoscope_cookery:cooked_cow_offal","8","是","4","6.4",""
"kaleidoscope_cookery:pot/raw_cow_offal_to_cooked_cow_offal_1","1","熟牛杂","kaleidoscope_cookery:cooked_cow_offal","1","是","4","6.4",""
"kaleidoscope_cookery:pot/raw_cow_offal_to_cooked_cow_offal_2","1","熟牛杂","kaleidoscope_cookery:cooked_cow_offal","2","是","4","6.4",""
"farmersdelight:bacon_and_eggs","1","培根蛋","farmersdelight:bacon_and_eggs","1","是","10","12","滋养 1200tick 1级 概率1"
"kaleidoscope_cookery:millstone/smooth_stone_from_cobblestone","1","平滑石头","minecraft:smooth_stone","1","否","","",""
"kaleidoscope_cookery:stove_campfire","1","炉灶","kaleidoscope_cookery:stove","1","否","","",""
"kaleidoscope_cookery:flex_pot/stuffed_tiger_skin_pepper","1","虎皮青椒酿肉","kaleidoscope_cookery:stuffed_tiger_skin_pepper","1","是","13","15.99","温暖 1600tick 1级 概率1"
"kaleidoscope_cookery:pot/stir_fried_pork_with_peppers","1","青椒炒肉","kaleidoscope_cookery:stir_fried_pork_with_peppers","1","是","9","10.998","活力 1800tick 1级 概率1"
"kaleidoscope_cookery:millstone/string_from_red_wool","1","线","minecraft:string","3","否","","",""
"farmersdelight:pot/add/cooked_cod_slice","1","熟鳕鱼片","farmersdelight:cooked_cod_slice","1","是","3","3",""
"farmersdelight:stockpot/modify/pumpkin_soup","1","南瓜汤","farmersdelight:pumpkin_soup","1","是","14","21","滋养 6000tick 1级 概率1"
"farmersdelight:cutting/mangrove_log","1","去皮红树原木","minecraft:stripped_mangrove_log","1","否","","",""
"farmersdelight:chopping_board/add/chocolate_pie_slice","1","巧克力派切片","farmersdelight:chocolate_pie_slice","4","是","3","1.8000001","迅捷 600tick 1级 概率1"
"kaleidoscope_cookery:pot/scramble_egg_with_tomatoes","1","番茄炒蛋","kaleidoscope_cookery:scramble_egg_with_tomatoes","1","是","9","10.998","活力 1800tick 1级 概率1"
"farmersdelight:salvaging/leather_armor","1","皮革","minecraft:leather","1","否","","",""
"kaleidoscope_cookery:pot/candied_potato","1","拔丝土豆","kaleidoscope_cookery:candied_potato","1","是","20","22","温暖 1600tick 1级 概率1"
"spawn:cutting/rotten_log","1","去皮腐木原木","spawn:stripped_rotten_log","1","否","","",""
"spawn:reefstone_stairs_from_reefstone_stonecutting","1","礁石楼梯","spawn:reefstone_stairs","1","否","","",""
"kaleidoscope_cookery:millstone/flour_from_wheat","1","面粉","kaleidoscope_cookery:flour","1","否","","",""
"kaleidoscope_cookery:stockpot/chicken_and_mushroom_stew","1","小鸡炖蘑菇","kaleidoscope_cookery:chicken_and_mushroom_stew","1","是","6","8.004","温暖 9600tick 1级 概率1"
"farmersdelight:cutting/cake","1","蛋糕切片","farmersdelight:cake_slice","7","是","2","0.4","迅捷 400tick 1级 概率1"
"kaleidoscope_cookery:millstone/pink_dye_from_pink_petals","1","粉红色染料","minecraft:pink_dye","2","否","","",""
"kaleidoscope_cookery:millstone/quartz_from_quartz_bricks","1","下界石英","minecraft:quartz","3","否","","",""
"farmersdelight:cutting/sweet_berry_cheesecake","1","甜浆果芝士派切片","farmersdelight:sweet_berry_cheesecake_slice","4","是","3","1.8000001","迅捷 600tick 1级 概率1"
"spawn:ant_farm","1","蚂蚁农场","spawn:ant_farm","1","否","","",""
"kaleidoscope_cookery:cold_roasted_meat","1","冷肉炙","kaleidoscope_cookery:cold_roasted_meat","1","是","16","25.6",""
"spawn:reefstone_tile_slab_from_reefstone_stonecutting","1","礁石台阶","spawn:reefstone_tile_slab","2","否","","",""
"spawn:sunflower_seeds_from_vanilla_sunflower","1","向日葵种子","spawn:sunflower_seeds","3","否","","",""
"kaleidoscope_cookery:millstone/magenta_dye_from_lilac","1","品红色染料","minecraft:magenta_dye","3","否","","",""
"farmersdelight:kelp_roll","1","海带寿司卷","farmersdelight:kelp_roll","1","是","12","12",""
"farmersdelight:carrot_from_crate","1","胡萝卜","minecraft:carrot","9","是","3","3.6000001",""
"kaleidoscope_cookery:pot/stuffed_tiger_skin_pepper","1","虎皮青椒酿肉","kaleidoscope_cookery:stuffed_tiger_skin_pepper","1","是","13","15.99","温暖 1600tick 1级 概率1"
"farmersdelight:salvaging/birch_chest_boat","1","白桦木船","minecraft:birch_boat","1","否","","",""
"spawn:algal_reefstone_wall","1","藻礁石墙","spawn:algal_reefstone_wall","6","否","","",""
"spawn:cutting/rotten_planks","1","裂纹腐木木板","spawn:cracked_rotten_planks","1","否","","",""
"farmersdelight:salvaging/cherry_furniture","1","樱花木板","minecraft:cherry_planks","1","否","","",""
"farmersdelight:salvaging/jungle_chest_boat","1","丛林木船","minecraft:jungle_boat","1","否","","",""
"farmersdelight:cutting/crimson_stem","1","去皮绯红菌柄","minecraft:stripped_crimson_stem","1","否","","",""
"farmersdelight:salvaging/spruce_furniture","1","云杉木板","minecraft:spruce_planks","1","否","","",""
"kaleidoscope_cookery:millstone/sand_from_gravel","1","沙子","minecraft:sand","1","否","","",""
"farmersdelight:chopping_board/add/apple_pie_slice","1","苹果派切片","farmersdelight:apple_pie_slice","4","是","3","1.8000001","迅捷 600tick 1级 概率1"
"farmersdelight:chopping_board/add/kelp_roll_slice","1","海带寿司","farmersdelight:kelp_roll_slice","3","是","6","6",""
"kaleidoscope_cookery:stockpot/dumpling_count_1","1","饺子","kaleidoscope_cookery:dumpling","1","是","8","16","温暖 1600tick 1级 概率1"
"kaleidoscope_cookery:stockpot/dumpling_count_2","1","饺子","kaleidoscope_cookery:dumpling","2","是","8","16","温暖 1600tick 1级 概率1"
"kaleidoscope_cookery:stockpot/dumpling_count_3","1","饺子","kaleidoscope_cookery:dumpling","3","是","8","16","温暖 1600tick 1级 概率1"
"kaleidoscope_cookery:stockpot/dumpling_count_4","1","饺子","kaleidoscope_cookery:dumpling","4","是","8","16","温暖 1600tick 1级 概率1"
"kaleidoscope_cookery:stockpot/dumpling_count_5","1","饺子","kaleidoscope_cookery:dumpling","5","是","8","16","温暖 1600tick 1级 概率1"
"kaleidoscope_cookery:stockpot/dumpling_count_6","1","饺子","kaleidoscope_cookery:dumpling","6","是","8","16","温暖 1600tick 1级 概率1"
"kaleidoscope_cookery:stockpot/dumpling_count_7","1","饺子","kaleidoscope_cookery:dumpling","7","是","8","16","温暖 1600tick 1级 概率1"
"kaleidoscope_cookery:stockpot/dumpling_count_8","1","饺子","kaleidoscope_cookery:dumpling","8","是","8","16","温暖 1600tick 1级 概率1"
"farmersdelight:integration/create/milling/wild_tomatoes","1","番茄种子","kaleidoscope_cookery:tomato_seed","1","否","","",""
"spawn:tuna_sandwich_fd","1","金枪鱼三明治","spawn:tuna_sandwich","1","是","8","16",""
"kaleidoscope_cookery:flex_stockpot/brown_mushroom_pot_soup","1","棕蘑菇瓦罐汤","kaleidoscope_cookery:brown_mushroom_pot_soup","1","是","18","24.012","温暖 6000tick 1级 概率1"
"kaleidoscope_cookery:stockpot/dumpling_count_9","1","饺子","kaleidoscope_cookery:dumpling","9","是","8","16","温暖 1600tick 1级 概率1"
"kaleidoscope_cookery:flex_stockpot/buddha_jumps_over_the_wall","1","佛跳墙","kaleidoscope_cookery:buddha_jumps_over_the_wall","1","是","20","22","饱腹代偿 3600tick 1级 概率1"
"kaleidoscope_cookery:pot/sweet_and_sour_ender_pearls","1","珍珠咕噜肉","kaleidoscope_cookery:sweet_and_sour_ender_pearls","1","是","9","0","胀气 700tick 1级 概率1"
"kaleidoscope_cookery:flex_pot/fondant_pie","1","翻糖派","kaleidoscope_cookery:fondant_pie","1","是","20","22","饱腹代偿 1600tick 1级 概率1"
"kaleidoscope_cookery:pot/fish_flavored_shredded_pork","1","鱼香肉丝","kaleidoscope_cookery:fish_flavored_shredded_pork","1","是","9","10.998","活力 1800tick 1级 概率1"
"farmersdelight:salvaging/stone","1","圆石","minecraft:cobblestone","1","否","","",""
"spawn:cooked_bluefish_from_campfire_cooking","1","熟扁鲹","spawn:cooked_bluefish","1","是","6","9.6",""
"kaleidoscope_cookery:flex_stockpot/seafood_miso_soup","1","海鲜味噌汤","kaleidoscope_cookery:seafood_miso_soup","1","是","6","8.004","水下呼吸 9600tick 1级 概率1"
"spawn:date_pressure_plate","1","椰枣木压力板","spawn:date_pressure_plate","1","否","","",""
"kaleidoscope_cookery:stockpot/spicy_blood_stew","1","毛血旺","kaleidoscope_cookery:spicy_blood_stew","1","是","13","15.99","抗火 1600tick 1级 概率1"
"spawn:slime_ball_from_smelting_mucus","1","黏液球","minecraft:slime_ball","1","否","","",""
"farmersdelight:red_canvas_sign","1","红色粗布告示牌","farmersdelight:red_canvas_sign","1","否","","",""
"farmersdelight:golden_knife","1","金刀","farmersdelight:golden_knife","1","否","","",""
"farmersdelight:cutting/cabbage","1","卷心菜叶","farmersdelight:cabbage_leaf","2","是","1","0.8",""
"kaleidoscope_cookery:flex_pot/egg_fried_rice","1","蛋炒饭","kaleidoscope_cookery:egg_fried_rice","1","是","8","14",""
"spawn:blasted_sandstone_slab_from_blasted_sandstone_stonecutting","1","荒砂岩台阶","spawn:blasted_sandstone_slab","2","否","","",""
"farmersdelight:cutting/oxeye_daisy","1","淡灰色染料","minecraft:light_gray_dye","2","否","","",""
"ordertocook:chair","1","椅子","ordertocook:chair","1","否","","",""
"kaleidoscope_cookery:teapot/barley_tea","1","大麦茶","kaleidoscope_cookery:barley_tea","1","否","","",""
"spawn:reefstone_tile_stairs_from_reefstone_stonecutting","1","礁石楼梯","spawn:reefstone_tile_stairs","1","否","","",""
"spawn:clam_case_yellow","1","黄色蚌盒","spawn:clam_case_yellow","1","否","","",""
"farmersdelight:integration/create/milling/wild_rice","1","稻米","kaleidoscope_cookery:rice","1","否","","",""
"kaleidoscope_cookery:millstone/string_from_orange_wool","1","线","minecraft:string","3","否","","",""
"spawn:cut_blasted_sandstone_slab_from_blasted_sandstone_stonecutting","1","切制荒砂岩台阶","spawn:cut_blasted_sandstone_slab","2","否","","",""
"kaleidoscope_cookery:flex_stockpot/beef_noodle","1","牛肉面","kaleidoscope_cookery:beef_noodle","1","是","14","18.004","生机 9600tick 1级 概率1"
"kaleidoscope_cookery:chair_spruce","1","云杉木椅子","kaleidoscope_cookery:chair_spruce","1","否","","",""
"farmersdelight:cooking/pumpkin_soup","1","南瓜汤","farmersdelight:pumpkin_soup","1","是","14","21","滋养 6000tick 1级 概率1"
"kaleidoscope_cookery:kitchenware_racks","1","厨具架","kaleidoscope_cookery:kitchenware_racks","1","否","","",""
"kaleidoscope_cookery:millstone/string_from_blue_wool","1","线","minecraft:string","3","否","","",""
"farmersdelight:wooden_basket","1","木篮","farmersdelight:wooden_basket","1","否","","",""
"farmersdelight:tatami_block_from_full","1","榻榻米方块","farmersdelight:tatami","1","否","","",""
"farmersdelight:chocolate_pie_from_slices","1","巧克力派","farmersdelight:chocolate_pie","1","否","","",""
"farmersdelight:cooking/vegetable_noodles","1","蔬菜面","farmersdelight:vegetable_noodles","1","是","14","21","滋养 6000tick 1级 概率1"
"kaleidoscope_cookery:millstone/polished_deepslate_from_deepslate","1","磨制深板岩","minecraft:polished_deepslate","1","否","","",""
"kaleidoscope_cookery:millstone/polished_deepslate_from_cobbled_deepslate","1","磨制深板岩","minecraft:polished_deepslate","1","否","","",""
"kaleidoscope_cookery:millstone/diamond_from_deepslate_diamond_ore","1","钻石","minecraft:diamond","2","否","","",""
"farmersdelight:nether_salad","1","下界沙拉","farmersdelight:nether_salad","1","是","5","4","反胃 240tick 1级 概率0.30000001192092896"
"kaleidoscope_cookery:chopping_board/sashimi_from_salmon","1","刺身","kaleidoscope_cookery:sashimi","2","是","1","1",""
"farmersdelight:canvas_from_canvas_rug","1","粗布","farmersdelight:canvas","1","否","","",""
"farmersdelight:cooked_bacon_from_smoking","1","熟培根","farmersdelight:cooked_bacon","1","是","4","6.4",""
"spawn:algal_reefstone_stairs_from_algal_reefstone_stonecutting","1","藻礁石楼梯","spawn:algal_reefstone_stairs","1","否","","",""
"farmersdelight:green_canvas_sign","1","绿色粗布告示牌","farmersdelight:green_canvas_sign","1","否","","",""
"farmersdelight:salvaging/birch_furniture","1","白桦木板","minecraft:birch_planks","1","否","","",""
"farmersdelight:light_gray_hanging_canvas_sign","1","悬挂式淡灰色粗布告示牌","farmersdelight:light_gray_hanging_canvas_sign","1","否","","",""
"spawn:steamed_clams","1","蒸蚌汉堡","spawn:steamed_clams","1","是","11","17.6",""
"spawn:salvaging/date_furniture","1","椰枣木木板","spawn:date_planks","1","否","","",""
"farmersdelight:cooked_bacon_from_campfire_cooking","1","熟培根","farmersdelight:cooked_bacon","1","是","4","6.4",""
"farmersdelight:cooking/mushroom_rice","1","蘑菇饭","farmersdelight:mushroom_rice","1","是","12","19.2","滋养 3600tick 1级 概率1"
"kaleidoscope_cookery:qingtuan_plate","1","一盘青团","kaleidoscope_cookery:qingtuan_plate","1","否","","",""
"kaleidoscope_cookery:desert_style_sashimi","1","沙漠风味刺身","kaleidoscope_cookery:desert_style_sashimi","1","是","16","6","芥末 6000tick 1级 概率1"
"farmersdelight:salvaging/oak_furniture","1","橡木木板","minecraft:oak_planks","1","否","","",""
"farmersdelight:cooked_cod_slice","1","熟鳕鱼片","farmersdelight:cooked_cod_slice","1","是","3","3",""
"spawn:red_algae_carpet","1","覆地红藻","spawn:red_algae_carpet","3","否","","",""
"farmersdelight:integration/create/milling/rice_panicle","1","稻米","kaleidoscope_cookery:rice","1","否","","",""
"kaleidoscope_cookery:millstone/string_from_purple_wool","1","线","minecraft:string","3","否","","",""
"farmersdelight:cutting_board","1","砧板","farmersdelight:cutting_board","1","否","","",""
"spawn:date_seed","1","椰枣种子","spawn:date_seed","1","否","","",""
"spawn:canned_herring","1","鲱鱼罐头","spawn:canned_herring","1","是","3","1.8000001",""
"kaleidoscope_cookery:cook_stool_oak","1","橡木厨娘凳","kaleidoscope_cookery:cook_stool_oak","1","否","","",""
"kaleidoscope_cookery:stockpot/beef_noodle","1","牛肉面","kaleidoscope_cookery:beef_noodle","1","是","14","18.004","生机 9600tick 1级 概率1"
"farmersdelight:integration/create/mixing/tomato_sauce_from_mixing","1","番茄酱","farmersdelight:tomato_sauce","1","是","4","3.2",""
"farmersdelight:cake_from_slices","1","蛋糕","minecraft:cake","1","否","","",""
"spawn:date_cookie","1","椰枣曲奇","spawn:date_cookie","4","是","2","1.2",""
"farmersdelight:roasted_mutton_chops","1","烤羊排","farmersdelight:roasted_mutton_chops","1","是","14","21","滋养 6000tick 1级 概率1"
"kaleidoscope_cookery:flex_pot/dongpo_pork","1","东坡肉","kaleidoscope_cookery:dongpo_pork","1","是","20","22","饱腹代偿 1600tick 1级 概率1"
"farmersdelight:cabbage_crate","1","箱装卷心菜","farmersdelight:cabbage_crate","1","否","","",""
"spawn:cooking/clam_chowder","1","蚌肉浓汤","spawn:clam_chowder","1","是","8","12.8",""
"farmersdelight:half_tatami_mat","1","短榻榻米垫","farmersdelight:half_tatami_mat","2","否","","",""
"kaleidoscope_cookery:pot/rabbit_to_cooked_rabbit_1","1","熟兔肉","minecraft:cooked_rabbit","1","是","5","6",""
"kaleidoscope_cookery:pot/rabbit_to_cooked_rabbit_9","1","熟兔肉","minecraft:cooked_rabbit","9","是","5","6",""
"kaleidoscope_cookery:pot/rabbit_to_cooked_rabbit_8","1","熟兔肉","minecraft:cooked_rabbit","8","是","5","6",""
"kaleidoscope_cookery:pot/rabbit_to_cooked_rabbit_7","1","熟兔肉","minecraft:cooked_rabbit","7","是","5","6",""
"kaleidoscope_cookery:pot/rabbit_to_cooked_rabbit_6","1","熟兔肉","minecraft:cooked_rabbit","6","是","5","6",""
"kaleidoscope_cookery:pot/rabbit_to_cooked_rabbit_5","1","熟兔肉","minecraft:cooked_rabbit","5","是","5","6",""
"kaleidoscope_cookery:pot/rabbit_to_cooked_rabbit_4","1","熟兔肉","minecraft:cooked_rabbit","4","是","5","6",""
"kaleidoscope_cookery:pot/rabbit_to_cooked_rabbit_3","1","熟兔肉","minecraft:cooked_rabbit","3","是","5","6",""
"kaleidoscope_cookery:pot/rabbit_to_cooked_rabbit_2","1","熟兔肉","minecraft:cooked_rabbit","2","是","5","6",""
"spawn:clam_case_white","1","白色蚌盒","spawn:clam_case_white","1","否","","",""
"kaleidoscope_cookery:flex_stockpot/beef_meatball_soup","1","牛丸汤","kaleidoscope_cookery:beef_meatball_soup","1","是","6","8.004","温暖 9600tick 1级 概率1"
"kaleidoscope_cookery:millstone/string_from_green_wool","1","线","minecraft:string","3","否","","",""
"farmersdelight:cooking/cabbage_rolls","1","卷心菜卷","farmersdelight:cabbage_rolls","1","是","5","5",""
"farmersdelight:mutton_wrap","1","羊肉卷饼","farmersdelight:mutton_wrap","1","是","10","16",""
"spawn:reefstone_tile_stairs","1","礁石楼梯","spawn:reefstone_tile_stairs","4","否","","",""
"spawn:bone_meal_from_snail_shell","1","骨粉","minecraft:bone_meal","4","否","","",""
"kaleidoscope_cookery:flex_pot/spicy_chicken","1","辣子鸡","kaleidoscope_cookery:spicy_chicken","1","是","20","22","饱腹代偿 1600tick 1级 概率1"
"farmersdelight:safety_net","1","安全网","farmersdelight:safety_net","1","否","","",""
"spawn:blue_dye_from_booby_egg_shard","1","蓝色染料","minecraft:blue_dye","4","否","","",""
"farmersdelight:wheat_dough_from_egg","1","生面团","kaleidoscope_cookery:raw_dough","3","否","","",""
"spawn:algal_reefstone","1","藻礁石","spawn:algal_reefstone","1","否","","",""
"kaleidoscope_cookery:teapot/oolong","1","乌龙茶","kaleidoscope_cookery:oolong","1","否","","",""
"spawn:snail_shell_from_big_snail_shell","1","蜗牛壳","spawn:snail_shell","9","否","","",""
"farmersdelight:cutting/orange_tulip","1","橙色染料","minecraft:orange_dye","2","否","","",""
"kaleidoscope_cookery:teapot","1","茶壶","kaleidoscope_cookery:teapot","1","否","","",""
"kaleidoscope_cookery:millstone/white_dye_from_lily_of_the_valley","1","白色染料","minecraft:white_dye","2","否","","",""
"spawn:date_planks","1","椰枣木木板","spawn:date_planks","4","否","","",""
"farmersdelight:cooking/beetroot_soup","1","甜菜汤","minecraft:beetroot_soup","1","是","6","7.2000003",""
"kaleidoscope_cookery:millstone/smooth_sandstone_from_sandstone","1","平滑砂岩","minecraft:smooth_sandstone","1","否","","",""
"farmersdelight:cutting/bamboo_block","1","去皮竹块","minecraft:stripped_bamboo_block","1","否","","",""
"kaleidoscope_cookery:stockpot/zongzi_count_4","1","熟粽子","kaleidoscope_cookery:zongzi","4","是","8","10","生命恢复 400tick 1级 概率1"
"kaleidoscope_cookery:stockpot/zongzi_count_5","1","熟粽子","kaleidoscope_cookery:zongzi","5","是","8","10","生命恢复 400tick 1级 概率1"
"kaleidoscope_cookery:stockpot/zongzi_count_2","1","熟粽子","kaleidoscope_cookery:zongzi","2","是","8","10","生命恢复 400tick 1级 概率1"
"kaleidoscope_cookery:stockpot/zongzi_count_3","1","熟粽子","kaleidoscope_cookery:zongzi","3","是","8","10","生命恢复 400tick 1级 概率1"
"kaleidoscope_cookery:stockpot/zongzi_count_1","1","熟粽子","kaleidoscope_cookery:zongzi","1","是","8","10","生命恢复 400tick 1级 概率1"
"farmersdelight:onion_crate","1","箱装洋葱","farmersdelight:onion_crate","1","否","","",""
"kaleidoscope_cookery:table_birch","1","白桦木餐桌","kaleidoscope_cookery:table_birch","1","否","","",""
"kaleidoscope_cookery:stockpot/zongzi_count_8","1","熟粽子","kaleidoscope_cookery:zongzi","8","是","8","10","生命恢复 400tick 1级 概率1"
"kaleidoscope_cookery:stockpot/zongzi_count_9","1","熟粽子","kaleidoscope_cookery:zongzi","9","是","8","10","生命恢复 400tick 1级 概率1"
"kaleidoscope_cookery:stockpot/zongzi_count_6","1","熟粽子","kaleidoscope_cookery:zongzi","6","是","8","10","生命恢复 400tick 1级 概率1"
"kaleidoscope_cookery:stockpot/zongzi_count_7","1","熟粽子","kaleidoscope_cookery:zongzi","7","是","8","10","生命恢复 400tick 1级 概率1"
"kaleidoscope_cookery:stockpot/pufferfish_soup","1","河豚汤","kaleidoscope_cookery:pufferfish_soup","1","是","4","0","芥末 12000tick 1级 概率1"
"kaleidoscope_cookery:flex_stockpot/pork_bone_soup","1","大骨汤","kaleidoscope_cookery:pork_bone_soup","1","是","6","8.004","活力 6000tick 1级 概率1"
"spawn:pigment_shifter","1","色彩变换器","spawn:pigment_shifter","1","否","","",""
"kaleidoscope_cookery:watermelon_platter","1","西瓜拼盘","kaleidoscope_cookery:watermelon_platter","1","否","","",""
"kaleidoscope_cookery:pot/donkey_burger","1","驴肉火烧","kaleidoscope_cookery:donkey_burger","1","是","12","19.2","饱腹代偿 900tick 1级 概率1"
"spawn:rotten_boat","1","腐木船","spawn:rotten_boat","1","否","","",""
"kaleidoscope_cookery:cold_style_sashimi","1","寒带风味刺身","kaleidoscope_cookery:cold_style_sashimi","1","是","16","6","芥末 6000tick 1级 概率1"
"kaleidoscope_cookery:table_crimson","1","绯红木餐桌","kaleidoscope_cookery:table_crimson","1","否","","",""
"farmersdelight:salvaging/bamboo_chest_raft","1","竹筏","minecraft:bamboo_raft","1","否","","",""
"spawn:salvaging/rotten_chest_boat","1","腐木船","spawn:rotten_boat","1","否","","",""
"farmersdelight:cutting/warped_hyphae","1","去皮诡异菌核","minecraft:stripped_warped_hyphae","1","否","","",""
"spawn:cooked_tuna_chunk","1","熟金枪鱼块","spawn:cooked_tuna_chunk","1","是","6","9.6",""
"ordertocook:countertop","1","操作台","ordertocook:countertop","1","否","","",""
"spawn:reefstone_tiles","1","礁石瓦","spawn:reefstone_tiles","4","否","","",""
"spawn:mucus_block","1","粘痕块","spawn:mucus_block","1","否","","",""
"farmersdelight:cooked_mutton_chops_from_smoking","1","屏障","minecraft:barrier","1","否","","",""
"spawn:salvaging/date_chest_raft","1","椰枣木筏","spawn:date_raft","1","否","","",""
"kaleidoscope_cookery:millstone/rice_from_rice_panicle","1","稻米","kaleidoscope_cookery:rice","3","否","","",""
"kaleidoscope_cookery:strung_mushrooms","1","蘑菇串串","kaleidoscope_cookery:strung_mushrooms","1","否","","",""
"farmersdelight:full_tatami_mat","1","长榻榻米垫","farmersdelight:full_tatami_mat","2","否","","",""
"farmersdelight:rope","1","绳子","farmersdelight:rope","4","否","","",""
"kaleidoscope_cookery:stockpot/fearsome_thick_soup","1","恐惧浓汤","kaleidoscope_cookery:fearsome_thick_soup","1","是","4","0","硫磺 9600tick 1级 概率1"
"farmersdelight:salvaging/dark_oak_furniture","1","深色橡木木板","minecraft:dark_oak_planks","1","否","","",""
"spawn:shell_fragments","1","贝壳碎片","spawn:shell_fragments","2","否","","",""
"spawn:rotten_planks","1","腐木木板","spawn:rotten_planks","4","否","","",""
"kaleidoscope_cookery:end_style_sashimi","1","末地风味刺身","kaleidoscope_cookery:end_style_sashimi","1","是","16","6","芥末 6000tick 1级 概率1"
"kaleidoscope_cookery:flex_stockpot/red_mushroom_pot_soup","1","红蘑菇瓦罐汤","kaleidoscope_cookery:red_mushroom_pot_soup","1","是","18","24.012","温暖 6000tick 1级 概率1"
"farmersdelight:iron_nugget_from_smelting_knife","1","铁粒","minecraft:iron_nugget","1","否","","",""
"kaleidoscope_cookery:millstone/quartz_from_quartz_pillar","1","下界石英","minecraft:quartz","3","否","","",""
"spawn:cutting/bluefish","1","扁鲹片","spawn:bluefish_slice","2","是","1","0.2",""
"kaleidoscope_cookery:recipe_item","1","Recipe","kaleidoscope_cookery:recipe_item","1","否","","",""
"kaleidoscope_cookery:pot/kelp_to_dried_kelp_3","1","干海带","minecraft:dried_kelp","3","是","1","0.6",""
"farmersdelight:bacon_sandwich","1","培根三明治","farmersdelight:bacon_sandwich","1","是","10","16",""
"kaleidoscope_cookery:pot/kelp_to_dried_kelp_4","1","干海带","minecraft:dried_kelp","4","是","1","0.6",""
"kaleidoscope_cookery:pot/kelp_to_dried_kelp_5","1","干海带","minecraft:dried_kelp","5","是","1","0.6",""
"kaleidoscope_cookery:pot/kelp_to_dried_kelp_6","1","干海带","minecraft:dried_kelp","6","是","1","0.6",""
"kaleidoscope_cookery:pot/kelp_to_dried_kelp_7","1","干海带","minecraft:dried_kelp","7","是","1","0.6",""
"kaleidoscope_cookery:pot/kelp_to_dried_kelp_8","1","干海带","minecraft:dried_kelp","8","是","1","0.6",""
"kaleidoscope_cookery:pot/kelp_to_dried_kelp_9","1","干海带","minecraft:dried_kelp","9","是","1","0.6",""
"spawn:smooth_blasted_sandstone","1","平滑荒砂岩","spawn:smooth_blasted_sandstone","1","否","","",""
"farmersdelight:lead_from_straw","1","拴绳","minecraft:lead","1","否","","",""
"spawn:snail_shell_tile_slab","1","蜗牛壳瓦台阶","spawn:snail_shell_tile_slab","6","否","","",""
"farmersdelight:cyan_canvas_sign","1","青色粗布告示牌","farmersdelight:cyan_canvas_sign","1","否","","",""
"farmersdelight:gold_nugget_from_blasting_knife","1","金粒","minecraft:gold_nugget","1","否","","",""
"farmersdelight:gleaming_salad_block","1","闪亮沙拉","farmersdelight:gleaming_salad_block","1","否","","",""
"spawn:roasted_sunflower_seeds","1","烘焙向日葵种子","spawn:roasted_sunflower_seeds","1","是","3","1.2",""
"farmersdelight:cutting/mangrove_wood","1","去皮红树木","minecraft:stripped_mangrove_wood","1","否","","",""
"kaleidoscope_cookery:flex_pot/frost_lamb_chop","1","凛冬羊排","kaleidoscope_cookery:frost_lamb_chop","1","是","13","15.99","寒带疾行 1600tick 1级 概率1"
"kaleidoscope_cookery:chair_acacia","1","金合欢木椅子","kaleidoscope_cookery:chair_acacia","1","否","","",""
"kaleidoscope_cookery:pot/kelp_to_dried_kelp_1","1","干海带","minecraft:dried_kelp","1","是","1","0.6",""
"kaleidoscope_cookery:pot/kelp_to_dried_kelp_2","1","干海带","minecraft:dried_kelp","2","是","1","0.6",""
"spawn:reefstone_slab_from_reefstone_stonecutting","1","礁石台阶","spawn:reefstone_slab","2","否","","",""
"spawn:red_algae_block","1","红藻块","spawn:red_algae_block","1","否","","",""
"spawn:roasted_sunflower_seeds_from_campfire_cooking","1","烘焙向日葵种子","spawn:roasted_sunflower_seeds","1","是","3","1.2",""
"farmersdelight:cutting/wild_beetroots","1","甜菜种子","minecraft:beetroot_seeds","1","否","","",""
"kaleidoscope_cookery:table_mangrove","1","红树木餐桌","kaleidoscope_cookery:table_mangrove","1","否","","",""
"kaleidoscope_cookery:flex_pot/spicy_rabbit_head","1","麻辣兔头","kaleidoscope_cookery:spicy_rabbit_head","1","是","13","15.99","温暖 1600tick 1级 概率1"
"farmersdelight:cooking/hot_cocoa","1","热可可","farmersdelight:hot_cocoa","1","否","","",""
"kaleidoscope_cookery:flex_pot/donkey_burger","1","驴肉火烧","kaleidoscope_cookery:donkey_burger","1","是","12","19.2","饱腹代偿 900tick 1级 概率1"
"kaleidoscope_cookery:table_jungle","1","丛林木餐桌","kaleidoscope_cookery:table_jungle","1","否","","",""
"farmersdelight:cooking/noodle_soup","1","面条汤","farmersdelight:noodle_soup","1","是","14","21","滋养 6000tick 1级 概率1"
"kaleidoscope_cookery:pot/oil_splashed_fish","1","油泼鱼","kaleidoscope_cookery:oil_splashed_fish","1","是","13","15.99","温暖 1600tick 1级 概率1"
"spawn:casting_net","1","抛网","spawn:casting_net","1","否","","",""
"kaleidoscope_cookery:transmutation_lunch_bag","1","嬗变饭袋","kaleidoscope_cookery:transmutation_lunch_bag","1","否","","",""
"farmersdelight:salvaging/hopper_minecart","1","矿车","minecraft:minecart","1","否","","",""
"farmersdelight:cutting/tag_dough","1","生意面","farmersdelight:raw_pasta","1","是","2","1.2","饥饿 600tick 1级 概率0.30000001192092896"
"kaleidoscope_cookery:stockpot/numbing_spicy_chicken","1","椒麻鸡","kaleidoscope_cookery:numbing_spicy_chicken","1","是","13","15.99","抗火 2400tick 1级 概率1"
"spawn:reefstone_slab","1","礁石台阶","spawn:reefstone_slab","6","否","","",""
"kaleidoscope_cookery:oil_block","1","油脂块","kaleidoscope_cookery:oil_block","1","否","","",""
"farmersdelight:cutting/mutton","1","屏障","minecraft:barrier","1","否","","",""
"spawn:tuna_roll","1","金枪鱼寿司","spawn:tuna_roll","3","是","5","6",""
"spawn:cooked_herring_from_campfire_cooking","1","熟鲱鱼","spawn:cooked_herring","1","是","4","4",""
"farmersdelight:onion","1","洋葱","farmersdelight:onion","9","是","2","1.6",""
"kaleidoscope_cookery:stockpot_lid","1","汤锅盖","kaleidoscope_cookery:stockpot_lid","1","否","","",""
"farmersdelight:cooking/stuffed_pumpkin_block","1","填馅南瓜","farmersdelight:stuffed_pumpkin_block","1","否","","",""
"spawn:cooked_herring_slice","1","熟鲱鱼片","spawn:cooked_herring_slice","1","是","2","1.2",""
"farmersdelight:cooking/mushroom_stew","1","蘑菇煲","minecraft:mushroom_stew","1","是","6","7.2000003",""
"spawn:date_stairs","1","椰枣木楼梯","spawn:date_stairs","4","否","","",""
"spawn:ghostly_mucus_block","1","苍白粘痕块","spawn:ghostly_mucus_block","4","否","","",""
"spawn:reefstone_tile_stairs_from_reefstone_tiles_stonecutting","1","礁石楼梯","spawn:reefstone_tile_stairs","1","否","","",""
"kaleidoscope_cookery:teapot/flower_tea","1","花茶","kaleidoscope_cookery:flower_tea","1","否","","",""
"kaleidoscope_cookery:millstone/string_from_pink_wool","1","线","minecraft:string","3","否","","",""
"farmersdelight:pot/add/beef_patty","1","牛肉饼","farmersdelight:beef_patty","1","是","4","6.4",""
"farmersdelight:white_hanging_canvas_sign","1","悬挂式白色粗布告示牌","farmersdelight:white_hanging_canvas_sign","1","否","","",""
"kaleidoscope_cookery:millstone/string_from_magenta_wool","1","线","minecraft:string","3","否","","",""
"kaleidoscope_cookery:flex_pot/stir_fried_pork_with_peppers","1","青椒炒肉","kaleidoscope_cookery:stir_fried_pork_with_peppers","1","是","9","10.998","活力 1800tick 1级 概率1"
"kaleidoscope_cookery:sickle","1","镰刀","kaleidoscope_cookery:sickle","1","否","","",""
"farmersdelight:integration/create/milling/wild_cabbages","1","卷心菜种子","farmersdelight:cabbage_seeds","1","否","","",""
"spawn:rotten_fence_gate","1","腐木栅栏门","spawn:rotten_fence_gate","1","否","","",""
"kaleidoscope_cookery:pot/blaze_lamb_chop","1","烈焰羊排","kaleidoscope_cookery:blaze_lamb_chop","1","是","13","15.99","抗火 1600tick 1级 概率1"
"farmersdelight:cake_from_milk_bottle","1","蛋糕","minecraft:cake","1","否","","",""
"farmersdelight:wheat_dough_from_water","1","屏障","minecraft:barrier","1","否","","",""
"kaleidoscope_cookery:millstone/oil_from_seeds","1","油脂","kaleidoscope_cookery:oil","1","否","","",""
"spawn:clam_chowder_fd","1","蚌肉浓汤","spawn:clam_chowder","1","是","8","12.8",""
"farmersdelight:cooking/glow_berry_custard","1","发光浆果蛋奶沙司","farmersdelight:glow_berry_custard","1","是","7","8.400001","发光 100tick 1级 概率1"
"kaleidoscope_cookery:millstone/polished_andesite_from_andesite","1","磨制安山岩","minecraft:polished_andesite","1","否","","",""
"farmersdelight:cutting/chocolate_pie","1","巧克力派切片","farmersdelight:chocolate_pie_slice","4","是","3","1.8000001","迅捷 600tick 1级 概率1"
"spawn:date_raft","1","椰枣木筏","spawn:date_raft","1","否","","",""
"farmersdelight:green_hanging_canvas_sign","1","悬挂式绿色粗布告示牌","farmersdelight:green_hanging_canvas_sign","1","否","","",""
"farmersdelight:horse_feed","1","马食","farmersdelight:horse_feed","1","否","","",""
"kaleidoscope_cookery:millstone/string_from_cyan_wool","1","线","minecraft:string","3","否","","",""
"farmersdelight:cutting/pink_tulip","1","粉红色染料","minecraft:pink_dye","2","否","","",""
"kaleidoscope_cookery:millstone/polished_blackstone_from_blackstone","1","磨制黑石","minecraft:polished_blackstone","1","否","","",""
"spawn:heliostone_stairs","1","日光石楼梯","spawn:heliostone_stairs","4","否","","",""
"kaleidoscope_cookery:millstone/quartz_from_smooth_quartz","1","下界石英","minecraft:quartz","3","否","","",""
"farmersdelight:cutting/acacia_wood","1","去皮金合欢木","minecraft:stripped_acacia_wood","1","否","","",""
"spawn:cooked_tuna_chunk_from_campfire_cooking","1","熟金枪鱼块","spawn:cooked_tuna_chunk","1","是","6","9.6",""
"spawn:reefstone_tile_wall_from_reefstone_stonecutting","1","礁石墙","spawn:reefstone_tile_wall","1","否","","",""
"farmersdelight:cooking/beef_stew","1","牛肉炖","farmersdelight:beef_stew","1","是","12","19.2","滋养 3600tick 1级 概率1"
"farmersdelight:cutting/dandelion","1","黄色染料","minecraft:yellow_dye","2","否","","",""
"kaleidoscope_cookery:table_spruce","1","云杉木餐桌","kaleidoscope_cookery:table_spruce","1","否","","",""
"kaleidoscope_cookery:chopping_board/raw_lamb_chops","1","生羊排","kaleidoscope_cookery:raw_lamb_chops","2","是","1","1",""
"kaleidoscope_cookery:chopping_board/raw_noodles_from_raw_dough","1","生面条","kaleidoscope_cookery:raw_noodles","2","否","","",""
"farmersdelight:rope_from_safety_net","1","绳子","farmersdelight:rope","4","否","","",""
"farmersdelight:cooked_mutton_chops_from_campfire_cooking","1","屏障","minecraft:barrier","1","否","","",""
"spawn:cutting/cooked_herring","1","熟鲱鱼片","spawn:cooked_herring_slice","2","是","2","1.2",""
"farmersdelight:orange_canvas_sign","1","橙色粗布告示牌","farmersdelight:orange_canvas_sign","1","否","","",""
"farmersdelight:cutting/dark_oak_wood","1","去皮深色橡木","minecraft:stripped_dark_oak_wood","1","否","","",""
"kaleidoscope_cookery:cold_cut_ham_slices","1","冷切火腿片","kaleidoscope_cookery:cold_cut_ham_slices","1","否","","",""
"farmersdelight:cooking/cooked_rice","1","米饭","farmersdelight:cooked_rice","1","是","6","4.8","滋养 600tick 1级 概率1"
"kaleidoscope_cookery:stockpot/crimson_fungus_pot_soup","1","绯红菌瓦罐汤","kaleidoscope_cookery:crimson_fungus_pot_soup","1","是","18","24.012","抗火 2400tick 1级 概率1"
"kaleidoscope_cookery:flex_pot/braised_pork_ribs","1","红烧排骨","kaleidoscope_cookery:braised_pork_ribs","1","是","16","25.6","温暖 1600tick 1级 概率1"
"farmersdelight:salvaging/crimson_furniture","1","绯红木板","minecraft:crimson_planks","1","否","","",""
"kaleidoscope_cookery:chopping_board/cooked_pork_belly","1","熟五花肉","kaleidoscope_cookery:cooked_pork_belly","2","是","4","6.4",""
"ordertocook:washingtable","1","洗碗池","ordertocook:washingtable","1","否","","",""
"farmersdelight:beef_patty_from_smoking","1","牛肉饼","farmersdelight:beef_patty","1","是","4","6.4",""
"kaleidoscope_cookery:flex_pot/fondant_spider_eye","1","翻糖蛛眼","kaleidoscope_cookery:fondant_spider_eye","1","是","8","0","胀气 700tick 1级 概率1"
"farmersdelight:canvas_sign","1","粗布告示牌","farmersdelight:canvas_sign","3","否","","",""
"kaleidoscope_cookery:shawarma_spit","1","旋风烤肉塔","kaleidoscope_cookery:shawarma_spit","1","否","","",""
"kaleidoscope_cookery:pot/pan_seared_knight_steak","1","香煎骑士牛排","kaleidoscope_cookery:pan_seared_knight_steak","1","是","13","15.99","饱腹代偿 1800tick 1级 概率1"
"farmersdelight:integration/create/milling/wild_onions","1","品红色染料","minecraft:magenta_dye","1","否","","",""
"farmersdelight:oak_cabinet","1","橡木橱柜","farmersdelight:oak_cabinet","1","否","","",""
"farmersdelight:cutting/torchflower","1","橙色染料","minecraft:orange_dye","2","否","","",""
"farmersdelight:cutting/wild_carrots","1","胡萝卜","minecraft:carrot","1","是","3","3.6000001",""
"farmersdelight:netherite_knife_smithing","1","下界合金刀","farmersdelight:netherite_knife","1","否","","",""
"farmersdelight:rice_panicle","1","稻穗","kaleidoscope_cookery:rice_panicle","9","否","","",""
"farmersdelight:tatami","1","榻榻米方块","farmersdelight:tatami","2","否","","",""
"farmersdelight:salvaging/furnace_minecart","1","矿车","minecraft:minecart","1","否","","",""
"kaleidoscope_cookery:iron_kitchen_knife","1","铁菜刀","kaleidoscope_cookery:iron_kitchen_knife","1","否","","",""
"farmersdelight:pot/add/cooked_salmon_slice","1","熟鲑鱼片","farmersdelight:cooked_salmon_slice","1","是","3","4.8",""
"spawn:cutting/tuna_chunk","1","金枪鱼片","spawn:tuna_slice","2","是","2","0.8",""
"farmersdelight:cutting/red_mushroom_colony","1","红色蘑菇","minecraft:red_mushroom","5","否","","",""
"farmersdelight:cutting/acacia_log","1","去皮金合欢原木","minecraft:stripped_acacia_log","1","否","","",""
"farmersdelight:fried_egg_from_smoking","1","煎蛋","kaleidoscope_cookery:fried_egg","1","是","4","4",""
"kaleidoscope_cookery:rice_panicle","1","稻穗","kaleidoscope_cookery:rice_panicle","9","否","","",""
"farmersdelight:cooking/bone_broth","1","大骨汤","farmersdelight:bone_broth","1","是","8","11.2","滋养 1200tick 1级 概率1"
"kaleidoscope_cookery:millstone/smooth_red_sandstone_from_red_sandstone","1","平滑红砂岩","minecraft:smooth_red_sandstone","1","否","","",""
"kaleidoscope_cookery:cook_stool_warped","1","诡异木厨娘凳","kaleidoscope_cookery:cook_stool_warped","1","否","","",""
"kaleidoscope_cookery:pot/fondant_pie","1","翻糖派","kaleidoscope_cookery:fondant_pie","1","是","20","22","饱腹代偿 1600tick 1级 概率1"
"farmersdelight:cutting/melon","1","西瓜片","minecraft:melon_slice","9","是","2","1.2",""
"kaleidoscope_cookery:cook_stool_acacia","1","金合欢木厨娘凳","kaleidoscope_cookery:cook_stool_acacia","1","否","","",""
"kaleidoscope_cookery:flex_stockpot/dough_drop_soup","1","疙瘩汤","kaleidoscope_cookery:dough_drop_soup","1","是","8","16","温暖 1600tick 1级 概率1"
"kaleidoscope_cookery:millstone/polished_basalt_from_smooth_basalt","1","磨制玄武岩","minecraft:polished_basalt","1","否","","",""
"kaleidoscope_cookery:chili_ristra","1","辣椒串串","kaleidoscope_cookery:chili_ristra","1","否","","",""
"kaleidoscope_cookery:baozi_plate","1","一盘包子","kaleidoscope_cookery:baozi_plate","1","否","","",""
"farmersdelight:skillet","1","煎锅","farmersdelight:skillet","1","否","","",""
"kaleidoscope_cookery:pot/raw_meatball_to_cooked_meatball_3","1","熟丸子","kaleidoscope_cookery:cooked_meatball","3","是","8","12.8",""
"kaleidoscope_cookery:pot/raw_meatball_to_cooked_meatball_4","1","熟丸子","kaleidoscope_cookery:cooked_meatball","4","是","8","12.8",""
"kaleidoscope_cookery:pot/raw_meatball_to_cooked_meatball_1","1","熟丸子","kaleidoscope_cookery:cooked_meatball","1","是","8","12.8",""
"kaleidoscope_cookery:pot/raw_meatball_to_cooked_meatball_2","1","熟丸子","kaleidoscope_cookery:cooked_meatball","2","是","8","12.8",""
"kaleidoscope_cookery:pot/raw_meatball_to_cooked_meatball_7","1","熟丸子","kaleidoscope_cookery:cooked_meatball","7","是","8","12.8",""
"kaleidoscope_cookery:pot/raw_meatball_to_cooked_meatball_8","1","熟丸子","kaleidoscope_cookery:cooked_meatball","8","是","8","12.8",""
"kaleidoscope_cookery:pot/raw_meatball_to_cooked_meatball_5","1","熟丸子","kaleidoscope_cookery:cooked_meatball","5","是","8","12.8",""
"kaleidoscope_cookery:pot/raw_meatball_to_cooked_meatball_6","1","熟丸子","kaleidoscope_cookery:cooked_meatball","6","是","8","12.8",""
"kaleidoscope_cookery:pot/raw_meatball_to_cooked_meatball_9","1","熟丸子","kaleidoscope_cookery:cooked_meatball","9","是","8","12.8",""
"kaleidoscope_cookery:chair_oak","1","橡木椅子","kaleidoscope_cookery:chair_oak","1","否","","",""
"farmersdelight:light_gray_canvas_sign","1","淡灰色粗布告示牌","farmersdelight:light_gray_canvas_sign","1","否","","",""
"kaleidoscope_cookery:chorus_fruit_platter","1","紫颂果拼盘","kaleidoscope_cookery:chorus_fruit_platter","1","否","","",""
"kaleidoscope_cookery:pot/mutton_to_cooked_mutton_1","1","熟羊肉","minecraft:cooked_mutton","1","是","6","9.6",""
"kaleidoscope_cookery:chair_birch","1","白桦木椅子","kaleidoscope_cookery:chair_birch","1","否","","",""
"kaleidoscope_cookery:pot/mutton_to_cooked_mutton_3","1","熟羊肉","minecraft:cooked_mutton","3","是","6","9.6",""
"kaleidoscope_cookery:pot/mutton_to_cooked_mutton_2","1","熟羊肉","minecraft:cooked_mutton","2","是","6","9.6",""
"kaleidoscope_cookery:pot/mutton_to_cooked_mutton_5","1","熟羊肉","minecraft:cooked_mutton","5","是","6","9.6",""
"kaleidoscope_cookery:pot/mutton_to_cooked_mutton_4","1","熟羊肉","minecraft:cooked_mutton","4","是","6","9.6",""
"kaleidoscope_cookery:pot/mutton_to_cooked_mutton_7","1","熟羊肉","minecraft:cooked_mutton","7","是","6","9.6",""
"kaleidoscope_cookery:pot/mutton_to_cooked_mutton_6","1","熟羊肉","minecraft:cooked_mutton","6","是","6","9.6",""
"kaleidoscope_cookery:pot/mutton_to_cooked_mutton_9","1","熟羊肉","minecraft:cooked_mutton","9","是","6","9.6",""
"kaleidoscope_cookery:pot/mutton_to_cooked_mutton_8","1","熟羊肉","minecraft:cooked_mutton","8","是","6","9.6",""
"farmersdelight:canvas_rug","1","粗布毯","farmersdelight:canvas_rug","2","否","","",""
"kaleidoscope_cookery:millstone/raw_gold_from_deepslate_gold_ore","1","粗金","minecraft:raw_gold","3","否","","",""
"kaleidoscope_cookery:stuffed_dough_food_steamer","1","蒸笼","kaleidoscope_cookery:steamer","1","否","","",""
"farmersdelight:acacia_cabinet","1","金合欢木橱柜","farmersdelight:acacia_cabinet","1","否","","",""
"kaleidoscope_cookery:pot/fried_spring_roll","1","炸春卷","kaleidoscope_cookery:fried_spring_roll","1","是","13","15.99","温暖 1600tick 1级 概率1"
"farmersdelight:chopping_board/add/cake_slice","1","蛋糕切片","farmersdelight:cake_slice","7","是","2","0.4","迅捷 400tick 1级 概率1"
"spawn:blasted_sandstone_wall_from_blasted_sandstone_stonecutting","1","荒砂岩墙","spawn:blasted_sandstone_wall","1","否","","",""
"farmersdelight:white_canvas_sign","1","白色粗布告示牌","farmersdelight:white_canvas_sign","1","否","","",""
"kaleidoscope_cookery:stir_fried_pork_with_peppers_rice_bowl","1","青椒炒肉盖饭","kaleidoscope_cookery:stir_fried_pork_with_peppers_rice_bowl","1","是","14","18.004","饱腹代偿 3600tick 1级 概率1"
"spawn:rotten_wood","1","腐木","spawn:rotten_wood","3","否","","",""
"farmersdelight:salvaging/amethyst_block","1","紫水晶碎片","minecraft:amethyst_shard","4","否","","",""
"kaleidoscope_cookery:flex_pot/blaze_lamb_chop","1","烈焰羊排","kaleidoscope_cookery:blaze_lamb_chop","1","是","13","15.99","抗火 1600tick 1级 概率1"
"farmersdelight:cutting/jungle_log","1","去皮丛林原木","minecraft:stripped_jungle_log","1","否","","",""
"kaleidoscope_cookery:stockpot/hot_dry_noodles","1","热干面","kaleidoscope_cookery:hot_dry_noodles","1","是","14","18.004","生机 9600tick 1级 概率1"
"kaleidoscope_cookery:chair_mangrove","1","红树木椅子","kaleidoscope_cookery:chair_mangrove","1","否","","",""
"kaleidoscope_cookery:shengjian_mantou_plate","1","一盘水煎包","kaleidoscope_cookery:shengjian_mantou_plate","1","否","","",""
"kaleidoscope_cookery:steamer/baozi","1","包子","kaleidoscope_cookery:baozi","1","是","8","16","伤害吸收 1600tick 1级 概率1"
"farmersdelight:beetroot_from_crate","1","甜菜根","minecraft:beetroot","9","是","1","1.2",""
"farmersdelight:cooked_salmon_slice_from_smoking","1","熟鲑鱼片","farmersdelight:cooked_salmon_slice","1","是","3","4.8",""
"spawn:chiseled_blasted_sandstone","1","雕纹荒砂岩","spawn:chiseled_blasted_sandstone","1","否","","",""
"farmersdelight:straw","1","草秆","farmersdelight:straw","9","否","","",""
"farmersdelight:cutting/cornflower","1","蓝色染料","minecraft:blue_dye","2","否","","",""
"kaleidoscope_cookery:cook_stool_dark_oak","1","深色橡木厨娘凳","kaleidoscope_cookery:cook_stool_dark_oak","1","否","","",""
"farmersdelight:cutting/birch_wood","1","去皮白桦木","minecraft:stripped_birch_wood","1","否","","",""
"spawn:blasted_sandstone_slab","1","荒砂岩台阶","spawn:blasted_sandstone_slab","6","否","","",""
"farmersdelight:shepherds_pie_block","1","牧羊人派","farmersdelight:shepherds_pie_block","1","否","","",""
"spawn:reefstone_tile_wall_from_reefstone_tiles_stonecutting","1","礁石墙","spawn:reefstone_tile_wall","1","否","","",""
"kaleidoscope_cookery:millstone/gunpowder_from_flint","1","火药","minecraft:gunpowder","1","否","","",""
"farmersdelight:cutting/kelp_roll","1","海带寿司","farmersdelight:kelp_roll_slice","3","是","6","6",""
"farmersdelight:salvaging/warped_furniture","1","诡异木板","minecraft:warped_planks","1","否","","",""
"farmersdelight:salvaging/mangrove_furniture","1","红树木板","minecraft:mangrove_planks","1","否","","",""
"kaleidoscope_cookery:millstone","1","石磨","kaleidoscope_cookery:millstone","1","否","","",""
"farmersdelight:apple_pie_from_slices","1","苹果派","farmersdelight:apple_pie","1","否","","",""
"kaleidoscope_cookery:sticky_rice_cake_plate","1","一盘糍粑","kaleidoscope_cookery:sticky_rice_cake_plate","1","否","","",""
"farmersdelight:cutting/wooden_basket","1","粗布","farmersdelight:canvas","1","否","","",""
"kaleidoscope_cookery:raw_meatball","1","生丸子","kaleidoscope_cookery:raw_meatball","1","是","4","2.4",""
"kaleidoscope_cookery:teapot/biluochun","1","碧螺春","kaleidoscope_cookery:biluochun","1","否","","",""
"kaleidoscope_cookery:millstone/cyan_dye_from_pitcher_plant","1","青色染料","minecraft:cyan_dye","2","否","","",""
"spawn:cooked_bluefish_from_smoking","1","熟扁鲹","spawn:cooked_bluefish","1","是","6","9.6",""
"spawn:clam_case_red","1","红色蚌盒","spawn:clam_case_red","1","否","","",""
"kaleidoscope_cookery:flex_stockpot/warped_fungus_pot_soup","1","诡异菌瓦罐汤","kaleidoscope_cookery:warped_fungus_pot_soup","1","是","18","24.012","抗火 2400tick 1级 概率1"
"spawn:cutting/herring","1","鲱鱼片","spawn:herring_slice","2","是","1","0.2",""
"farmersdelight:pink_canvas_sign","1","粉红色粗布告示牌","farmersdelight:pink_canvas_sign","1","否","","",""
"farmersdelight:cooked_mutton_chops","1","屏障","minecraft:barrier","1","否","","",""
"kaleidoscope_cookery:chopping_board/sashimi_from_tropical_fish","1","刺身","kaleidoscope_cookery:sashimi","2","是","1","1",""
"farmersdelight:roast_chicken_block","1","烤鸡","farmersdelight:roast_chicken_block","1","否","","",""
"kaleidoscope_cookery:farmer_chest_plate","1","农夫围裙","kaleidoscope_cookery:farmer_chest_plate","1","否","","",""
"kaleidoscope_cookery:pot/braised_beef","1","红烧牛肉","kaleidoscope_cookery:braised_beef","1","是","9","10.998","活力 1800tick 1级 概率1"
"farmersdelight:cooked_chicken_cuts","1","熟鸡肉丁","farmersdelight:cooked_chicken_cuts","1","是","3","3.6000001",""
"farmersdelight:cutting/beef","1","牛肉馅","farmersdelight:minced_beef","2","是","2","1.2",""
"kaleidoscope_cookery:stockpot/seafood_miso_soup_cod_entity","1","海鲜味噌汤","kaleidoscope_cookery:seafood_miso_soup","1","是","6","8.004","水下呼吸 9600tick 1级 概率1"
"kaleidoscope_cookery:flex_stockpot/borscht","1","罗宋汤","kaleidoscope_cookery:borscht","1","是","6","8.004","胀气 3600tick 1级 概率1"
"kaleidoscope_cookery:flex_stockpot/four_joy_meatball_soup","1","四喜丸子汤","kaleidoscope_cookery:four_joy_meatball_soup","1","是","13","15.99","温暖 1600tick 1级 概率1"
"kaleidoscope_cookery:millstone/quartz_from_nether_quartz_ore","1","下界石英","minecraft:quartz","3","否","","",""
"spawn:cutting/rotten_wood","1","去皮腐木","spawn:stripped_rotten_wood","1","否","","",""
"kaleidoscope_cookery:steamer/mantou","1","馒头","kaleidoscope_cookery:mantou","1","是","6","10.799999",""
"kaleidoscope_cookery:millstone/gold_nugget_from_nether_gold_ore","1","金粒","minecraft:gold_nugget","5","否","","",""
"kaleidoscope_cookery:flex_pot/pan_seared_knight_steak","1","香煎骑士牛排","kaleidoscope_cookery:pan_seared_knight_steak","1","是","13","15.99","饱腹代偿 1800tick 1级 概率1"
"farmersdelight:organic_compost_from_tree_bark","1","有机堆肥","farmersdelight:organic_compost","1","否","","",""
"ordertocook:board","1","立牌","ordertocook:board","1","否","","",""
"kaleidoscope_cookery:millstone/black_dye_from_wither_rose","1","黑色染料","minecraft:black_dye","2","否","","",""
"kaleidoscope_cookery:trash_can","1","垃圾桶","kaleidoscope_cookery:trash_can","1","否","","",""
"farmersdelight:potato_from_crate","1","马铃薯","minecraft:potato","9","是","1","0.6",""
"kaleidoscope_cookery:millstone/lapis_lazuli_from_deepslate_lapis_ore","1","青金石","minecraft:lapis_lazuli","7","否","","",""
"farmersdelight:beef_patty_from_campfire_cooking","1","牛肉饼","farmersdelight:beef_patty","1","是","4","6.4",""
"kaleidoscope_cookery:chopping_board/raw_cow_offal","1","生牛杂","kaleidoscope_cookery:raw_cow_offal","2","是","2","1.2",""
"farmersdelight:barbecue_stick","1","烧烤串","farmersdelight:barbecue_stick","1","是","8","14.4",""
"farmersdelight:stuffed_potato","1","填馅马铃薯","farmersdelight:stuffed_potato","1","是","10","14",""
"farmersdelight:cooking/rabbit_stew","1","兔肉煲","minecraft:rabbit_stew","1","是","14","21","滋养 6000tick 1级 概率1"
"kaleidoscope_cookery:pot/spicy_chicken","1","辣子鸡","kaleidoscope_cookery:spicy_chicken","1","是","20","22","饱腹代偿 1600tick 1级 概率1"
"farmersdelight:pot/add/cooked_bacon","1","熟培根","farmersdelight:cooked_bacon","1","是","4","6.4",""
"farmersdelight:rice_bale","1","稻穗捆","farmersdelight:rice_bale","1","否","","",""
"spawn:cooked_bluefish_slice_from_smoking","1","熟扁鲹片","spawn:cooked_bluefish_slice","1","是","3","3",""
"farmersdelight:chopping_board/add/pumpkin_slice","1","南瓜片","farmersdelight:pumpkin_slice","4","是","3","1.8000001",""
"kaleidoscope_cookery:stockpot/borscht","1","罗宋汤","kaleidoscope_cookery:borscht","1","是","6","8.004","胀气 3600tick 1级 概率1"
"kaleidoscope_cookery:sticky_candy_plate","1","一盘牛皮糖","kaleidoscope_cookery:sticky_candy_plate","1","否","","",""
"spawn:cooked_herring_slice_from_campfire_cooking","1","熟鲱鱼片","spawn:cooked_herring_slice","1","是","2","1.2",""
"farmersdelight:light_blue_hanging_canvas_sign","1","悬挂式淡蓝色粗布告示牌","farmersdelight:light_blue_hanging_canvas_sign","1","否","","",""
"kaleidoscope_cookery:millstone/string_from_light_gray_wool","1","线","minecraft:string","3","否","","",""
"farmersdelight:cooked_salmon_slice_from_campfire_cooking","1","熟鲑鱼片","farmersdelight:cooked_salmon_slice","1","是","3","4.8",""
"kaleidoscope_cookery:stockpot/beef_meatball_soup","1","牛丸汤","kaleidoscope_cookery:beef_meatball_soup","1","是","6","8.004","温暖 9600tick 1级 概率1"
"kaleidoscope_cookery:millstone/pink_dye_from_peony","1","粉红色染料","minecraft:pink_dye","3","否","","",""
"farmersdelight:packed_mud_from_straw","1","泥坯","minecraft:packed_mud","2","否","","",""
"kaleidoscope_cookery:pot/spicy_rabbit_head","1","麻辣兔头","kaleidoscope_cookery:spicy_rabbit_head","1","是","13","15.99","温暖 1600tick 1级 概率1"
"kaleidoscope_cookery:chair_warped","1","诡异木椅子","kaleidoscope_cookery:chair_warped","1","否","","",""
"kaleidoscope_cookery:chopping_board","1","菜板","kaleidoscope_cookery:chopping_board","1","否","","",""
"kaleidoscope_cookery:stockpot/pufferfish_soup_entity","1","河豚汤","kaleidoscope_cookery:pufferfish_soup","1","是","4","0","芥末 12000tick 1级 概率1"
"farmersdelight:straw_bale","1","草捆","farmersdelight:straw_bale","1","否","","",""
"farmersdelight:gray_hanging_canvas_sign","1","悬挂式灰色粗布告示牌","farmersdelight:gray_hanging_canvas_sign","1","否","","",""
"kaleidoscope_cookery:flex_stockpot/laba_congee","1","腊八粥","kaleidoscope_cookery:laba_congee","1","是","12","12","温暖 6000tick 1级 概率1"
"farmersdelight:pumpkin_pie_from_pie_crust","1","南瓜派","minecraft:pumpkin_pie","2","是","8","4.8",""
"spawn:potted_sweet_berries","1","Potted Sweet Berries","spawn:potted_sweet_berries","1","否","","",""
"kaleidoscope_cookery:millstone/polished_basalt_from_basalt","1","磨制玄武岩","minecraft:polished_basalt","1","否","","",""
"farmersdelight:fried_egg_from_campfire_cooking","1","煎蛋","kaleidoscope_cookery:fried_egg","1","是","4","4",""
"farmersdelight:cutting/oak_log","1","去皮橡木原木","minecraft:stripped_oak_log","1","否","","",""
"kaleidoscope_cookery:millstone/quartz_from_quartz_block","1","下界石英","minecraft:quartz","3","否","","",""
"kaleidoscope_cookery:stockpot/laba_congee","1","腊八粥","kaleidoscope_cookery:laba_congee","1","是","12","12","温暖 6000tick 1级 概率1"
"kaleidoscope_cookery:stockpot/rice_1","1","米饭","kaleidoscope_cookery:cooked_rice","1","是","6","12",""
"kaleidoscope_cookery:stockpot/rice_5","1","米饭","kaleidoscope_cookery:cooked_rice","5","是","6","12",""
"kaleidoscope_cookery:stockpot/rice_4","1","米饭","kaleidoscope_cookery:cooked_rice","4","是","6","12",""
"kaleidoscope_cookery:stockpot/rice_3","1","米饭","kaleidoscope_cookery:cooked_rice","3","是","6","12",""
"kaleidoscope_cookery:stockpot/rice_2","1","米饭","kaleidoscope_cookery:cooked_rice","2","是","6","12",""
"kaleidoscope_cookery:stockpot/rice_9","1","米饭","kaleidoscope_cookery:cooked_rice","9","是","6","12",""
"kaleidoscope_cookery:stockpot/rice_8","1","米饭","kaleidoscope_cookery:cooked_rice","8","是","6","12",""
"kaleidoscope_cookery:stockpot/rice_7","1","米饭","kaleidoscope_cookery:cooked_rice","7","是","6","12",""
"kaleidoscope_cookery:stockpot/rice_6","1","米饭","kaleidoscope_cookery:cooked_rice","6","是","6","12",""
"farmersdelight:stove","1","炉灶","farmersdelight:stove","1","否","","",""
"spawn:heliostone_slab_stonecutting","1","日光石台阶","spawn:heliostone_slab","2","否","","",""
"farmersdelight:carrot_crate","1","箱装胡萝卜","farmersdelight:carrot_crate","1","否","","",""
"spawn:rotten_hanging_sign","1","悬挂式腐木告示牌","spawn:rotten_hanging_sign","6","否","","",""
"spawn:bone_meal_from_shell_fragments","1","骨粉","minecraft:bone_meal","3","否","","",""
"kaleidoscope_cookery:pot/frost_lamb_chop","1","凛冬羊排","kaleidoscope_cookery:frost_lamb_chop","1","是","13","15.99","寒带疾行 1600tick 1级 概率1"
"spawn:bluefish_roll","1","扁鲹寿司","spawn:bluefish_roll","2","是","7","8.400001",""
"kaleidoscope_cookery:tomato_seed","1","番茄种子","kaleidoscope_cookery:tomato_seed","1","否","","",""
"kaleidoscope_cookery:millstone/polished_granite_from_granite","1","磨制花岗岩","minecraft:polished_granite","1","否","","",""
"spawn:yellow_dye_from_spawn_sunflower","1","黄色染料","minecraft:yellow_dye","2","否","","",""
"kaleidoscope_cookery:chopping_board/raw_cut_small_meats_from_rabbit","1","生切制小肉","kaleidoscope_cookery:raw_cut_small_meats","2","是","2","1.2",""
"farmersdelight:magenta_hanging_canvas_sign","1","悬挂式品红色粗布告示牌","farmersdelight:magenta_hanging_canvas_sign","1","否","","",""
"kaleidoscope_cookery:steamer","1","蒸笼","kaleidoscope_cookery:steamer","1","否","","",""
"kaleidoscope_cookery:millstone/emerald_from_deepslate_emerald_ore","1","绿宝石","minecraft:emerald","2","否","","",""
"spawn:smooth_blasted_sandstone_slab","1","平滑荒砂岩台阶","spawn:smooth_blasted_sandstone_slab","6","否","","",""
"kaleidoscope_cookery:chair_cherry","1","樱花木椅子","kaleidoscope_cookery:chair_cherry","1","否","","",""
"kaleidoscope_cookery:cook_stool_cherry","1","樱花木厨娘凳","kaleidoscope_cookery:cook_stool_cherry","1","否","","",""
"farmersdelight:salvaging/cherry_chest_boat","1","樱花木船","minecraft:cherry_boat","1","否","","",""
"farmersdelight:milk_bucket_from_bottles","1","奶桶","minecraft:milk_bucket","1","否","","",""
"kaleidoscope_cookery:pot/sticky_candy","1","牛皮糖","kaleidoscope_cookery:sticky_candy","1","是","6","12",""
"farmersdelight:cutting/jungle_wood","1","去皮丛林木","minecraft:stripped_jungle_wood","1","否","","",""
"farmersdelight:cutting/cooked_chicken","1","熟鸡肉丁","farmersdelight:cooked_chicken_cuts","2","是","3","3.6000001",""
"farmersdelight:egg_sandwich","1","夹蛋三明治","farmersdelight:egg_sandwich","1","是","8","12.8",""
"spawn:escargot","1","法式蜗牛","spawn:escargot","1","是","4","6.4",""
"kaleidoscope_cookery:gold_kitchen_knife","1","金菜刀","kaleidoscope_cookery:gold_kitchen_knife","1","否","","",""
"kaleidoscope_cookery:raw_dough_steamer","1","蒸笼","kaleidoscope_cookery:steamer","1","否","","",""
"farmersdelight:purple_canvas_sign","1","紫色粗布告示牌","farmersdelight:purple_canvas_sign","1","否","","",""
"farmersdelight:brown_hanging_canvas_sign","1","悬挂式棕色粗布告示牌","farmersdelight:brown_hanging_canvas_sign","1","否","","",""
"kaleidoscope_cookery:millstone/amethyst_shard_from_amethyst_block","1","紫水晶碎片","minecraft:amethyst_shard","3","否","","",""
"kaleidoscope_cookery:millstone/coal_from_coal_ore","1","煤炭","minecraft:coal","3","否","","",""
"spawn:hamster_wheel","1","仓鼠轮","spawn:hamster_wheel","1","否","","",""
"kaleidoscope_cookery:millstone/polished_diorite_from_diorite","1","磨制闪长岩","minecraft:polished_diorite","1","否","","",""
"kaleidoscope_cookery:pot/cod_to_cooked_cod_3","1","熟鳕鱼","minecraft:cooked_cod","3","是","5","6",""
"kaleidoscope_cookery:pot/cod_to_cooked_cod_2","1","熟鳕鱼","minecraft:cooked_cod","2","是","5","6",""
"kaleidoscope_cookery:pot/cod_to_cooked_cod_1","1","熟鳕鱼","minecraft:cooked_cod","1","是","5","6",""
"kaleidoscope_cookery:pot/cod_to_cooked_cod_7","1","熟鳕鱼","minecraft:cooked_cod","7","是","5","6",""
"kaleidoscope_cookery:pot/cod_to_cooked_cod_6","1","熟鳕鱼","minecraft:cooked_cod","6","是","5","6",""
"kaleidoscope_cookery:pot/cod_to_cooked_cod_5","1","熟鳕鱼","minecraft:cooked_cod","5","是","5","6",""
"kaleidoscope_cookery:pot/cod_to_cooked_cod_4","1","熟鳕鱼","minecraft:cooked_cod","4","是","5","6",""
"kaleidoscope_cookery:pot/cod_to_cooked_cod_9","1","熟鳕鱼","minecraft:cooked_cod","9","是","5","6",""
"kaleidoscope_cookery:pot/cod_to_cooked_cod_8","1","熟鳕鱼","minecraft:cooked_cod","8","是","5","6",""
"kaleidoscope_cookery:table_oak","1","橡木餐桌","kaleidoscope_cookery:table_oak","1","否","","",""
"farmersdelight:cooking/pasta_with_mutton_chop","1","羊排意面","farmersdelight:pasta_with_mutton_chop","1","是","12","19.2","滋养 3600tick 1级 概率1"
"spawn:bone_meal_from_dead_sea_urchin","1","骨粉","minecraft:bone_meal","2","否","","",""
"kaleidoscope_cookery:flex_stockpot/crimson_fungus_pot_soup","1","绯红菌瓦罐汤","kaleidoscope_cookery:crimson_fungus_pot_soup","1","是","18","24.012","抗火 2400tick 1级 概率1"
"spawn:reefstone_tile_slab_from_reefstone_tiles_stonecutting","1","礁石台阶","spawn:reefstone_tile_slab","2","否","","",""
"spawn:cooked_clam_from_smoking","1","熟蚌肉","spawn:cooked_clam","1","是","3","3",""
"farmersdelight:salvaging/tnt_minecart","1","矿车","minecraft:minecart","1","否","","",""
"farmersdelight:cabbage_from_leaves","1","卷心菜","farmersdelight:cabbage","1","是","2","1.6",""
"spawn:cooked_dodo_from_smoking","1","熟渡渡鸟肉","spawn:cooked_dodo","1","是","20","56","力量 1200tick 2级 概率1"
"spawn:reefstone_tile_wall","1","礁石墙","spawn:reefstone_tile_wall","6","否","","",""
"farmersdelight:salvaging/acacia_chest_boat","1","金合欢木船","minecraft:acacia_boat","1","否","","",""
"farmersdelight:salvaging/deepslate","1","深板岩圆石","minecraft:cobbled_deepslate","1","否","","",""
"farmersdelight:bamboo_cabinet","1","竹橱柜","farmersdelight:bamboo_cabinet","1","否","","",""
"farmersdelight:salvaging/nether_bricks","1","下界砖","minecraft:nether_brick","4","否","","",""
"kaleidoscope_cookery:flex_pot/fried_caterpillar","1","油炸猪儿虫","kaleidoscope_cookery:fried_caterpillar","1","是","12","19.2","胀气 200tick 1级 概率1"
"farmersdelight:salmon_roll","1","鲑鱼寿司","farmersdelight:salmon_roll","2","是","7","8.400001",""
"kaleidoscope_cookery:chopping_board/bone_from_salmon","1","骨头","minecraft:bone","2","否","","",""
"farmersdelight:cutting/gravel","1","沙砾","minecraft:gravel","1","否","","",""
"spawn:cooked_herring","1","熟鲱鱼","spawn:cooked_herring","1","是","4","4",""
"kaleidoscope_cookery:millstone/green_dye_from_cactus","1","绿色染料","minecraft:green_dye","2","否","","",""
"farmersdelight:cooking/baked_cod_stew","1","烘焙鳕鱼炖","farmersdelight:baked_cod_stew","1","是","14","21","滋养 6000tick 1级 概率1"
"kaleidoscope_cookery:pot/chicken_to_cooked_chicken_7","1","熟鸡肉","minecraft:cooked_chicken","7","是","6","7.2000003",""
"kaleidoscope_cookery:pot/chicken_to_cooked_chicken_6","1","熟鸡肉","minecraft:cooked_chicken","6","是","6","7.2000003",""
"kaleidoscope_cookery:pot/chicken_to_cooked_chicken_9","1","熟鸡肉","minecraft:cooked_chicken","9","是","6","7.2000003",""
"kaleidoscope_cookery:pot/chicken_to_cooked_chicken_8","1","熟鸡肉","minecraft:cooked_chicken","8","是","6","7.2000003",""
"farmersdelight:cherry_cabinet","1","樱花木橱柜","farmersdelight:cherry_cabinet","1","否","","",""
"kaleidoscope_cookery:flex_stockpot/lamb_and_radish_soup","1","萝卜羊肉汤","kaleidoscope_cookery:lamb_and_radish_soup","1","是","6","8.004","寒带疾行 6000tick 1级 概率1"
"kaleidoscope_cookery:pot/stuffed_dough_food_to_meat_pie_1","1","馅饼","kaleidoscope_cookery:meat_pie","1","是","8","16","温暖 1600tick 1级 概率1"
"farmersdelight:melon_popsicle","1","西瓜冰棍","farmersdelight:melon_popsicle","1","是","3","1.2",""
"kaleidoscope_cookery:pot/stuffed_dough_food_to_meat_pie_2","1","馅饼","kaleidoscope_cookery:meat_pie","2","是","8","16","温暖 1600tick 1级 概率1"
"kaleidoscope_cookery:pot/stuffed_dough_food_to_meat_pie_3","1","馅饼","kaleidoscope_cookery:meat_pie","3","是","8","16","温暖 1600tick 1级 概率1"
"kaleidoscope_cookery:pot/stuffed_dough_food_to_meat_pie_4","1","馅饼","kaleidoscope_cookery:meat_pie","4","是","8","16","温暖 1600tick 1级 概率1"
"kaleidoscope_cookery:pot/stuffed_dough_food_to_meat_pie_5","1","馅饼","kaleidoscope_cookery:meat_pie","5","是","8","16","温暖 1600tick 1级 概率1"
"kaleidoscope_cookery:pot/stuffed_dough_food_to_meat_pie_6","1","馅饼","kaleidoscope_cookery:meat_pie","6","是","8","16","温暖 1600tick 1级 概率1"
"farmersdelight:spruce_cabinet","1","云杉木橱柜","farmersdelight:spruce_cabinet","1","否","","",""
"kaleidoscope_cookery:pot/stuffed_dough_food_to_meat_pie_7","1","馅饼","kaleidoscope_cookery:meat_pie","7","是","8","16","温暖 1600tick 1级 概率1"
"kaleidoscope_cookery:pot/stuffed_dough_food_to_meat_pie_8","1","馅饼","kaleidoscope_cookery:meat_pie","8","是","8","16","温暖 1600tick 1级 概率1"
"kaleidoscope_cookery:pot/stuffed_dough_food_to_meat_pie_9","1","馅饼","kaleidoscope_cookery:meat_pie","9","是","8","16","温暖 1600tick 1级 概率1"
"spawn:cut_blasted_sandstone","1","切制荒砂岩","spawn:cut_blasted_sandstone","4","否","","",""
"farmersdelight:steak_and_potatoes","1","牛排配马铃薯","farmersdelight:steak_and_potatoes","1","是","12","19.2","滋养 3600tick 1级 概率1"
"spawn:rotten_fence","1","腐木栅栏","spawn:rotten_fence","3","否","","",""
"farmersdelight:cooking/squid_ink_pasta","1","鱿鱼墨面","farmersdelight:squid_ink_pasta","1","是","14","21","滋养 6000tick 1级 概率1"
"farmersdelight:cutting/oak_wood","1","去皮橡木","minecraft:stripped_oak_wood","1","否","","",""
"farmersdelight:cutting/spruce_log","1","去皮云杉原木","minecraft:stripped_spruce_log","1","否","","",""
"kaleidoscope_cookery:millstone/yellow_dye_from_dandelion","1","黄色染料","minecraft:yellow_dye","2","否","","",""
"spawn:blasted_sandstone_stairs","1","荒砂岩楼梯","spawn:blasted_sandstone_stairs","4","否","","",""
"kaleidoscope_cookery:stockpot","1","汤锅","kaleidoscope_cookery:stockpot","1","否","","",""
"kaleidoscope_cookery:pot/braised_pork_ribs","1","红烧排骨","kaleidoscope_cookery:braised_pork_ribs","1","是","16","25.6","温暖 1600tick 1级 概率1"
"kaleidoscope_cookery:stockpot/pork_bone_soup","1","大骨汤","kaleidoscope_cookery:pork_bone_soup","1","是","6","8.004","活力 6000tick 1级 概率1"
"ordertocook:chef_coin_100_from_20","1","100 oTc币","ordertocook:chef_coin_100","1","否","","",""
"farmersdelight:sweet_berry_cheesecake_from_slices","1","甜浆果芝士派","farmersdelight:sweet_berry_cheesecake","1","否","","",""
"kaleidoscope_cookery:chopping_board/cooked_cut_small_meats_from_chicken","1","熟切制小肉","kaleidoscope_cookery:cooked_cut_small_meats","2","是","4","6.4",""
"kaleidoscope_cookery:flex_pot/stargazy_pie","1","仰望星空派","kaleidoscope_cookery:stargazy_pie","1","是","13","15.99","胀气 600tick 1级 概率1；霉运 3600tick 1级 概率1"
"farmersdelight:cutting/azure_bluet","1","淡灰色染料","minecraft:light_gray_dye","2","否","","",""
"kaleidoscope_cookery:pot/raw_pork_belly_to_cooked_pork_belly_4","1","熟五花肉","kaleidoscope_cookery:cooked_pork_belly","4","是","4","6.4",""
"kaleidoscope_cookery:pot/raw_pork_belly_to_cooked_pork_belly_3","1","熟五花肉","kaleidoscope_cookery:cooked_pork_belly","3","是","4","6.4",""
"spawn:rotten_sign","1","腐木告示牌","spawn:rotten_sign","3","否","","",""
"kaleidoscope_cookery:pot/raw_pork_belly_to_cooked_pork_belly_2","1","熟五花肉","kaleidoscope_cookery:cooked_pork_belly","2","是","4","6.4",""
"kaleidoscope_cookery:pot/raw_pork_belly_to_cooked_pork_belly_1","1","熟五花肉","kaleidoscope_cookery:cooked_pork_belly","1","是","4","6.4",""
"kaleidoscope_cookery:pot/raw_pork_belly_to_cooked_pork_belly_8","1","熟五花肉","kaleidoscope_cookery:cooked_pork_belly","8","是","4","6.4",""
"kaleidoscope_cookery:pot/raw_pork_belly_to_cooked_pork_belly_7","1","熟五花肉","kaleidoscope_cookery:cooked_pork_belly","7","是","4","6.4",""
"farmersdelight:integration/create/milling/wild_carrots","1","淡灰色染料","minecraft:light_gray_dye","2","否","","",""
"kaleidoscope_cookery:pot/raw_pork_belly_to_cooked_pork_belly_6","1","熟五花肉","kaleidoscope_cookery:cooked_pork_belly","6","是","4","6.4",""
"kaleidoscope_cookery:pot/raw_pork_belly_to_cooked_pork_belly_5","1","熟五花肉","kaleidoscope_cookery:cooked_pork_belly","5","是","4","6.4",""
"kaleidoscope_cookery:pot/raw_pork_belly_to_cooked_pork_belly_9","1","熟五花肉","kaleidoscope_cookery:cooked_pork_belly","9","是","4","6.4",""
"spawn:cooked_bluefish_slice_from_campfire_cooking","1","熟扁鲹片","spawn:cooked_bluefish_slice","1","是","3","3",""
"farmersdelight:mixed_salad","1","混合沙拉","farmersdelight:mixed_salad","1","是","6","7.2000003","生命恢复 100tick 1级 概率1"
"kaleidoscope_cookery:table_warped","1","诡异木餐桌","kaleidoscope_cookery:table_warped","1","否","","",""
"farmersdelight:cutting/chicken","1","生鸡肉丁","farmersdelight:chicken_cuts","2","是","1","0.6","饥饿 600tick 1级 概率0.30000001192092896"
"farmersdelight:cutting/cooked_cod","1","熟鳕鱼片","farmersdelight:cooked_cod_slice","2","是","3","3",""
"farmersdelight:salvaging/spruce_chest_boat","1","云杉木船","minecraft:spruce_boat","1","否","","",""
"farmersdelight:pot/add/bacon_and_eggs","1","培根蛋","farmersdelight:bacon_and_eggs","1","是","10","12","滋养 1200tick 1级 概率1"
"kaleidoscope_cookery:pot/crystal_lamb_chop","1","水晶羊排","kaleidoscope_cookery:crystal_lamb_chop","1","是","13","15.99","急迫 6000tick 2级 概率1"
"spawn:smooth_blasted_sandstone_stairs_from_smooth_blasted_sandstone_stonecutting","1","平滑荒砂岩楼梯","spawn:smooth_blasted_sandstone_stairs","1","否","","",""
"farmersdelight:cutting/wild_onions","1","洋葱","farmersdelight:onion","1","是","2","1.6",""
"kaleidoscope_cookery:millstone/red_dye_from_poppy","1","红色染料","minecraft:red_dye","2","否","","",""
"kaleidoscope_cookery:pot/potato_to_baked_potato_1","1","烤马铃薯","minecraft:baked_potato","1","是","5","6",""
"kaleidoscope_cookery:pot/salmon_to_cooked_salmon_1","1","熟鲑鱼","minecraft:cooked_salmon","1","是","6","9.6",""
"kaleidoscope_cookery:pot/salmon_to_cooked_salmon_2","1","熟鲑鱼","minecraft:cooked_salmon","2","是","6","9.6",""
"kaleidoscope_cookery:pot/salmon_to_cooked_salmon_3","1","熟鲑鱼","minecraft:cooked_salmon","3","是","6","9.6",""
"kaleidoscope_cookery:pot/salmon_to_cooked_salmon_4","1","熟鲑鱼","minecraft:cooked_salmon","4","是","6","9.6",""
"kaleidoscope_cookery:pot/salmon_to_cooked_salmon_5","1","熟鲑鱼","minecraft:cooked_salmon","5","是","6","9.6",""
"kaleidoscope_cookery:pot/salmon_to_cooked_salmon_6","1","熟鲑鱼","minecraft:cooked_salmon","6","是","6","9.6",""
"kaleidoscope_cookery:pot/salmon_to_cooked_salmon_7","1","熟鲑鱼","minecraft:cooked_salmon","7","是","6","9.6",""
"kaleidoscope_cookery:pot/salmon_to_cooked_salmon_8","1","熟鲑鱼","minecraft:cooked_salmon","8","是","6","9.6",""
"kaleidoscope_cookery:pot/salmon_to_cooked_salmon_9","1","熟鲑鱼","minecraft:cooked_salmon","9","是","6","9.6",""
"ordertocook:otc_upgrade_box","1","oTc升级箱","ordertocook:otc_upgrade_box","1","否","","",""
"spawn:cooked_clam","1","熟蚌肉","spawn:cooked_clam","1","是","3","3",""
"spawn:cooked_dodo","1","熟渡渡鸟肉","spawn:cooked_dodo","1","是","20","56","力量 1200tick 2级 概率1"
"kaleidoscope_cookery:scramble_egg_with_tomatoes_rice_bowl","1","番茄炒蛋盖饭","kaleidoscope_cookery:scramble_egg_with_tomatoes_rice_bowl","1","是","14","18.004","饱腹代偿 3600tick 1级 概率1"
"farmersdelight:cooked_cod_slice_from_campfire_cooking","1","熟鳕鱼片","farmersdelight:cooked_cod_slice","1","是","3","3",""
"spawn:cooked_dodo_from_campfire_cooking","1","熟渡渡鸟肉","spawn:cooked_dodo","1","是","20","56","力量 1200tick 2级 概率1"
"spawn:date_chest_raft","1","运输椰枣木筏","spawn:date_chest_raft","1","否","","",""
"kaleidoscope_cookery:flex_stockpot/braised_beef_with_potatoes","1","土豆炖牛肉","kaleidoscope_cookery:braised_beef_with_potatoes","1","是","6","8.004","温暖 9600tick 1级 概率1"
"farmersdelight:integration/create/filling/chocolate_pie","1","巧克力派","farmersdelight:chocolate_pie","1","否","","",""
"farmersdelight:warped_cabinet","1","诡异木橱柜","farmersdelight:warped_cabinet","1","否","","",""
"kaleidoscope_cookery:table_dark_oak","1","深色橡木餐桌","kaleidoscope_cookery:table_dark_oak","1","否","","",""
"kaleidoscope_cookery:pot/chicken_to_cooked_chicken_3","1","熟鸡肉","minecraft:cooked_chicken","3","是","6","7.2000003",""
"kaleidoscope_cookery:pot/chicken_to_cooked_chicken_2","1","熟鸡肉","minecraft:cooked_chicken","2","是","6","7.2000003",""
"kaleidoscope_cookery:pot/chicken_to_cooked_chicken_5","1","熟鸡肉","minecraft:cooked_chicken","5","是","6","7.2000003",""
"kaleidoscope_cookery:pot/chicken_to_cooked_chicken_4","1","熟鸡肉","minecraft:cooked_chicken","4","是","6","7.2000003",""
"kaleidoscope_cookery:pot/chicken_to_cooked_chicken_1","1","熟鸡肉","minecraft:cooked_chicken","1","是","6","7.2000003",""
"kaleidoscope_cookery:pot/raw_lamb_chops_to_cooked_lamb_chops_9","1","熟羊排","kaleidoscope_cookery:cooked_lamb_chops","9","是","3","4.8",""
"kaleidoscope_cookery:pot/raw_lamb_chops_to_cooked_lamb_chops_5","1","熟羊排","kaleidoscope_cookery:cooked_lamb_chops","5","是","3","4.8",""
"kaleidoscope_cookery:pot/raw_lamb_chops_to_cooked_lamb_chops_6","1","熟羊排","kaleidoscope_cookery:cooked_lamb_chops","6","是","3","4.8",""
"kaleidoscope_cookery:pot/raw_lamb_chops_to_cooked_lamb_chops_7","1","熟羊排","kaleidoscope_cookery:cooked_lamb_chops","7","是","3","4.8",""
"kaleidoscope_cookery:pot/raw_lamb_chops_to_cooked_lamb_chops_8","1","熟羊排","kaleidoscope_cookery:cooked_lamb_chops","8","是","3","4.8",""
"kaleidoscope_cookery:pot/raw_lamb_chops_to_cooked_lamb_chops_1","1","熟羊排","kaleidoscope_cookery:cooked_lamb_chops","1","是","3","4.8",""
"kaleidoscope_cookery:pot/raw_lamb_chops_to_cooked_lamb_chops_2","1","熟羊排","kaleidoscope_cookery:cooked_lamb_chops","2","是","3","4.8",""
"kaleidoscope_cookery:pot/raw_lamb_chops_to_cooked_lamb_chops_3","1","熟羊排","kaleidoscope_cookery:cooked_lamb_chops","3","是","3","4.8",""
"kaleidoscope_cookery:pot/raw_lamb_chops_to_cooked_lamb_chops_4","1","熟羊排","kaleidoscope_cookery:cooked_lamb_chops","4","是","3","4.8",""
"farmersdelight:salvaging/mangrove_chest_boat","1","红树木船","minecraft:mangrove_boat","1","否","","",""
"kaleidoscope_cookery:millstone/bone_meal_from_bone","1","骨粉","minecraft:bone_meal","5","否","","",""
"farmersdelight:rice_from_bag","1","稻米","kaleidoscope_cookery:rice","9","否","","",""
"kaleidoscope_cookery:straw_block","1","稻草捆","kaleidoscope_cookery:straw_block","1","否","","",""
"farmersdelight:flint_knife","1","燧石刀","farmersdelight:flint_knife","1","否","","",""
"spawn:algal_reefstone_slab","1","藻礁石台阶","spawn:algal_reefstone_slab","6","否","","",""
"kaleidoscope_cookery:braised_beef_rice_bowl","1","红烧牛肉盖饭","kaleidoscope_cookery:braised_beef_rice_bowl","1","是","14","18.004","饱腹代偿 3600tick 1级 概率1"
"kaleidoscope_cookery:stockpot/brown_mushroom_pot_soup","1","棕蘑菇瓦罐汤","kaleidoscope_cookery:brown_mushroom_pot_soup","1","是","18","24.012","温暖 6000tick 1级 概率1"
"farmersdelight:salvaging/bricks","1","红砖","minecraft:brick","4","否","","",""
"farmersdelight:cutting/cod","1","生鳕鱼片","farmersdelight:cod_slice","2","是","1","0.2",""
"kaleidoscope_cookery:steamer/qingtuan","1","青团","kaleidoscope_cookery:qingtuan","1","是","5","6",""
"farmersdelight:cutting/dark_oak_log","1","去皮深色橡木原木","minecraft:stripped_dark_oak_log","1","否","","",""
"farmersdelight:salvaging/jungle_furniture","1","丛林木板","minecraft:jungle_planks","1","否","","",""
"spawn:cooked_tuna_chunk_from_smoking","1","熟金枪鱼块","spawn:cooked_tuna_chunk","1","是","6","9.6",""
"kaleidoscope_cookery:flex_stockpot/pufferfish_soup_entity","1","河豚汤","kaleidoscope_cookery:pufferfish_soup","1","是","4","0","芥末 12000tick 1级 概率1"
"kaleidoscope_cookery:flex_pot/sticky_candy","1","牛皮糖","kaleidoscope_cookery:sticky_candy","1","是","6","12",""
"farmersdelight:magenta_canvas_sign","1","品红色粗布告示牌","farmersdelight:magenta_canvas_sign","1","否","","",""
"kaleidoscope_cookery:millstone/red_dye_from_rose_bush","1","红色染料","minecraft:red_dye","3","否","","",""
"spawn:date_button","1","椰枣木按钮","spawn:date_button","1","否","","",""
"kaleidoscope_cookery:stockpot/seafood_miso_soup_salmon_entity","1","海鲜味噌汤","kaleidoscope_cookery:seafood_miso_soup","1","是","6","8.004","水下呼吸 9600tick 1级 概率1"
"kaleidoscope_cookery:pot/potato_to_baked_potato_9","1","烤马铃薯","minecraft:baked_potato","9","是","5","6",""
"farmersdelight:cutting/wild_potatoes","1","马铃薯","minecraft:potato","1","是","1","0.6",""
"kaleidoscope_cookery:pot/potato_to_baked_potato_8","1","烤马铃薯","minecraft:baked_potato","8","是","5","6",""
"kaleidoscope_cookery:pot/potato_to_baked_potato_7","1","烤马铃薯","minecraft:baked_potato","7","是","5","6",""
"kaleidoscope_cookery:pot/potato_to_baked_potato_6","1","烤马铃薯","minecraft:baked_potato","6","是","5","6",""
"kaleidoscope_cookery:nether_style_sashimi","1","下界风味刺身","kaleidoscope_cookery:nether_style_sashimi","1","是","16","6","芥末 6000tick 1级 概率1"
"kaleidoscope_cookery:pot/potato_to_baked_potato_5","1","烤马铃薯","minecraft:baked_potato","5","是","5","6",""
"kaleidoscope_cookery:pot/potato_to_baked_potato_4","1","烤马铃薯","minecraft:baked_potato","4","是","5","6",""
"kaleidoscope_cookery:pot/potato_to_baked_potato_3","1","烤马铃薯","minecraft:baked_potato","3","是","5","6",""
"kaleidoscope_cookery:pot/potato_to_baked_potato_2","1","烤马铃薯","minecraft:baked_potato","2","是","5","6",""
"farmersdelight:integration/create/milling/wild_potatoes","1","紫色染料","minecraft:purple_dye","2","否","","",""
"kaleidoscope_cookery:flex_pot/fried_spring_roll","1","炸春卷","kaleidoscope_cookery:fried_spring_roll","1","是","13","15.99","温暖 1600tick 1级 概率1"
"spawn:bone_meal_from_dead_sea_star","1","骨粉","minecraft:bone_meal","1","否","","",""
"kaleidoscope_cookery:flex_stockpot/fearsome_thick_soup","1","恐惧浓汤","kaleidoscope_cookery:fearsome_thick_soup","1","是","4","0","硫磺 9600tick 1级 概率1"
"farmersdelight:grilled_salmon","1","香烤鲑鱼","farmersdelight:grilled_salmon","1","是","14","21","滋养 3600tick 1级 概率1"
"spawn:cooked_herring_from_smoking","1","熟鲱鱼","spawn:cooked_herring","1","是","4","4",""
"kaleidoscope_cookery:stockpot/wild_mushroom_rabbit_soup","1","野菌兔肉汤","kaleidoscope_cookery:wild_mushroom_rabbit_soup","1","是","6","8.004","迅捷 9600tick 1级 概率1"
"kaleidoscope_cookery:millstone/red_dye_from_beetroot","1","红色染料","minecraft:red_dye","2","否","","",""
"farmersdelight:chocolate_pie","1","巧克力派","farmersdelight:chocolate_pie","1","否","","",""
"kaleidoscope_cookery:apple_platter","1","苹果拼盘","kaleidoscope_cookery:apple_platter","1","否","","",""
"kaleidoscope_cookery:chair_jungle","1","丛林木椅子","kaleidoscope_cookery:chair_jungle","1","否","","",""
"spawn:algal_reefstone_slab_from_algal_reefstone_stonecutting","1","藻礁石台阶","spawn:algal_reefstone_slab","2","否","","",""
"spawn:cutting/cooked_tuna_chunk","1","熟金枪鱼片","spawn:cooked_tuna_slice","2","是","4","4",""
"farmersdelight:cutting/clay","1","黏土球","minecraft:clay_ball","4","否","","",""
"kaleidoscope_cookery:cook_stool_jungle","1","丛林木厨娘凳","kaleidoscope_cookery:cook_stool_jungle","1","否","","",""
"spawn:cooked_bluefish","1","熟扁鲹","spawn:cooked_bluefish","1","是","6","9.6",""
"farmersdelight:cutting/cherry_wood","1","去皮樱花木","minecraft:stripped_cherry_wood","1","否","","",""
"farmersdelight:honey_glazed_ham_block","1","蜜汁火腿","farmersdelight:honey_glazed_ham_block","1","否","","",""
"farmersdelight:orange_hanging_canvas_sign","1","悬挂式橙色粗布告示牌","farmersdelight:orange_hanging_canvas_sign","1","否","","",""
"spawn:heliostone_wall","1","日光石墙","spawn:heliostone_wall","6","否","","",""
"farmersdelight:cooking/onion_soup","1","洋葱汤","farmersdelight:onion_soup","1","是","12","19.2","滋养 3600tick 1级 概率1"
"spawn:smooth_blasted_sandstone_stairs","1","平滑荒砂岩楼梯","spawn:smooth_blasted_sandstone_stairs","4","否","","",""
"kaleidoscope_cookery:table_acacia","1","金合欢木餐桌","kaleidoscope_cookery:table_acacia","1","否","","",""
"farmersdelight:fried_egg","1","煎蛋","kaleidoscope_cookery:fried_egg","1","是","4","4",""
"spawn:cut_blasted_sandstone_slab","1","切制荒砂岩台阶","spawn:cut_blasted_sandstone_slab","6","否","","",""
"spawn:reefstone_wall","1","礁石墙","spawn:reefstone_wall","6","否","","",""
"farmersdelight:cooking/tomato_sauce","1","番茄酱","farmersdelight:tomato_sauce","1","是","4","3.2",""
"farmersdelight:fruit_salad","1","水果沙拉","farmersdelight:fruit_salad","1","是","6","7.2000003","生命恢复 100tick 1级 概率1"
"farmersdelight:tomato_seeds","1","番茄种子","kaleidoscope_cookery:tomato_seed","1","否","","",""
"farmersdelight:cutting/allium","1","品红色染料","minecraft:magenta_dye","2","否","","",""
"spawn:red_dye_from_tropical_wildflowers","1","红色染料","minecraft:red_dye","1","否","","",""
"kaleidoscope_cookery:fish_flavored_shredded_pork_rice_bowl","1","鱼香肉丝盖饭","kaleidoscope_cookery:fish_flavored_shredded_pork_rice_bowl","1","是","14","18.004","饱腹代偿 3600tick 1级 概率1"
"kaleidoscope_cookery:millstone/orange_dye_from_torchflower","1","橙色染料","minecraft:orange_dye","2","否","","",""
"farmersdelight:cooking/fish_stew","1","鱼肉炖","farmersdelight:fish_stew","1","是","12","19.2","滋养 3600tick 1级 概率1"
"ordertocook:chef_coin_1_from_5","1","1 oTc币","ordertocook:chef_coin_1","5","否","","",""
"kaleidoscope_cookery:millstone/light_gray_dye_from_oxeye_daisy","1","淡灰色染料","minecraft:light_gray_dye","2","否","","",""
"farmersdelight:cutting/pumpkin_pie","1","南瓜派切片","farmersdelight:pumpkin_pie_slice","4","是","3","1.8000001","迅捷 600tick 1级 概率1"
"spawn:rotten_door","1","腐木门","spawn:rotten_door","3","否","","",""
"kaleidoscope_cookery:zongzi_plate","1","一盘粽子","kaleidoscope_cookery:zongzi_plate","1","否","","",""
"kaleidoscope_cookery:flex_pot/sweet_and_sour_ender_pearls","1","珍珠咕噜肉","kaleidoscope_cookery:sweet_and_sour_ender_pearls","1","是","9","0","胀气 700tick 1级 概率1"
"farmersdelight:cooking_pot","1","厨锅","farmersdelight:cooking_pot","1","否","","",""
"kaleidoscope_cookery:millstone/raw_iron_from_deepslate_iron_ore","1","粗铁","minecraft:raw_iron","3","否","","",""
"kaleidoscope_cookery:chopping_board/bone_from_cod","1","骨头","minecraft:bone","2","否","","",""
"spawn:cooking/crab_boil_block","1","蒸螃蟹","spawn:crab_boil_block","1","否","","",""
"farmersdelight:salvaging/dark_oak_chest_boat","1","深色橡木船","minecraft:dark_oak_boat","1","否","","",""
"kaleidoscope_cookery:millstone/string_from_lime_wool","1","线","minecraft:string","3","否","","",""
"ordertocook:shelf","1","包装架","ordertocook:shelf","1","否","","",""
"spawn:blasted_sandstone_wall","1","荒砂岩墙","spawn:blasted_sandstone_wall","6","否","","",""
"farmersdelight:melon_juice","1","西瓜汁","farmersdelight:melon_juice","1","否","","",""
"farmersdelight:cutting/red_tulip","1","红色染料","minecraft:red_dye","2","否","","",""
"kaleidoscope_cookery:tundra_style_sashimi","1","苔原风味刺身","kaleidoscope_cookery:tundra_style_sashimi","1","是","16","6","芥末 6000tick 1级 概率1"
"farmersdelight:cutting/spruce_wood","1","去皮云杉木","minecraft:stripped_spruce_wood","1","否","","",""
"farmersdelight:cutting/crimson_hyphae","1","去皮绯红菌核","minecraft:stripped_crimson_hyphae","1","否","","",""
"spawn:chiseled_blasted_sandstone_from_blasted_sandstone_stonecutting","1","雕纹荒砂岩","spawn:chiseled_blasted_sandstone","1","否","","",""
"kaleidoscope_cookery:straw_hat_flower","1","缀花草帽","kaleidoscope_cookery:straw_hat_flower","1","否","","",""
"farmersdelight:cooking/pasta_with_meatballs","1","肉丸意面","farmersdelight:pasta_with_meatballs","1","是","12","19.2","滋养 3600tick 1级 概率1"
"kaleidoscope_cookery:chair_crimson","1","绯红木椅子","kaleidoscope_cookery:chair_crimson","1","否","","",""
"farmersdelight:light_blue_canvas_sign","1","淡蓝色粗布告示牌","farmersdelight:light_blue_canvas_sign","1","否","","",""
"kaleidoscope_cookery:oil","1","油脂","kaleidoscope_cookery:oil","9","否","","",""
"kaleidoscope_cookery:fruit_basket","1","果篮","kaleidoscope_cookery:fruit_basket","1","否","","",""
"spawn:cooked_herring_slice_from_smoking","1","熟鲱鱼片","spawn:cooked_herring_slice","1","是","2","1.2",""
"ordertocook:chef_coin_20_from_100","1","20 oTc币","ordertocook:chef_coin_20","5","否","","",""
"spawn:rotten_trapdoor","1","腐木活版门","spawn:rotten_trapdoor","2","否","","",""
"kaleidoscope_cookery:cook_stool_birch","1","白桦木厨娘凳","kaleidoscope_cookery:cook_stool_birch","1","否","","",""
"spawn:date_slab","1","椰枣木台阶","spawn:date_slab","6","否","","",""
"kaleidoscope_cookery:millstone/smooth_red_sandstone_from_red_sand","1","平滑红砂岩","minecraft:smooth_red_sandstone","1","否","","",""
"ordertocook:clean_plate","1","空盘","ordertocook:clean_plate","1","否","","",""
"farmersdelight:salvaging/quartz_block","1","下界石英","minecraft:quartz","4","否","","",""
"kaleidoscope_cookery:enamel_basin","1","搪瓷盆子","kaleidoscope_cookery:enamel_basin","1","否","","",""
"kaleidoscope_cookery:millstone/pink_dye_from_pink_tulip","1","粉红色染料","minecraft:pink_dye","2","否","","",""
"kaleidoscope_cookery:chopping_board/sashimi_from_cod","1","刺身","kaleidoscope_cookery:sashimi","2","是","1","1",""
"kaleidoscope_cookery:straw_hat","1","草帽","kaleidoscope_cookery:straw_hat","1","否","","",""
"farmersdelight:cutting/cooked_salmon","1","熟鲑鱼片","farmersdelight:cooked_salmon_slice","2","是","3","4.8",""
"spawn:blasted_sandstone_stairs_from_blasted_sandstone_stonecutting","1","荒砂岩楼梯","spawn:blasted_sandstone_stairs","1","否","","",""
"spawn:smooth_blasted_sandstone_slab_from_smooth_blasted_sandstone_stonecutting","1","平滑荒砂岩台阶","spawn:smooth_blasted_sandstone_slab","2","否","","",""
"kaleidoscope_cookery:stockpot/seafood_miso_soup_tropical_entity","1","海鲜味噌汤","kaleidoscope_cookery:seafood_miso_soup","1","是","6","8.004","水下呼吸 9600tick 1级 概率1"
"kaleidoscope_cookery:tomato_platter","1","番茄拼盘","kaleidoscope_cookery:tomato_platter","1","否","","",""
"spawn:cooked_tuna_slice_from_campfire_cooking","1","熟金枪鱼片","spawn:cooked_tuna_slice","1","是","4","4",""
"farmersdelight:mangrove_cabinet","1","红树木橱柜","farmersdelight:mangrove_cabinet","1","否","","",""
"kaleidoscope_cookery:oil_pot","1","油壶","kaleidoscope_cookery:oil_pot","1","否","","",""
"spawn:date_trapdoor","1","椰枣木活版门","spawn:date_trapdoor","2","否","","",""
"kaleidoscope_cookery:raw_zongzi","1","生粽子","kaleidoscope_cookery:raw_zongzi","1","否","","",""
"farmersdelight:diamond_knife","1","钻石刀","farmersdelight:diamond_knife","1","否","","",""
"farmersdelight:yellow_hanging_canvas_sign","1","悬挂式黄色粗布告示牌","farmersdelight:yellow_hanging_canvas_sign","1","否","","",""
"kaleidoscope_cookery:steamer/bamboo_tube_rice","1","熟竹筒饭","kaleidoscope_cookery:bamboo_tube_rice","1","是","10","10",""
"kaleidoscope_cookery:millstone/blue_dye_from_cornflower","1","蓝色染料","minecraft:blue_dye","2","否","","",""
"farmersdelight:cooked_bacon","1","熟培根","farmersdelight:cooked_bacon","1","是","4","6.4",""
"kaleidoscope_cookery:pot/fondant_spider_eye","1","翻糖蛛眼","kaleidoscope_cookery:fondant_spider_eye","1","是","8","0","胀气 700tick 1级 概率1"
"kaleidoscope_cookery:table_cherry","1","樱花木餐桌","kaleidoscope_cookery:table_cherry","1","否","","",""
"kaleidoscope_cookery:flex_stockpot/pufferfish_soup","1","河豚汤","kaleidoscope_cookery:pufferfish_soup","1","是","4","0","芥末 12000tick 1级 概率1"
"farmersdelight:cooking/dog_food","1","狗粮","farmersdelight:dog_food","1","是","4","1.6",""
"farmersdelight:salvaging/bamboo_furniture","1","竹板","minecraft:bamboo_planks","1","否","","",""
"farmersdelight:cutting/wild_tomatoes","1","番茄种子","kaleidoscope_cookery:tomato_seed","1","否","","",""
"spawn:snail_shell_tiles","1","蜗牛壳瓦","spawn:snail_shell_tiles","4","否","","",""
"farmersdelight:cutting/salmon","1","生鲑鱼片","farmersdelight:salmon_slice","2","是","1","0.2",""
"farmersdelight:cooking/ratatouille","1","蔬菜杂烩","farmersdelight:ratatouille","1","是","10","12","滋养 1200tick 1级 概率1"
"farmersdelight:hanging_canvas_sign","1","悬挂式粗布告示牌","farmersdelight:hanging_canvas_sign","6","否","","",""
"spawn:cutting/cooked_bluefish","1","熟扁鲹片","spawn:cooked_bluefish_slice","2","是","3","3",""
"kaleidoscope_cookery:pot/egg_fried_rice","1","蛋炒饭","kaleidoscope_cookery:egg_fried_rice","1","是","8","14",""
"farmersdelight:paper_from_tree_bark","1","纸","minecraft:paper","1","否","","",""
"farmersdelight:cutting/lily_of_the_valley","1","白色染料","minecraft:white_dye","2","否","","",""
"kaleidoscope_cookery:millstone/string_from_light_blue_wool","1","线","minecraft:string","3","否","","",""
"farmersdelight:gray_canvas_sign","1","灰色粗布告示牌","farmersdelight:gray_canvas_sign","1","否","","",""
"farmersdelight:cooking/fried_rice","1","炒饭","farmersdelight:fried_rice","1","是","12","19.2","滋养 3600tick 1级 概率1"
"farmersdelight:honey_cookie","1","蜂蜜曲奇","farmersdelight:honey_cookie","8","是","2","0.4",""
"farmersdelight:cutting/birch_log","1","去皮白桦原木","minecraft:stripped_birch_log","1","否","","",""
"farmersdelight:black_hanging_canvas_sign","1","悬挂式黑色粗布告示牌","farmersdelight:black_hanging_canvas_sign","1","否","","",""
"farmersdelight:cutting/warped_stem","1","去皮诡异菌柄","minecraft:stripped_warped_stem","1","否","","",""
"spawn:big_snail_shell","1","大蜗牛壳","spawn:big_snail_shell","1","否","","",""
"farmersdelight:jungle_cabinet","1","丛林木橱柜","farmersdelight:jungle_cabinet","1","否","","",""
"kaleidoscope_cookery:flex_stockpot/chicken_and_mushroom_stew","1","小鸡炖蘑菇","kaleidoscope_cookery:chicken_and_mushroom_stew","1","是","6","8.004","温暖 9600tick 1级 概率1"
"farmersdelight:iron_nugget_from_blasting_knife","1","铁粒","minecraft:iron_nugget","1","否","","",""
"kaleidoscope_cookery:flex_pot/scramble_egg_with_tomatoes","1","番茄炒蛋","kaleidoscope_cookery:scramble_egg_with_tomatoes","1","是","9","10.998","活力 1800tick 1级 概率1"
"farmersdelight:blue_hanging_canvas_sign","1","悬挂式蓝色粗布告示牌","farmersdelight:blue_hanging_canvas_sign","1","否","","",""
"farmersdelight:cutting/poppy","1","红色染料","minecraft:red_dye","2","否","","",""
"spawn:cooked_tuna_slice","1","熟金枪鱼片","spawn:cooked_tuna_slice","1","是","4","4",""
"kaleidoscope_cookery:millstone/string_from_yellow_wool","1","线","minecraft:string","3","否","","",""
"kaleidoscope_cookery:millstone/redstone_from_redstone_ore","1","红石粉","minecraft:redstone","7","否","","",""
"kaleidoscope_cookery:pot/sweet_and_sour_pork","1","糖醋里脊","kaleidoscope_cookery:sweet_and_sour_pork","1","是","9","10.998","活力 1800tick 1级 概率1"
"farmersdelight:sweet_berry_cookie","1","甜浆果曲奇","farmersdelight:sweet_berry_cookie","8","是","2","0.4",""
"kaleidoscope_cookery:stockpot/braised_beef_with_potatoes","1","土豆炖牛肉","kaleidoscope_cookery:braised_beef_with_potatoes","1","是","6","8.004","温暖 9600tick 1级 概率1"
"farmersdelight:beetroot_crate","1","箱装甜菜根","farmersdelight:beetroot_crate","1","否","","",""
"kaleidoscope_cookery:scarecrow","1","稻草人","kaleidoscope_cookery:scarecrow","1","否","","",""
"kaleidoscope_cookery:pot/fried_caterpillar","1","油炸猪儿虫","kaleidoscope_cookery:fried_caterpillar","1","是","12","19.2","胀气 200tick 1级 概率1"
"spawn:stripped_rotten_wood","1","去皮腐木","spawn:stripped_rotten_wood","3","否","","",""
"kaleidoscope_cookery:millstone/string_from_gray_wool","1","线","minecraft:string","3","否","","",""
"farmersdelight:pink_hanging_canvas_sign","1","悬挂式粉红色粗布告示牌","farmersdelight:pink_hanging_canvas_sign","1","否","","",""
"kaleidoscope_cookery:stockpot/warped_fungus_pot_soup","1","诡异菌瓦罐汤","kaleidoscope_cookery:warped_fungus_pot_soup","1","是","18","24.012","抗火 2400tick 1级 概率1"
"farmersdelight:yellow_canvas_sign","1","黄色粗布告示牌","farmersdelight:yellow_canvas_sign","1","否","","",""
"farmersdelight:salvaging/leather_horse_armor","1","皮革","minecraft:leather","2","否","","",""
"spawn:cut_blasted_sandstone_from_blasted_sandstone_stonecutting","1","切制荒砂岩","spawn:cut_blasted_sandstone","1","否","","",""
"farmersdelight:salvaging/chest_minecart","1","矿车","minecraft:minecart","1","否","","",""
"farmersdelight:lime_canvas_sign","1","黄绿色粗布告示牌","farmersdelight:lime_canvas_sign","1","否","","",""
"kaleidoscope_cookery:pot/dongpo_pork","1","东坡肉","kaleidoscope_cookery:dongpo_pork","1","是","20","22","饱腹代偿 1600tick 1级 概率1"
"kaleidoscope_cookery:stove_soul_campfire","1","炉灶","kaleidoscope_cookery:stove","1","否","","",""
"kaleidoscope_cookery:pot/raw_cut_small_meats_to_cooked_cut_small_meats_9","1","熟切制小肉","kaleidoscope_cookery:cooked_cut_small_meats","9","是","4","6.4",""
"kaleidoscope_cookery:pot/raw_cut_small_meats_to_cooked_cut_small_meats_6","1","熟切制小肉","kaleidoscope_cookery:cooked_cut_small_meats","6","是","4","6.4",""
"kaleidoscope_cookery:pot/raw_cut_small_meats_to_cooked_cut_small_meats_5","1","熟切制小肉","kaleidoscope_cookery:cooked_cut_small_meats","5","是","4","6.4",""
"kaleidoscope_cookery:pot/raw_cut_small_meats_to_cooked_cut_small_meats_8","1","熟切制小肉","kaleidoscope_cookery:cooked_cut_small_meats","8","是","4","6.4",""
"kaleidoscope_cookery:pot/raw_cut_small_meats_to_cooked_cut_small_meats_7","1","熟切制小肉","kaleidoscope_cookery:cooked_cut_small_meats","7","是","4","6.4",""
"kaleidoscope_cookery:pot/raw_cut_small_meats_to_cooked_cut_small_meats_2","1","熟切制小肉","kaleidoscope_cookery:cooked_cut_small_meats","2","是","4","6.4",""
"kaleidoscope_cookery:pot/raw_cut_small_meats_to_cooked_cut_small_meats_1","1","熟切制小肉","kaleidoscope_cookery:cooked_cut_small_meats","1","是","4","6.4",""
"kaleidoscope_cookery:pot/raw_cut_small_meats_to_cooked_cut_small_meats_4","1","熟切制小肉","kaleidoscope_cookery:cooked_cut_small_meats","4","是","4","6.4",""
"kaleidoscope_cookery:pot/raw_cut_small_meats_to_cooked_cut_small_meats_3","1","熟切制小肉","kaleidoscope_cookery:cooked_cut_small_meats","3","是","4","6.4",""
"farmersdelight:pumpkin_seeds_from_slice","1","南瓜种子","minecraft:pumpkin_seeds","1","否","","",""
"farmersdelight:bamboo_basket","1","竹篮","farmersdelight:bamboo_basket","1","否","","",""
"kaleidoscope_cookery:stockpot/hui_noodle","1","羊肉烩面","kaleidoscope_cookery:hui_noodle","1","是","14","18.004","生机 9600tick 1级 概率1"
"kaleidoscope_cookery:diamond_kitchen_knife","1","钻石菜刀","kaleidoscope_cookery:diamond_kitchen_knife","1","否","","",""
"spawn:clam_case_purple","1","紫色蚌盒","spawn:clam_case_purple","1","否","","",""
"ordertocook:chef_coin_20_from_5","1","20 oTc币","ordertocook:chef_coin_20","1","否","","",""
"kaleidoscope_cookery:flex_pot/braised_beef","1","红烧牛肉","kaleidoscope_cookery:braised_beef","1","是","9","10.998","活力 1800tick 1级 概率1"
"spawn:cooked_bluefish_slice","1","熟扁鲹片","spawn:cooked_bluefish_slice","1","是","3","3",""
"kaleidoscope_cookery:millstone/yellow_dye_from_sunflower","1","黄色染料","minecraft:yellow_dye","3","否","","",""
"kaleidoscope_cookery:chopping_board/raw_pork_belly","1","生五花肉","kaleidoscope_cookery:raw_pork_belly","2","是","2","1.2",""
"kaleidoscope_cookery:stockpot/dough_drop_soup","1","疙瘩汤","kaleidoscope_cookery:dough_drop_soup","1","是","8","16","温暖 1600tick 1级 概率1"
"farmersdelight:cabbage","1","卷心菜","farmersdelight:cabbage","9","是","2","1.6",""
"spawn:red_algae_from_red_algae_block","1","红藻","spawn:red_algae","9","否","","",""
"farmersdelight:iron_knife","1","铁刀","farmersdelight:iron_knife","1","否","","",""
"farmersdelight:cutting/blue_orchid","1","淡蓝色染料","minecraft:light_blue_dye","2","否","","",""
"farmersdelight:rice_bag","1","袋装稻米","farmersdelight:rice_bag","1","否","","",""
"farmersdelight:chicken_sandwich","1","鸡肉三明治","farmersdelight:chicken_sandwich","1","是","10","16",""
"kaleidoscope_cookery:flex_pot/sweet_and_sour_pork","1","糖醋里脊","kaleidoscope_cookery:sweet_and_sour_pork","1","是","9","10.998","活力 1800tick 1级 概率1"
"spawn:reefstone_tile_slab","1","礁石台阶","spawn:reefstone_tile_slab","6","否","","",""
"farmersdelight:cooked_salmon_slice","1","熟鲑鱼片","farmersdelight:cooked_salmon_slice","1","是","3","4.8",""
"kaleidoscope_cookery:chair_bamboo","1","竹椅子","kaleidoscope_cookery:chair_bamboo","1","否","","",""
"spawn:cutting/date_log","1","去皮椰枣原木","spawn:stripped_date_log","1","否","","",""
"farmersdelight:birch_cabinet","1","白桦木橱柜","farmersdelight:birch_cabinet","1","否","","",""
"kaleidoscope_cookery:pot/stargazy_pie","1","仰望星空派","kaleidoscope_cookery:stargazy_pie","1","是","13","15.99","胀气 600tick 1级 概率1；霉运 3600tick 1级 概率1"
"farmersdelight:brown_canvas_sign","1","棕色粗布告示牌","farmersdelight:brown_canvas_sign","1","否","","",""
"kaleidoscope_cookery:chopping_board/cooked_cow_offal","1","熟牛杂","kaleidoscope_cookery:cooked_cow_offal","2","是","4","6.4",""
"farmersdelight:cutting/wild_rice","1","稻米","kaleidoscope_cookery:rice","1","否","","",""
"kaleidoscope_cookery:millstone/white_dye_from_white_tulip","1","白色染料","minecraft:white_dye","2","否","","",""
"farmersdelight:canvas","1","粗布","farmersdelight:canvas","1","否","","",""
"spawn:blasted_sandstone","1","荒砂岩","spawn:blasted_sandstone","1","否","","",""
"kaleidoscope_cookery:millstone/smooth_sandstone_from_sand","1","平滑砂岩","minecraft:smooth_sandstone","1","否","","",""
"kaleidoscope_cookery:cook_stool_crimson","1","绯红木厨娘凳","kaleidoscope_cookery:cook_stool_crimson","1","否","","",""
"spawn:cut_blasted_sandstone_slab_from_cut_blasted_sandstone_stonecutting","1","切制荒砂岩台阶","spawn:cut_blasted_sandstone_slab","2","否","","",""
"kaleidoscope_cookery:millstone/coal_from_deepslate_coal_ore","1","煤炭","minecraft:coal","3","否","","",""
"farmersdelight:chopping_board/add/cabbage_leaf","1","卷心菜叶","farmersdelight:cabbage_leaf","2","是","1","0.8",""
"spawn:reefstone_tiles_stonecutting","1","礁石瓦","spawn:reefstone_tiles","1","否","","",""
"farmersdelight:cutting/rice_panicle","1","稻米","kaleidoscope_cookery:rice","1","否","","",""
"kaleidoscope_cookery:flex_stockpot/seafood_miso_soup_tropical_entity","1","海鲜味噌汤","kaleidoscope_cookery:seafood_miso_soup","1","是","6","8.004","水下呼吸 9600tick 1级 概率1"
"kaleidoscope_cookery:millstone/raw_copper_from_copper_ore","1","粗铜","minecraft:raw_copper","5","否","","",""
"farmersdelight:cutting/pumpkin","1","南瓜片","farmersdelight:pumpkin_slice","4","是","3","1.8000001",""
"spawn:salvaging/rotten_furniture","1","腐木木板","spawn:rotten_planks","1","否","","",""
"kaleidoscope_cookery:pot/beef_to_cooked_beef_1","1","牛排","minecraft:cooked_beef","1","是","8","12.8",""
"farmersdelight:salvaging/saddle","1","皮革","minecraft:leather","2","否","","",""
"kaleidoscope_cookery:pot/beef_to_cooked_beef_7","1","牛排","minecraft:cooked_beef","7","是","8","12.8",""
"kaleidoscope_cookery:pot/beef_to_cooked_beef_6","1","牛排","minecraft:cooked_beef","6","是","8","12.8",""
"kaleidoscope_cookery:pot/beef_to_cooked_beef_9","1","牛排","minecraft:cooked_beef","9","是","8","12.8",""
"kaleidoscope_cookery:pot/beef_to_cooked_beef_8","1","牛排","minecraft:cooked_beef","8","是","8","12.8",""
"kaleidoscope_cookery:pot/beef_to_cooked_beef_3","1","牛排","minecraft:cooked_beef","3","是","8","12.8",""
"kaleidoscope_cookery:pot/beef_to_cooked_beef_2","1","牛排","minecraft:cooked_beef","2","是","8","12.8",""
"kaleidoscope_cookery:pot/beef_to_cooked_beef_5","1","牛排","minecraft:cooked_beef","5","是","8","12.8",""
"kaleidoscope_cookery:pot/beef_to_cooked_beef_4","1","牛排","minecraft:cooked_beef","4","是","8","12.8",""
"farmersdelight:integration/create/mixing/pie_crust_from_mixing","1","馅饼酥皮","farmersdelight:pie_crust","1","是","2","0.8",""
"spawn:date_fence","1","椰枣木栅栏","spawn:date_fence","3","否","","",""
"farmersdelight:rice","1","屏障","minecraft:barrier","1","否","","",""
"kaleidoscope_cookery:millstone/redstone_from_deepslate_redstone_ore","1","红石粉","minecraft:redstone","7","否","","",""
"kaleidoscope_cookery:kitchen_shovel","1","锅铲","kaleidoscope_cookery:kitchen_shovel","1","否","","",""
"spawn:octoduct","1","章鱼洞","spawn:octoduct","1","否","","",""
"farmersdelight:crimson_cabinet","1","绯红木橱柜","farmersdelight:crimson_cabinet","1","否","","",""
"farmersdelight:cutting/cooked_mutton","1","屏障","minecraft:barrier","1","否","","",""
"kaleidoscope_cookery:teapot/tieguanyin","1","铁观音","kaleidoscope_cookery:tieguanyin","1","否","","",""
"kaleidoscope_cookery:millstone/string_from_white_wool","1","线","minecraft:string","3","否","","",""
"farmersdelight:scaffolding_from_canvas","1","脚手架","minecraft:scaffolding","6","否","","",""
"kaleidoscope_cookery:chair_dark_oak","1","深色橡木椅子","kaleidoscope_cookery:chair_dark_oak","1","否","","",""
"ordertocook:chef_coin_5_from_20","1","5 oTc币","ordertocook:chef_coin_5","4","否","","",""
"spawn:date_hanging_sign","1","悬挂式椰枣木告示牌","spawn:date_hanging_sign","6","否","","",""
"kaleidoscope_cookery:raw_bamboo_tube_rice","1","生竹筒饭","kaleidoscope_cookery:raw_bamboo_tube_rice","1","否","","",""
"spawn:rotten_chest_boat","1","腐木运输船","spawn:rotten_chest_boat","1","否","","",""
"kaleidoscope_cookery:stockpot/buddha_jumps_over_the_wall","1","佛跳墙","kaleidoscope_cookery:buddha_jumps_over_the_wall","1","是","20","22","饱腹代偿 3600tick 1级 概率1"
"kaleidoscope_cookery:flex_stockpot/numbing_spicy_chicken","1","椒麻鸡","kaleidoscope_cookery:numbing_spicy_chicken","1","是","13","15.99","抗火 2400tick 1级 概率1"
"ordertocook:chef_coin_5_from_1","1","5 oTc币","ordertocook:chef_coin_5","1","否","","",""
"kaleidoscope_cookery:stuffed_dough_food","1","裹馅面食","kaleidoscope_cookery:stuffed_dough_food","1","否","","",""
"spawn:big_sea_pickle","1","大海泡菜","spawn:big_sea_pickle","1","否","","",""
"kaleidoscope_cookery:golden_salad","1","黄金沙拉","kaleidoscope_cookery:golden_salad","1","是","20","22","抗性提升 2000tick 1级 概率1；生命恢复 200tick 1级 概率1"
"kaleidoscope_cookery:flex_stockpot/udon_noodle","1","乌冬面","kaleidoscope_cookery:udon_noodle","1","是","14","18.004","生机 9600tick 1级 概率1"
"ordertocook:order_machine","1","打单机","ordertocook:order_machine","1","否","","",""
"spawn:snail_shell_tile_stairs_stonecutting","1","蜗牛壳瓦楼梯","spawn:snail_shell_tile_stairs","1","否","","",""
"farmersdelight:pumpkin_pie_from_slices","1","南瓜派","minecraft:pumpkin_pie","1","是","8","4.8",""
"kaleidoscope_cookery:millstone/string_from_brown_wool","1","线","minecraft:string","3","否","","",""
"kaleidoscope_cookery:millstone/orange_dye_from_orange_tulip","1","橙色染料","minecraft:orange_dye","2","否","","",""
"farmersdelight:cutting/white_tulip","1","淡灰色染料","minecraft:light_gray_dye","2","否","","",""
"kaleidoscope_cookery:flex_stockpot/spicy_blood_stew","1","毛血旺","kaleidoscope_cookery:spicy_blood_stew","1","是","13","15.99","抗火 1600tick 1级 概率1"
"kaleidoscope_cookery:stockpot/seafood_miso_soup","1","海鲜味噌汤","kaleidoscope_cookery:seafood_miso_soup","1","是","6","8.004","水下呼吸 9600tick 1级 概率1"
"farmersdelight:potato_crate","1","箱装马铃薯","farmersdelight:potato_crate","1","否","","",""
"kaleidoscope_cookery:berry_platter","1","浆果拼盘","kaleidoscope_cookery:berry_platter","1","否","","",""
"farmersdelight:cod_roll","1","鳕鱼寿司","farmersdelight:cod_roll","2","是","7","8.400001",""
"spawn:cooked_clam_from_campfire_cooking","1","熟蚌肉","spawn:cooked_clam","1","是","3","3",""
"kaleidoscope_cookery:flex_pot/crystal_lamb_chop","1","水晶羊排","kaleidoscope_cookery:crystal_lamb_chop","1","是","13","15.99","急迫 6000tick 2级 概率1"
"kaleidoscope_cookery:farmer_boots","1","农夫皮靴","kaleidoscope_cookery:farmer_boots","1","否","","",""
"spawn:blue_footed_boots","1","蓝脚靴","spawn:blue_footed_boots","1","否","","",""
"spawn:snail_shell_tile_slab_stonecutting","1","蜗牛壳瓦台阶","spawn:snail_shell_tile_slab","2","否","","",""
"kaleidoscope_cookery:pot","1","炒锅","kaleidoscope_cookery:pot","1","否","","",""
"farmersdelight:full_tatami_mat_from_halves","1","长榻榻米垫","farmersdelight:full_tatami_mat","1","否","","",""
"farmersdelight:beef_patty","1","牛肉饼","farmersdelight:beef_patty","1","是","4","6.4",""
"kaleidoscope_cookery:stockpot/lamb_and_radish_soup","1","萝卜羊肉汤","kaleidoscope_cookery:lamb_and_radish_soup","1","是","6","8.004","寒带疾行 6000tick 1级 概率1"
"spawn:heliostone_stairs_stonecutting","1","日光石楼梯","spawn:heliostone_stairs","1","否","","",""
"farmersdelight:salvaging/oak_chest_boat","1","橡木船","minecraft:oak_boat","1","否","","",""
"farmersdelight:tomato","1","番茄","kaleidoscope_cookery:tomato","9","是","2","2",""
"farmersdelight:dark_oak_cabinet","1","深色橡木橱柜","farmersdelight:dark_oak_cabinet","1","否","","",""
"spawn:rotten_slab","1","腐木台阶","spawn:rotten_slab","6","否","","",""
"kaleidoscope_cookery:millstone/green_dye_from_large_fern","1","绿色染料","minecraft:green_dye","3","否","","",""
"spawn:reefstone_stairs","1","礁石楼梯","spawn:reefstone_stairs","4","否","","",""
"farmersdelight:hamburger","1","汉堡包","farmersdelight:hamburger","1","是","11","17.6",""
"spawn:snail_shell_tile_stairs","1","蜗牛壳瓦楼梯","spawn:snail_shell_tile_stairs","4","否","","",""
"farmersdelight:cooking/vegetable_soup","1","蔬菜汤","farmersdelight:vegetable_soup","1","是","12","19.2","滋养 3600tick 1级 概率1"
"kaleidoscope_cookery:flex_stockpot/wild_mushroom_rabbit_soup","1","野菌兔肉汤","kaleidoscope_cookery:wild_mushroom_rabbit_soup","1","是","6","8.004","迅捷 9600tick 1级 概率1"
"kaleidoscope_cookery:millstone/red_dye_from_red_tulip","1","红色染料","minecraft:red_dye","2","否","","",""
"kaleidoscope_cookery:flex_stockpot/seafood_miso_soup_salmon_entity","1","海鲜味噌汤","kaleidoscope_cookery:seafood_miso_soup","1","是","6","8.004","水下呼吸 9600tick 1级 概率1"
"kaleidoscope_cookery:pot/porkchop_to_cooked_porkchop_1","1","熟猪排","minecraft:cooked_porkchop","1","是","8","12.8",""
"farmersdelight:pot/add/cooked_chicken_cuts","1","熟鸡肉丁","farmersdelight:cooked_chicken_cuts","1","是","3","3.6000001",""
"kaleidoscope_cookery:pot/porkchop_to_cooked_porkchop_9","1","熟猪排","minecraft:cooked_porkchop","9","是","8","12.8",""
"kaleidoscope_cookery:pot/porkchop_to_cooked_porkchop_8","1","熟猪排","minecraft:cooked_porkchop","8","是","8","12.8",""
"kaleidoscope_cookery:pot/porkchop_to_cooked_porkchop_7","1","熟猪排","minecraft:cooked_porkchop","7","是","8","12.8",""
"kaleidoscope_cookery:pot/porkchop_to_cooked_porkchop_6","1","熟猪排","minecraft:cooked_porkchop","6","是","8","12.8",""
"kaleidoscope_cookery:pot/porkchop_to_cooked_porkchop_5","1","熟猪排","minecraft:cooked_porkchop","5","是","8","12.8",""
"kaleidoscope_cookery:pot/porkchop_to_cooked_porkchop_4","1","熟猪排","minecraft:cooked_porkchop","4","是","8","12.8",""
"kaleidoscope_cookery:pot/porkchop_to_cooked_porkchop_3","1","熟猪排","minecraft:cooked_porkchop","3","是","8","12.8",""
"kaleidoscope_cookery:pot/porkchop_to_cooked_porkchop_2","1","熟猪排","minecraft:cooked_porkchop","2","是","8","12.8",""
"farmersdelight:cutting/cherry_log","1","去皮樱花原木","minecraft:stripped_cherry_log","1","否","","",""
"spawn:roasted_sunflower_seeds_from_smoking","1","烘焙向日葵种子","spawn:roasted_sunflower_seeds","1","是","3","1.2",""
"farmersdelight:cutting/wild_cabbages","1","卷心菜种子","farmersdelight:cabbage_seeds","1","否","","",""
"kaleidoscope_cookery:chopping_board/raw_cut_small_meats_from_chicken","1","生切制小肉","kaleidoscope_cookery:raw_cut_small_meats","2","是","2","1.2",""
"farmersdelight:gold_nugget_from_smelting_knife","1","金粒","minecraft:gold_nugget","1","否","","",""
"kaleidoscope_cookery:pot/egg_to_fried_egg_8","1","煎蛋","kaleidoscope_cookery:fried_egg","8","是","4","4",""
"kaleidoscope_cookery:pot/egg_to_fried_egg_7","1","煎蛋","kaleidoscope_cookery:fried_egg","7","是","4","4",""
"kaleidoscope_cookery:pot/egg_to_fried_egg_6","1","煎蛋","kaleidoscope_cookery:fried_egg","6","是","4","4",""
"kaleidoscope_cookery:pot/egg_to_fried_egg_5","1","煎蛋","kaleidoscope_cookery:fried_egg","5","是","4","4",""
"kaleidoscope_cookery:pot/egg_to_fried_egg_4","1","煎蛋","kaleidoscope_cookery:fried_egg","4","是","4","4",""
"kaleidoscope_cookery:pot/egg_to_fried_egg_3","1","煎蛋","kaleidoscope_cookery:fried_egg","3","是","4","4",""
"kaleidoscope_cookery:pot/egg_to_fried_egg_2","1","煎蛋","kaleidoscope_cookery:fried_egg","2","是","4","4",""
"kaleidoscope_cookery:pot/egg_to_fried_egg_1","1","煎蛋","kaleidoscope_cookery:fried_egg","1","是","4","4",""
"farmersdelight:cutting/ham","1","生猪排","minecraft:porkchop","2","是","3","1.8000001",""
"kaleidoscope_cookery:pot/egg_to_fried_egg_9","1","煎蛋","kaleidoscope_cookery:fried_egg","9","是","4","4",""
"kaleidoscope_cookery:stockpot/udon_noodle","1","乌冬面","kaleidoscope_cookery:udon_noodle","1","是","14","18.004","生机 9600tick 1级 概率1"
"kaleidoscope_cookery:pot/slime_ball_meal","1","黏液饭","kaleidoscope_cookery:slime_ball_meal","1","是","9","0","胀气 700tick 1级 概率1"
"farmersdelight:smoked_ham","1","烟熏火腿","farmersdelight:smoked_ham","1","是","10","16",""
"spawn:herring_roll","1","鲱鱼寿司","spawn:herring_roll","2","是","8","11.2",""
"spawn:date_door","1","椰枣木门","spawn:date_door","3","否","","",""
"farmersdelight:rope_fence_gate","1","绳栅栏门","farmersdelight:rope_fence_gate","1","否","","",""
"spawn:rotten_button","1","腐木按钮","spawn:rotten_button","1","否","","",""
"farmersdelight:cooking/apple_cider","1","苹果酒","farmersdelight:apple_cider","1","是","0","0","伤害吸收 1200tick 1级 概率1"
"farmersdelight:integration/create/mixing/cabbage_slice_from_mixing","1","卷心菜叶","farmersdelight:cabbage_leaf","2","是","1","0.8",""
"kaleidoscope_cookery:empty_cup","1","空茶杯","kaleidoscope_cookery:empty_cup","1","否","","",""
"farmersdelight:salvaging/acacia_furniture","1","金合欢木板","minecraft:acacia_planks","1","否","","",""
"kaleidoscope_cookery:stockpot/four_joy_meatball_soup","1","四喜丸子汤","kaleidoscope_cookery:four_joy_meatball_soup","1","是","13","15.99","温暖 1600tick 1级 概率1"
"farmersdelight:cutting/wither_rose","1","黑色染料","minecraft:black_dye","2","否","","",""
"farmersdelight:cutting/porkchop","1","生培根","farmersdelight:bacon","2","是","2","1.2",""
"kaleidoscope_cookery:cook_stool_bamboo","1","竹厨娘凳","kaleidoscope_cookery:cook_stool_bamboo","1","否","","",""
"kaleidoscope_cookery:millstone/quartz_from_chiseled_quartz_block","1","下界石英","minecraft:quartz","3","否","","",""
"farmersdelight:lime_hanging_canvas_sign","1","悬挂式黄绿色粗布告示牌","farmersdelight:lime_hanging_canvas_sign","1","否","","",""
"farmersdelight:pie_crust","1","馅饼酥皮","farmersdelight:pie_crust","1","是","2","0.8",""
"farmersdelight:cooked_chicken_cuts_from_campfire_cooking","1","熟鸡肉丁","farmersdelight:cooked_chicken_cuts","1","是","3","3.6000001",""
"farmersdelight:apple_pie","1","苹果派","farmersdelight:apple_pie","1","否","","",""
"farmersdelight:black_canvas_sign","1","黑色粗布告示牌","farmersdelight:black_canvas_sign","1","否","","",""
"ordertocook:plate_shelf","1","餐盘架","ordertocook:plate_shelf","1","否","","",""
"farmersdelight:purple_hanging_canvas_sign","1","悬挂式紫色粗布告示牌","farmersdelight:purple_hanging_canvas_sign","1","否","","",""
"farmersdelight:cooked_cod_slice_from_smoking","1","熟鳕鱼片","farmersdelight:cooked_cod_slice","1","是","3","3",""
"spawn:mucus","1","粘痕","spawn:mucus","9","否","","",""
"kaleidoscope_cookery:millstone/magenta_dye_from_allium","1","品红色染料","minecraft:magenta_dye","2","否","","",""
"farmersdelight:cooking/chicken_soup","1","鸡肉汤","farmersdelight:chicken_soup","1","是","12","19.2","滋养 3600tick 1级 概率1"
