"targetItemId","recipeId","sourceJar","sourceRecipePath","风险类型","风险对象","证据","建议动作","状态"
"bakeries:bagel_filled_sauce","bakeries:bagel_filled_sauce","[烘焙坊]bakeries-1.21.1-NeoForge-1.0.1.jar","data/bakeries/recipe/bagel_filled_sauce.json","RECIPE_CYCLE;MISSING_PRICE;ZERO_COST;TAG_PRICE_MISSING;CO_PRODUCT_ALLOCATION_REVIEW;PROVISIONAL_PRICE_ANCHOR;ALTERNATIVE_RECIPE_CYCLE;ALTERNATIVE_MISSING_PRICE;ALTERNATIVE_ZERO_COST;ALTERNATIVE_TAG_PRICE_MISSING;ALTERNATIVE_CO_PRODUCT_ALLOCATION_REVIEW;ALTERNATIVE_PROVISIONAL_PRICE_ANCHOR","bakeries:bagel_filled_sauce","bakeries:bagel_filled_sauce <- recipe=bakeries:bagel_filled_sauce;type=minecraft:crafting_shapeless;output=1;choices=bakeries:bagel×1 + bakeries:bearnaise×1;container=NONE -> bakeries:bagel <- recipe=bakeries:oven/bagel;type=bakeries:oven;output=1;choices=bakeries:bagel_dough×1;container=NONE -> bakeries:bagel_dough <- recipe=bakeries:compat/create/bagel_dough;type=create:cutting;output=4;choices=bakeries:sweet_dough×1;container=NONE -> bakeries:sweet_dough <- recipe=bakeries:blender/sweet_dough;type=bakeries:blender;output=1;choices=bakeries:flour×1 + bakeries:flour×1 + bakeries:flour×1 + bakeries:flour×1 + minecraft:sugar×1 + #c:foods/milk×1;container=NONE -> bakeries:flour <- recipe=bakeries:flour_of_flour_bag;type=minecraft:crafting_shapeless;output=9;choices=bakeries:flour_bag×1;container=NONE -> bakeries:flour_bag <- recipe=bakeries:flour_bag;type=minecraft:crafting_shapeless;output=1;choices=;container=NONE -> bakeries:flour <- recipe=bakeries:flour_of_flour_bag;type=minecraft:crafting_shapeless;output=9;choices=bakeries:flour_bag×1;container=NONE -> bakeries:flour_bag <- recipe=bakeries:flour_bag;type=minecraft:crafting_shapeless;output=1;choices=;container=NONE -> bakeries:flour <- recipe=bakeries:flour_of_flour_bag;type=minecraft:crafting_shapeless;output=9;choices=bakeries:flour_bag×1;container=NONE -> bakeries:flour_bag <- recipe=bakeries:flour_bag;type=minecraft:crafting_shapeless;output=1;choices=;container=NONE -> bakeries:flour <- recipe=bakeries:flour_of_flour_bag;type=minecraft:crafting_shapeless;output=9;choices=bakeries:flour_bag×1;container=NONE -> bakeries:flour_bag <- recipe=bakeries:flour_bag;type=minecraft:crafting_shapeless;output=1;choices=;container=NONE -> minecraft:sugar=4(已定义) -> #c:foods/milk=6(猜想) -> bakeries:bearnaise <- recipe=bakeries:bearnaise;type=minecraft:crafting_shapeless;output=1;choices=bakeries:olive_oil×1 + bakeries:raw_egg_yolk×1 + minecraft:sugar×1 + minecraft:glass_bottle×1;container=NONE -> bakeries:olive_oil <- recipe=bakeries:blender/olive_oil;type=bakeries:blender;output=1;choices=;container=PART_OF_RESULT:minecraft:glass_bottle=2 -> bakeries:raw_egg_yolk <- recipe=bakeries:bread_knife/raw_egg_yolk;type=bakeries:bread_knife;output=1;choices=bakeries:whole_egg×1;container=NONE -> bakeries:whole_egg <- recipe=bakeries:bread_knife/whole_egg;type=bakeries:bread_knife;output=1;choices=minecraft:egg×1;container=NONE -> minecraft:egg=5(已定义) -> minecraft:sugar=4(已定义) -> minecraft:glass_bottle=2(人工定价(PROVISIONAL):服务器既有猜想锚点)","补齐证据后复审，不写入正式池","REVIEW"
"bakeries:bagel","bakeries:oven/bagel","[烘焙坊]bakeries-1.21.1-NeoForge-1.0.1.jar","data/bakeries/recipe/oven/bagel.json","RECIPE_CYCLE;MISSING_PRICE;ZERO_COST;TAG_PRICE_MISSING;PROVISIONAL_PRICE_ANCHOR;ALTERNATIVE_RECIPE_CYCLE;ALTERNATIVE_MISSING_PRICE;ALTERNATIVE_ZERO_COST;ALTERNATIVE_TAG_PRICE_MISSING;ALTERNATIVE_PROVISIONAL_PRICE_ANCHOR","bakeries:bagel","bakeries:bagel <- recipe=bakeries:oven/bagel;type=bakeries:oven;output=1;choices=bakeries:bagel_dough×1;container=NONE -> bakeries:bagel_dough <- recipe=bakeries:compat/create/bagel_dough;type=create:cutting;output=4;choices=bakeries:sweet_dough×1;container=NONE -> bakeries:sweet_dough <- recipe=bakeries:blender/sweet_dough;type=bakeries:blender;output=1;choices=bakeries:flour×1 + bakeries:flour×1 + bakeries:flour×1 + bakeries:flour×1 + minecraft:sugar×1 + #c:foods/milk×1;container=NONE -> bakeries:flour <- recipe=bakeries:flour_of_flour_bag;type=minecraft:crafting_shapeless;output=9;choices=bakeries:flour_bag×1;container=NONE -> bakeries:flour_bag <- recipe=bakeries:flour_bag;type=minecraft:crafting_shapeless;output=1;choices=;container=NONE -> bakeries:flour <- recipe=bakeries:flour_of_flour_bag;type=minecraft:crafting_shapeless;output=9;choices=bakeries:flour_bag×1;container=NONE -> bakeries:flour_bag <- recipe=bakeries:flour_bag;type=minecraft:crafting_shapeless;output=1;choices=;container=NONE -> bakeries:flour <- recipe=bakeries:flour_of_flour_bag;type=minecraft:crafting_shapeless;output=9;choices=bakeries:flour_bag×1;container=NONE -> bakeries:flour_bag <- recipe=bakeries:flour_bag;type=minecraft:crafting_shapeless;output=1;choices=;container=NONE -> bakeries:flour <- recipe=bakeries:flour_of_flour_bag;type=minecraft:crafting_shapeless;output=9;choices=bakeries:flour_bag×1;container=NONE -> bakeries:flour_bag <- recipe=bakeries:flour_bag;type=minecraft:crafting_shapeless;output=1;choices=;container=NONE -> minecraft:sugar=4(已定义) -> #c:foods/milk=6(猜想)","补齐证据后复审，不写入正式池","REVIEW"
"bakeries:baguette_with_filling","bakeries:baguette_with_filling","[烘焙坊]bakeries-1.21.1-NeoForge-1.0.1.jar","data/bakeries/recipe/baguette_with_filling.json","RECIPE_CYCLE;MISSING_PRICE;ZERO_COST;TAG_PRICE_MISSING;PROVISIONAL_PRICE_ANCHOR;ALTERNATIVE_RECIPE_CYCLE;ALTERNATIVE_MISSING_PRICE;ALTERNATIVE_ZERO_COST;ALTERNATIVE_TAG_PRICE_MISSING;ALTERNATIVE_PROVISIONAL_PRICE_ANCHOR","bakeries:baguette_with_filling","bakeries:baguette_with_filling <- recipe=bakeries:baguette_with_filling;type=minecraft:crafting_shapeless;output=2;choices=bakeries:baguette×1 + #c:crops/tomato×1 + #c:foods/cooked_pork×1;container=NONE -> bakeries:baguette <- recipe=bakeries:oven/baguette;type=bakeries:oven;output=1;choices=bakeries:baguette_dough×1;container=NONE -> bakeries:baguette_dough <- recipe=bakeries:compat/create/baguette_dough;type=create:cutting;output=2;choices=bakeries:salted_dough×1;container=NONE -> bakeries:salted_dough <- recipe=bakeries:blender/salted_dough;type=bakeries:blender;output=1;choices=bakeries:flour×1 + bakeries:flour×1 + bakeries:flour×1 + bakeries:flour×1 + minecraft:water_bucket×1;container=NONE -> bakeries:flour <- recipe=bakeries:flour_of_flour_bag;type=minecraft:crafting_shapeless;output=9;choices=bakeries:flour_bag×1;container=NONE -> bakeries:flour_bag <- recipe=bakeries:flour_bag;type=minecraft:crafting_shapeless;output=1;choices=;container=NONE -> bakeries:flour <- recipe=bakeries:flour_of_flour_bag;type=minecraft:crafting_shapeless;output=9;choices=bakeries:flour_bag×1;container=NONE -> bakeries:flour_bag <- recipe=bakeries:flour_bag;type=minecraft:crafting_shapeless;output=1;choices=;container=NONE -> bakeries:flour <- recipe=bakeries:flour_of_flour_bag;type=minecraft:crafting_shapeless;output=9;choices=bakeries:flour_bag×1;container=NONE -> bakeries:flour_bag <- recipe=bakeries:flour_bag;type=minecraft:crafting_shapeless;output=1;choices=;container=NONE -> bakeries:flour <- recipe=bakeries:flour_of_flour_bag;type=minecraft:crafting_shapeless;output=9;choices=bakeries:flour_bag×1;container=NONE -> bakeries:flour_bag <- recipe=bakeries:flour_bag;type=minecraft:crafting_shapeless;output=1;choices=;container=NONE -> minecraft:water_bucket=1(猜想) -> #c:crops/tomato=6(已定义) -> #c:foods/cooked_pork=17(猜想)","补齐证据后复审，不写入正式池","REVIEW"
"bakeries:baguette","bakeries:oven/baguette","[烘焙坊]bakeries-1.21.1-NeoForge-1.0.1.jar","data/bakeries/recipe/oven/baguette.json","RECIPE_CYCLE;MISSING_PRICE;ZERO_COST;TAG_PRICE_MISSING;PROVISIONAL_PRICE_ANCHOR;ALTERNATIVE_RECIPE_CYCLE;ALTERNATIVE_MISSING_PRICE;ALTERNATIVE_ZERO_COST;ALTERNATIVE_TAG_PRICE_MISSING;ALTERNATIVE_PROVISIONAL_PRICE_ANCHOR","bakeries:baguette","bakeries:baguette <- recipe=bakeries:oven/baguette;type=bakeries:oven;output=1;choices=bakeries:baguette_dough×1;container=NONE -> bakeries:baguette_dough <- recipe=bakeries:compat/create/baguette_dough;type=create:cutting;output=2;choices=bakeries:salted_dough×1;container=NONE -> bakeries:salted_dough <- recipe=bakeries:blender/salted_dough;type=bakeries:blender;output=1;choices=bakeries:flour×1 + bakeries:flour×1 + bakeries:flour×1 + bakeries:flour×1 + minecraft:water_bucket×1;container=NONE -> bakeries:flour <- recipe=bakeries:flour_of_flour_bag;type=minecraft:crafting_shapeless;output=9;choices=bakeries:flour_bag×1;container=NONE -> bakeries:flour_bag <- recipe=bakeries:flour_bag;type=minecraft:crafting_shapeless;output=1;choices=;container=NONE -> bakeries:flour <- recipe=bakeries:flour_of_flour_bag;type=minecraft:crafting_shapeless;output=9;choices=bakeries:flour_bag×1;container=NONE -> bakeries:flour_bag <- recipe=bakeries:flour_bag;type=minecraft:crafting_shapeless;output=1;choices=;container=NONE -> bakeries:flour <- recipe=bakeries:flour_of_flour_bag;type=minecraft:crafting_shapeless;output=9;choices=bakeries:flour_bag×1;container=NONE -> bakeries:flour_bag <- recipe=bakeries:flour_bag;type=minecraft:crafting_shapeless;output=1;choices=;container=NONE -> bakeries:flour <- recipe=bakeries:flour_of_flour_bag;type=minecraft:crafting_shapeless;output=9;choices=bakeries:flour_bag×1;container=NONE -> bakeries:flour_bag <- recipe=bakeries:flour_bag;type=minecraft:crafting_shapeless;output=1;choices=;container=NONE -> minecraft:water_bucket=1(猜想)","补齐证据后复审，不写入正式池","REVIEW"
"bakeries:bake_sliced_toast","bakeries:bake_sliced_toast","[烘焙坊]bakeries-1.21.1-NeoForge-1.0.1.jar","data/bakeries/recipe/bake_sliced_toast.json","MISSING_PRICE;ZERO_COST;ALTERNATIVE_MISSING_PRICE;ALTERNATIVE_ZERO_COST","bakeries:bake_sliced_toast","bakeries:bake_sliced_toast <- recipe=bakeries:bake_sliced_toast;type=minecraft:campfire_cooking;output=1;choices=bakeries:sliced_toast×1;container=NONE -> bakeries:sliced_toast <- recipe=bakeries:bread_knife/sliced_toast;type=bakeries:bread_knife;output=4;choices=;container=NONE","补齐证据后复审，不写入正式池","REVIEW"
"bakeries:berry_bagel","bakeries:berry_bagel","[烘焙坊]bakeries-1.21.1-NeoForge-1.0.1.jar","data/bakeries/recipe/berry_bagel.json","RECIPE_CYCLE;MISSING_PRICE;ZERO_COST;TAG_PRICE_MISSING;PROVISIONAL_PRICE_ANCHOR;ALTERNATIVE_RECIPE_CYCLE;ALTERNATIVE_MISSING_PRICE;ALTERNATIVE_ZERO_COST;ALTERNATIVE_TAG_PRICE_MISSING;ALTERNATIVE_PROVISIONAL_PRICE_ANCHOR","bakeries:berry_bagel","bakeries:berry_bagel <- recipe=bakeries:berry_bagel;type=minecraft:crafting_shapeless;output=1;choices=bakeries:bagel×1 + minecraft:sugar×1;container=NONE -> bakeries:bagel <- recipe=bakeries:oven/bagel;type=bakeries:oven;output=1;choices=bakeries:bagel_dough×1;container=NONE -> bakeries:bagel_dough <- recipe=bakeries:compat/create/bagel_dough;type=create:cutting;output=4;choices=bakeries:sweet_dough×1;container=NONE -> bakeries:sweet_dough <- recipe=bakeries:blender/sweet_dough;type=bakeries:blender;output=1;choices=bakeries:flour×1 + bakeries:flour×1 + bakeries:flour×1 + bakeries:flour×1 + minecraft:sugar×1 + #c:foods/milk×1;container=NONE -> bakeries:flour <- recipe=bakeries:flour_of_flour_bag;type=minecraft:crafting_shapeless;output=9;choices=bakeries:flour_bag×1;container=NONE -> bakeries:flour_bag <- recipe=bakeries:flour_bag;type=minecraft:crafting_shapeless;output=1;choices=;container=NONE -> bakeries:flour <- recipe=bakeries:flour_of_flour_bag;type=minecraft:crafting_shapeless;output=9;choices=bakeries:flour_bag×1;container=NONE -> bakeries:flour_bag <- recipe=bakeries:flour_bag;type=minecraft:crafting_shapeless;output=1;choices=;container=NONE -> bakeries:flour <- recipe=bakeries:flour_of_flour_bag;type=minecraft:crafting_shapeless;output=9;choices=bakeries:flour_bag×1;container=NONE -> bakeries:flour_bag <- recipe=bakeries:flour_bag;type=minecraft:crafting_shapeless;output=1;choices=;container=NONE -> bakeries:flour <- recipe=bakeries:flour_of_flour_bag;type=minecraft:crafting_shapeless;output=9;choices=bakeries:flour_bag×1;container=NONE -> bakeries:flour_bag <- recipe=bakeries:flour_bag;type=minecraft:crafting_shapeless;output=1;choices=;container=NONE -> minecraft:sugar=4(已定义) -> #c:foods/milk=6(猜想) -> minecraft:sugar=4(已定义)","补齐证据后复审，不写入正式池","REVIEW"
"bakeries:brown_sugar_roll","bakeries:oven/brown_sugar_roll","[烘焙坊]bakeries-1.21.1-NeoForge-1.0.1.jar","data/bakeries/recipe/oven/brown_sugar_roll.json","RECIPE_CYCLE;MISSING_PRICE;ZERO_COST;TAG_PRICE_MISSING;PROVISIONAL_PRICE_ANCHOR;ALTERNATIVE_RECIPE_CYCLE;ALTERNATIVE_MISSING_PRICE;ALTERNATIVE_ZERO_COST;ALTERNATIVE_TAG_PRICE_MISSING;ALTERNATIVE_PROVISIONAL_PRICE_ANCHOR","bakeries:brown_sugar_roll","bakeries:brown_sugar_roll <- recipe=bakeries:oven/brown_sugar_roll;type=bakeries:oven;output=1;choices=bakeries:brown_sugar_roll_dough×1;container=NONE -> bakeries:brown_sugar_roll_dough <- recipe=bakeries:brown_sugar_roll_dough;type=minecraft:crafting_shaped;output=4;choices=bakeries:round_bread_dough×4 + bakeries:brown_sugar_cube×1;container=NONE -> bakeries:round_bread_dough <- recipe=bakeries:compat/create/round_bread_dough;type=create:cutting;output=6;choices=bakeries:sweet_dough×1;container=NONE -> bakeries:sweet_dough <- recipe=bakeries:blender/sweet_dough;type=bakeries:blender;output=1;choices=bakeries:flour×1 + bakeries:flour×1 + bakeries:flour×1 + bakeries:flour×1 + minecraft:sugar×1 + #c:foods/milk×1;container=NONE -> bakeries:flour <- recipe=bakeries:flour_of_flour_bag;type=minecraft:crafting_shapeless;output=9;choices=bakeries:flour_bag×1;container=NONE -> bakeries:flour_bag <- recipe=bakeries:flour_bag;type=minecraft:crafting_shapeless;output=1;choices=;container=NONE -> bakeries:flour <- recipe=bakeries:flour_of_flour_bag;type=minecraft:crafting_shapeless;output=9;choices=bakeries:flour_bag×1;container=NONE -> bakeries:flour_bag <- recipe=bakeries:flour_bag;type=minecraft:crafting_shapeless;output=1;choices=;container=NONE -> bakeries:flour <- recipe=bakeries:flour_of_flour_bag;type=minecraft:crafting_shapeless;output=9;choices=bakeries:flour_bag×1;container=NONE -> bakeries:flour_bag <- recipe=bakeries:flour_bag;type=minecraft:crafting_shapeless;output=1;choices=;container=NONE -> bakeries:flour <- recipe=bakeries:flour_of_flour_bag;type=minecraft:crafting_shapeless;output=9;choices=bakeries:flour_bag×1;container=NONE -> bakeries:flour_bag <- recipe=bakeries:flour_bag;type=minecraft:crafting_shapeless;output=1;choices=;container=NONE -> minecraft:sugar=4(已定义) -> #c:foods/milk=6(猜想) -> bakeries:brown_sugar_cube <- recipe=bakeries:brown_sugar_cube;type=minecraft:smelting;output=1;choices=minecraft:sugar_cane×1;container=NONE -> minecraft:sugar_cane=4(已定义)","补齐证据后复审，不写入正式池","REVIEW"
"bakeries:cheese_cream_bread","bakeries:cheese_cream_bread","[烘焙坊]bakeries-1.21.1-NeoForge-1.0.1.jar","data/bakeries/recipe/cheese_cream_bread.json","RECIPE_CYCLE;MISSING_PRICE;ZERO_COST;TAG_PRICE_MISSING;PROVISIONAL_PRICE_ANCHOR;ALTERNATIVE_RECIPE_CYCLE;ALTERNATIVE_MISSING_PRICE;ALTERNATIVE_ZERO_COST;ALTERNATIVE_TAG_PRICE_MISSING;ALTERNATIVE_PROVISIONAL_PRICE_ANCHOR","bakeries:cheese_cream_bread","bakeries:cheese_cream_bread <- recipe=bakeries:cheese_cream_bread;type=minecraft:crafting_shapeless;output=2;choices=bakeries:round_bread×1 + bakeries:round_bread×1 + bakeries:cheese_cream×1;container=NONE -> bakeries:round_bread <- recipe=bakeries:oven/round_bread;type=bakeries:oven;output=1;choices=bakeries:round_bread_dough×1;container=NONE -> bakeries:round_bread_dough <- recipe=bakeries:compat/create/round_bread_dough;type=create:cutting;output=6;choices=bakeries:sweet_dough×1;container=NONE -> bakeries:sweet_dough <- recipe=bakeries:blender/sweet_dough;type=bakeries:blender;output=1;choices=bakeries:flour×1 + bakeries:flour×1 + bakeries:flour×1 + bakeries:flour×1 + minecraft:sugar×1 + #c:foods/milk×1;container=NONE -> bakeries:flour <- recipe=bakeries:flour_of_flour_bag;type=minecraft:crafting_shapeless;output=9;choices=bakeries:flour_bag×1;container=NONE -> bakeries:flour_bag <- recipe=bakeries:flour_bag;type=minecraft:crafting_shapeless;output=1;choices=;container=NONE -> bakeries:flour <- recipe=bakeries:flour_of_flour_bag;type=minecraft:crafting_shapeless;output=9;choices=bakeries:flour_bag×1;container=NONE -> bakeries:flour_bag <- recipe=bakeries:flour_bag;type=minecraft:crafting_shapeless;output=1;choices=;container=NONE -> bakeries:flour <- recipe=bakeries:flour_of_flour_bag;type=minecraft:crafting_shapeless;output=9;choices=bakeries:flour_bag×1;container=NONE -> bakeries:flour_bag <- recipe=bakeries:flour_bag;type=minecraft:crafting_shapeless;output=1;choices=;container=NONE -> bakeries:flour <- recipe=bakeries:flour_of_flour_bag;type=minecraft:crafting_shapeless;output=9;choices=bakeries:flour_bag×1;container=NONE -> bakeries:flour_bag <- recipe=bakeries:flour_bag;type=minecraft:crafting_shapeless;output=1;choices=;container=NONE -> minecraft:sugar=4(已定义) -> #c:foods/milk=6(猜想) -> bakeries:round_bread <- recipe=bakeries:oven/round_bread;type=bakeries:oven;output=1;choices=bakeries:round_bread_dough×1;container=NONE -> bakeries:round_bread_dough <- recipe=bakeries:compat/create/round_bread_dough;type=create:cutting;output=6;choices=bakeries:sweet_dough×1;container=NONE -> bakeries:sweet_dough <- recipe=bakeries:blender/sweet_dough;type=bakeries:blender;output=1;choices=bakeries:flour×1 + bakeries:flour×1 + bakeries:flour×1 + bakeries:flour×1 + minecraft:sugar×1 + #c:foods/milk×1;container=NONE -> bakeries:flour <- recipe=bakeries:flour_of_flour_bag;type=minecraft:crafting_shapeless;output=9;choices=bakeries:flour_bag×1;container=NONE -> bakeries:flour_bag <- recipe=bakeries:flour_bag;type=minecraft:crafting_shapeless;output=1;choices=;container=NONE -> bakeries:flour <- recipe=bakeries:flour_of_flour_bag;type=minecraft:crafting_shapeless;output=9;choices=bakeries:flour_bag×1;container=NONE -> bakeries:flour_bag <- recipe=bakeries:flour_bag;type=minecraft:crafting_shapeless;output=1;choices=;container=NONE -> bakeries:flour <- recipe=bakeries:flour_of_flour_bag;type=minecraft:crafting_shapeless;output=9;choices=bakeries:flour_bag×1;container=NONE -> bakeries:flour_bag <- recipe=bakeries:flour_bag;type=minecraft:crafting_shapeless;output=1;choices=;container=NONE -> bakeries:flour <- recipe=bakeries:flour_of_flour_bag;type=minecraft:crafting_shapeless;output=9;choices=bakeries:flour_bag×1;container=NONE -> bakeries:flour_bag <- recipe=bakeries:flour_bag;type=minecraft:crafting_shapeless;output=1;choices=;container=NONE -> minecraft:sugar=4(已定义) -> #c:foods/milk=6(猜想) -> bakeries:cheese_cream <- recipe=bakeries:blender/cheese_cream;type=bakeries:blender;output=2;choices=bakeries:foamed_cream×1 + bakeries:fresh_cheese_cube×1;container=NONE -> bakeries:foamed_cream <- recipe=bakeries:blender/foamed_cream;type=bakeries:blender;output=4;choices=bakeries:bottle_cream×1 + bakeries:bottle_cream×1 + minecraft:sugar×1;container=NONE -> bakeries:bottle_cream <- recipe=bakeries:compat/create/bottle_cream;type=create:mixing;output=1;choices=#c:foods/milk×1;container=NONE -> #c:foods/milk=6(猜想) -> bakeries:bottle_cream <- recipe=bakeries:compat/create/bottle_cream;type=create:mixing;output=1;choices=#c:foods/milk×1;container=NONE -> #c:foods/milk=6(猜想) -> minecraft:sugar=4(已定义) -> bakeries:fresh_cheese_cube <- recipe=bakeries:blender/fresh_cheese_cube;type=bakeries:blender;output=4;choices=bakeries:bottle_cream×1;container=NONE -> bakeries:bottle_cream <- recipe=bakeries:compat/create/bottle_cream;type=create:mixing;output=1;choices=#c:foods/milk×1;container=NONE -> #c:foods/milk=6(猜想)","补齐证据后复审，不写入正式池","REVIEW"
"bakeries:ciabatta","bakeries:oven/ciabatta","[烘焙坊]bakeries-1.21.1-NeoForge-1.0.1.jar","data/bakeries/recipe/oven/ciabatta.json","RECIPE_CYCLE;MISSING_PRICE;ZERO_COST;TAG_PRICE_MISSING;PROVISIONAL_PRICE_ANCHOR;ALTERNATIVE_RECIPE_CYCLE;ALTERNATIVE_MISSING_PRICE;ALTERNATIVE_ZERO_COST;ALTERNATIVE_TAG_PRICE_MISSING;ALTERNATIVE_PROVISIONAL_PRICE_ANCHOR","bakeries:ciabatta","bakeries:ciabatta <- recipe=bakeries:oven/ciabatta;type=bakeries:oven;output=1;choices=bakeries:ciabatta_dough×1;container=NONE -> bakeries:ciabatta_dough <- recipe=bakeries:compat/create/ciabatta_dough;type=create:cutting;output=4;choices=bakeries:salted_dough×1;container=NONE -> bakeries:salted_dough <- recipe=bakeries:blender/salted_dough;type=bakeries:blender;output=1;choices=bakeries:flour×1 + bakeries:flour×1 + bakeries:flour×1 + bakeries:flour×1 + minecraft:water_bucket×1;container=NONE -> bakeries:flour <- recipe=bakeries:flour_of_flour_bag;type=minecraft:crafting_shapeless;output=9;choices=bakeries:flour_bag×1;container=NONE -> bakeries:flour_bag <- recipe=bakeries:flour_bag;type=minecraft:crafting_shapeless;output=1;choices=;container=NONE -> bakeries:flour <- recipe=bakeries:flour_of_flour_bag;type=minecraft:crafting_shapeless;output=9;choices=bakeries:flour_bag×1;container=NONE -> bakeries:flour_bag <- recipe=bakeries:flour_bag;type=minecraft:crafting_shapeless;output=1;choices=;container=NONE -> bakeries:flour <- recipe=bakeries:flour_of_flour_bag;type=minecraft:crafting_shapeless;output=9;choices=bakeries:flour_bag×1;container=NONE -> bakeries:flour_bag <- recipe=bakeries:flour_bag;type=minecraft:crafting_shapeless;output=1;choices=;container=NONE -> bakeries:flour <- recipe=bakeries:flour_of_flour_bag;type=minecraft:crafting_shapeless;output=9;choices=bakeries:flour_bag×1;container=NONE -> bakeries:flour_bag <- recipe=bakeries:flour_bag;type=minecraft:crafting_shapeless;output=1;choices=;container=NONE -> minecraft:water_bucket=1(猜想)","补齐证据后复审，不写入正式池","REVIEW"
"bakeries:cooked_taro","bakeries:cooked_taro","[烘焙坊]bakeries-1.21.1-NeoForge-1.0.1.jar","data/bakeries/recipe/cooked_taro.json","MISSING_PRICE;ZERO_COST;ALTERNATIVE_MISSING_PRICE;ALTERNATIVE_ZERO_COST","bakeries:cooked_taro","bakeries:cooked_taro <- recipe=bakeries:cooked_taro;type=minecraft:smelting;output=1;choices=;container=NONE","补齐证据后复审，不写入正式池","REVIEW"
"bakeries:country_bread_slice","bakeries:bread_knife/country_bread_slice","[烘焙坊]bakeries-1.21.1-NeoForge-1.0.1.jar","data/bakeries/recipe/bread_knife/country_bread_slice.json","RECIPE_CYCLE;MISSING_PRICE;ZERO_COST;TAG_PRICE_MISSING;PROVISIONAL_PRICE_ANCHOR;ALTERNATIVE_RECIPE_CYCLE;ALTERNATIVE_MISSING_PRICE;ALTERNATIVE_ZERO_COST;ALTERNATIVE_TAG_PRICE_MISSING;ALTERNATIVE_PROVISIONAL_PRICE_ANCHOR","bakeries:country_bread_slice","bakeries:country_bread_slice <- recipe=bakeries:bread_knife/country_bread_slice;type=bakeries:bread_knife;output=6;choices=bakeries:country_bread×1;container=NONE -> bakeries:country_bread <- recipe=bakeries:oven/country_bread;type=bakeries:oven;output=1;choices=bakeries:country_bread_dough×1;container=NONE -> bakeries:country_bread_dough <- recipe=bakeries:compat/create/country_bread_dough;type=create:cutting;output=1;choices=bakeries:salted_dough×1;container=NONE -> bakeries:salted_dough <- recipe=bakeries:blender/salted_dough;type=bakeries:blender;output=1;choices=bakeries:flour×1 + bakeries:flour×1 + bakeries:flour×1 + bakeries:flour×1 + minecraft:water_bucket×1;container=NONE -> bakeries:flour <- recipe=bakeries:flour_of_flour_bag;type=minecraft:crafting_shapeless;output=9;choices=bakeries:flour_bag×1;container=NONE -> bakeries:flour_bag <- recipe=bakeries:flour_bag;type=minecraft:crafting_shapeless;output=1;choices=;container=NONE -> bakeries:flour <- recipe=bakeries:flour_of_flour_bag;type=minecraft:crafting_shapeless;output=9;choices=bakeries:flour_bag×1;container=NONE -> bakeries:flour_bag <- recipe=bakeries:flour_bag;type=minecraft:crafting_shapeless;output=1;choices=;container=NONE -> bakeries:flour <- recipe=bakeries:flour_of_flour_bag;type=minecraft:crafting_shapeless;output=9;choices=bakeries:flour_bag×1;container=NONE -> bakeries:flour_bag <- recipe=bakeries:flour_bag;type=minecraft:crafting_shapeless;output=1;choices=;container=NONE -> bakeries:flour <- recipe=bakeries:flour_of_flour_bag;type=minecraft:crafting_shapeless;output=9;choices=bakeries:flour_bag×1;container=NONE -> bakeries:flour_bag <- recipe=bakeries:flour_bag;type=minecraft:crafting_shapeless;output=1;choices=;container=NONE -> minecraft:water_bucket=1(猜想)","补齐证据后复审，不写入正式池","REVIEW"
"bakeries:croissant","bakeries:oven/croissant","[烘焙坊]bakeries-1.21.1-NeoForge-1.0.1.jar","data/bakeries/recipe/oven/croissant.json","CO_PRODUCT_ALLOCATION_REVIEW;RECIPE_CYCLE;MISSING_PRICE;ZERO_COST;TAG_PRICE_MISSING;INVALID_INGREDIENT_STACK;ALTERNATIVE_CO_PRODUCT_ALLOCATION_REVIEW;ALTERNATIVE_RECIPE_CYCLE;ALTERNATIVE_MISSING_PRICE;ALTERNATIVE_ZERO_COST;ALTERNATIVE_TAG_PRICE_MISSING;ALTERNATIVE_INVALID_INGREDIENT_STACK","bakeries:croissant","bakeries:croissant <- recipe=bakeries:oven/croissant;type=bakeries:oven;output=1;choices=bakeries:croissant_dough×1;container=NONE -> bakeries:croissant_dough <- recipe=bakeries:compat/create/croissant_dough;type=create:cutting;output=2;choices=bakeries:pastry×1;container=NONE -> bakeries:pastry <- recipe=bakeries:integration/create/mixing/pastry;type=create:mixing;output=1;choices=bakeries:butter_flour_sand×1;container=NONE -> bakeries:butter_flour_sand <- recipe=bakeries:integration/create/mixing/butter_flour_sand;type=create:mixing;output=1;choices=bakeries:flour×1 + bakeries:flour×1 + bakeries:flour×1 + minecraft:sugar×1;container=NONE -> bakeries:flour <- recipe=bakeries:flour_of_flour_bag;type=minecraft:crafting_shapeless;output=9;choices=bakeries:flour_bag×1;container=NONE -> bakeries:flour_bag <- recipe=bakeries:flour_bag;type=minecraft:crafting_shapeless;output=1;choices=;container=NONE -> bakeries:flour <- recipe=bakeries:flour_of_flour_bag;type=minecraft:crafting_shapeless;output=9;choices=bakeries:flour_bag×1;container=NONE -> bakeries:flour_bag <- recipe=bakeries:flour_bag;type=minecraft:crafting_shapeless;output=1;choices=;container=NONE -> bakeries:flour <- recipe=bakeries:flour_of_flour_bag;type=minecraft:crafting_shapeless;output=9;choices=bakeries:flour_bag×1;container=NONE -> bakeries:flour_bag <- recipe=bakeries:flour_bag;type=minecraft:crafting_shapeless;output=1;choices=;container=NONE -> minecraft:sugar=4(已定义)","补齐证据后复审，不写入正式池","REVIEW"
"bakeries:dirty_choco_croissant","bakeries:dirty_choco_croissant","[烘焙坊]bakeries-1.21.1-NeoForge-1.0.1.jar","data/bakeries/recipe/dirty_choco_croissant.json","CO_PRODUCT_ALLOCATION_REVIEW;RECIPE_CYCLE;MISSING_PRICE;ZERO_COST;TAG_PRICE_MISSING;INVALID_INGREDIENT_STACK;PROVISIONAL_PRICE_ANCHOR;ALTERNATIVE_CO_PRODUCT_ALLOCATION_REVIEW;ALTERNATIVE_RECIPE_CYCLE;ALTERNATIVE_MISSING_PRICE;ALTERNATIVE_ZERO_COST;ALTERNATIVE_TAG_PRICE_MISSING;ALTERNATIVE_INVALID_INGREDIENT_STACK;ALTERNATIVE_PROVISIONAL_PRICE_ANCHOR","bakeries:dirty_choco_croissant","bakeries:dirty_choco_croissant <- recipe=bakeries:dirty_choco_croissant;type=minecraft:crafting_shapeless;output=2;choices=bakeries:croissant×1 + bakeries:croissant×1 + bakeries:bottle_cream×1 + bakeries:cocoa_powder×1;container=NONE -> bakeries:croissant <- recipe=bakeries:oven/croissant;type=bakeries:oven;output=1;choices=bakeries:croissant_dough×1;container=NONE -> bakeries:croissant_dough <- recipe=bakeries:compat/create/croissant_dough;type=create:cutting;output=2;choices=bakeries:pastry×1;container=NONE -> bakeries:pastry <- recipe=bakeries:integration/create/mixing/pastry;type=create:mixing;output=1;choices=bakeries:butter_flour_sand×1;container=NONE -> bakeries:butter_flour_sand <- recipe=bakeries:integration/create/mixing/butter_flour_sand;type=create:mixing;output=1;choices=bakeries:flour×1 + bakeries:flour×1 + bakeries:flour×1 + minecraft:sugar×1;container=NONE -> bakeries:flour <- recipe=bakeries:flour_of_flour_bag;type=minecraft:crafting_shapeless;output=9;choices=bakeries:flour_bag×1;container=NONE -> bakeries:flour_bag <- recipe=bakeries:flour_bag;type=minecraft:crafting_shapeless;output=1;choices=;container=NONE -> bakeries:flour <- recipe=bakeries:flour_of_flour_bag;type=minecraft:crafting_shapeless;output=9;choices=bakeries:flour_bag×1;container=NONE -> bakeries:flour_bag <- recipe=bakeries:flour_bag;type=minecraft:crafting_shapeless;output=1;choices=;container=NONE -> bakeries:flour <- recipe=bakeries:flour_of_flour_bag;type=minecraft:crafting_shapeless;output=9;choices=bakeries:flour_bag×1;container=NONE -> bakeries:flour_bag <- recipe=bakeries:flour_bag;type=minecraft:crafting_shapeless;output=1;choices=;container=NONE -> minecraft:sugar=4(已定义) -> bakeries:croissant <- recipe=bakeries:oven/croissant;type=bakeries:oven;output=1;choices=bakeries:croissant_dough×1;container=NONE -> bakeries:croissant_dough <- recipe=bakeries:compat/create/croissant_dough;type=create:cutting;output=2;choices=bakeries:pastry×1;container=NONE -> bakeries:pastry <- recipe=bakeries:integration/create/mixing/pastry;type=create:mixing;output=1;choices=bakeries:butter_flour_sand×1;container=NONE -> bakeries:butter_flour_sand <- recipe=bakeries:integration/create/mixing/butter_flour_sand;type=create:mixing;output=1;choices=bakeries:flour×1 + bakeries:flour×1 + bakeries:flour×1 + minecraft:sugar×1;container=NONE -> bakeries:flour <- recipe=bakeries:flour_of_flour_bag;type=minecraft:crafting_shapeless;output=9;choices=bakeries:flour_bag×1;container=NONE -> bakeries:flour_bag <- recipe=bakeries:flour_bag;type=minecraft:crafting_shapeless;output=1;choices=;container=NONE -> bakeries:flour <- recipe=bakeries:flour_of_flour_bag;type=minecraft:crafting_shapeless;output=9;choices=bakeries:flour_bag×1;container=NONE -> bakeries:flour_bag <- recipe=bakeries:flour_bag;type=minecraft:crafting_shapeless;output=1;choices=;container=NONE -> bakeries:flour <- recipe=bakeries:flour_of_flour_bag;type=minecraft:crafting_shapeless;output=9;choices=bakeries:flour_bag×1;container=NONE -> bakeries:flour_bag <- recipe=bakeries:flour_bag;type=minecraft:crafting_shapeless;output=1;choices=;container=NONE -> minecraft:sugar=4(已定义) -> bakeries:bottle_cream <- recipe=bakeries:compat/create/bottle_cream;type=create:mixing;output=1;choices=#c:foods/milk×1;container=NONE -> #c:foods/milk=6(猜想) -> bakeries:cocoa_powder <- recipe=bakeries:flour_sieve/cocoa_powder;type=bakeries:flour_sieve;output=1;choices=minecraft:cocoa_beans×1;container=NONE -> minecraft:cocoa_beans=8(已定义)","补齐证据后复审，不写入正式池","REVIEW"
"bakeries:egg_tart","bakeries:oven/egg_tart","[烘焙坊]bakeries-1.21.1-NeoForge-1.0.1.jar","data/bakeries/recipe/oven/egg_tart.json","CO_PRODUCT_ALLOCATION_REVIEW;RECIPE_CYCLE;MISSING_PRICE;ZERO_COST;TAG_PRICE_MISSING;INVALID_INGREDIENT_STACK;PROVISIONAL_PRICE_ANCHOR;ALTERNATIVE_CO_PRODUCT_ALLOCATION_REVIEW;ALTERNATIVE_RECIPE_CYCLE;ALTERNATIVE_MISSING_PRICE;ALTERNATIVE_ZERO_COST;ALTERNATIVE_TAG_PRICE_MISSING;ALTERNATIVE_INVALID_INGREDIENT_STACK;ALTERNATIVE_PROVISIONAL_PRICE_ANCHOR","bakeries:egg_tart","bakeries:egg_tart <- recipe=bakeries:oven/egg_tart;type=bakeries:oven;output=1;choices=bakeries:raw_egg_tart×1;container=NONE -> bakeries:raw_egg_tart <- recipe=bakeries:raw_egg_tart;type=minecraft:crafting_shapeless;output=6;choices=bakeries:egg_tart_shell×1 + bakeries:egg_tart_shell×1 + bakeries:egg_tart_shell×1 + bakeries:egg_tart_shell×1 + bakeries:egg_tart_shell×1 + bakeries:egg_tart_shell×1 + bakeries:bottle_cream×1 + #c:eggs×1 + minecraft:sugar×1;container=NONE -> bakeries:egg_tart_shell <- recipe=bakeries:compat/create/egg_tart_shell;type=create:cutting;output=3;choices=bakeries:pastry×1;container=NONE -> bakeries:pastry <- recipe=bakeries:integration/create/mixing/pastry;type=create:mixing;output=1;choices=bakeries:butter_flour_sand×1;container=NONE -> bakeries:butter_flour_sand <- recipe=bakeries:integration/create/mixing/butter_flour_sand;type=create:mixing;output=1;choices=bakeries:flour×1 + bakeries:flour×1 + bakeries:flour×1 + minecraft:sugar×1;container=NONE -> bakeries:flour <- recipe=bakeries:flour_of_flour_bag;type=minecraft:crafting_shapeless;output=9;choices=bakeries:flour_bag×1;container=NONE -> bakeries:flour_bag <- recipe=bakeries:flour_bag;type=minecraft:crafting_shapeless;output=1;choices=;container=NONE -> bakeries:flour <- recipe=bakeries:flour_of_flour_bag;type=minecraft:crafting_shapeless;output=9;choices=bakeries:flour_bag×1;container=NONE -> bakeries:flour_bag <- recipe=bakeries:flour_bag;type=minecraft:crafting_shapeless;output=1;choices=;container=NONE -> bakeries:flour <- recipe=bakeries:flour_of_flour_bag;type=minecraft:crafting_shapeless;output=9;choices=bakeries:flour_bag×1;container=NONE -> bakeries:flour_bag <- recipe=bakeries:flour_bag;type=minecraft:crafting_shapeless;output=1;choices=;container=NONE -> minecraft:sugar=4(已定义) -> bakeries:egg_tart_shell <- recipe=bakeries:compat/create/egg_tart_shell;type=create:cutting;output=3;choices=bakeries:pastry×1;container=NONE -> bakeries:pastry <- recipe=bakeries:integration/create/mixing/pastry;type=create:mixing;output=1;choices=bakeries:butter_flour_sand×1;container=NONE -> bakeries:butter_flour_sand <- recipe=bakeries:integration/create/mixing/butter_flour_sand;type=create:mixing;output=1;choices=bakeries:flour×1 + bakeries:flour×1 + bakeries:flour×1 + minecraft:sugar×1;container=NONE -> bakeries:flour <- recipe=bakeries:flour_of_flour_bag;type=minecraft:crafting_shapeless;output=9;choices=bakeries:flour_bag×1;container=NONE -> bakeries:flour_bag <- recipe=bakeries:flour_bag;type=minecraft:crafting_shapeless;output=1;choices=;container=NONE -> bakeries:flour <- recipe=bakeries:flour_of_flour_bag;type=minecraft:crafting_shapeless;output=9;choices=bakeries:flour_bag×1;container=NONE -> bakeries:flour_bag <- recipe=bakeries:flour_bag;type=minecraft:crafting_shapeless;output=1;choices=;container=NONE -> bakeries:flour <- recipe=bakeries:flour_of_flour_bag;type=minecraft:crafting_shapeless;output=9;choices=bakeries:flour_bag×1;container=NONE -> bakeries:flour_bag <- recipe=bakeries:flour_bag;type=minecraft:crafting_shapeless;output=1;choices=;container=NONE -> minecraft:sugar=4(已定义) -> bakeries:egg_tart_shell <- recipe=bakeries:compat/create/egg_tart_shell;type=create:cutting;output=3;choices=bakeries:pastry×1;container=NONE -> bakeries:pastry <- recipe=bakeries:integration/create/mixing/pastry;type=create:mixing;output=1;choices=bakeries:butter_flour_sand×1;container=NONE -> bakeries:butter_flour_sand <- recipe=bakeries:integration/create/mixing/butter_flour_sand;type=create:mixing;output=1;choices=bakeries:flour×1 + bakeries:flour×1 + bakeries:flour×1 + minecraft:sugar×1;container=NONE -> bakeries:flour <- recipe=bakeries:flour_of_flour_bag;type=minecraft:crafting_shapeless;output=9;choices=bakeries:flour_bag×1;container=NONE -> bakeries:flour_bag <- recipe=bakeries:flour_bag;type=minecraft:crafting_shapeless;output=1;choices=;container=NONE -> bakeries:flour <- recipe=bakeries:flour_of_flour_bag;type=minecraft:crafting_shapeless;output=9;choices=bakeries:flour_bag×1;container=NONE -> bakeries:flour_bag <- recipe=bakeries:flour_bag;type=minecraft:crafting_shapeless;output=1;choices=;container=NONE -> bakeries:flour <- recipe=bakeries:flour_of_flour_bag;type=minecraft:crafting_shapeless;output=9;choices=bakeries:flour_bag×1;container=NONE -> bakeries:flour_bag <- recipe=bakeries:flour_bag;type=minecraft:crafting_shapeless;output=1;choices=;container=NONE -> minecraft:sugar=4(已定义) -> bakeries:egg_tart_shell <- recipe=bakeries:compat/create/egg_tart_shell;type=create:cutting;output=3;choices=bakeries:pastry×1;container=NONE -> bakeries:pastry <- recipe=bakeries:integration/create/mixing/pastry;type=create:mixing;output=1;choices=bakeries:butter_flour_sand×1;container=NONE -> bakeries:butter_flour_sand <- recipe=bakeries:integration/create/mixing/butter_flour_sand;type=create:mixing;output=1;choices=bakeries:flour×1 + bakeries:flour×1 + bakeries:flour×1 + minecraft:sugar×1;container=NONE -> bakeries:flour <- recipe=bakeries:flour_of_flour_bag;type=minecraft:crafting_shapeless;output=9;choices=bakeries:flour_bag×1;container=NONE -> bakeries:flour_bag <- recipe=bakeries:flour_bag;type=minecraft:crafting_shapeless;output=1;choices=;container=NONE -> bakeries:flour <- recipe=bakeries:flour_of_flour_bag;type=minecraft:crafting_shapeless;output=9;choices=bakeries:flour_bag×1;container=NONE -> bakeries:flour_bag <- recipe=bakeries:flour_bag;type=minecraft:crafting_shapeless;output=1;choices=;container=NONE -> bakeries:flour <- recipe=bakeries:flour_of_flour_bag;type=minecraft:crafting_shapeless;output=9;choices=bakeries:flour_bag×1;container=NONE -> bakeries:flour_bag <- recipe=bakeries:flour_bag;type=minecraft:crafting_shapeless;output=1;choices=;container=NONE -> minecraft:sugar=4(已定义) -> bakeries:egg_tart_shell <- recipe=bakeries:compat/create/egg_tart_shell;type=create:cutting;output=3;choices=bakeries:pastry×1;container=NONE -> bakeries:pastry <- recipe=bakeries:integration/create/mixing/pastry;type=create:mixing;output=1;choices=bakeries:butter_flour_sand×1;container=NONE -> bakeries:butter_flour_sand <- recipe=bakeries:integration/create/mixing/butter_flour_sand;type=create:mixing;output=1;choices=bakeries:flour×1 + bakeries:flour×1 + bakeries:flour×1 + minecraft:sugar×1;container=NONE -> bakeries:flour <- recipe=bakeries:flour_of_flour_bag;type=minecraft:crafting_shapeless;output=9;choices=bakeries:flour_bag×1;container=NONE -> bakeries:flour_bag <- recipe=bakeries:flour_bag;type=minecraft:crafting_shapeless;output=1;choices=;container=NONE -> bakeries:flour <- recipe=bakeries:flour_of_flour_bag;type=minecraft:crafting_shapeless;output=9;choices=bakeries:flour_bag×1;container=NONE -> bakeries:flour_bag <- recipe=bakeries:flour_bag;type=minecraft:crafting_shapeless;output=1;choices=;container=NONE -> bakeries:flour <- recipe=bakeries:flour_of_flour_bag;type=minecraft:crafting_shapeless;output=9;choices=bakeries:flour_bag×1;container=NONE -> bakeries:flour_bag <- recipe=bakeries:flour_bag;type=minecraft:crafting_shapeless;output=1;choices=;container=NONE -> minecraft:sugar=4(已定义) -> bakeries:egg_tart_shell <- recipe=bakeries:compat/create/egg_tart_shell;type=create:cutting;output=3;choices=bakeries:pastry×1;container=NONE -> bakeries:pastry <- recipe=bakeries:integration/create/mixing/pastry;type=create:mixing;output=1;choices=bakeries:butter_flour_sand×1;container=NONE -> bakeries:butter_flour_sand <- recipe=bakeries:integration/create/mixing/butter_flour_sand;type=create:mixing;output=1;choices=bakeries:flour×1 + bakeries:flour×1 + bakeries:flour×1 + minecraft:sugar×1;container=NONE -> bakeries:flour <- recipe=bakeries:flour_of_flour_bag;type=minecraft:crafting_shapeless;output=9;choices=bakeries:flour_bag×1;container=NONE -> bakeries:flour_bag <- recipe=bakeries:flour_bag;type=minecraft:crafting_shapeless;output=1;choices=;container=NONE -> bakeries:flour <- recipe=bakeries:flour_of_flour_bag;type=minecraft:crafting_shapeless;output=9;choices=bakeries:flour_bag×1;container=NONE -> bakeries:flour_bag <- recipe=bakeries:flour_bag;type=minecraft:crafting_shapeless;output=1;choices=;container=NONE -> bakeries:flour <- recipe=bakeries:flour_of_flour_bag;type=minecraft:crafting_shapeless;output=9;choices=bakeries:flour_bag×1;container=NONE -> bakeries:flour_bag <- recipe=bakeries:flour_bag;type=minecraft:crafting_shapeless;output=1;choices=;container=NONE -> minecraft:sugar=4(已定义) -> bakeries:bottle_cream <- recipe=bakeries:compat/create/bottle_cream;type=create:mixing;output=1;choices=#c:foods/milk×1;container=NONE -> #c:foods/milk=6(猜想) -> #c:eggs=5(已定义) -> minecraft:sugar=4(已定义)","补齐证据后复审，不写入正式池","REVIEW"
"bakeries:flat_croissant","bakeries:integration/create/pressing/flat_croissant","[烘焙坊]bakeries-1.21.1-NeoForge-1.0.1.jar","data/bakeries/recipe/integration/create/pressing/flat_croissant.json","CO_PRODUCT_ALLOCATION_REVIEW;RECIPE_CYCLE;MISSING_PRICE;ZERO_COST;TAG_PRICE_MISSING;INVALID_INGREDIENT_STACK;ALTERNATIVE_CO_PRODUCT_ALLOCATION_REVIEW;ALTERNATIVE_RECIPE_CYCLE;ALTERNATIVE_MISSING_PRICE;ALTERNATIVE_ZERO_COST;ALTERNATIVE_TAG_PRICE_MISSING;ALTERNATIVE_INVALID_INGREDIENT_STACK","bakeries:flat_croissant","bakeries:flat_croissant <- recipe=bakeries:integration/create/pressing/flat_croissant;type=create:pressing;output=1;choices=bakeries:croissant×1;container=NONE -> bakeries:croissant <- recipe=bakeries:oven/croissant;type=bakeries:oven;output=1;choices=bakeries:croissant_dough×1;container=NONE -> bakeries:croissant_dough <- recipe=bakeries:compat/create/croissant_dough;type=create:cutting;output=2;choices=bakeries:pastry×1;container=NONE -> bakeries:pastry <- recipe=bakeries:integration/create/mixing/pastry;type=create:mixing;output=1;choices=bakeries:butter_flour_sand×1;container=NONE -> bakeries:butter_flour_sand <- recipe=bakeries:integration/create/mixing/butter_flour_sand;type=create:mixing;output=1;choices=bakeries:flour×1 + bakeries:flour×1 + bakeries:flour×1 + minecraft:sugar×1;container=NONE -> bakeries:flour <- recipe=bakeries:flour_of_flour_bag;type=minecraft:crafting_shapeless;output=9;choices=bakeries:flour_bag×1;container=NONE -> bakeries:flour_bag <- recipe=bakeries:flour_bag;type=minecraft:crafting_shapeless;output=1;choices=;container=NONE -> bakeries:flour <- recipe=bakeries:flour_of_flour_bag;type=minecraft:crafting_shapeless;output=9;choices=bakeries:flour_bag×1;container=NONE -> bakeries:flour_bag <- recipe=bakeries:flour_bag;type=minecraft:crafting_shapeless;output=1;choices=;container=NONE -> bakeries:flour <- recipe=bakeries:flour_of_flour_bag;type=minecraft:crafting_shapeless;output=9;choices=bakeries:flour_bag×1;container=NONE -> bakeries:flour_bag <- recipe=bakeries:flour_bag;type=minecraft:crafting_shapeless;output=1;choices=;container=NONE -> minecraft:sugar=4(已定义)","补齐证据后复审，不写入正式池","REVIEW"
"bakeries:focaccia","bakeries:oven/focaccia","[烘焙坊]bakeries-1.21.1-NeoForge-1.0.1.jar","data/bakeries/recipe/oven/focaccia.json","MISSING_PRICE;RECIPE_CYCLE;ZERO_COST;TAG_PRICE_MISSING;PROVISIONAL_PRICE_ANCHOR;ALTERNATIVE_MISSING_PRICE;ALTERNATIVE_RECIPE_CYCLE;ALTERNATIVE_ZERO_COST;ALTERNATIVE_TAG_PRICE_MISSING;ALTERNATIVE_PROVISIONAL_PRICE_ANCHOR","bakeries:focaccia","bakeries:focaccia <- recipe=bakeries:oven/focaccia;type=bakeries:oven;output=1;choices=bakeries:focaccia_dough×1;container=NONE -> bakeries:focaccia_dough <- recipe=bakeries:focaccia;type=minecraft:crafting_shaped;output=4;choices=bakeries:olive_oil×1 + #c:crops/tomato×1 + bakeries:salted_dough×1;container=NONE -> bakeries:olive_oil <- recipe=bakeries:blender/olive_oil;type=bakeries:blender;output=1;choices=;container=PART_OF_RESULT:minecraft:glass_bottle=2 -> #c:crops/tomato=6(已定义) -> bakeries:salted_dough <- recipe=bakeries:blender/salted_dough;type=bakeries:blender;output=1;choices=bakeries:flour×1 + bakeries:flour×1 + bakeries:flour×1 + bakeries:flour×1 + minecraft:water_bucket×1;container=NONE -> bakeries:flour <- recipe=bakeries:flour_of_flour_bag;type=minecraft:crafting_shapeless;output=9;choices=bakeries:flour_bag×1;container=NONE -> bakeries:flour_bag <- recipe=bakeries:flour_bag;type=minecraft:crafting_shapeless;output=1;choices=;container=NONE -> bakeries:flour <- recipe=bakeries:flour_of_flour_bag;type=minecraft:crafting_shapeless;output=9;choices=bakeries:flour_bag×1;container=NONE -> bakeries:flour_bag <- recipe=bakeries:flour_bag;type=minecraft:crafting_shapeless;output=1;choices=;container=NONE -> bakeries:flour <- recipe=bakeries:flour_of_flour_bag;type=minecraft:crafting_shapeless;output=9;choices=bakeries:flour_bag×1;container=NONE -> bakeries:flour_bag <- recipe=bakeries:flour_bag;type=minecraft:crafting_shapeless;output=1;choices=;container=NONE -> bakeries:flour <- recipe=bakeries:flour_of_flour_bag;type=minecraft:crafting_shapeless;output=9;choices=bakeries:flour_bag×1;container=NONE -> bakeries:flour_bag <- recipe=bakeries:flour_bag;type=minecraft:crafting_shapeless;output=1;choices=;container=NONE -> minecraft:water_bucket=1(猜想)","补齐证据后复审，不写入正式池","REVIEW"
"bakeries:honey_butter_spread_country_bread","bakeries:honey_butter_spread_country_bread","[烘焙坊]bakeries-1.21.1-NeoForge-1.0.1.jar","data/bakeries/recipe/honey_butter_spread_country_bread.json","TAG_PRICE_MISSING;RECIPE_CYCLE;MISSING_PRICE;ZERO_COST;PROVISIONAL_PRICE_ANCHOR;ALTERNATIVE_TAG_PRICE_MISSING;ALTERNATIVE_RECIPE_CYCLE;ALTERNATIVE_MISSING_PRICE;ALTERNATIVE_ZERO_COST;ALTERNATIVE_PROVISIONAL_PRICE_ANCHOR","bakeries:honey_butter_spread_country_bread","bakeries:honey_butter_spread_country_bread <- recipe=bakeries:honey_butter_spread_country_bread;type=minecraft:crafting_shapeless;output=4;choices=bakeries:honey_butter×1 + bakeries:country_bread_slice×1 + bakeries:country_bread_slice×1 + bakeries:country_bread_slice×1 + bakeries:country_bread_slice×1;container=NONE -> bakeries:honey_butter <- recipe=bakeries:blender/honey_butter;type=bakeries:blender;output=4;choices=minecraft:honey_bottle×1;container=NONE -> minecraft:honey_bottle=12(猜想) -> bakeries:country_bread_slice <- recipe=bakeries:bread_knife/country_bread_slice;type=bakeries:bread_knife;output=6;choices=bakeries:country_bread×1;container=NONE -> bakeries:country_bread <- recipe=bakeries:oven/country_bread;type=bakeries:oven;output=1;choices=bakeries:country_bread_dough×1;container=NONE -> bakeries:country_bread_dough <- recipe=bakeries:compat/create/country_bread_dough;type=create:cutting;output=1;choices=bakeries:salted_dough×1;container=NONE -> bakeries:salted_dough <- recipe=bakeries:blender/salted_dough;type=bakeries:blender;output=1;choices=bakeries:flour×1 + bakeries:flour×1 + bakeries:flour×1 + bakeries:flour×1 + minecraft:water_bucket×1;container=NONE -> bakeries:flour <- recipe=bakeries:flour_of_flour_bag;type=minecraft:crafting_shapeless;output=9;choices=bakeries:flour_bag×1;container=NONE -> bakeries:flour_bag <- recipe=bakeries:flour_bag;type=minecraft:crafting_shapeless;output=1;choices=;container=NONE -> bakeries:flour <- recipe=bakeries:flour_of_flour_bag;type=minecraft:crafting_shapeless;output=9;choices=bakeries:flour_bag×1;container=NONE -> bakeries:flour_bag <- recipe=bakeries:flour_bag;type=minecraft:crafting_shapeless;output=1;choices=;container=NONE -> bakeries:flour <- recipe=bakeries:flour_of_flour_bag;type=minecraft:crafting_shapeless;output=9;choices=bakeries:flour_bag×1;container=NONE -> bakeries:flour_bag <- recipe=bakeries:flour_bag;type=minecraft:crafting_shapeless;output=1;choices=;container=NONE -> bakeries:flour <- recipe=bakeries:flour_of_flour_bag;type=minecraft:crafting_shapeless;output=9;choices=bakeries:flour_bag×1;container=NONE -> bakeries:flour_bag <- recipe=bakeries:flour_bag;type=minecraft:crafting_shapeless;output=1;choices=;container=NONE -> minecraft:water_bucket=1(猜想) -> bakeries:country_bread_slice <- recipe=bakeries:bread_knife/country_bread_slice;type=bakeries:bread_knife;output=6;choices=bakeries:country_bread×1;container=NONE -> bakeries:country_bread <- recipe=bakeries:oven/country_bread;type=bakeries:oven;output=1;choices=bakeries:country_bread_dough×1;container=NONE -> bakeries:country_bread_dough <- recipe=bakeries:compat/create/country_bread_dough;type=create:cutting;output=1;choices=bakeries:salted_dough×1;container=NONE -> bakeries:salted_dough <- recipe=bakeries:blender/salted_dough;type=bakeries:blender;output=1;choices=bakeries:flour×1 + bakeries:flour×1 + bakeries:flour×1 + bakeries:flour×1 + minecraft:water_bucket×1;container=NONE -> bakeries:flour <- recipe=bakeries:flour_of_flour_bag;type=minecraft:crafting_shapeless;output=9;choices=bakeries:flour_bag×1;container=NONE -> bakeries:flour_bag <- recipe=bakeries:flour_bag;type=minecraft:crafting_shapeless;output=1;choices=;container=NONE -> bakeries:flour <- recipe=bakeries:flour_of_flour_bag;type=minecraft:crafting_shapeless;output=9;choices=bakeries:flour_bag×1;container=NONE -> bakeries:flour_bag <- recipe=bakeries:flour_bag;type=minecraft:crafting_shapeless;output=1;choices=;container=NONE -> bakeries:flour <- recipe=bakeries:flour_of_flour_bag;type=minecraft:crafting_shapeless;output=9;choices=bakeries:flour_bag×1;container=NONE -> bakeries:flour_bag <- recipe=bakeries:flour_bag;type=minecraft:crafting_shapeless;output=1;choices=;container=NONE -> bakeries:flour <- recipe=bakeries:flour_of_flour_bag;type=minecraft:crafting_shapeless;output=9;choices=bakeries:flour_bag×1;container=NONE -> bakeries:flour_bag <- recipe=bakeries:flour_bag;type=minecraft:crafting_shapeless;output=1;choices=;container=NONE -> minecraft:water_bucket=1(猜想) -> bakeries:country_bread_slice <- recipe=bakeries:bread_knife/country_bread_slice;type=bakeries:bread_knife;output=6;choices=bakeries:country_bread×1;container=NONE -> bakeries:country_bread <- recipe=bakeries:oven/country_bread;type=bakeries:oven;output=1;choices=bakeries:country_bread_dough×1;container=NONE -> bakeries:country_bread_dough <- recipe=bakeries:compat/create/country_bread_dough;type=create:cutting;output=1;choices=bakeries:salted_dough×1;container=NONE -> bakeries:salted_dough <- recipe=bakeries:blender/salted_dough;type=bakeries:blender;output=1;choices=bakeries:flour×1 + bakeries:flour×1 + bakeries:flour×1 + bakeries:flour×1 + minecraft:water_bucket×1;container=NONE -> bakeries:flour <- recipe=bakeries:flour_of_flour_bag;type=minecraft:crafting_shapeless;output=9;choices=bakeries:flour_bag×1;container=NONE -> bakeries:flour_bag <- recipe=bakeries:flour_bag;type=minecraft:crafting_shapeless;output=1;choices=;container=NONE -> bakeries:flour <- recipe=bakeries:flour_of_flour_bag;type=minecraft:crafting_shapeless;output=9;choices=bakeries:flour_bag×1;container=NONE -> bakeries:flour_bag <- recipe=bakeries:flour_bag;type=minecraft:crafting_shapeless;output=1;choices=;container=NONE -> bakeries:flour <- recipe=bakeries:flour_of_flour_bag;type=minecraft:crafting_shapeless;output=9;choices=bakeries:flour_bag×1;container=NONE -> bakeries:flour_bag <- recipe=bakeries:flour_bag;type=minecraft:crafting_shapeless;output=1;choices=;container=NONE -> bakeries:flour <- recipe=bakeries:flour_of_flour_bag;type=minecraft:crafting_shapeless;output=9;choices=bakeries:flour_bag×1;container=NONE -> bakeries:flour_bag <- recipe=bakeries:flour_bag;type=minecraft:crafting_shapeless;output=1;choices=;container=NONE -> minecraft:water_bucket=1(猜想) -> bakeries:country_bread_slice <- recipe=bakeries:bread_knife/country_bread_slice;type=bakeries:bread_knife;output=6;choices=bakeries:country_bread×1;container=NONE -> bakeries:country_bread <- recipe=bakeries:oven/country_bread;type=bakeries:oven;output=1;choices=bakeries:country_bread_dough×1;container=NONE -> bakeries:country_bread_dough <- recipe=bakeries:compat/create/country_bread_dough;type=create:cutting;output=1;choices=bakeries:salted_dough×1;container=NONE -> bakeries:salted_dough <- recipe=bakeries:blender/salted_dough;type=bakeries:blender;output=1;choices=bakeries:flour×1 + bakeries:flour×1 + bakeries:flour×1 + bakeries:flour×1 + minecraft:water_bucket×1;container=NONE -> bakeries:flour <- recipe=bakeries:flour_of_flour_bag;type=minecraft:crafting_shapeless;output=9;choices=bakeries:flour_bag×1;container=NONE -> bakeries:flour_bag <- recipe=bakeries:flour_bag;type=minecraft:crafting_shapeless;output=1;choices=;container=NONE -> bakeries:flour <- recipe=bakeries:flour_of_flour_bag;type=minecraft:crafting_shapeless;output=9;choices=bakeries:flour_bag×1;container=NONE -> bakeries:flour_bag <- recipe=bakeries:flour_bag;type=minecraft:crafting_shapeless;output=1;choices=;container=NONE -> bakeries:flour <- recipe=bakeries:flour_of_flour_bag;type=minecraft:crafting_shapeless;output=9;choices=bakeries:flour_bag×1;container=NONE -> bakeries:flour_bag <- recipe=bakeries:flour_bag;type=minecraft:crafting_shapeless;output=1;choices=;container=NONE -> bakeries:flour <- recipe=bakeries:flour_of_flour_bag;type=minecraft:crafting_shapeless;output=9;choices=bakeries:flour_bag×1;container=NONE -> bakeries:flour_bag <- recipe=bakeries:flour_bag;type=minecraft:crafting_shapeless;output=1;choices=;container=NONE -> minecraft:water_bucket=1(猜想)","补齐证据后复审，不写入正式池","REVIEW"
"bakeries:honey_butter_spread_toast","bakeries:honey_butter_spread_toast","[烘焙坊]bakeries-1.21.1-NeoForge-1.0.1.jar","data/bakeries/recipe/honey_butter_spread_toast.json","TAG_PRICE_MISSING;MISSING_PRICE;ZERO_COST;PROVISIONAL_PRICE_ANCHOR;ALTERNATIVE_TAG_PRICE_MISSING;ALTERNATIVE_MISSING_PRICE;ALTERNATIVE_ZERO_COST;ALTERNATIVE_PROVISIONAL_PRICE_ANCHOR","bakeries:honey_butter_spread_toast","bakeries:honey_butter_spread_toast <- recipe=bakeries:honey_butter_spread_toast;type=minecraft:crafting_shapeless;output=4;choices=bakeries:honey_butter×1 + bakeries:bake_sliced_toast×1 + bakeries:bake_sliced_toast×1 + bakeries:bake_sliced_toast×1 + bakeries:bake_sliced_toast×1;container=NONE -> bakeries:honey_butter <- recipe=bakeries:blender/honey_butter;type=bakeries:blender;output=4;choices=minecraft:honey_bottle×1;container=NONE -> minecraft:honey_bottle=12(猜想) -> bakeries:bake_sliced_toast <- recipe=bakeries:bake_sliced_toast;type=minecraft:campfire_cooking;output=1;choices=bakeries:sliced_toast×1;container=NONE -> bakeries:sliced_toast <- recipe=bakeries:bread_knife/sliced_toast;type=bakeries:bread_knife;output=4;choices=;container=NONE -> bakeries:bake_sliced_toast <- recipe=bakeries:bake_sliced_toast;type=minecraft:campfire_cooking;output=1;choices=bakeries:sliced_toast×1;container=NONE -> bakeries:sliced_toast <- recipe=bakeries:bread_knife/sliced_toast;type=bakeries:bread_knife;output=4;choices=;container=NONE -> bakeries:bake_sliced_toast <- recipe=bakeries:bake_sliced_toast;type=minecraft:campfire_cooking;output=1;choices=bakeries:sliced_toast×1;container=NONE -> bakeries:sliced_toast <- recipe=bakeries:bread_knife/sliced_toast;type=bakeries:bread_knife;output=4;choices=;container=NONE -> bakeries:bake_sliced_toast <- recipe=bakeries:bake_sliced_toast;type=minecraft:campfire_cooking;output=1;choices=bakeries:sliced_toast×1;container=NONE -> bakeries:sliced_toast <- recipe=bakeries:bread_knife/sliced_toast;type=bakeries:bread_knife;output=4;choices=;container=NONE","补齐证据后复审，不写入正式池","REVIEW"
"bakeries:matcha_parfait","bakeries:blender/matcha_parfait","[烘焙坊]bakeries-1.21.1-NeoForge-1.0.1.jar","data/bakeries/recipe/blender/matcha_parfait.json","TAG_PRICE_MISSING;PROVISIONAL_PRICE_ANCHOR;ALTERNATIVE_TAG_PRICE_MISSING;ALTERNATIVE_PROVISIONAL_PRICE_ANCHOR","bakeries:matcha_parfait","bakeries:matcha_parfait <- recipe=bakeries:blender/matcha_parfait;type=bakeries:blender;output=1;choices=minecraft:ice×1 + #c:foods/milk×1 + bakeries:bottle_cream×1;container=PART_OF_RESULT:minecraft:glass_bottle=2 -> minecraft:ice=8(猜想) -> #c:foods/milk=6(猜想) -> bakeries:bottle_cream <- recipe=bakeries:compat/create/bottle_cream;type=create:mixing;output=1;choices=#c:foods/milk×1;container=NONE -> #c:foods/milk=6(猜想)","补齐证据后复审，不写入正式池","REVIEW"
"bakeries:meat_floss_bread_roll","bakeries:meat_floss_bread_roll","[烘焙坊]bakeries-1.21.1-NeoForge-1.0.1.jar","data/bakeries/recipe/meat_floss_bread_roll.json","MISSING_PRICE;ZERO_COST;CO_PRODUCT_ALLOCATION_REVIEW;PROVISIONAL_PRICE_ANCHOR;ALTERNATIVE_MISSING_PRICE;ALTERNATIVE_ZERO_COST;ALTERNATIVE_CO_PRODUCT_ALLOCATION_REVIEW;ALTERNATIVE_PROVISIONAL_PRICE_ANCHOR","bakeries:meat_floss_bread_roll","bakeries:meat_floss_bread_roll <- recipe=bakeries:meat_floss_bread_roll;type=minecraft:crafting_shapeless;output=4;choices=bakeries:sliced_toast×1 + bakeries:sliced_toast×1 + bakeries:sliced_toast×1 + bakeries:sliced_toast×1 + bakeries:meat_floss×1 + bakeries:meat_floss×1 + bakeries:meat_floss×1 + bakeries:meat_floss×1 + bakeries:bearnaise×1;container=NONE -> bakeries:sliced_toast <- recipe=bakeries:bread_knife/sliced_toast;type=bakeries:bread_knife;output=4;choices=;container=NONE -> bakeries:sliced_toast <- recipe=bakeries:bread_knife/sliced_toast;type=bakeries:bread_knife;output=4;choices=;container=NONE -> bakeries:sliced_toast <- recipe=bakeries:bread_knife/sliced_toast;type=bakeries:bread_knife;output=4;choices=;container=NONE -> bakeries:sliced_toast <- recipe=bakeries:bread_knife/sliced_toast;type=bakeries:bread_knife;output=4;choices=;container=NONE -> bakeries:meat_floss <- recipe=bakeries:blender/meat_floss;type=bakeries:blender;output=4;choices=minecraft:cooked_porkchop×1;container=NONE -> minecraft:cooked_porkchop=17(猜想) -> bakeries:meat_floss <- recipe=bakeries:blender/meat_floss;type=bakeries:blender;output=4;choices=minecraft:cooked_porkchop×1;container=NONE -> minecraft:cooked_porkchop=17(猜想) -> bakeries:meat_floss <- recipe=bakeries:blender/meat_floss;type=bakeries:blender;output=4;choices=minecraft:cooked_porkchop×1;container=NONE -> minecraft:cooked_porkchop=17(猜想) -> bakeries:meat_floss <- recipe=bakeries:blender/meat_floss;type=bakeries:blender;output=4;choices=minecraft:cooked_porkchop×1;container=NONE -> minecraft:cooked_porkchop=17(猜想) -> bakeries:bearnaise <- recipe=bakeries:bearnaise;type=minecraft:crafting_shapeless;output=1;choices=bakeries:olive_oil×1 + bakeries:raw_egg_yolk×1 + minecraft:sugar×1 + minecraft:glass_bottle×1;container=NONE -> bakeries:olive_oil <- recipe=bakeries:blender/olive_oil;type=bakeries:blender;output=1;choices=;container=PART_OF_RESULT:minecraft:glass_bottle=2 -> bakeries:raw_egg_yolk <- recipe=bakeries:bread_knife/raw_egg_yolk;type=bakeries:bread_knife;output=1;choices=bakeries:whole_egg×1;container=NONE -> bakeries:whole_egg <- recipe=bakeries:bread_knife/whole_egg;type=bakeries:bread_knife;output=1;choices=minecraft:egg×1;container=NONE -> minecraft:egg=5(已定义) -> minecraft:sugar=4(已定义) -> minecraft:glass_bottle=2(人工定价(PROVISIONAL):服务器既有猜想锚点)","补齐证据后复审，不写入正式池","REVIEW"
"bakeries:pineapple_bun","bakeries:oven/pineapple_bun","[烘焙坊]bakeries-1.21.1-NeoForge-1.0.1.jar","data/bakeries/recipe/oven/pineapple_bun.json","RECIPE_CYCLE;MISSING_PRICE;ZERO_COST;TAG_PRICE_MISSING;PROVISIONAL_PRICE_ANCHOR;ALTERNATIVE_RECIPE_CYCLE;ALTERNATIVE_MISSING_PRICE;ALTERNATIVE_ZERO_COST;ALTERNATIVE_TAG_PRICE_MISSING;ALTERNATIVE_PROVISIONAL_PRICE_ANCHOR","bakeries:pineapple_bun","bakeries:pineapple_bun <- recipe=bakeries:oven/pineapple_bun;type=bakeries:oven;output=1;choices=bakeries:pineapple_bun_dough×1;container=NONE -> bakeries:pineapple_bun_dough <- recipe=bakeries:pineapple_bun_dough;type=minecraft:crafting_shaped;output=4;choices=bakeries:round_bread_dough×4 + minecraft:sugar×1;container=NONE -> bakeries:round_bread_dough <- recipe=bakeries:compat/create/round_bread_dough;type=create:cutting;output=6;choices=bakeries:sweet_dough×1;container=NONE -> bakeries:sweet_dough <- recipe=bakeries:blender/sweet_dough;type=bakeries:blender;output=1;choices=bakeries:flour×1 + bakeries:flour×1 + bakeries:flour×1 + bakeries:flour×1 + minecraft:sugar×1 + #c:foods/milk×1;container=NONE -> bakeries:flour <- recipe=bakeries:flour_of_flour_bag;type=minecraft:crafting_shapeless;output=9;choices=bakeries:flour_bag×1;container=NONE -> bakeries:flour_bag <- recipe=bakeries:flour_bag;type=minecraft:crafting_shapeless;output=1;choices=;container=NONE -> bakeries:flour <- recipe=bakeries:flour_of_flour_bag;type=minecraft:crafting_shapeless;output=9;choices=bakeries:flour_bag×1;container=NONE -> bakeries:flour_bag <- recipe=bakeries:flour_bag;type=minecraft:crafting_shapeless;output=1;choices=;container=NONE -> bakeries:flour <- recipe=bakeries:flour_of_flour_bag;type=minecraft:crafting_shapeless;output=9;choices=bakeries:flour_bag×1;container=NONE -> bakeries:flour_bag <- recipe=bakeries:flour_bag;type=minecraft:crafting_shapeless;output=1;choices=;container=NONE -> bakeries:flour <- recipe=bakeries:flour_of_flour_bag;type=minecraft:crafting_shapeless;output=9;choices=bakeries:flour_bag×1;container=NONE -> bakeries:flour_bag <- recipe=bakeries:flour_bag;type=minecraft:crafting_shapeless;output=1;choices=;container=NONE -> minecraft:sugar=4(已定义) -> #c:foods/milk=6(猜想) -> minecraft:sugar=4(已定义)","补齐证据后复审，不写入正式池","REVIEW"
"bakeries:rice_bread","bakeries:oven/rice_bread","[烘焙坊]bakeries-1.21.1-NeoForge-1.0.1.jar","data/bakeries/recipe/oven/rice_bread.json","RECIPE_CYCLE;MISSING_PRICE;ZERO_COST;TAG_PRICE_MISSING;PROVISIONAL_PRICE_ANCHOR;ALTERNATIVE_RECIPE_CYCLE;ALTERNATIVE_MISSING_PRICE;ALTERNATIVE_ZERO_COST;ALTERNATIVE_TAG_PRICE_MISSING;ALTERNATIVE_PROVISIONAL_PRICE_ANCHOR","bakeries:rice_bread","bakeries:rice_bread <- recipe=bakeries:oven/rice_bread;type=bakeries:oven;output=1;choices=bakeries:rice_bread_dough×1;container=NONE -> bakeries:rice_bread_dough <- recipe=bakeries:compat/rice_bread_dough;type=minecraft:crafting_shapeless;output=1;choices=bakeries:round_bread_dough×1 + farmersdelight:rice×1;container=NONE -> bakeries:round_bread_dough <- recipe=bakeries:compat/create/round_bread_dough;type=create:cutting;output=6;choices=bakeries:sweet_dough×1;container=NONE -> bakeries:sweet_dough <- recipe=bakeries:blender/sweet_dough;type=bakeries:blender;output=1;choices=bakeries:flour×1 + bakeries:flour×1 + bakeries:flour×1 + bakeries:flour×1 + minecraft:sugar×1 + #c:foods/milk×1;container=NONE -> bakeries:flour <- recipe=bakeries:flour_of_flour_bag;type=minecraft:crafting_shapeless;output=9;choices=bakeries:flour_bag×1;container=NONE -> bakeries:flour_bag <- recipe=bakeries:flour_bag;type=minecraft:crafting_shapeless;output=1;choices=;container=NONE -> bakeries:flour <- recipe=bakeries:flour_of_flour_bag;type=minecraft:crafting_shapeless;output=9;choices=bakeries:flour_bag×1;container=NONE -> bakeries:flour_bag <- recipe=bakeries:flour_bag;type=minecraft:crafting_shapeless;output=1;choices=;container=NONE -> bakeries:flour <- recipe=bakeries:flour_of_flour_bag;type=minecraft:crafting_shapeless;output=9;choices=bakeries:flour_bag×1;container=NONE -> bakeries:flour_bag <- recipe=bakeries:flour_bag;type=minecraft:crafting_shapeless;output=1;choices=;container=NONE -> bakeries:flour <- recipe=bakeries:flour_of_flour_bag;type=minecraft:crafting_shapeless;output=9;choices=bakeries:flour_bag×1;container=NONE -> bakeries:flour_bag <- recipe=bakeries:flour_bag;type=minecraft:crafting_shapeless;output=1;choices=;container=NONE -> minecraft:sugar=4(已定义) -> #c:foods/milk=6(猜想) -> farmersdelight:rice=5(猜想)","补齐证据后复审，不写入正式池","REVIEW"
"bakeries:round_bread","bakeries:oven/round_bread","[烘焙坊]bakeries-1.21.1-NeoForge-1.0.1.jar","data/bakeries/recipe/oven/round_bread.json","RECIPE_CYCLE;MISSING_PRICE;ZERO_COST;TAG_PRICE_MISSING;PROVISIONAL_PRICE_ANCHOR;ALTERNATIVE_RECIPE_CYCLE;ALTERNATIVE_MISSING_PRICE;ALTERNATIVE_ZERO_COST;ALTERNATIVE_TAG_PRICE_MISSING;ALTERNATIVE_PROVISIONAL_PRICE_ANCHOR","bakeries:round_bread","bakeries:round_bread <- recipe=bakeries:oven/round_bread;type=bakeries:oven;output=1;choices=bakeries:round_bread_dough×1;container=NONE -> bakeries:round_bread_dough <- recipe=bakeries:compat/create/round_bread_dough;type=create:cutting;output=6;choices=bakeries:sweet_dough×1;container=NONE -> bakeries:sweet_dough <- recipe=bakeries:blender/sweet_dough;type=bakeries:blender;output=1;choices=bakeries:flour×1 + bakeries:flour×1 + bakeries:flour×1 + bakeries:flour×1 + minecraft:sugar×1 + #c:foods/milk×1;container=NONE -> bakeries:flour <- recipe=bakeries:flour_of_flour_bag;type=minecraft:crafting_shapeless;output=9;choices=bakeries:flour_bag×1;container=NONE -> bakeries:flour_bag <- recipe=bakeries:flour_bag;type=minecraft:crafting_shapeless;output=1;choices=;container=NONE -> bakeries:flour <- recipe=bakeries:flour_of_flour_bag;type=minecraft:crafting_shapeless;output=9;choices=bakeries:flour_bag×1;container=NONE -> bakeries:flour_bag <- recipe=bakeries:flour_bag;type=minecraft:crafting_shapeless;output=1;choices=;container=NONE -> bakeries:flour <- recipe=bakeries:flour_of_flour_bag;type=minecraft:crafting_shapeless;output=9;choices=bakeries:flour_bag×1;container=NONE -> bakeries:flour_bag <- recipe=bakeries:flour_bag;type=minecraft:crafting_shapeless;output=1;choices=;container=NONE -> bakeries:flour <- recipe=bakeries:flour_of_flour_bag;type=minecraft:crafting_shapeless;output=9;choices=bakeries:flour_bag×1;container=NONE -> bakeries:flour_bag <- recipe=bakeries:flour_bag;type=minecraft:crafting_shapeless;output=1;choices=;container=NONE -> minecraft:sugar=4(已定义) -> #c:foods/milk=6(猜想)","补齐证据后复审，不写入正式池","REVIEW"
"bakeries:salmon_sandwich","bakeries:compat/salmon_sandwich","[烘焙坊]bakeries-1.21.1-NeoForge-1.0.1.jar","data/bakeries/recipe/compat/salmon_sandwich.json","MISSING_PRICE;ZERO_COST;PROVISIONAL_PRICE_ANCHOR;ALTERNATIVE_MISSING_PRICE;ALTERNATIVE_ZERO_COST;ALTERNATIVE_PROVISIONAL_PRICE_ANCHOR","bakeries:salmon_sandwich","bakeries:salmon_sandwich <- recipe=bakeries:compat/salmon_sandwich;type=minecraft:crafting_shapeless;output=1;choices=bakeries:sliced_toast×1 + farmersdelight:salmon_slice×1 + farmersdelight:salmon_slice×1 + farmersdelight:salmon_slice×1 + farmersdelight:salmon_slice×1;container=NONE -> bakeries:sliced_toast <- recipe=bakeries:bread_knife/sliced_toast;type=bakeries:bread_knife;output=4;choices=;container=NONE -> farmersdelight:salmon_slice=6(猜想) -> farmersdelight:salmon_slice=6(猜想) -> farmersdelight:salmon_slice=6(猜想) -> farmersdelight:salmon_slice=6(猜想)","补齐证据后复审，不写入正式池","REVIEW"
"bakeries:salt_croissant","bakeries:oven/salt_croissant","[烘焙坊]bakeries-1.21.1-NeoForge-1.0.1.jar","data/bakeries/recipe/oven/salt_croissant.json","CO_PRODUCT_ALLOCATION_REVIEW;RECIPE_CYCLE;MISSING_PRICE;ZERO_COST;TAG_PRICE_MISSING;INVALID_INGREDIENT_STACK;ALTERNATIVE_CO_PRODUCT_ALLOCATION_REVIEW;ALTERNATIVE_RECIPE_CYCLE;ALTERNATIVE_MISSING_PRICE;ALTERNATIVE_ZERO_COST;ALTERNATIVE_TAG_PRICE_MISSING;ALTERNATIVE_INVALID_INGREDIENT_STACK","bakeries:salt_croissant","bakeries:salt_croissant <- recipe=bakeries:oven/salt_croissant;type=bakeries:oven;output=1;choices=bakeries:salt_croissant_dough×1;container=NONE -> bakeries:salt_croissant_dough <- recipe=bakeries:salt_croissant_dough;type=minecraft:crafting_shaped;output=4;choices=bakeries:croissant_dough×4;container=NONE -> bakeries:croissant_dough <- recipe=bakeries:compat/create/croissant_dough;type=create:cutting;output=2;choices=bakeries:pastry×1;container=NONE -> bakeries:pastry <- recipe=bakeries:integration/create/mixing/pastry;type=create:mixing;output=1;choices=bakeries:butter_flour_sand×1;container=NONE -> bakeries:butter_flour_sand <- recipe=bakeries:integration/create/mixing/butter_flour_sand;type=create:mixing;output=1;choices=bakeries:flour×1 + bakeries:flour×1 + bakeries:flour×1 + minecraft:sugar×1;container=NONE -> bakeries:flour <- recipe=bakeries:flour_of_flour_bag;type=minecraft:crafting_shapeless;output=9;choices=bakeries:flour_bag×1;container=NONE -> bakeries:flour_bag <- recipe=bakeries:flour_bag;type=minecraft:crafting_shapeless;output=1;choices=;container=NONE -> bakeries:flour <- recipe=bakeries:flour_of_flour_bag;type=minecraft:crafting_shapeless;output=9;choices=bakeries:flour_bag×1;container=NONE -> bakeries:flour_bag <- recipe=bakeries:flour_bag;type=minecraft:crafting_shapeless;output=1;choices=;container=NONE -> bakeries:flour <- recipe=bakeries:flour_of_flour_bag;type=minecraft:crafting_shapeless;output=9;choices=bakeries:flour_bag×1;container=NONE -> bakeries:flour_bag <- recipe=bakeries:flour_bag;type=minecraft:crafting_shapeless;output=1;choices=;container=NONE -> minecraft:sugar=4(已定义)","补齐证据后复审，不写入正式池","REVIEW"
"bakeries:sliced_cheese_cocoa_toast","bakeries:bread_knife/sliced_cheese_cocoa_toast","[烘焙坊]bakeries-1.21.1-NeoForge-1.0.1.jar","data/bakeries/recipe/bread_knife/sliced_cheese_cocoa_toast.json","MISSING_PRICE;ZERO_COST;ALTERNATIVE_MISSING_PRICE;ALTERNATIVE_ZERO_COST","bakeries:sliced_cheese_cocoa_toast","bakeries:sliced_cheese_cocoa_toast <- recipe=bakeries:bread_knife/sliced_cheese_cocoa_toast;type=bakeries:bread_knife;output=4;choices=;container=NONE","补齐证据后复审，不写入正式池","REVIEW"
"bakeries:sliced_toast","bakeries:bread_knife/sliced_toast","[烘焙坊]bakeries-1.21.1-NeoForge-1.0.1.jar","data/bakeries/recipe/bread_knife/sliced_toast.json","MISSING_PRICE;ZERO_COST;ALTERNATIVE_MISSING_PRICE;ALTERNATIVE_ZERO_COST","bakeries:sliced_toast","bakeries:sliced_toast <- recipe=bakeries:bread_knife/sliced_toast;type=bakeries:bread_knife;output=4;choices=;container=NONE","补齐证据后复审，不写入正式池","REVIEW"
"bakeries:taro_salt_yolk_bread","bakeries:taro_salt_yolk_bread","[烘焙坊]bakeries-1.21.1-NeoForge-1.0.1.jar","data/bakeries/recipe/taro_salt_yolk_bread.json","RECIPE_CYCLE;MISSING_PRICE;ZERO_COST;TAG_PRICE_MISSING;CO_PRODUCT_ALLOCATION_REVIEW;PROVISIONAL_PRICE_ANCHOR;ALTERNATIVE_RECIPE_CYCLE;ALTERNATIVE_MISSING_PRICE;ALTERNATIVE_ZERO_COST;ALTERNATIVE_TAG_PRICE_MISSING;ALTERNATIVE_CO_PRODUCT_ALLOCATION_REVIEW;ALTERNATIVE_PROVISIONAL_PRICE_ANCHOR","bakeries:taro_salt_yolk_bread","bakeries:taro_salt_yolk_bread <- recipe=bakeries:taro_salt_yolk_bread;type=minecraft:crafting_shapeless;output=2;choices=bakeries:round_bread×1 + bakeries:round_bread×1 + bakeries:mashed_taro×1 + bakeries:mashed_taro×1 + bakeries:salt_yolk×1;container=NONE -> bakeries:round_bread <- recipe=bakeries:oven/round_bread;type=bakeries:oven;output=1;choices=bakeries:round_bread_dough×1;container=NONE -> bakeries:round_bread_dough <- recipe=bakeries:compat/create/round_bread_dough;type=create:cutting;output=6;choices=bakeries:sweet_dough×1;container=NONE -> bakeries:sweet_dough <- recipe=bakeries:blender/sweet_dough;type=bakeries:blender;output=1;choices=bakeries:flour×1 + bakeries:flour×1 + bakeries:flour×1 + bakeries:flour×1 + minecraft:sugar×1 + #c:foods/milk×1;container=NONE -> bakeries:flour <- recipe=bakeries:flour_of_flour_bag;type=minecraft:crafting_shapeless;output=9;choices=bakeries:flour_bag×1;container=NONE -> bakeries:flour_bag <- recipe=bakeries:flour_bag;type=minecraft:crafting_shapeless;output=1;choices=;container=NONE -> bakeries:flour <- recipe=bakeries:flour_of_flour_bag;type=minecraft:crafting_shapeless;output=9;choices=bakeries:flour_bag×1;container=NONE -> bakeries:flour_bag <- recipe=bakeries:flour_bag;type=minecraft:crafting_shapeless;output=1;choices=;container=NONE -> bakeries:flour <- recipe=bakeries:flour_of_flour_bag;type=minecraft:crafting_shapeless;output=9;choices=bakeries:flour_bag×1;container=NONE -> bakeries:flour_bag <- recipe=bakeries:flour_bag;type=minecraft:crafting_shapeless;output=1;choices=;container=NONE -> bakeries:flour <- recipe=bakeries:flour_of_flour_bag;type=minecraft:crafting_shapeless;output=9;choices=bakeries:flour_bag×1;container=NONE -> bakeries:flour_bag <- recipe=bakeries:flour_bag;type=minecraft:crafting_shapeless;output=1;choices=;container=NONE -> minecraft:sugar=4(已定义) -> #c:foods/milk=6(猜想) -> bakeries:round_bread <- recipe=bakeries:oven/round_bread;type=bakeries:oven;output=1;choices=bakeries:round_bread_dough×1;container=NONE -> bakeries:round_bread_dough <- recipe=bakeries:compat/create/round_bread_dough;type=create:cutting;output=6;choices=bakeries:sweet_dough×1;container=NONE -> bakeries:sweet_dough <- recipe=bakeries:blender/sweet_dough;type=bakeries:blender;output=1;choices=bakeries:flour×1 + bakeries:flour×1 + bakeries:flour×1 + bakeries:flour×1 + minecraft:sugar×1 + #c:foods/milk×1;container=NONE -> bakeries:flour <- recipe=bakeries:flour_of_flour_bag;type=minecraft:crafting_shapeless;output=9;choices=bakeries:flour_bag×1;container=NONE -> bakeries:flour_bag <- recipe=bakeries:flour_bag;type=minecraft:crafting_shapeless;output=1;choices=;container=NONE -> bakeries:flour <- recipe=bakeries:flour_of_flour_bag;type=minecraft:crafting_shapeless;output=9;choices=bakeries:flour_bag×1;container=NONE -> bakeries:flour_bag <- recipe=bakeries:flour_bag;type=minecraft:crafting_shapeless;output=1;choices=;container=NONE -> bakeries:flour <- recipe=bakeries:flour_of_flour_bag;type=minecraft:crafting_shapeless;output=9;choices=bakeries:flour_bag×1;container=NONE -> bakeries:flour_bag <- recipe=bakeries:flour_bag;type=minecraft:crafting_shapeless;output=1;choices=;container=NONE -> bakeries:flour <- recipe=bakeries:flour_of_flour_bag;type=minecraft:crafting_shapeless;output=9;choices=bakeries:flour_bag×1;container=NONE -> bakeries:flour_bag <- recipe=bakeries:flour_bag;type=minecraft:crafting_shapeless;output=1;choices=;container=NONE -> minecraft:sugar=4(已定义) -> #c:foods/milk=6(猜想) -> bakeries:mashed_taro <- recipe=bakeries:blender/mashed_taro;type=bakeries:blender;output=4;choices=bakeries:cooked_taro×1 + minecraft:sugar×1 + bakeries:bottle_cream×1;container=NONE -> bakeries:cooked_taro <- recipe=bakeries:cooked_taro;type=minecraft:smelting;output=1;choices=;container=NONE -> minecraft:sugar=4(已定义) -> bakeries:bottle_cream <- recipe=bakeries:compat/create/bottle_cream;type=create:mixing;output=1;choices=#c:foods/milk×1;container=NONE -> #c:foods/milk=6(猜想) -> bakeries:mashed_taro <- recipe=bakeries:blender/mashed_taro;type=bakeries:blender;output=4;choices=bakeries:cooked_taro×1 + minecraft:sugar×1 + bakeries:bottle_cream×1;container=NONE -> bakeries:cooked_taro <- recipe=bakeries:cooked_taro;type=minecraft:smelting;output=1;choices=;container=NONE -> minecraft:sugar=4(已定义) -> bakeries:bottle_cream <- recipe=bakeries:compat/create/bottle_cream;type=create:mixing;output=1;choices=#c:foods/milk×1;container=NONE -> #c:foods/milk=6(猜想) -> bakeries:salt_yolk <- recipe=bakeries:salt_yolk;type=minecraft:crafting_shapeless;output=4;choices=bakeries:raw_egg_yolk×1 + bakeries:raw_egg_yolk×1 + bakeries:raw_egg_yolk×1 + bakeries:raw_egg_yolk×1;container=NONE -> bakeries:raw_egg_yolk <- recipe=bakeries:bread_knife/raw_egg_yolk;type=bakeries:bread_knife;output=1;choices=bakeries:whole_egg×1;container=NONE -> bakeries:whole_egg <- recipe=bakeries:bread_knife/whole_egg;type=bakeries:bread_knife;output=1;choices=minecraft:egg×1;container=NONE -> minecraft:egg=5(已定义) -> bakeries:raw_egg_yolk <- recipe=bakeries:bread_knife/raw_egg_yolk;type=bakeries:bread_knife;output=1;choices=bakeries:whole_egg×1;container=NONE -> bakeries:whole_egg <- recipe=bakeries:bread_knife/whole_egg;type=bakeries:bread_knife;output=1;choices=minecraft:egg×1;container=NONE -> minecraft:egg=5(已定义) -> bakeries:raw_egg_yolk <- recipe=bakeries:bread_knife/raw_egg_yolk;type=bakeries:bread_knife;output=1;choices=bakeries:whole_egg×1;container=NONE -> bakeries:whole_egg <- recipe=bakeries:bread_knife/whole_egg;type=bakeries:bread_knife;output=1;choices=minecraft:egg×1;container=NONE -> minecraft:egg=5(已定义) -> bakeries:raw_egg_yolk <- recipe=bakeries:bread_knife/raw_egg_yolk;type=bakeries:bread_knife;output=1;choices=bakeries:whole_egg×1;container=NONE -> bakeries:whole_egg <- recipe=bakeries:bread_knife/whole_egg;type=bakeries:bread_knife;output=1;choices=minecraft:egg×1;container=NONE -> minecraft:egg=5(已定义)","补齐证据后复审，不写入正式池","REVIEW"
"bakeries:tomato_cheese_croissant_sandwich","bakeries:tomato_cheese_croissant_sandwich","[烘焙坊]bakeries-1.21.1-NeoForge-1.0.1.jar","data/bakeries/recipe/tomato_cheese_croissant_sandwich.json","CO_PRODUCT_ALLOCATION_REVIEW;RECIPE_CYCLE;MISSING_PRICE;ZERO_COST;TAG_PRICE_MISSING;INVALID_INGREDIENT_STACK;ALTERNATIVE_CO_PRODUCT_ALLOCATION_REVIEW;ALTERNATIVE_RECIPE_CYCLE;ALTERNATIVE_MISSING_PRICE;ALTERNATIVE_ZERO_COST;ALTERNATIVE_TAG_PRICE_MISSING;ALTERNATIVE_INVALID_INGREDIENT_STACK","bakeries:tomato_cheese_croissant_sandwich","bakeries:tomato_cheese_croissant_sandwich <- recipe=bakeries:tomato_cheese_croissant_sandwich;type=minecraft:crafting_shapeless;output=1;choices=bakeries:croissant×1 + #c:crops/tomato×1;container=NONE -> bakeries:croissant <- recipe=bakeries:oven/croissant;type=bakeries:oven;output=1;choices=bakeries:croissant_dough×1;container=NONE -> bakeries:croissant_dough <- recipe=bakeries:compat/create/croissant_dough;type=create:cutting;output=2;choices=bakeries:pastry×1;container=NONE -> bakeries:pastry <- recipe=bakeries:integration/create/mixing/pastry;type=create:mixing;output=1;choices=bakeries:butter_flour_sand×1;container=NONE -> bakeries:butter_flour_sand <- recipe=bakeries:integration/create/mixing/butter_flour_sand;type=create:mixing;output=1;choices=bakeries:flour×1 + bakeries:flour×1 + bakeries:flour×1 + minecraft:sugar×1;container=NONE -> bakeries:flour <- recipe=bakeries:flour_of_flour_bag;type=minecraft:crafting_shapeless;output=9;choices=bakeries:flour_bag×1;container=NONE -> bakeries:flour_bag <- recipe=bakeries:flour_bag;type=minecraft:crafting_shapeless;output=1;choices=;container=NONE -> bakeries:flour <- recipe=bakeries:flour_of_flour_bag;type=minecraft:crafting_shapeless;output=9;choices=bakeries:flour_bag×1;container=NONE -> bakeries:flour_bag <- recipe=bakeries:flour_bag;type=minecraft:crafting_shapeless;output=1;choices=;container=NONE -> bakeries:flour <- recipe=bakeries:flour_of_flour_bag;type=minecraft:crafting_shapeless;output=9;choices=bakeries:flour_bag×1;container=NONE -> bakeries:flour_bag <- recipe=bakeries:flour_bag;type=minecraft:crafting_shapeless;output=1;choices=;container=NONE -> minecraft:sugar=4(已定义) -> #c:crops/tomato=6(已定义)","补齐证据后复审，不写入正式池","REVIEW"
"bakeries:whole_wheat_bagel","bakeries:oven/whole_wheat_bagel","[烘焙坊]bakeries-1.21.1-NeoForge-1.0.1.jar","data/bakeries/recipe/oven/whole_wheat_bagel.json","TAG_PRICE_MISSING;MISSING_PRICE;PROVISIONAL_PRICE_ANCHOR;ALTERNATIVE_TAG_PRICE_MISSING;ALTERNATIVE_MISSING_PRICE;ALTERNATIVE_PROVISIONAL_PRICE_ANCHOR","bakeries:whole_wheat_bagel","bakeries:whole_wheat_bagel <- recipe=bakeries:oven/whole_wheat_bagel;type=bakeries:oven;output=1;choices=bakeries:whole_wheat_bagel_dough×1;container=NONE -> bakeries:whole_wheat_bagel_dough <- recipe=bakeries:compat/create/whole_wheat_bagel_dough;type=create:cutting;output=4;choices=bakeries:whole_wheat_dough×1;container=NONE -> bakeries:whole_wheat_dough <- recipe=bakeries:blender/whole_wheat_dough;type=bakeries:blender;output=1;choices=minecraft:water_bucket×1;container=NONE -> minecraft:water_bucket=1(猜想)","补齐证据后复审，不写入正式池","REVIEW"
"brewinandchewin:apple_jelly","brewinandchewin:cooking/apple_jelly","[农夫乐事-饮酒作乐]BrewinAndChewin-neoforge-4.5.0+1.21.1.jar","data/brewinandchewin/recipe/cooking/apple_jelly.json","PROVISIONAL_PRICE_ANCHOR;猜想锚点:minecraft:apple=6(猜想)|minecraft:glass_bottle=2(人工定价(PROVISIONAL):服务器既有猜想锚点)","brewinandchewin:apple_jelly","brewinandchewin:apple_jelly <- recipe=brewinandchewin:cooking/apple_jelly;type=farmersdelight:cooking;output=1;choices=minecraft:apple×1 + minecraft:apple×1 + minecraft:apple×1 + minecraft:sugar×1;container=PART_OF_RESULT:minecraft:glass_bottle=2 -> minecraft:apple=6(猜想) -> minecraft:apple=6(猜想) -> minecraft:apple=6(猜想) -> minecraft:sugar=4(已定义)","补齐证据后复审，不写入正式池","REVIEW"
"brewinandchewin:cheesy_pasta","brewinandchewin:cooking/cheesy_pasta","[农夫乐事-饮酒作乐]BrewinAndChewin-neoforge-4.5.0+1.21.1.jar","data/brewinandchewin/recipe/cooking/cheesy_pasta.json","RECIPE_CYCLE;MISSING_PRICE;ZERO_COST;TAG_PRICE_MISSING;PROVISIONAL_PRICE_ANCHOR;ALTERNATIVE_RECIPE_CYCLE;ALTERNATIVE_MISSING_PRICE;ALTERNATIVE_ZERO_COST;ALTERNATIVE_TAG_PRICE_MISSING;ALTERNATIVE_PROVISIONAL_PRICE_ANCHOR","brewinandchewin:cheesy_pasta","brewinandchewin:cheesy_pasta <- recipe=brewinandchewin:cooking/cheesy_pasta;type=farmersdelight:cooking;output=1;choices=brewinandchewin:flaxen_cheese_wedge×1 + #c:foods/pasta×1;container=PART_OF_RESULT:minecraft:bowl=2 -> brewinandchewin:flaxen_cheese_wedge <- recipe=brewinandchewin:cutting/flaxen_cheese_wheel;type=farmersdelight:cutting;output=4;choices=brewinandchewin:flaxen_cheese_wheel×1;container=NONE -> brewinandchewin:flaxen_cheese_wheel <- recipe=brewinandchewin:flaxen_cheese_wheel_from_wedges;type=minecraft:crafting_shaped;output=1;choices=;container=NONE -> #c:foods/pasta=8(缺省猜想)","补齐证据后复审，不写入正式池","REVIEW"
"brewinandchewin:creamy_onion_soup","brewinandchewin:cooking/creamy_onion_soup","[农夫乐事-饮酒作乐]BrewinAndChewin-neoforge-4.5.0+1.21.1.jar","data/brewinandchewin/recipe/cooking/creamy_onion_soup.json","TAG_PRICE_MISSING;PROVISIONAL_PRICE_ANCHOR;ALTERNATIVE_TAG_PRICE_MISSING;ALTERNATIVE_PROVISIONAL_PRICE_ANCHOR","brewinandchewin:creamy_onion_soup","brewinandchewin:creamy_onion_soup <- recipe=brewinandchewin:cooking/creamy_onion_soup;type=farmersdelight:cooking;output=1;choices=#c:foods/vegetable×1 + #c:foods/bread×1;container=PART_OF_RESULT:minecraft:bowl=2 -> #c:foods/vegetable=8(缺省猜想) -> #c:foods/bread=12(猜想)","补齐证据后复审，不写入正式池","REVIEW"
"brewinandchewin:glow_berry_marmalade","brewinandchewin:cooking/glow_berry_marmalade","[农夫乐事-饮酒作乐]BrewinAndChewin-neoforge-4.5.0+1.21.1.jar","data/brewinandchewin/recipe/cooking/glow_berry_marmalade.json","PROVISIONAL_PRICE_ANCHOR;猜想锚点:minecraft:glass_bottle=2(人工定价(PROVISIONAL):服务器既有猜想锚点)","brewinandchewin:glow_berry_marmalade","brewinandchewin:glow_berry_marmalade <- recipe=brewinandchewin:cooking/glow_berry_marmalade;type=farmersdelight:cooking;output=1;choices=minecraft:glow_berries×1 + minecraft:glow_berries×1 + minecraft:glow_berries×1 + minecraft:sugar×1;container=PART_OF_RESULT:minecraft:glass_bottle=2 -> minecraft:glow_berries=9(已定义) -> minecraft:glow_berries=9(已定义) -> minecraft:glow_berries=9(已定义) -> minecraft:sugar=4(已定义)","补齐证据后复审，不写入正式池","REVIEW"
"brewinandchewin:ham_and_cheese_sandwich","brewinandchewin:ham_and_cheese_sandwich","[农夫乐事-饮酒作乐]BrewinAndChewin-neoforge-4.5.0+1.21.1.jar","data/brewinandchewin/recipe/ham_and_cheese_sandwich.json","RECIPE_CYCLE;MISSING_PRICE;ZERO_COST;PROVISIONAL_PRICE_ANCHOR;ALTERNATIVE_RECIPE_CYCLE;ALTERNATIVE_MISSING_PRICE;ALTERNATIVE_ZERO_COST;ALTERNATIVE_PROVISIONAL_PRICE_ANCHOR","brewinandchewin:ham_and_cheese_sandwich","brewinandchewin:ham_and_cheese_sandwich <- recipe=brewinandchewin:ham_and_cheese_sandwich;type=minecraft:crafting_shapeless;output=2;choices=minecraft:bread×1 + farmersdelight:smoked_ham×1 + brewinandchewin:flaxen_cheese_wedge×1 + minecraft:bread×1;container=NONE -> minecraft:bread=12(猜想) -> farmersdelight:smoked_ham=22(猜想) -> brewinandchewin:flaxen_cheese_wedge <- recipe=brewinandchewin:cutting/flaxen_cheese_wheel;type=farmersdelight:cutting;output=4;choices=brewinandchewin:flaxen_cheese_wheel×1;container=NONE -> brewinandchewin:flaxen_cheese_wheel <- recipe=brewinandchewin:flaxen_cheese_wheel_from_wedges;type=minecraft:crafting_shaped;output=1;choices=;container=NONE -> minecraft:bread=12(猜想)","补齐证据后复审，不写入正式池","REVIEW"
"brewinandchewin:horror_lasagna","brewinandchewin:cooking/horror_lasagna","[农夫乐事-饮酒作乐]BrewinAndChewin-neoforge-4.5.0+1.21.1.jar","data/brewinandchewin/recipe/cooking/horror_lasagna.json","RECIPE_CYCLE;MISSING_PRICE;ZERO_COST;TAG_PRICE_MISSING;PROVISIONAL_PRICE_ANCHOR;ALTERNATIVE_RECIPE_CYCLE;ALTERNATIVE_MISSING_PRICE;ALTERNATIVE_ZERO_COST;ALTERNATIVE_TAG_PRICE_MISSING;ALTERNATIVE_PROVISIONAL_PRICE_ANCHOR","brewinandchewin:horror_lasagna","brewinandchewin:horror_lasagna <- recipe=brewinandchewin:cooking/horror_lasagna;type=farmersdelight:cooking;output=1;choices=brewinandchewin:scarlet_cheese_wedge×1 + #c:crops/beetroot×1 + farmersdelight:tomato_sauce×1 + #c:foods/pasta×1;container=PART_OF_RESULT:minecraft:bowl=2 -> brewinandchewin:scarlet_cheese_wedge <- recipe=brewinandchewin:cutting/scarlet_cheese_wheel;type=farmersdelight:cutting;output=4;choices=brewinandchewin:scarlet_cheese_wheel×1;container=NONE -> brewinandchewin:scarlet_cheese_wheel <- recipe=brewinandchewin:scarlet_cheese_wheel_from_wedges;type=minecraft:crafting_shaped;output=1;choices=;container=NONE -> #c:crops/beetroot=7(猜想) -> farmersdelight:tomato_sauce=10(猜想) -> #c:foods/pasta=8(缺省猜想)","补齐证据后复审，不写入正式池","REVIEW"
"brewinandchewin:pizza_slice","brewinandchewin:cutting/pizza","[农夫乐事-饮酒作乐]BrewinAndChewin-neoforge-4.5.0+1.21.1.jar","data/brewinandchewin/recipe/cutting/pizza.json","TAG_PRICE_MISSING;PROVISIONAL_PRICE_ANCHOR;ALTERNATIVE_TAG_PRICE_MISSING;ALTERNATIVE_PROVISIONAL_PRICE_ANCHOR","brewinandchewin:pizza_slice","brewinandchewin:pizza_slice <- recipe=brewinandchewin:cutting/pizza;type=farmersdelight:cutting;output=4;choices=brewinandchewin:pizza×1;container=NONE -> brewinandchewin:pizza <- recipe=brewinandchewin:pizza;type=minecraft:crafting_shaped;output=1;choices=farmersdelight:tomato_sauce×1 + minecraft:wheat×3;container=NONE -> farmersdelight:tomato_sauce=10(猜想) -> minecraft:wheat=5(已定义)","补齐证据后复审，不写入正式池","REVIEW"
"brewinandchewin:quiche_slice","brewinandchewin:cutting/quiche","[农夫乐事-饮酒作乐]BrewinAndChewin-neoforge-4.5.0+1.21.1.jar","data/brewinandchewin/recipe/cutting/quiche.json","TAG_PRICE_MISSING;PROVISIONAL_PRICE_ANCHOR;ALTERNATIVE_TAG_PRICE_MISSING;ALTERNATIVE_PROVISIONAL_PRICE_ANCHOR","brewinandchewin:quiche_slice","brewinandchewin:quiche_slice <- recipe=brewinandchewin:cutting/quiche;type=farmersdelight:cutting;output=4;choices=brewinandchewin:quiche×1;container=NONE -> brewinandchewin:quiche <- recipe=brewinandchewin:quiche_from_bacon;type=minecraft:crafting_shaped;output=1;choices=farmersdelight:cooked_bacon×2 + #c:crops/cabbage×1 + #c:drinks/milk×2 + minecraft:egg×2 + farmersdelight:pie_crust×1;container=NONE -> farmersdelight:cooked_bacon=10(猜想) -> #c:crops/cabbage=6(已定义) -> #c:drinks/milk=6(猜想) -> minecraft:egg=5(已定义) -> farmersdelight:pie_crust=10(猜想)","补齐证据后复审，不写入正式池","REVIEW"
"brewinandchewin:scarlet_pierogi","brewinandchewin:cooking/scarlet_pierogi","[农夫乐事-饮酒作乐]BrewinAndChewin-neoforge-4.5.0+1.21.1.jar","data/brewinandchewin/recipe/cooking/scarlet_pierogi.json","RECIPE_CYCLE;MISSING_PRICE;ZERO_COST;TAG_PRICE_MISSING;PROVISIONAL_PRICE_ANCHOR;ALTERNATIVE_RECIPE_CYCLE;ALTERNATIVE_MISSING_PRICE;ALTERNATIVE_ZERO_COST;ALTERNATIVE_TAG_PRICE_MISSING;ALTERNATIVE_PROVISIONAL_PRICE_ANCHOR","brewinandchewin:scarlet_pierogi","brewinandchewin:scarlet_pierogi <- recipe=brewinandchewin:cooking/scarlet_pierogi;type=farmersdelight:cooking;output=1;choices=brewinandchewin:scarlet_cheese_wedge×1 + #c:crops/potato×1 + #c:foods/dough×1 + minecraft:nether_wart×1;container=PART_OF_RESULT:minecraft:bowl=2 -> brewinandchewin:scarlet_cheese_wedge <- recipe=brewinandchewin:cutting/scarlet_cheese_wheel;type=farmersdelight:cutting;output=4;choices=brewinandchewin:scarlet_cheese_wheel×1;container=NONE -> brewinandchewin:scarlet_cheese_wheel <- recipe=brewinandchewin:scarlet_cheese_wheel_from_wedges;type=minecraft:crafting_shaped;output=1;choices=;container=NONE -> #c:crops/potato=4(猜想) -> #c:foods/dough=8(猜想) -> minecraft:nether_wart=10(猜想)","补齐证据后复审，不写入正式池","REVIEW"
"brewinandchewin:sweet_berry_jam","brewinandchewin:cooking/sweet_berry_jam","[农夫乐事-饮酒作乐]BrewinAndChewin-neoforge-4.5.0+1.21.1.jar","data/brewinandchewin/recipe/cooking/sweet_berry_jam.json","PROVISIONAL_PRICE_ANCHOR;猜想锚点:minecraft:glass_bottle=2(人工定价(PROVISIONAL):服务器既有猜想锚点)","brewinandchewin:sweet_berry_jam","brewinandchewin:sweet_berry_jam <- recipe=brewinandchewin:cooking/sweet_berry_jam;type=farmersdelight:cooking;output=1;choices=minecraft:sweet_berries×1 + minecraft:sweet_berries×1 + minecraft:sweet_berries×1 + minecraft:sugar×1;container=PART_OF_RESULT:minecraft:glass_bottle=2 -> minecraft:sweet_berries=6(已定义) -> minecraft:sweet_berries=6(已定义) -> minecraft:sweet_berries=6(已定义) -> minecraft:sugar=4(已定义)","补齐证据后复审，不写入正式池","REVIEW"
"brewinandchewin:vegetable_omelet","brewinandchewin:cooking/vegetable_omelet","[农夫乐事-饮酒作乐]BrewinAndChewin-neoforge-4.5.0+1.21.1.jar","data/brewinandchewin/recipe/cooking/vegetable_omelet.json","TAG_PRICE_MISSING;PROVISIONAL_PRICE_ANCHOR;ALTERNATIVE_TAG_PRICE_MISSING;ALTERNATIVE_PROVISIONAL_PRICE_ANCHOR","brewinandchewin:vegetable_omelet","brewinandchewin:vegetable_omelet <- recipe=brewinandchewin:cooking/vegetable_omelet;type=farmersdelight:cooking;output=1;choices=#c:eggs×1 + #c:eggs×1 + #c:crops/carrot×1;container=PART_OF_RESULT:minecraft:bowl=2 -> #c:eggs=5(已定义) -> #c:eggs=5(已定义) -> #c:crops/carrot=4(猜想)","补齐证据后复审，不写入正式池","REVIEW"
"dungeonsdelight:amethyst_rock_candy","dungeonsdelight:cooking/amethyst_rock_candy","[农夫乐事-地牢乐事]neoforge-dungeonsdelight-1.21.1-1.5.0.jar","data/dungeonsdelight/recipe/cooking/amethyst_rock_candy.json","PROVISIONAL_PRICE_ANCHOR;猜想锚点:minecraft:amethyst_shard=18(猜想)","dungeonsdelight:amethyst_rock_candy","dungeonsdelight:amethyst_rock_candy <- recipe=dungeonsdelight:cooking/amethyst_rock_candy;type=farmersdelight:cooking;output=1;choices=minecraft:amethyst_shard×1 + minecraft:sugar×1 + minecraft:sweet_berries×1;container=NONE -> minecraft:amethyst_shard=18(猜想) -> minecraft:sugar=4(已定义) -> minecraft:sweet_berries=6(已定义)","补齐证据后复审，不写入正式池","REVIEW"
"dungeonsdelight:au_rotten_potatoes","dungeonsdelight:monster_cooking/au_rotten_potatoes","[农夫乐事-地牢乐事]neoforge-dungeonsdelight-1.21.1-1.5.0.jar","data/dungeonsdelight/recipe/monster_cooking/au_rotten_potatoes.json","RECIPE_CYCLE;MISSING_PRICE;ZERO_COST;TAG_PRICE_MISSING;PROVISIONAL_PRICE_ANCHOR;ALTERNATIVE_RECIPE_CYCLE;ALTERNATIVE_MISSING_PRICE;ALTERNATIVE_ZERO_COST;ALTERNATIVE_TAG_PRICE_MISSING;ALTERNATIVE_PROVISIONAL_PRICE_ANCHOR;UNKNOWN_BUFF","dungeonsdelight:au_rotten_potatoes","dungeonsdelight:au_rotten_potatoes <- recipe=dungeonsdelight:monster_cooking/au_rotten_potatoes;type=dungeonsdelight:monster_cooking;output=1;choices=minecraft:poisonous_potato×1 + minecraft:poisonous_potato×1 + #c:drinks/milk×1;container=NONE -> minecraft:poisonous_potato <- recipe=dungeonsdelight:poisonous_potato_from_poisonous_potato_crate;type=minecraft:crafting_shapeless;output=9;choices=dungeonsdelight:poisonous_potato_crate×1;container=NONE -> dungeonsdelight:poisonous_potato_crate <- recipe=minecraft:poisonous_potato_crate;type=minecraft:crafting_shaped;output=1;choices=;container=NONE -> minecraft:poisonous_potato <- recipe=dungeonsdelight:poisonous_potato_from_poisonous_potato_crate;type=minecraft:crafting_shapeless;output=9;choices=dungeonsdelight:poisonous_potato_crate×1;container=NONE -> dungeonsdelight:poisonous_potato_crate <- recipe=minecraft:poisonous_potato_crate;type=minecraft:crafting_shaped;output=1;choices=;container=NONE -> #c:drinks/milk=6(猜想)","补齐证据后复审，不写入正式池","REVIEW"
"dungeonsdelight:bloated_baked_potato","dungeonsdelight:monster_cooking/bloated_baked_potato","[农夫乐事-地牢乐事]neoforge-dungeonsdelight-1.21.1-1.5.0.jar","data/dungeonsdelight/recipe/monster_cooking/bloated_baked_potato.json","RECIPE_CYCLE;MISSING_PRICE;ZERO_COST;TAG_PRICE_MISSING;PROVISIONAL_PRICE_ANCHOR;ALTERNATIVE_RECIPE_CYCLE;ALTERNATIVE_MISSING_PRICE;ALTERNATIVE_ZERO_COST;ALTERNATIVE_TAG_PRICE_MISSING;ALTERNATIVE_PROVISIONAL_PRICE_ANCHOR","dungeonsdelight:bloated_baked_potato","dungeonsdelight:bloated_baked_potato <- recipe=dungeonsdelight:monster_cooking/bloated_baked_potato;type=dungeonsdelight:monster_cooking;output=1;choices=minecraft:poisonous_potato×1 + dungeonsdelight:rotten_tripe×1 + dungeonsdelight:rotten_tripe×1;container=NONE -> minecraft:poisonous_potato <- recipe=dungeonsdelight:poisonous_potato_from_poisonous_potato_crate;type=minecraft:crafting_shapeless;output=9;choices=dungeonsdelight:poisonous_potato_crate×1;container=NONE -> dungeonsdelight:poisonous_potato_crate <- recipe=minecraft:poisonous_potato_crate;type=minecraft:crafting_shaped;output=1;choices=;container=NONE -> dungeonsdelight:rotten_tripe <- recipe=minecraft:cutting/rotten_flesh;type=farmersdelight:cutting;output=2;choices=minecraft:rotten_flesh×1;container=NONE -> minecraft:rotten_flesh=2(人工定价(PROVISIONAL):服务器既有猜想锚点) -> dungeonsdelight:rotten_tripe <- recipe=minecraft:cutting/rotten_flesh;type=farmersdelight:cutting;output=2;choices=minecraft:rotten_flesh×1;container=NONE -> minecraft:rotten_flesh=2(人工定价(PROVISIONAL):服务器既有猜想锚点)","补齐证据后复审，不写入正式池","REVIEW"
"dungeonsdelight:bloody_mary","dungeonsdelight:monster_cooking/bloody_mary","[农夫乐事-地牢乐事]neoforge-dungeonsdelight-1.21.1-1.5.0.jar","data/dungeonsdelight/recipe/monster_cooking/bloody_mary.json","MISSING_PRICE;ALTERNATIVE_MISSING_PRICE;UNKNOWN_BUFF","dungeonsdelight:bloody_mary","dungeonsdelight:bloody_mary <- recipe=dungeonsdelight:monster_cooking/bloody_mary;type=dungeonsdelight:monster_cooking;output=1;choices=#c:crops/cabbage×1;container=NONE -> #c:crops/cabbage=6(已定义)","补齐证据后复审，不写入正式池","REVIEW"
"dungeonsdelight:brains_in_a_brick","dungeonsdelight:monster_cooking/brains_in_a_brick","[农夫乐事-地牢乐事]neoforge-dungeonsdelight-1.21.1-1.5.0.jar","data/dungeonsdelight/recipe/monster_cooking/brains_in_a_brick.json","MISSING_PRICE;TAG_PRICE_MISSING;ZERO_COST;ALTERNATIVE_MISSING_PRICE;ALTERNATIVE_TAG_PRICE_MISSING;ALTERNATIVE_ZERO_COST;UNKNOWN_BUFF","dungeonsdelight:brains_in_a_brick","dungeonsdelight:brains_in_a_brick <- recipe=dungeonsdelight:monster_cooking/brains_in_a_brick;type=dungeonsdelight:monster_cooking;output=1;choices=;container=NONE","补齐证据后复审，不写入正式池","REVIEW"
"dungeonsdelight:breeze_cream_cone","dungeonsdelight:monster_cooking/breeze_cream_cone","[农夫乐事-地牢乐事]neoforge-dungeonsdelight-1.21.1-1.5.0.jar","data/dungeonsdelight/recipe/monster_cooking/breeze_cream_cone.json","MISSING_PRICE;TAG_PRICE_MISSING;PROVISIONAL_PRICE_ANCHOR;ALTERNATIVE_MISSING_PRICE;ALTERNATIVE_TAG_PRICE_MISSING;ALTERNATIVE_PROVISIONAL_PRICE_ANCHOR;UNKNOWN_BUFF","dungeonsdelight:breeze_cream_cone","dungeonsdelight:breeze_cream_cone <- recipe=dungeonsdelight:monster_cooking/breeze_cream_cone;type=dungeonsdelight:monster_cooking;output=1;choices=minecraft:spider_eye×1 + dungeonsdelight:slime_bar×1;container=PART_OF_RESULT:minecraft:phantom_membrane=30 -> minecraft:spider_eye=6(猜想) -> dungeonsdelight:slime_bar <- recipe=dungeonsdelight:slime_bar_from_shapeless;type=minecraft:crafting_shapeless;output=1;choices=farmersdelight:canvas×1 + minecraft:dried_kelp×1;container=NONE -> farmersdelight:canvas=4(猜想) -> minecraft:dried_kelp=3(猜想)","补齐证据后复审，不写入正式池","REVIEW"
"dungeonsdelight:bubblegunk","dungeonsdelight:bubblegunk_from_shapeless","[农夫乐事-地牢乐事]neoforge-dungeonsdelight-1.21.1-1.5.0.jar","data/dungeonsdelight/recipe/bubblegunk_from_shapeless.json","RECIPE_CYCLE;MISSING_PRICE;ZERO_COST;CO_PRODUCT_ALLOCATION_REVIEW;PROBABILISTIC_OUTPUT_REVIEW;ALTERNATIVE_RECIPE_CYCLE;ALTERNATIVE_MISSING_PRICE;ALTERNATIVE_ZERO_COST;ALTERNATIVE_CO_PRODUCT_ALLOCATION_REVIEW;ALTERNATIVE_PROBABILISTIC_OUTPUT_REVIEW","dungeonsdelight:bubblegunk","dungeonsdelight:bubblegunk <- recipe=dungeonsdelight:bubblegunk_from_shapeless;type=minecraft:crafting_shapeless;output=1;choices=dungeonsdelight:gunk×1 + dungeonsdelight:gunk×1 + dungeonsdelight:wormroot_tendrils×1;container=NONE -> dungeonsdelight:gunk <- recipe=dungeonsdelight:cutting/rotbulb;type=farmersdelight:cutting;output=2;choices=dungeonsdelight:rotbulb×1;container=NONE -> dungeonsdelight:rotbulb <- recipe=dungeonsdelight:rotbulb_from_rotbulb_crate;type=minecraft:crafting_shapeless;output=9;choices=dungeonsdelight:rotbulb_crate×1;container=NONE -> dungeonsdelight:rotbulb_crate <- recipe=minecraft:rotbulb_crate;type=minecraft:crafting_shaped;output=1;choices=;container=NONE -> dungeonsdelight:gunk <- recipe=dungeonsdelight:cutting/rotbulb;type=farmersdelight:cutting;output=2;choices=dungeonsdelight:rotbulb×1;container=NONE -> dungeonsdelight:rotbulb <- recipe=dungeonsdelight:rotbulb_from_rotbulb_crate;type=minecraft:crafting_shapeless;output=9;choices=dungeonsdelight:rotbulb_crate×1;container=NONE -> dungeonsdelight:rotbulb_crate <- recipe=minecraft:rotbulb_crate;type=minecraft:crafting_shaped;output=1;choices=;container=NONE -> dungeonsdelight:wormroot_tendrils <- recipe=dungeonsdelight:cutting/gunk;type=farmersdelight:cutting;output=1;choices=dungeonsdelight:gunk×1;container=NONE -> dungeonsdelight:gunk <- recipe=dungeonsdelight:cutting/rotbulb;type=farmersdelight:cutting;output=2;choices=dungeonsdelight:rotbulb×1;container=NONE -> dungeonsdelight:rotbulb <- recipe=dungeonsdelight:rotbulb_from_rotbulb_crate;type=minecraft:crafting_shapeless;output=9;choices=dungeonsdelight:rotbulb_crate×1;container=NONE -> dungeonsdelight:rotbulb_crate <- recipe=minecraft:rotbulb_crate;type=minecraft:crafting_shaped;output=1;choices=;container=NONE","补齐证据后复审，不写入正式池","REVIEW"
"dungeonsdelight:chicken_jockey_sandwich","dungeonsdelight:monster_cooking/chicken_jockey_sandwich","[农夫乐事-地牢乐事]neoforge-dungeonsdelight-1.21.1-1.5.0.jar","data/dungeonsdelight/recipe/monster_cooking/chicken_jockey_sandwich.json","MISSING_PRICE;TAG_PRICE_MISSING;RECIPE_CYCLE;ZERO_COST;ALTERNATIVE_MISSING_PRICE;ALTERNATIVE_TAG_PRICE_MISSING;ALTERNATIVE_RECIPE_CYCLE;ALTERNATIVE_ZERO_COST","dungeonsdelight:chicken_jockey_sandwich","dungeonsdelight:chicken_jockey_sandwich <- recipe=dungeonsdelight:monster_cooking/chicken_jockey_sandwich;type=dungeonsdelight:monster_cooking;output=1;choices=minecraft:chicken×1 + farmersdelight:rotten_tomato×1 + #c:crops/cabbage×1;container=NONE -> minecraft:chicken=7(已定义) -> farmersdelight:rotten_tomato <- recipe=dungeonsdelight:rotten_tomato_from_rotten_tomato_crate;type=minecraft:crafting_shapeless;output=9;choices=dungeonsdelight:rotten_tomato_crate×1;container=NONE -> dungeonsdelight:rotten_tomato_crate <- recipe=minecraft:rotten_tomato_crate;type=minecraft:crafting_shaped;output=1;choices=;container=NONE -> #c:crops/cabbage=6(已定义)","补齐证据后复审，不写入正式池","REVIEW"
"dungeonsdelight:chloropasta","dungeonsdelight:cooking/chloropasta","[农夫乐事-地牢乐事]neoforge-dungeonsdelight-1.21.1-1.5.0.jar","data/dungeonsdelight/recipe/cooking/chloropasta.json","MISSING_PRICE;TAG_PRICE_MISSING;CO_PRODUCT_ALLOCATION_REVIEW;PROVISIONAL_PRICE_ANCHOR;ALTERNATIVE_MISSING_PRICE;ALTERNATIVE_TAG_PRICE_MISSING;ALTERNATIVE_CO_PRODUCT_ALLOCATION_REVIEW;ALTERNATIVE_PROVISIONAL_PRICE_ANCHOR","dungeonsdelight:chloropasta","dungeonsdelight:chloropasta <- recipe=dungeonsdelight:cooking/chloropasta;type=farmersdelight:cooking;output=1;choices=dungeonsdelight:slime_noodles×1 + dungeonsdelight:slime_noodles×1;container=NONE -> dungeonsdelight:slime_noodles <- recipe=dungeonsdelight:cutting/slime_bar;type=farmersdelight:cutting;output=2;choices=dungeonsdelight:slime_bar×1;container=NONE -> dungeonsdelight:slime_bar <- recipe=dungeonsdelight:slime_bar_from_shapeless;type=minecraft:crafting_shapeless;output=1;choices=farmersdelight:canvas×1 + minecraft:dried_kelp×1;container=NONE -> farmersdelight:canvas=4(猜想) -> minecraft:dried_kelp=3(猜想) -> dungeonsdelight:slime_noodles <- recipe=dungeonsdelight:cutting/slime_bar;type=farmersdelight:cutting;output=2;choices=dungeonsdelight:slime_bar×1;container=NONE -> dungeonsdelight:slime_bar <- recipe=dungeonsdelight:slime_bar_from_shapeless;type=minecraft:crafting_shapeless;output=1;choices=farmersdelight:canvas×1 + minecraft:dried_kelp×1;container=NONE -> farmersdelight:canvas=4(猜想) -> minecraft:dried_kelp=3(猜想)","补齐证据后复审，不写入正式池","REVIEW"
"dungeonsdelight:cob_n_candy","dungeonsdelight:monster_cooking/cob_n_candy","[农夫乐事-地牢乐事]neoforge-dungeonsdelight-1.21.1-1.5.0.jar","data/dungeonsdelight/recipe/monster_cooking/cob_n_candy.json","UNKNOWN_BUFF","dungeonsdelight:cob_n_candy","dungeonsdelight:cob_n_candy <- recipe=dungeonsdelight:monster_cooking/cob_n_candy;type=dungeonsdelight:monster_cooking;output=1;choices=minecraft:string×1 + minecraft:string×1 + minecraft:string×1 + minecraft:sugar×1;container=NONE -> minecraft:string=6(已定义) -> minecraft:string=6(已定义) -> minecraft:string=6(已定义) -> minecraft:sugar=4(已定义)","补齐证据后复审，不写入正式池","REVIEW"
"dungeonsdelight:cooked_sniffer_shank","dungeonsdelight:cooked_sniffer_shank_from_campfire","[农夫乐事-地牢乐事]neoforge-dungeonsdelight-1.21.1-1.5.0.jar","data/dungeonsdelight/recipe/cooked_sniffer_shank_from_campfire.json","MISSING_PRICE;ZERO_COST;ALTERNATIVE_MISSING_PRICE;ALTERNATIVE_ZERO_COST","dungeonsdelight:cooked_sniffer_shank","dungeonsdelight:cooked_sniffer_shank <- recipe=dungeonsdelight:cooked_sniffer_shank_from_campfire;type=minecraft:campfire_cooking;output=1;choices=;container=NONE","补齐证据后复审，不写入正式池","REVIEW"
"dungeonsdelight:cooked_snifferwurst","dungeonsdelight:cooked_snifferwurst_from_campfire","[农夫乐事-地牢乐事]neoforge-dungeonsdelight-1.21.1-1.5.0.jar","data/dungeonsdelight/recipe/cooked_snifferwurst_from_campfire.json","MISSING_PRICE;TAG_PRICE_MISSING;PROVISIONAL_PRICE_ANCHOR;ALTERNATIVE_MISSING_PRICE;ALTERNATIVE_TAG_PRICE_MISSING;ALTERNATIVE_PROVISIONAL_PRICE_ANCHOR","dungeonsdelight:cooked_snifferwurst","dungeonsdelight:cooked_snifferwurst <- recipe=dungeonsdelight:cooked_snifferwurst_from_campfire;type=minecraft:campfire_cooking;output=1;choices=dungeonsdelight:snifferwurst×1;container=NONE -> dungeonsdelight:snifferwurst <- recipe=dungeonsdelight:cooking/snifferwurst;type=farmersdelight:cooking;output=1;choices=dungeonsdelight:slime_bar×1;container=NONE -> dungeonsdelight:slime_bar <- recipe=dungeonsdelight:slime_bar_from_shapeless;type=minecraft:crafting_shapeless;output=1;choices=farmersdelight:canvas×1 + minecraft:dried_kelp×1;container=NONE -> farmersdelight:canvas=4(猜想) -> minecraft:dried_kelp=3(猜想)","补齐证据后复审，不写入正式池","REVIEW"
"dungeonsdelight:croak_monster","dungeonsdelight:monster_cooking/croak_monster","[农夫乐事-地牢乐事]neoforge-dungeonsdelight-1.21.1-1.5.0.jar","data/dungeonsdelight/recipe/monster_cooking/croak_monster.json","MISSING_PRICE;TAG_PRICE_MISSING;PROVISIONAL_PRICE_ANCHOR;ALTERNATIVE_MISSING_PRICE;ALTERNATIVE_TAG_PRICE_MISSING;ALTERNATIVE_PROVISIONAL_PRICE_ANCHOR","dungeonsdelight:croak_monster","dungeonsdelight:croak_monster <- recipe=dungeonsdelight:monster_cooking/croak_monster;type=dungeonsdelight:monster_cooking;output=1;choices=minecraft:red_mushroom×1 + minecraft:brown_mushroom×1;container=NONE -> minecraft:red_mushroom=5(猜想) -> minecraft:brown_mushroom=5(猜想)","补齐证据后复审，不写入正式池","REVIEW"
"dungeonsdelight:devilish_eggs","dungeonsdelight:monster_cooking/devilish_eggs","[农夫乐事-地牢乐事]neoforge-dungeonsdelight-1.21.1-1.5.0.jar","data/dungeonsdelight/recipe/monster_cooking/devilish_eggs.json","MISSING_PRICE;ZERO_COST;TAG_PRICE_MISSING;ALTERNATIVE_MISSING_PRICE;ALTERNATIVE_ZERO_COST;ALTERNATIVE_TAG_PRICE_MISSING","dungeonsdelight:devilish_eggs","dungeonsdelight:devilish_eggs <- recipe=dungeonsdelight:monster_cooking/devilish_eggs;type=dungeonsdelight:monster_cooking;output=2;choices=dungeonsdelight:cleaved_ancient_egg×1 + dungeonsdelight:cleaved_ancient_egg×1 + dungeonsdelight:sculk_mayo×1;container=NONE -> dungeonsdelight:cleaved_ancient_egg <- recipe=dungeonsdelight:cutting/ancient_egg;type=farmersdelight:cutting;output=2;choices=;container=NONE -> dungeonsdelight:cleaved_ancient_egg <- recipe=dungeonsdelight:cutting/ancient_egg;type=farmersdelight:cutting;output=2;choices=;container=NONE -> dungeonsdelight:sculk_mayo <- recipe=dungeonsdelight:monster_cooking/sculk_mayo;type=dungeonsdelight:monster_cooking;output=1;choices=;container=NONE","补齐证据后复审，不写入正式池","REVIEW"
"dungeonsdelight:echo_rock_candy","dungeonsdelight:monster_cooking/echo_rock_candy","[农夫乐事-地牢乐事]neoforge-dungeonsdelight-1.21.1-1.5.0.jar","data/dungeonsdelight/recipe/monster_cooking/echo_rock_candy.json","MISSING_PRICE;ALTERNATIVE_MISSING_PRICE","dungeonsdelight:echo_rock_candy","dungeonsdelight:echo_rock_candy <- recipe=dungeonsdelight:monster_cooking/echo_rock_candy;type=dungeonsdelight:monster_cooking;output=1;choices=minecraft:sugar×1 + minecraft:glow_berries×1;container=NONE -> minecraft:sugar=4(已定义) -> minecraft:glow_berries=9(已定义)","补齐证据后复审，不写入正式池","REVIEW"
"dungeonsdelight:fried_ghast_calamari","dungeonsdelight:fried_ghast_calamari_from_campfire","[农夫乐事-地牢乐事]neoforge-dungeonsdelight-1.21.1-1.5.0.jar","data/dungeonsdelight/recipe/fried_ghast_calamari_from_campfire.json","MISSING_PRICE;ZERO_COST;ALTERNATIVE_MISSING_PRICE;ALTERNATIVE_ZERO_COST","dungeonsdelight:fried_ghast_calamari","dungeonsdelight:fried_ghast_calamari <- recipe=dungeonsdelight:fried_ghast_calamari_from_campfire;type=minecraft:campfire_cooking;output=1;choices=dungeonsdelight:ghast_calamari×1;container=NONE -> dungeonsdelight:ghast_calamari <- recipe=dungeonsdelight:cutting/ghast_tentacle;type=farmersdelight:cutting;output=2;choices=;container=NONE","补齐证据后复审，不写入正式池","REVIEW"
"dungeonsdelight:gelled_salad","dungeonsdelight:monster_cooking/gelled_salad","[农夫乐事-地牢乐事]neoforge-dungeonsdelight-1.21.1-1.5.0.jar","data/dungeonsdelight/recipe/monster_cooking/gelled_salad.json","CO_PRODUCT_ALLOCATION_REVIEW;TAG_PRICE_MISSING;PROVISIONAL_PRICE_ANCHOR;ALTERNATIVE_CO_PRODUCT_ALLOCATION_REVIEW;ALTERNATIVE_TAG_PRICE_MISSING;ALTERNATIVE_PROVISIONAL_PRICE_ANCHOR;UNKNOWN_BUFF","dungeonsdelight:gelled_salad","dungeonsdelight:gelled_salad <- recipe=dungeonsdelight:monster_cooking/gelled_salad;type=dungeonsdelight:monster_cooking;output=1;choices=dungeonsdelight:slime_noodles×1 + dungeonsdelight:slime_noodles×1 + minecraft:carrot×1 + minecraft:beetroot×1 + #c:crops/cabbage×1;container=NONE -> dungeonsdelight:slime_noodles <- recipe=dungeonsdelight:cutting/slime_bar;type=farmersdelight:cutting;output=2;choices=dungeonsdelight:slime_bar×1;container=NONE -> dungeonsdelight:slime_bar <- recipe=dungeonsdelight:slime_bar_from_shapeless;type=minecraft:crafting_shapeless;output=1;choices=farmersdelight:canvas×1 + minecraft:dried_kelp×1;container=NONE -> farmersdelight:canvas=4(猜想) -> minecraft:dried_kelp=3(猜想) -> dungeonsdelight:slime_noodles <- recipe=dungeonsdelight:cutting/slime_bar;type=farmersdelight:cutting;output=2;choices=dungeonsdelight:slime_bar×1;container=NONE -> dungeonsdelight:slime_bar <- recipe=dungeonsdelight:slime_bar_from_shapeless;type=minecraft:crafting_shapeless;output=1;choices=farmersdelight:canvas×1 + minecraft:dried_kelp×1;container=NONE -> farmersdelight:canvas=4(猜想) -> minecraft:dried_kelp=3(猜想) -> minecraft:carrot=4(已定义) -> minecraft:beetroot=7(已定义) -> #c:crops/cabbage=6(已定义)","补齐证据后复审，不写入正式池","REVIEW"
"dungeonsdelight:ghast_roll","dungeonsdelight:monster_cooking/ghast_roll","[农夫乐事-地牢乐事]neoforge-dungeonsdelight-1.21.1-1.5.0.jar","data/dungeonsdelight/recipe/monster_cooking/ghast_roll.json","TAG_PRICE_MISSING;MISSING_PRICE;ZERO_COST;PROVISIONAL_PRICE_ANCHOR;ALTERNATIVE_TAG_PRICE_MISSING;ALTERNATIVE_MISSING_PRICE;ALTERNATIVE_ZERO_COST;ALTERNATIVE_PROVISIONAL_PRICE_ANCHOR;UNKNOWN_BUFF","dungeonsdelight:ghast_roll","dungeonsdelight:ghast_roll <- recipe=dungeonsdelight:monster_cooking/ghast_roll;type=dungeonsdelight:monster_cooking;output=1;choices=dungeonsdelight:rotgourd_slice×1 + farmersdelight:rice×1 + minecraft:ghast_tear×1;container=NONE -> dungeonsdelight:rotgourd_slice <- recipe=dungeonsdelight:cutting/rotgourd;type=farmersdelight:cutting;output=4;choices=;container=NONE -> farmersdelight:rice=5(猜想) -> minecraft:ghast_tear=40(猜想)","补齐证据后复审，不写入正式池","REVIEW"
"dungeonsdelight:ghastly_spirits","dungeonsdelight:monster_cooking/ghastly_spirits","[农夫乐事-地牢乐事]neoforge-dungeonsdelight-1.21.1-1.5.0.jar","data/dungeonsdelight/recipe/monster_cooking/ghastly_spirits.json","TAG_PRICE_MISSING;MISSING_PRICE;PROVISIONAL_PRICE_ANCHOR;ALTERNATIVE_TAG_PRICE_MISSING;ALTERNATIVE_MISSING_PRICE;ALTERNATIVE_PROVISIONAL_PRICE_ANCHOR;UNKNOWN_BUFF","dungeonsdelight:ghastly_spirits","dungeonsdelight:ghastly_spirits <- recipe=dungeonsdelight:monster_cooking/ghastly_spirits;type=dungeonsdelight:monster_cooking;output=1;choices=minecraft:ghast_tear×1 + minecraft:glistering_melon_slice×1 + minecraft:sugar×1;container=NONE -> minecraft:ghast_tear=40(猜想) -> minecraft:glistering_melon_slice=27(配方派生) -> minecraft:sugar=4(已定义)","补齐证据后复审，不写入正式池","REVIEW"
"dungeonsdelight:ghoulash","dungeonsdelight:monster_cooking/ghoulash","[农夫乐事-地牢乐事]neoforge-dungeonsdelight-1.21.1-1.5.0.jar","data/dungeonsdelight/recipe/monster_cooking/ghoulash.json","CO_PRODUCT_ALLOCATION_REVIEW;TAG_PRICE_MISSING;RECIPE_CYCLE;MISSING_PRICE;ZERO_COST;PROVISIONAL_PRICE_ANCHOR;ALTERNATIVE_CO_PRODUCT_ALLOCATION_REVIEW;ALTERNATIVE_TAG_PRICE_MISSING;ALTERNATIVE_RECIPE_CYCLE;ALTERNATIVE_MISSING_PRICE;ALTERNATIVE_ZERO_COST;ALTERNATIVE_PROVISIONAL_PRICE_ANCHOR;UNKNOWN_BUFF","dungeonsdelight:ghoulash","dungeonsdelight:ghoulash <- recipe=dungeonsdelight:monster_cooking/ghoulash;type=dungeonsdelight:monster_cooking;output=1;choices=dungeonsdelight:slime_noodles×1 + farmersdelight:rotten_tomato×1;container=NONE -> dungeonsdelight:slime_noodles <- recipe=dungeonsdelight:cutting/slime_bar;type=farmersdelight:cutting;output=2;choices=dungeonsdelight:slime_bar×1;container=NONE -> dungeonsdelight:slime_bar <- recipe=dungeonsdelight:slime_bar_from_shapeless;type=minecraft:crafting_shapeless;output=1;choices=farmersdelight:canvas×1 + minecraft:dried_kelp×1;container=NONE -> farmersdelight:canvas=4(猜想) -> minecraft:dried_kelp=3(猜想) -> farmersdelight:rotten_tomato <- recipe=dungeonsdelight:rotten_tomato_from_rotten_tomato_crate;type=minecraft:crafting_shapeless;output=9;choices=dungeonsdelight:rotten_tomato_crate×1;container=NONE -> dungeonsdelight:rotten_tomato_crate <- recipe=minecraft:rotten_tomato_crate;type=minecraft:crafting_shaped;output=1;choices=;container=NONE","补齐证据后复审，不写入正式池","REVIEW"
"dungeonsdelight:gyudon","dungeonsdelight:monster_cooking/gyudon","[农夫乐事-地牢乐事]neoforge-dungeonsdelight-1.21.1-1.5.0.jar","data/dungeonsdelight/recipe/monster_cooking/gyudon.json","MISSING_PRICE;TAG_PRICE_MISSING;PROVISIONAL_PRICE_ANCHOR;ALTERNATIVE_MISSING_PRICE;ALTERNATIVE_TAG_PRICE_MISSING;ALTERNATIVE_PROVISIONAL_PRICE_ANCHOR;UNKNOWN_BUFF","dungeonsdelight:gyudon","dungeonsdelight:gyudon <- recipe=dungeonsdelight:monster_cooking/gyudon;type=dungeonsdelight:monster_cooking;output=1;choices=farmersdelight:cooked_rice×1 + farmersdelight:onion×1;container=NONE -> farmersdelight:cooked_rice=7(猜想) -> farmersdelight:onion=6(猜想)","补齐证据后复审，不写入正式池","REVIEW"
"dungeonsdelight:haggis","dungeonsdelight:monster_cooking/haggis","[农夫乐事-地牢乐事]neoforge-dungeonsdelight-1.21.1-1.5.0.jar","data/dungeonsdelight/recipe/monster_cooking/haggis.json","MISSING_PRICE;TAG_PRICE_MISSING;PROVISIONAL_PRICE_ANCHOR;ALTERNATIVE_MISSING_PRICE;ALTERNATIVE_TAG_PRICE_MISSING;ALTERNATIVE_PROVISIONAL_PRICE_ANCHOR","dungeonsdelight:haggis","dungeonsdelight:haggis <- recipe=dungeonsdelight:monster_cooking/haggis;type=dungeonsdelight:monster_cooking;output=1;choices=minecraft:slime_ball×1;container=NONE -> minecraft:slime_ball=8(猜想)","补齐证据后复审，不写入正式池","REVIEW"
"dungeonsdelight:jelly_beans","dungeonsdelight:monster_cooking/jelly_beans","[农夫乐事-地牢乐事]neoforge-dungeonsdelight-1.21.1-1.5.0.jar","data/dungeonsdelight/recipe/monster_cooking/jelly_beans.json","TAG_PRICE_MISSING;MISSING_PRICE;RECIPE_CYCLE;ZERO_COST;ALTERNATIVE_TAG_PRICE_MISSING;ALTERNATIVE_MISSING_PRICE;ALTERNATIVE_RECIPE_CYCLE;ALTERNATIVE_ZERO_COST","dungeonsdelight:jelly_beans","dungeonsdelight:jelly_beans <- recipe=dungeonsdelight:monster_cooking/jelly_beans;type=dungeonsdelight:monster_cooking;output=8;choices=dungeonsdelight:gunk×1;container=NONE -> dungeonsdelight:gunk <- recipe=dungeonsdelight:cutting/rotbulb;type=farmersdelight:cutting;output=2;choices=dungeonsdelight:rotbulb×1;container=NONE -> dungeonsdelight:rotbulb <- recipe=dungeonsdelight:rotbulb_from_rotbulb_crate;type=minecraft:crafting_shapeless;output=9;choices=dungeonsdelight:rotbulb_crate×1;container=NONE -> dungeonsdelight:rotbulb_crate <- recipe=minecraft:rotbulb_crate;type=minecraft:crafting_shaped;output=1;choices=;container=NONE","补齐证据后复审，不写入正式池","REVIEW"
"dungeonsdelight:malicious_sandwich","dungeonsdelight:monster_cooking/malicious_sandwich","[农夫乐事-地牢乐事]neoforge-dungeonsdelight-1.21.1-1.5.0.jar","data/dungeonsdelight/recipe/monster_cooking/malicious_sandwich.json","MISSING_PRICE;TAG_PRICE_MISSING;ZERO_COST;PROVISIONAL_PRICE_ANCHOR;ALTERNATIVE_MISSING_PRICE;ALTERNATIVE_TAG_PRICE_MISSING;ALTERNATIVE_ZERO_COST;ALTERNATIVE_PROVISIONAL_PRICE_ANCHOR","dungeonsdelight:malicious_sandwich","dungeonsdelight:malicious_sandwich <- recipe=dungeonsdelight:monster_cooking/malicious_sandwich;type=dungeonsdelight:monster_cooking;output=1;choices=dungeonsdelight:sculk_mayo×1 + minecraft:spider_eye×1;container=PART_OF_RESULT:minecraft:bread=12 -> dungeonsdelight:sculk_mayo <- recipe=dungeonsdelight:monster_cooking/sculk_mayo;type=dungeonsdelight:monster_cooking;output=1;choices=;container=NONE -> minecraft:spider_eye=6(猜想)","补齐证据后复审，不写入正式池","REVIEW"
"dungeonsdelight:marshbellow","dungeonsdelight:monster_cooking/marshbellow","[农夫乐事-地牢乐事]neoforge-dungeonsdelight-1.21.1-1.5.0.jar","data/dungeonsdelight/recipe/monster_cooking/marshbellow.json","MISSING_PRICE;CO_PRODUCT_ALLOCATION_REVIEW;TAG_PRICE_MISSING;PROVISIONAL_PRICE_ANCHOR;ALTERNATIVE_MISSING_PRICE;ALTERNATIVE_CO_PRODUCT_ALLOCATION_REVIEW;ALTERNATIVE_TAG_PRICE_MISSING;ALTERNATIVE_PROVISIONAL_PRICE_ANCHOR;UNKNOWN_BUFF","dungeonsdelight:marshbellow","dungeonsdelight:marshbellow <- recipe=dungeonsdelight:monster_cooking/marshbellow;type=dungeonsdelight:monster_cooking;output=2;choices=dungeonsdelight:slime_noodles×1;container=NONE -> dungeonsdelight:slime_noodles <- recipe=dungeonsdelight:cutting/slime_bar;type=farmersdelight:cutting;output=2;choices=dungeonsdelight:slime_bar×1;container=NONE -> dungeonsdelight:slime_bar <- recipe=dungeonsdelight:slime_bar_from_shapeless;type=minecraft:crafting_shapeless;output=1;choices=farmersdelight:canvas×1 + minecraft:dried_kelp×1;container=NONE -> farmersdelight:canvas=4(猜想) -> minecraft:dried_kelp=3(猜想)","补齐证据后复审，不写入正式池","REVIEW"
"dungeonsdelight:monster_burger","dungeonsdelight:monster_cooking/monster_burger","[农夫乐事-地牢乐事]neoforge-dungeonsdelight-1.21.1-1.5.0.jar","data/dungeonsdelight/recipe/monster_cooking/monster_burger.json","RECIPE_CYCLE;MISSING_PRICE;ZERO_COST;CO_PRODUCT_ALLOCATION_REVIEW;TAG_PRICE_MISSING;PROVISIONAL_PRICE_ANCHOR;ALTERNATIVE_RECIPE_CYCLE;ALTERNATIVE_MISSING_PRICE;ALTERNATIVE_ZERO_COST;ALTERNATIVE_CO_PRODUCT_ALLOCATION_REVIEW;ALTERNATIVE_TAG_PRICE_MISSING;ALTERNATIVE_PROVISIONAL_PRICE_ANCHOR;UNKNOWN_BUFF","dungeonsdelight:monster_burger","dungeonsdelight:monster_burger <- recipe=dungeonsdelight:monster_cooking/monster_burger;type=dungeonsdelight:monster_cooking;output=1;choices=dungeonsdelight:rancid_reduction×1 + dungeonsdelight:ghoulash×1 + dungeonsdelight:spider_salmagundi×1 + dungeonsdelight:malicious_sandwich×1 + dungeonsdelight:silverfish_fried_rice×1;container=PART_OF_RESULT:farmersdelight:hamburger=28 -> dungeonsdelight:rancid_reduction <- recipe=dungeonsdelight:monster_cooking/rancid_reduction_from_rotbulb;type=dungeonsdelight:monster_cooking;output=1;choices=dungeonsdelight:rotbulb×1 + dungeonsdelight:gunk×1 + dungeonsdelight:gunk×1 + minecraft:sugar×1 + #c:drinks/milk×1;container=NONE -> dungeonsdelight:rotbulb <- recipe=dungeonsdelight:rotbulb_from_rotbulb_crate;type=minecraft:crafting_shapeless;output=9;choices=dungeonsdelight:rotbulb_crate×1;container=NONE -> dungeonsdelight:rotbulb_crate <- recipe=minecraft:rotbulb_crate;type=minecraft:crafting_shaped;output=1;choices=;container=NONE -> dungeonsdelight:gunk <- recipe=dungeonsdelight:cutting/rotbulb;type=farmersdelight:cutting;output=2;choices=dungeonsdelight:rotbulb×1;container=NONE -> dungeonsdelight:rotbulb <- recipe=dungeonsdelight:rotbulb_from_rotbulb_crate;type=minecraft:crafting_shapeless;output=9;choices=dungeonsdelight:rotbulb_crate×1;container=NONE -> dungeonsdelight:rotbulb_crate <- recipe=minecraft:rotbulb_crate;type=minecraft:crafting_shaped;output=1;choices=;container=NONE -> dungeonsdelight:gunk <- recipe=dungeonsdelight:cutting/rotbulb;type=farmersdelight:cutting;output=2;choices=dungeonsdelight:rotbulb×1;container=NONE -> dungeonsdelight:rotbulb <- recipe=dungeonsdelight:rotbulb_from_rotbulb_crate;type=minecraft:crafting_shapeless;output=9;choices=dungeonsdelight:rotbulb_crate×1;container=NONE -> dungeonsdelight:rotbulb_crate <- recipe=minecraft:rotbulb_crate;type=minecraft:crafting_shaped;output=1;choices=;container=NONE -> minecraft:sugar=4(已定义) -> #c:drinks/milk=6(猜想) -> dungeonsdelight:ghoulash <- recipe=dungeonsdelight:monster_cooking/ghoulash;type=dungeonsdelight:monster_cooking;output=1;choices=dungeonsdelight:slime_noodles×1 + farmersdelight:rotten_tomato×1;container=NONE -> dungeonsdelight:slime_noodles <- recipe=dungeonsdelight:cutting/slime_bar;type=farmersdelight:cutting;output=2;choices=dungeonsdelight:slime_bar×1;container=NONE -> dungeonsdelight:slime_bar <- recipe=dungeonsdelight:slime_bar_from_shapeless;type=minecraft:crafting_shapeless;output=1;choices=farmersdelight:canvas×1 + minecraft:dried_kelp×1;container=NONE -> farmersdelight:canvas=4(猜想) -> minecraft:dried_kelp=3(猜想) -> farmersdelight:rotten_tomato <- recipe=dungeonsdelight:rotten_tomato_from_rotten_tomato_crate;type=minecraft:crafting_shapeless;output=9;choices=dungeonsdelight:rotten_tomato_crate×1;container=NONE -> dungeonsdelight:rotten_tomato_crate <- recipe=minecraft:rotten_tomato_crate;type=minecraft:crafting_shaped;output=1;choices=;container=NONE -> dungeonsdelight:spider_salmagundi <- recipe=dungeonsdelight:monster_cooking/spider_salmagundi;type=dungeonsdelight:monster_cooking;output=1;choices=farmersdelight:onion×1;container=NONE -> farmersdelight:onion=6(猜想) -> dungeonsdelight:malicious_sandwich <- recipe=dungeonsdelight:monster_cooking/malicious_sandwich;type=dungeonsdelight:monster_cooking;output=1;choices=dungeonsdelight:sculk_mayo×1 + minecraft:spider_eye×1;container=PART_OF_RESULT:minecraft:bread=12 -> dungeonsdelight:sculk_mayo <- recipe=dungeonsdelight:monster_cooking/sculk_mayo;type=dungeonsdelight:monster_cooking;output=1;choices=;container=NONE -> minecraft:spider_eye=6(猜想) -> dungeonsdelight:silverfish_fried_rice <- recipe=dungeonsdelight:monster_cooking/silverfish_fried_rice;type=dungeonsdelight:monster_cooking;output=1;choices=minecraft:carrot×1 + #c:crops/cabbage×1 + farmersdelight:rice×1 + #c:foods/cooked_egg×1;container=NONE -> minecraft:carrot=4(已定义) -> #c:crops/cabbage=6(已定义) -> farmersdelight:rice=5(猜想) -> #c:foods/cooked_egg=8(缺省猜想)","补齐证据后复审，不写入正式池","REVIEW"
"dungeonsdelight:monster_cake_slice","dungeonsdelight:cutting/monster_cake","[农夫乐事-地牢乐事]neoforge-dungeonsdelight-1.21.1-1.5.0.jar","data/dungeonsdelight/recipe/cutting/monster_cake.json","TAG_PRICE_MISSING;MISSING_PRICE;RECIPE_CYCLE;ZERO_COST;PROVISIONAL_PRICE_ANCHOR;ALTERNATIVE_TAG_PRICE_MISSING;ALTERNATIVE_MISSING_PRICE;ALTERNATIVE_RECIPE_CYCLE;ALTERNATIVE_ZERO_COST;ALTERNATIVE_PROVISIONAL_PRICE_ANCHOR;UNKNOWN_BUFF","dungeonsdelight:monster_cake_slice","dungeonsdelight:monster_cake_slice <- recipe=dungeonsdelight:cutting/monster_cake;type=farmersdelight:cutting;output=7;choices=dungeonsdelight:monster_cake×1;container=NONE -> dungeonsdelight:monster_cake <- recipe=dungeonsdelight:monster_cake;type=minecraft:crafting_shaped;output=1;choices=minecraft:spider_eye×2 + dungeonsdelight:rotbulb×3;container=NONE -> minecraft:spider_eye=6(猜想) -> dungeonsdelight:rotbulb <- recipe=dungeonsdelight:rotbulb_from_rotbulb_crate;type=minecraft:crafting_shapeless;output=9;choices=dungeonsdelight:rotbulb_crate×1;container=NONE -> dungeonsdelight:rotbulb_crate <- recipe=minecraft:rotbulb_crate;type=minecraft:crafting_shaped;output=1;choices=;container=NONE","补齐证据后复审，不写入正式池","REVIEW"
"dungeonsdelight:monster_muffin","dungeonsdelight:monster_cooking/monster_muffin","[农夫乐事-地牢乐事]neoforge-dungeonsdelight-1.21.1-1.5.0.jar","data/dungeonsdelight/recipe/monster_cooking/monster_muffin.json","RECIPE_CYCLE;MISSING_PRICE;ZERO_COST;TAG_PRICE_MISSING;ALTERNATIVE_RECIPE_CYCLE;ALTERNATIVE_MISSING_PRICE;ALTERNATIVE_ZERO_COST;ALTERNATIVE_TAG_PRICE_MISSING;UNKNOWN_BUFF","dungeonsdelight:monster_muffin","dungeonsdelight:monster_muffin <- recipe=dungeonsdelight:monster_cooking/monster_muffin;type=dungeonsdelight:monster_cooking;output=2;choices=dungeonsdelight:rotbulb×1 + minecraft:sugar×1;container=NONE -> dungeonsdelight:rotbulb <- recipe=dungeonsdelight:rotbulb_from_rotbulb_crate;type=minecraft:crafting_shapeless;output=9;choices=dungeonsdelight:rotbulb_crate×1;container=NONE -> dungeonsdelight:rotbulb_crate <- recipe=minecraft:rotbulb_crate;type=minecraft:crafting_shaped;output=1;choices=;container=NONE -> minecraft:sugar=4(已定义)","补齐证据后复审，不写入正式池","REVIEW"
"dungeonsdelight:necronog","dungeonsdelight:monster_cooking/necronog","[农夫乐事-地牢乐事]neoforge-dungeonsdelight-1.21.1-1.5.0.jar","data/dungeonsdelight/recipe/monster_cooking/necronog.json","MISSING_PRICE;CO_PRODUCT_ALLOCATION_REVIEW;PROBABILISTIC_OUTPUT_REVIEW;RECIPE_CYCLE;ZERO_COST;PROVISIONAL_PRICE_ANCHOR;ALTERNATIVE_MISSING_PRICE;ALTERNATIVE_CO_PRODUCT_ALLOCATION_REVIEW;ALTERNATIVE_PROBABILISTIC_OUTPUT_REVIEW;ALTERNATIVE_RECIPE_CYCLE;ALTERNATIVE_ZERO_COST;ALTERNATIVE_PROVISIONAL_PRICE_ANCHOR","dungeonsdelight:necronog","dungeonsdelight:necronog <- recipe=dungeonsdelight:monster_cooking/necronog;type=dungeonsdelight:monster_cooking;output=1;choices=#c:drinks/milk×1 + minecraft:sugar×1 + dungeonsdelight:slicorice×1;container=PART_OF_RESULT:minecraft:glass_bottle=2 -> #c:drinks/milk=6(猜想) -> minecraft:sugar=4(已定义) -> dungeonsdelight:slicorice <- recipe=dungeonsdelight:slicorice;type=minecraft:crafting_shapeless;output=1;choices=dungeonsdelight:wormroot_tendrils×1 + minecraft:sugar×1 + minecraft:slime_ball×1;container=NONE -> dungeonsdelight:wormroot_tendrils <- recipe=dungeonsdelight:cutting/gunk;type=farmersdelight:cutting;output=1;choices=dungeonsdelight:gunk×1;container=NONE -> dungeonsdelight:gunk <- recipe=dungeonsdelight:cutting/rotbulb;type=farmersdelight:cutting;output=2;choices=dungeonsdelight:rotbulb×1;container=NONE -> dungeonsdelight:rotbulb <- recipe=dungeonsdelight:rotbulb_from_rotbulb_crate;type=minecraft:crafting_shapeless;output=9;choices=dungeonsdelight:rotbulb_crate×1;container=NONE -> dungeonsdelight:rotbulb_crate <- recipe=minecraft:rotbulb_crate;type=minecraft:crafting_shaped;output=1;choices=;container=NONE -> minecraft:sugar=4(已定义) -> minecraft:slime_ball=8(猜想)","补齐证据后复审，不写入正式池","REVIEW"
"dungeonsdelight:poi","dungeonsdelight:monster_cooking/poi","[农夫乐事-地牢乐事]neoforge-dungeonsdelight-1.21.1-1.5.0.jar","data/dungeonsdelight/recipe/monster_cooking/poi.json","RECIPE_CYCLE;MISSING_PRICE;ZERO_COST;ALTERNATIVE_RECIPE_CYCLE;ALTERNATIVE_MISSING_PRICE;ALTERNATIVE_ZERO_COST;ALTERNATIVE_PROVISIONAL_PRICE_ANCHOR;UNKNOWN_BUFF","dungeonsdelight:poi","dungeonsdelight:poi <- recipe=dungeonsdelight:monster_cooking/poi;type=dungeonsdelight:monster_cooking;output=1;choices=dungeonsdelight:rotbulb×1 + dungeonsdelight:rotbulb×1 + dungeonsdelight:rotbulb×1;container=NONE -> dungeonsdelight:rotbulb <- recipe=dungeonsdelight:rotbulb_from_rotbulb_crate;type=minecraft:crafting_shapeless;output=9;choices=dungeonsdelight:rotbulb_crate×1;container=NONE -> dungeonsdelight:rotbulb_crate <- recipe=minecraft:rotbulb_crate;type=minecraft:crafting_shaped;output=1;choices=;container=NONE -> dungeonsdelight:rotbulb <- recipe=dungeonsdelight:rotbulb_from_rotbulb_crate;type=minecraft:crafting_shapeless;output=9;choices=dungeonsdelight:rotbulb_crate×1;container=NONE -> dungeonsdelight:rotbulb_crate <- recipe=minecraft:rotbulb_crate;type=minecraft:crafting_shaped;output=1;choices=;container=NONE -> dungeonsdelight:rotbulb <- recipe=dungeonsdelight:rotbulb_from_rotbulb_crate;type=minecraft:crafting_shapeless;output=9;choices=dungeonsdelight:rotbulb_crate×1;container=NONE -> dungeonsdelight:rotbulb_crate <- recipe=minecraft:rotbulb_crate;type=minecraft:crafting_shaped;output=1;choices=;container=NONE","补齐证据后复审，不写入正式池","REVIEW"
"dungeonsdelight:poisonous_poutine","dungeonsdelight:monster_cooking/poisonous_poutine","[农夫乐事-地牢乐事]neoforge-dungeonsdelight-1.21.1-1.5.0.jar","data/dungeonsdelight/recipe/monster_cooking/poisonous_poutine.json","RECIPE_CYCLE;MISSING_PRICE;ZERO_COST;TAG_PRICE_MISSING;ALTERNATIVE_RECIPE_CYCLE;ALTERNATIVE_MISSING_PRICE;ALTERNATIVE_ZERO_COST;ALTERNATIVE_TAG_PRICE_MISSING;UNKNOWN_BUFF","dungeonsdelight:poisonous_poutine","dungeonsdelight:poisonous_poutine <- recipe=dungeonsdelight:monster_cooking/poisonous_poutine;type=dungeonsdelight:monster_cooking;output=1;choices=minecraft:poisonous_potato×1 + minecraft:poisonous_potato×1;container=NONE -> minecraft:poisonous_potato <- recipe=dungeonsdelight:poisonous_potato_from_poisonous_potato_crate;type=minecraft:crafting_shapeless;output=9;choices=dungeonsdelight:poisonous_potato_crate×1;container=NONE -> dungeonsdelight:poisonous_potato_crate <- recipe=minecraft:poisonous_potato_crate;type=minecraft:crafting_shaped;output=1;choices=;container=NONE -> minecraft:poisonous_potato <- recipe=dungeonsdelight:poisonous_potato_from_poisonous_potato_crate;type=minecraft:crafting_shapeless;output=9;choices=dungeonsdelight:poisonous_potato_crate×1;container=NONE -> dungeonsdelight:poisonous_potato_crate <- recipe=minecraft:poisonous_potato_crate;type=minecraft:crafting_shaped;output=1;choices=;container=NONE","补齐证据后复审，不写入正式池","REVIEW"
"dungeonsdelight:rot_roast","dungeonsdelight:monster_cooking/rot_roast","[农夫乐事-地牢乐事]neoforge-dungeonsdelight-1.21.1-1.5.0.jar","data/dungeonsdelight/recipe/monster_cooking/rot_roast.json","MISSING_PRICE;TAG_PRICE_MISSING;RECIPE_CYCLE;ZERO_COST;PRICE_SOURCE_REVIEW;PROVISIONAL_PRICE_ANCHOR;ALTERNATIVE_MISSING_PRICE;ALTERNATIVE_TAG_PRICE_MISSING;ALTERNATIVE_RECIPE_CYCLE;ALTERNATIVE_ZERO_COST;ALTERNATIVE_PRICE_SOURCE_REVIEW;ALTERNATIVE_PROVISIONAL_PRICE_ANCHOR;UNKNOWN_BUFF","dungeonsdelight:rot_roast","dungeonsdelight:rot_roast <- recipe=dungeonsdelight:monster_cooking/rot_roast;type=dungeonsdelight:monster_cooking;output=1;choices=minecraft:apple×1 + minecraft:carrot×1 + dungeonsdelight:gunk×1 + dungeonsdelight:gunk×1;container=PART_OF_RESULT:dungeonsdelight:carved_rotgourd -> minecraft:apple=6(猜想) -> minecraft:carrot=4(已定义) -> dungeonsdelight:gunk <- recipe=dungeonsdelight:cutting/rotbulb;type=farmersdelight:cutting;output=2;choices=dungeonsdelight:rotbulb×1;container=NONE -> dungeonsdelight:rotbulb <- recipe=dungeonsdelight:rotbulb_from_rotbulb_crate;type=minecraft:crafting_shapeless;output=9;choices=dungeonsdelight:rotbulb_crate×1;container=NONE -> dungeonsdelight:rotbulb_crate <- recipe=minecraft:rotbulb_crate;type=minecraft:crafting_shaped;output=1;choices=;container=NONE -> dungeonsdelight:gunk <- recipe=dungeonsdelight:cutting/rotbulb;type=farmersdelight:cutting;output=2;choices=dungeonsdelight:rotbulb×1;container=NONE -> dungeonsdelight:rotbulb <- recipe=dungeonsdelight:rotbulb_from_rotbulb_crate;type=minecraft:crafting_shapeless;output=9;choices=dungeonsdelight:rotbulb_crate×1;container=NONE -> dungeonsdelight:rotbulb_crate <- recipe=minecraft:rotbulb_crate;type=minecraft:crafting_shaped;output=1;choices=;container=NONE","补齐证据后复审，不写入正式池","REVIEW"
"dungeonsdelight:rotpop","dungeonsdelight:monster_cooking/rotpop","[农夫乐事-地牢乐事]neoforge-dungeonsdelight-1.21.1-1.5.0.jar","data/dungeonsdelight/recipe/monster_cooking/rotpop.json","MISSING_PRICE;ZERO_COST;ALTERNATIVE_MISSING_PRICE;ALTERNATIVE_ZERO_COST;UNKNOWN_BUFF","dungeonsdelight:rotpop","dungeonsdelight:rotpop <- recipe=dungeonsdelight:monster_cooking/rotpop;type=dungeonsdelight:monster_cooking;output=1;choices=dungeonsdelight:rotgourd_slice×1 + dungeonsdelight:rotgourd_slice×1 + dungeonsdelight:rotgourd_slice×1 + dungeonsdelight:rotgourd_slice×1;container=NONE -> dungeonsdelight:rotgourd_slice <- recipe=dungeonsdelight:cutting/rotgourd;type=farmersdelight:cutting;output=4;choices=;container=NONE -> dungeonsdelight:rotgourd_slice <- recipe=dungeonsdelight:cutting/rotgourd;type=farmersdelight:cutting;output=4;choices=;container=NONE -> dungeonsdelight:rotgourd_slice <- recipe=dungeonsdelight:cutting/rotgourd;type=farmersdelight:cutting;output=4;choices=;container=NONE -> dungeonsdelight:rotgourd_slice <- recipe=dungeonsdelight:cutting/rotgourd;type=farmersdelight:cutting;output=4;choices=;container=NONE","补齐证据后复审，不写入正式池","REVIEW"
"dungeonsdelight:rubaboo","dungeonsdelight:monster_cooking/rubaboo","[农夫乐事-地牢乐事]neoforge-dungeonsdelight-1.21.1-1.5.0.jar","data/dungeonsdelight/recipe/monster_cooking/rubaboo.json","MISSING_PRICE;TAG_PRICE_MISSING;ZERO_COST;ALTERNATIVE_MISSING_PRICE;ALTERNATIVE_TAG_PRICE_MISSING;ALTERNATIVE_ZERO_COST;UNKNOWN_BUFF","dungeonsdelight:rubaboo","dungeonsdelight:rubaboo <- recipe=dungeonsdelight:monster_cooking/rubaboo;type=dungeonsdelight:monster_cooking;output=1;choices=;container=NONE","补齐证据后复审，不写入正式池","REVIEW"
"dungeonsdelight:salt_soaked_stew","dungeonsdelight:monster_cooking/salt_soaked_stew","[农夫乐事-地牢乐事]neoforge-dungeonsdelight-1.21.1-1.5.0.jar","data/dungeonsdelight/recipe/monster_cooking/salt_soaked_stew.json","MISSING_PRICE;ALTERNATIVE_MISSING_PRICE;UNKNOWN_BUFF","dungeonsdelight:salt_soaked_stew","dungeonsdelight:salt_soaked_stew <- recipe=dungeonsdelight:monster_cooking/salt_soaked_stew;type=dungeonsdelight:monster_cooking;output=1;choices=minecraft:salmon×1 + minecraft:beetroot×1;container=NONE -> minecraft:salmon=8(已定义) -> minecraft:beetroot=7(已定义)","补齐证据后复审，不写入正式池","REVIEW"
"dungeonsdelight:sculk_apple","dungeonsdelight:sculk_apple","[农夫乐事-地牢乐事]neoforge-dungeonsdelight-1.21.1-1.5.0.jar","data/dungeonsdelight/recipe/sculk_apple.json","PROVISIONAL_PRICE_ANCHOR;猜想锚点:minecraft:apple=6(猜想)|minecraft:sculk=28(缺省猜想)|minecraft:honey_bottle=12(猜想)","dungeonsdelight:sculk_apple","dungeonsdelight:sculk_apple <- recipe=dungeonsdelight:sculk_apple;type=minecraft:crafting_shapeless;output=1;choices=minecraft:apple×1 + dungeonsdelight:sculk_polyp×1 + dungeonsdelight:sculk_polyp×1 + minecraft:honey_bottle×1;container=NONE -> minecraft:apple=6(猜想) -> dungeonsdelight:sculk_polyp <- recipe=minecraft:cutting/sculk;type=farmersdelight:cutting;output=1;choices=minecraft:sculk×1;container=NONE -> minecraft:sculk=28(缺省猜想) -> dungeonsdelight:sculk_polyp <- recipe=minecraft:cutting/sculk;type=farmersdelight:cutting;output=1;choices=minecraft:sculk×1;container=NONE -> minecraft:sculk=28(缺省猜想) -> minecraft:honey_bottle=12(猜想)","补齐证据后复审，不写入正式池","REVIEW"
"dungeonsdelight:shiokara","dungeonsdelight:monster_cooking/shiokara","[农夫乐事-地牢乐事]neoforge-dungeonsdelight-1.21.1-1.5.0.jar","data/dungeonsdelight/recipe/monster_cooking/shiokara.json","TAG_PRICE_MISSING;RECIPE_CYCLE;MISSING_PRICE;ZERO_COST;PROVISIONAL_PRICE_ANCHOR;ALTERNATIVE_TAG_PRICE_MISSING;ALTERNATIVE_RECIPE_CYCLE;ALTERNATIVE_MISSING_PRICE;ALTERNATIVE_ZERO_COST;ALTERNATIVE_PROVISIONAL_PRICE_ANCHOR;UNKNOWN_BUFF","dungeonsdelight:shiokara","dungeonsdelight:shiokara <- recipe=dungeonsdelight:monster_cooking/shiokara;type=dungeonsdelight:monster_cooking;output=1;choices=dungeonsdelight:rotten_tripe×1 + dungeonsdelight:rotten_tripe×1 + dungeonsdelight:rancid_reduction×1 + minecraft:ghast_tear×1;container=NONE -> dungeonsdelight:rotten_tripe <- recipe=minecraft:cutting/rotten_flesh;type=farmersdelight:cutting;output=2;choices=minecraft:rotten_flesh×1;container=NONE -> minecraft:rotten_flesh=2(人工定价(PROVISIONAL):服务器既有猜想锚点) -> dungeonsdelight:rotten_tripe <- recipe=minecraft:cutting/rotten_flesh;type=farmersdelight:cutting;output=2;choices=minecraft:rotten_flesh×1;container=NONE -> minecraft:rotten_flesh=2(人工定价(PROVISIONAL):服务器既有猜想锚点) -> dungeonsdelight:rancid_reduction <- recipe=dungeonsdelight:monster_cooking/rancid_reduction_from_rotbulb;type=dungeonsdelight:monster_cooking;output=1;choices=dungeonsdelight:rotbulb×1 + dungeonsdelight:gunk×1 + dungeonsdelight:gunk×1 + minecraft:sugar×1 + #c:drinks/milk×1;container=NONE -> dungeonsdelight:rotbulb <- recipe=dungeonsdelight:rotbulb_from_rotbulb_crate;type=minecraft:crafting_shapeless;output=9;choices=dungeonsdelight:rotbulb_crate×1;container=NONE -> dungeonsdelight:rotbulb_crate <- recipe=minecraft:rotbulb_crate;type=minecraft:crafting_shaped;output=1;choices=;container=NONE -> dungeonsdelight:gunk <- recipe=dungeonsdelight:cutting/rotbulb;type=farmersdelight:cutting;output=2;choices=dungeonsdelight:rotbulb×1;container=NONE -> dungeonsdelight:rotbulb <- recipe=dungeonsdelight:rotbulb_from_rotbulb_crate;type=minecraft:crafting_shapeless;output=9;choices=dungeonsdelight:rotbulb_crate×1;container=NONE -> dungeonsdelight:rotbulb_crate <- recipe=minecraft:rotbulb_crate;type=minecraft:crafting_shaped;output=1;choices=;container=NONE -> dungeonsdelight:gunk <- recipe=dungeonsdelight:cutting/rotbulb;type=farmersdelight:cutting;output=2;choices=dungeonsdelight:rotbulb×1;container=NONE -> dungeonsdelight:rotbulb <- recipe=dungeonsdelight:rotbulb_from_rotbulb_crate;type=minecraft:crafting_shapeless;output=9;choices=dungeonsdelight:rotbulb_crate×1;container=NONE -> dungeonsdelight:rotbulb_crate <- recipe=minecraft:rotbulb_crate;type=minecraft:crafting_shaped;output=1;choices=;container=NONE -> minecraft:sugar=4(已定义) -> #c:drinks/milk=6(猜想) -> minecraft:ghast_tear=40(猜想)","补齐证据后复审，不写入正式池","REVIEW"
"dungeonsdelight:silverfish_fried_rice","dungeonsdelight:monster_cooking/silverfish_fried_rice","[农夫乐事-地牢乐事]neoforge-dungeonsdelight-1.21.1-1.5.0.jar","data/dungeonsdelight/recipe/monster_cooking/silverfish_fried_rice.json","MISSING_PRICE;PROVISIONAL_PRICE_ANCHOR;ALTERNATIVE_MISSING_PRICE;ALTERNATIVE_PROVISIONAL_PRICE_ANCHOR;UNKNOWN_BUFF","dungeonsdelight:silverfish_fried_rice","dungeonsdelight:silverfish_fried_rice <- recipe=dungeonsdelight:monster_cooking/silverfish_fried_rice;type=dungeonsdelight:monster_cooking;output=1;choices=minecraft:carrot×1 + #c:crops/cabbage×1 + farmersdelight:rice×1 + #c:foods/cooked_egg×1;container=NONE -> minecraft:carrot=4(已定义) -> #c:crops/cabbage=6(已定义) -> farmersdelight:rice=5(猜想) -> #c:foods/cooked_egg=8(缺省猜想)","补齐证据后复审，不写入正式池","REVIEW"
"dungeonsdelight:sinigang","dungeonsdelight:monster_cooking/sinigang","[农夫乐事-地牢乐事]neoforge-dungeonsdelight-1.21.1-1.5.0.jar","data/dungeonsdelight/recipe/monster_cooking/sinigang.json","MISSING_PRICE;RECIPE_CYCLE;ZERO_COST;TAG_PRICE_MISSING;PROVISIONAL_PRICE_ANCHOR;ALTERNATIVE_MISSING_PRICE;ALTERNATIVE_RECIPE_CYCLE;ALTERNATIVE_ZERO_COST;ALTERNATIVE_TAG_PRICE_MISSING;ALTERNATIVE_PROVISIONAL_PRICE_ANCHOR;UNKNOWN_BUFF","dungeonsdelight:sinigang","dungeonsdelight:sinigang <- recipe=dungeonsdelight:monster_cooking/sinigang;type=dungeonsdelight:monster_cooking;output=1;choices=dungeonsdelight:spider_extract×1 + dungeonsdelight:rotbulb×1 + farmersdelight:rice×1;container=NONE -> dungeonsdelight:spider_extract <- recipe=dungeonsdelight:monster_cooking/spider_extract;type=dungeonsdelight:monster_cooking;output=1;choices=minecraft:spider_eye×1;container=NONE -> minecraft:spider_eye=6(猜想) -> dungeonsdelight:rotbulb <- recipe=dungeonsdelight:rotbulb_from_rotbulb_crate;type=minecraft:crafting_shapeless;output=9;choices=dungeonsdelight:rotbulb_crate×1;container=NONE -> dungeonsdelight:rotbulb_crate <- recipe=minecraft:rotbulb_crate;type=minecraft:crafting_shaped;output=1;choices=;container=NONE -> farmersdelight:rice=5(猜想)","补齐证据后复审，不写入正式池","REVIEW"
"dungeonsdelight:slicorice","dungeonsdelight:slicorice","[农夫乐事-地牢乐事]neoforge-dungeonsdelight-1.21.1-1.5.0.jar","data/dungeonsdelight/recipe/slicorice.json","CO_PRODUCT_ALLOCATION_REVIEW;PROBABILISTIC_OUTPUT_REVIEW;RECIPE_CYCLE;MISSING_PRICE;ZERO_COST;PROVISIONAL_PRICE_ANCHOR;ALTERNATIVE_CO_PRODUCT_ALLOCATION_REVIEW;ALTERNATIVE_PROBABILISTIC_OUTPUT_REVIEW;ALTERNATIVE_RECIPE_CYCLE;ALTERNATIVE_MISSING_PRICE;ALTERNATIVE_ZERO_COST;ALTERNATIVE_PROVISIONAL_PRICE_ANCHOR","dungeonsdelight:slicorice","dungeonsdelight:slicorice <- recipe=dungeonsdelight:slicorice;type=minecraft:crafting_shapeless;output=1;choices=dungeonsdelight:wormroot_tendrils×1 + minecraft:sugar×1 + minecraft:slime_ball×1;container=NONE -> dungeonsdelight:wormroot_tendrils <- recipe=dungeonsdelight:cutting/gunk;type=farmersdelight:cutting;output=1;choices=dungeonsdelight:gunk×1;container=NONE -> dungeonsdelight:gunk <- recipe=dungeonsdelight:cutting/rotbulb;type=farmersdelight:cutting;output=2;choices=dungeonsdelight:rotbulb×1;container=NONE -> dungeonsdelight:rotbulb <- recipe=dungeonsdelight:rotbulb_from_rotbulb_crate;type=minecraft:crafting_shapeless;output=9;choices=dungeonsdelight:rotbulb_crate×1;container=NONE -> dungeonsdelight:rotbulb_crate <- recipe=minecraft:rotbulb_crate;type=minecraft:crafting_shaped;output=1;choices=;container=NONE -> minecraft:sugar=4(已定义) -> minecraft:slime_ball=8(猜想)","补齐证据后复审，不写入正式池","REVIEW"
"dungeonsdelight:slime_bar","dungeonsdelight:slime_bar_from_shapeless","[农夫乐事-地牢乐事]neoforge-dungeonsdelight-1.21.1-1.5.0.jar","data/dungeonsdelight/recipe/slime_bar_from_shapeless.json","TAG_PRICE_MISSING;PROVISIONAL_PRICE_ANCHOR;ALTERNATIVE_TAG_PRICE_MISSING;ALTERNATIVE_PROVISIONAL_PRICE_ANCHOR","dungeonsdelight:slime_bar","dungeonsdelight:slime_bar <- recipe=dungeonsdelight:slime_bar_from_shapeless;type=minecraft:crafting_shapeless;output=1;choices=farmersdelight:canvas×1 + minecraft:dried_kelp×1;container=NONE -> farmersdelight:canvas=4(猜想) -> minecraft:dried_kelp=3(猜想)","补齐证据后复审，不写入正式池","REVIEW"
"dungeonsdelight:slime_noodles","dungeonsdelight:cutting/slime_bar","[农夫乐事-地牢乐事]neoforge-dungeonsdelight-1.21.1-1.5.0.jar","data/dungeonsdelight/recipe/cutting/slime_bar.json","CO_PRODUCT_ALLOCATION_REVIEW;TAG_PRICE_MISSING;PROVISIONAL_PRICE_ANCHOR;ALTERNATIVE_CO_PRODUCT_ALLOCATION_REVIEW;ALTERNATIVE_TAG_PRICE_MISSING;ALTERNATIVE_PROVISIONAL_PRICE_ANCHOR","dungeonsdelight:slime_noodles","dungeonsdelight:slime_noodles <- recipe=dungeonsdelight:cutting/slime_bar;type=farmersdelight:cutting;output=2;choices=dungeonsdelight:slime_bar×1;container=NONE -> dungeonsdelight:slime_bar <- recipe=dungeonsdelight:slime_bar_from_shapeless;type=minecraft:crafting_shapeless;output=1;choices=farmersdelight:canvas×1 + minecraft:dried_kelp×1;container=NONE -> farmersdelight:canvas=4(猜想) -> minecraft:dried_kelp=3(猜想)","补齐证据后复审，不写入正式池","REVIEW"
"dungeonsdelight:smoked_spider_meat","dungeonsdelight:smoked_spider_meat_from_campfire","[农夫乐事-地牢乐事]neoforge-dungeonsdelight-1.21.1-1.5.0.jar","data/dungeonsdelight/recipe/smoked_spider_meat_from_campfire.json","MISSING_PRICE;ZERO_COST;ALTERNATIVE_MISSING_PRICE;ALTERNATIVE_ZERO_COST","dungeonsdelight:smoked_spider_meat","dungeonsdelight:smoked_spider_meat <- recipe=dungeonsdelight:smoked_spider_meat_from_campfire;type=minecraft:campfire_cooking;output=1;choices=;container=NONE","补齐证据后复审，不写入正式池","REVIEW"
"dungeonsdelight:snifferwurst","dungeonsdelight:cooking/snifferwurst","[农夫乐事-地牢乐事]neoforge-dungeonsdelight-1.21.1-1.5.0.jar","data/dungeonsdelight/recipe/cooking/snifferwurst.json","MISSING_PRICE;TAG_PRICE_MISSING;PROVISIONAL_PRICE_ANCHOR;ALTERNATIVE_MISSING_PRICE;ALTERNATIVE_TAG_PRICE_MISSING;ALTERNATIVE_PROVISIONAL_PRICE_ANCHOR","dungeonsdelight:snifferwurst","dungeonsdelight:snifferwurst <- recipe=dungeonsdelight:cooking/snifferwurst;type=farmersdelight:cooking;output=1;choices=dungeonsdelight:slime_bar×1;container=NONE -> dungeonsdelight:slime_bar <- recipe=dungeonsdelight:slime_bar_from_shapeless;type=minecraft:crafting_shapeless;output=1;choices=farmersdelight:canvas×1 + minecraft:dried_kelp×1;container=NONE -> farmersdelight:canvas=4(猜想) -> minecraft:dried_kelp=3(猜想)","补齐证据后复审，不写入正式池","REVIEW"
"dungeonsdelight:snuffledog","dungeonsdelight:cooking/snuffledog","[农夫乐事-地牢乐事]neoforge-dungeonsdelight-1.21.1-1.5.0.jar","data/dungeonsdelight/recipe/cooking/snuffledog.json","MISSING_PRICE;TAG_PRICE_MISSING;PROVISIONAL_PRICE_ANCHOR;ALTERNATIVE_MISSING_PRICE;ALTERNATIVE_TAG_PRICE_MISSING;ALTERNATIVE_PROVISIONAL_PRICE_ANCHOR","dungeonsdelight:snuffledog","dungeonsdelight:snuffledog <- recipe=dungeonsdelight:cooking/snuffledog;type=farmersdelight:cooking;output=1;choices=dungeonsdelight:snifferwurst×1 + farmersdelight:tomato×1;container=PART_OF_RESULT:minecraft:bread=12 -> dungeonsdelight:snifferwurst <- recipe=dungeonsdelight:cooking/snifferwurst;type=farmersdelight:cooking;output=1;choices=dungeonsdelight:slime_bar×1;container=NONE -> dungeonsdelight:slime_bar <- recipe=dungeonsdelight:slime_bar_from_shapeless;type=minecraft:crafting_shapeless;output=1;choices=farmersdelight:canvas×1 + minecraft:dried_kelp×1;container=NONE -> farmersdelight:canvas=4(猜想) -> minecraft:dried_kelp=3(猜想) -> farmersdelight:tomato=6(猜想)","补齐证据后复审，不写入正式池","REVIEW"
"dungeonsdelight:soaked_skewer","dungeonsdelight:monster_cooking/soaked_skewer","[农夫乐事-地牢乐事]neoforge-dungeonsdelight-1.21.1-1.5.0.jar","data/dungeonsdelight/recipe/monster_cooking/soaked_skewer.json","MISSING_PRICE;TAG_PRICE_MISSING;ZERO_COST;ALTERNATIVE_MISSING_PRICE;ALTERNATIVE_TAG_PRICE_MISSING;ALTERNATIVE_ZERO_COST;UNKNOWN_BUFF","dungeonsdelight:soaked_skewer","dungeonsdelight:soaked_skewer <- recipe=dungeonsdelight:monster_cooking/soaked_skewer;type=dungeonsdelight:monster_cooking;output=1;choices=;container=NONE","补齐证据后复审，不写入正式池","REVIEW"
"dungeonsdelight:soft_serve_sniffer_egg","dungeonsdelight:soft_serve_sniffer_egg_from_campfire","[农夫乐事-地牢乐事]neoforge-dungeonsdelight-1.21.1-1.5.0.jar","data/dungeonsdelight/recipe/soft_serve_sniffer_egg_from_campfire.json","MISSING_PRICE;ZERO_COST;ALTERNATIVE_MISSING_PRICE;ALTERNATIVE_ZERO_COST","dungeonsdelight:soft_serve_sniffer_egg","dungeonsdelight:soft_serve_sniffer_egg <- recipe=dungeonsdelight:soft_serve_sniffer_egg_from_campfire;type=minecraft:campfire_cooking;output=1;choices=;container=NONE","补齐证据后复审，不写入正式池","REVIEW"
"dungeonsdelight:spider_bisque","dungeonsdelight:monster_cooking/spider_bisque","[农夫乐事-地牢乐事]neoforge-dungeonsdelight-1.21.1-1.5.0.jar","data/dungeonsdelight/recipe/monster_cooking/spider_bisque.json","MISSING_PRICE;ZERO_COST;PROVISIONAL_PRICE_ANCHOR;ALTERNATIVE_MISSING_PRICE;ALTERNATIVE_ZERO_COST;ALTERNATIVE_PROVISIONAL_PRICE_ANCHOR;UNKNOWN_BUFF","dungeonsdelight:spider_bisque","dungeonsdelight:spider_bisque <- recipe=dungeonsdelight:monster_cooking/spider_bisque;type=dungeonsdelight:monster_cooking;output=1;choices=dungeonsdelight:rotgourd_slice×1 + dungeonsdelight:spider_extract×1;container=NONE -> dungeonsdelight:rotgourd_slice <- recipe=dungeonsdelight:cutting/rotgourd;type=farmersdelight:cutting;output=4;choices=;container=NONE -> dungeonsdelight:spider_extract <- recipe=dungeonsdelight:monster_cooking/spider_extract;type=dungeonsdelight:monster_cooking;output=1;choices=minecraft:spider_eye×1;container=NONE -> minecraft:spider_eye=6(猜想)","补齐证据后复审，不写入正式池","REVIEW"
"dungeonsdelight:spider_extract","dungeonsdelight:monster_cooking/spider_extract","[农夫乐事-地牢乐事]neoforge-dungeonsdelight-1.21.1-1.5.0.jar","data/dungeonsdelight/recipe/monster_cooking/spider_extract.json","MISSING_PRICE;PROVISIONAL_PRICE_ANCHOR;ALTERNATIVE_MISSING_PRICE;ALTERNATIVE_PROVISIONAL_PRICE_ANCHOR","dungeonsdelight:spider_extract","dungeonsdelight:spider_extract <- recipe=dungeonsdelight:monster_cooking/spider_extract;type=dungeonsdelight:monster_cooking;output=1;choices=minecraft:spider_eye×1;container=NONE -> minecraft:spider_eye=6(猜想)","补齐证据后复审，不写入正式池","REVIEW"
"dungeonsdelight:spider_pie_slice","dungeonsdelight:cutting/spider_pie","[农夫乐事-地牢乐事]neoforge-dungeonsdelight-1.21.1-1.5.0.jar","data/dungeonsdelight/recipe/cutting/spider_pie.json","TAG_PRICE_MISSING;MISSING_PRICE;PROVISIONAL_PRICE_ANCHOR;ALTERNATIVE_TAG_PRICE_MISSING;ALTERNATIVE_MISSING_PRICE;ALTERNATIVE_PROVISIONAL_PRICE_ANCHOR;UNKNOWN_BUFF","dungeonsdelight:spider_pie_slice","dungeonsdelight:spider_pie_slice <- recipe=dungeonsdelight:cutting/spider_pie;type=farmersdelight:cutting;output=4;choices=dungeonsdelight:spider_pie×1;container=NONE -> dungeonsdelight:spider_pie <- recipe=dungeonsdelight:spider_pie;type=minecraft:crafting_shaped;output=1;choices=minecraft:sugar×2 + farmersdelight:pie_crust×1;container=NONE -> minecraft:sugar=4(已定义) -> farmersdelight:pie_crust=10(猜想)","补齐证据后复审，不写入正式池","REVIEW"
"dungeonsdelight:spider_salmagundi","dungeonsdelight:monster_cooking/spider_salmagundi","[农夫乐事-地牢乐事]neoforge-dungeonsdelight-1.21.1-1.5.0.jar","data/dungeonsdelight/recipe/monster_cooking/spider_salmagundi.json","MISSING_PRICE;PROVISIONAL_PRICE_ANCHOR;ALTERNATIVE_MISSING_PRICE;ALTERNATIVE_PROVISIONAL_PRICE_ANCHOR;UNKNOWN_BUFF","dungeonsdelight:spider_salmagundi","dungeonsdelight:spider_salmagundi <- recipe=dungeonsdelight:monster_cooking/spider_salmagundi;type=dungeonsdelight:monster_cooking;output=1;choices=farmersdelight:onion×1;container=NONE -> farmersdelight:onion=6(猜想)","补齐证据后复审，不写入正式池","REVIEW"
"dungeonsdelight:spider_tanghulu","dungeonsdelight:monster_cooking/spider_tanghulu","[农夫乐事-地牢乐事]neoforge-dungeonsdelight-1.21.1-1.5.0.jar","data/dungeonsdelight/recipe/monster_cooking/spider_tanghulu.json","PROVISIONAL_PRICE_ANCHOR;UNKNOWN_BUFF;猜想锚点:minecraft:spider_eye=6(猜想)","dungeonsdelight:spider_tanghulu","dungeonsdelight:spider_tanghulu <- recipe=dungeonsdelight:monster_cooking/spider_tanghulu;type=dungeonsdelight:monster_cooking;output=1;choices=minecraft:spider_eye×1 + minecraft:spider_eye×1 + minecraft:spider_eye×1 + minecraft:beetroot×1 + minecraft:sugar×1;container=NONE -> minecraft:spider_eye=6(猜想) -> minecraft:spider_eye=6(猜想) -> minecraft:spider_eye=6(猜想) -> minecraft:beetroot=7(已定义) -> minecraft:sugar=4(已定义)","补齐证据后复审，不写入正式池","REVIEW"
"dungeonsdelight:takoyaki","dungeonsdelight:monster_cooking/takoyaki","[农夫乐事-地牢乐事]neoforge-dungeonsdelight-1.21.1-1.5.0.jar","data/dungeonsdelight/recipe/monster_cooking/takoyaki.json","TAG_PRICE_MISSING;MISSING_PRICE;ZERO_COST;ALTERNATIVE_TAG_PRICE_MISSING;ALTERNATIVE_MISSING_PRICE;ALTERNATIVE_ZERO_COST;UNKNOWN_BUFF","dungeonsdelight:takoyaki","dungeonsdelight:takoyaki <- recipe=dungeonsdelight:monster_cooking/takoyaki;type=dungeonsdelight:monster_cooking;output=1;choices=dungeonsdelight:sculk_mayo×1 + dungeonsdelight:rotgourd_slice×1;container=NONE -> dungeonsdelight:sculk_mayo <- recipe=dungeonsdelight:monster_cooking/sculk_mayo;type=dungeonsdelight:monster_cooking;output=1;choices=;container=NONE -> dungeonsdelight:rotgourd_slice <- recipe=dungeonsdelight:cutting/rotgourd;type=farmersdelight:cutting;output=4;choices=;container=NONE","补齐证据后复审，不写入正式池","REVIEW"
"dungeonsdelight:terrine_loaf","dungeonsdelight:monster_cooking/terrine_loaf","[农夫乐事-地牢乐事]neoforge-dungeonsdelight-1.21.1-1.5.0.jar","data/dungeonsdelight/recipe/monster_cooking/terrine_loaf.json","MISSING_PRICE;CO_PRODUCT_ALLOCATION_REVIEW;TAG_PRICE_MISSING;RECIPE_CYCLE;ZERO_COST;PROVISIONAL_PRICE_ANCHOR;ALTERNATIVE_MISSING_PRICE;ALTERNATIVE_CO_PRODUCT_ALLOCATION_REVIEW;ALTERNATIVE_TAG_PRICE_MISSING;ALTERNATIVE_RECIPE_CYCLE;ALTERNATIVE_ZERO_COST;ALTERNATIVE_PROVISIONAL_PRICE_ANCHOR;UNKNOWN_BUFF","dungeonsdelight:terrine_loaf","dungeonsdelight:terrine_loaf <- recipe=dungeonsdelight:monster_cooking/terrine_loaf;type=dungeonsdelight:monster_cooking;output=1;choices=dungeonsdelight:slime_noodles×1 + dungeonsdelight:rotbulb×1;container=NONE -> dungeonsdelight:slime_noodles <- recipe=dungeonsdelight:cutting/slime_bar;type=farmersdelight:cutting;output=2;choices=dungeonsdelight:slime_bar×1;container=NONE -> dungeonsdelight:slime_bar <- recipe=dungeonsdelight:slime_bar_from_shapeless;type=minecraft:crafting_shapeless;output=1;choices=farmersdelight:canvas×1 + minecraft:dried_kelp×1;container=NONE -> farmersdelight:canvas=4(猜想) -> minecraft:dried_kelp=3(猜想) -> dungeonsdelight:rotbulb <- recipe=dungeonsdelight:rotbulb_from_rotbulb_crate;type=minecraft:crafting_shapeless;output=9;choices=dungeonsdelight:rotbulb_crate×1;container=NONE -> dungeonsdelight:rotbulb_crate <- recipe=minecraft:rotbulb_crate;type=minecraft:crafting_shaped;output=1;choices=;container=NONE","补齐证据后复审，不写入正式池","REVIEW"
"dungeonsdelight:trial_freakshake","dungeonsdelight:monster_cooking/trial_freakshake","[农夫乐事-地牢乐事]neoforge-dungeonsdelight-1.21.1-1.5.0.jar","data/dungeonsdelight/recipe/monster_cooking/trial_freakshake.json","CO_PRODUCT_ALLOCATION_REVIEW;TAG_PRICE_MISSING;MISSING_PRICE;PROVISIONAL_PRICE_ANCHOR;ALTERNATIVE_CO_PRODUCT_ALLOCATION_REVIEW;ALTERNATIVE_TAG_PRICE_MISSING;ALTERNATIVE_MISSING_PRICE;ALTERNATIVE_PROVISIONAL_PRICE_ANCHOR;UNKNOWN_BUFF","dungeonsdelight:trial_freakshake","dungeonsdelight:trial_freakshake <- recipe=dungeonsdelight:monster_cooking/trial_freakshake;type=dungeonsdelight:monster_cooking;output=1;choices=dungeonsdelight:slime_noodles×1 + minecraft:spider_eye×1 + minecraft:amethyst_shard×1 + minecraft:cookie×1;container=NONE -> dungeonsdelight:slime_noodles <- recipe=dungeonsdelight:cutting/slime_bar;type=farmersdelight:cutting;output=2;choices=dungeonsdelight:slime_bar×1;container=NONE -> dungeonsdelight:slime_bar <- recipe=dungeonsdelight:slime_bar_from_shapeless;type=minecraft:crafting_shapeless;output=1;choices=farmersdelight:canvas×1 + minecraft:dried_kelp×1;container=NONE -> farmersdelight:canvas=4(猜想) -> minecraft:dried_kelp=3(猜想) -> minecraft:spider_eye=6(猜想) -> minecraft:amethyst_shard=18(猜想) -> minecraft:cookie=6(猜想)","补齐证据后复审，不写入正式池","REVIEW"
"dungeonsdelight:wispy_rice_ball","dungeonsdelight:monster_cooking/wispy_rice_ball","[农夫乐事-地牢乐事]neoforge-dungeonsdelight-1.21.1-1.5.0.jar","data/dungeonsdelight/recipe/monster_cooking/wispy_rice_ball.json","MISSING_PRICE;TAG_PRICE_MISSING;PROVISIONAL_PRICE_ANCHOR;ALTERNATIVE_MISSING_PRICE;ALTERNATIVE_TAG_PRICE_MISSING;ALTERNATIVE_PROVISIONAL_PRICE_ANCHOR;UNKNOWN_BUFF","dungeonsdelight:wispy_rice_ball","dungeonsdelight:wispy_rice_ball <- recipe=dungeonsdelight:monster_cooking/wispy_rice_ball;type=dungeonsdelight:monster_cooking;output=1;choices=dungeonsdelight:slime_bar×1 + farmersdelight:rice×1;container=NONE -> dungeonsdelight:slime_bar <- recipe=dungeonsdelight:slime_bar_from_shapeless;type=minecraft:crafting_shapeless;output=1;choices=farmersdelight:canvas×1 + minecraft:dried_kelp×1;container=NONE -> farmersdelight:canvas=4(猜想) -> minecraft:dried_kelp=3(猜想) -> farmersdelight:rice=5(猜想)","补齐证据后复审，不写入正式池","REVIEW"
"minecraft:bread","mynethersdelight:bread_from_smelting","[农夫乐事-下界乐事]MyNethersDelight-1.21.1-1.10.4.jar","data/mynethersdelight/recipe/bread_from_smelting.json","PROBABILISTIC_OUTPUT_REVIEW;MISSING_PRICE;ZERO_COST;ALTERNATIVE_PROBABILISTIC_OUTPUT_REVIEW;ALTERNATIVE_MISSING_PRICE;ALTERNATIVE_ZERO_COST","minecraft:bread","minecraft:bread <- recipe=mynethersdelight:bread_from_smelting;type=minecraft:smelting;output=1;choices=mynethersdelight:ghast_dough×1;container=NONE -> mynethersdelight:ghast_dough <- recipe=mynethersdelight:crafting/ghast_dough;type=minecraft:crafting_shapeless;output=2;choices=#c:eggs×1 + mynethersdelight:ghasmati×1 + mynethersdelight:ghasmati×1 + #c:eggs×1;container=NONE -> #c:eggs=5(已定义) -> mynethersdelight:ghasmati <- recipe=mynethersdelight:cutting/ghasmati;type=farmersdelight:cutting;output=1;choices=;container=NONE -> mynethersdelight:ghasmati <- recipe=mynethersdelight:cutting/ghasmati;type=farmersdelight:cutting;output=1;choices=;container=NONE -> #c:eggs=5(已定义)","补齐证据后复审，不写入正式池","REVIEW"
"mynethersdelight:bacon-wrapped_sausage_on_a_stick","mynethersdelight:crafting/bacon_wrapped_sausage_stick","[农夫乐事-下界乐事]MyNethersDelight-1.21.1-1.10.4.jar","data/mynethersdelight/recipe/crafting/bacon_wrapped_sausage_stick.json","MISSING_PRICE;ZERO_COST;PROVISIONAL_PRICE_ANCHOR;ALTERNATIVE_MISSING_PRICE;ALTERNATIVE_ZERO_COST;ALTERNATIVE_PROVISIONAL_PRICE_ANCHOR","mynethersdelight:bacon-wrapped_sausage_on_a_stick","mynethersdelight:bacon-wrapped_sausage_on_a_stick <- recipe=mynethersdelight:crafting/bacon_wrapped_sausage_stick;type=minecraft:crafting_shapeless;output=1;choices=mynethersdelight:roasted_sausage×1 + farmersdelight:cooked_bacon×1 + minecraft:stick×1;container=NONE -> mynethersdelight:roasted_sausage <- recipe=mynethersdelight:hoglin_sausage_cooking;type=minecraft:smelting;output=1;choices=mynethersdelight:hoglin_sausage×1;container=NONE -> mynethersdelight:hoglin_sausage <- recipe=mynethersdelight:cutting/hoglin_sausage;type=farmersdelight:cutting;output=2;choices=;container=NONE -> farmersdelight:cooked_bacon=10(猜想) -> minecraft:stick <- recipe=mynethersdelight:cutting/stick_bamboo;type=farmersdelight:cutting;output=1;choices=minecraft:bamboo×1;container=NONE -> minecraft:bamboo=2(已定义)","补齐证据后复审，不写入正式池","REVIEW"
"mynethersdelight:bleeding_tartar","mynethersdelight:crafting/bleeding_tartar","[农夫乐事-下界乐事]MyNethersDelight-1.21.1-1.10.4.jar","data/mynethersdelight/recipe/crafting/bleeding_tartar.json","CO_PRODUCT_ALLOCATION_REVIEW;PROBABILISTIC_OUTPUT_REVIEW;MISSING_PRICE;ZERO_COST;PROVISIONAL_PRICE_ANCHOR;ALTERNATIVE_CO_PRODUCT_ALLOCATION_REVIEW;ALTERNATIVE_PROBABILISTIC_OUTPUT_REVIEW;ALTERNATIVE_MISSING_PRICE;ALTERNATIVE_ZERO_COST;ALTERNATIVE_PROVISIONAL_PRICE_ANCHOR","mynethersdelight:bleeding_tartar","mynethersdelight:bleeding_tartar <- recipe=mynethersdelight:crafting/bleeding_tartar;type=minecraft:crafting_shapeless;output=1;choices=mynethersdelight:minced_strider×1 + mynethersdelight:minced_strider×1 + #c:eggs×1 + minecraft:bowl×1;container=NONE -> mynethersdelight:minced_strider <- recipe=mynethersdelight:cutting/minced_strider;type=farmersdelight:cutting;output=2;choices=;container=NONE -> mynethersdelight:minced_strider <- recipe=mynethersdelight:cutting/minced_strider;type=farmersdelight:cutting;output=2;choices=;container=NONE -> #c:eggs=5(已定义) -> minecraft:bowl=2(猜想)","补齐证据后复审，不写入正式池","REVIEW"
"mynethersdelight:blue_tenderloin_steak","mynethersdelight:crafting/blue_tenderloin_steak","[农夫乐事-下界乐事]MyNethersDelight-1.21.1-1.10.4.jar","data/mynethersdelight/recipe/crafting/blue_tenderloin_steak.json","MISSING_PRICE;ZERO_COST;PROVISIONAL_PRICE_ANCHOR;ALTERNATIVE_MISSING_PRICE;ALTERNATIVE_ZERO_COST;ALTERNATIVE_PROVISIONAL_PRICE_ANCHOR;MIXED_BUFF_REVIEW","mynethersdelight:blue_tenderloin_steak","mynethersdelight:blue_tenderloin_steak <- recipe=mynethersdelight:crafting/blue_tenderloin_steak;type=minecraft:crafting_shapeless;output=1;choices=mynethersdelight:cooked_loin×1 + minecraft:warped_fungus×1 + farmersdelight:straw×1 + minecraft:bowl×1;container=NONE -> mynethersdelight:cooked_loin <- recipe=mynethersdelight:hoglin_loin_cooking;type=minecraft:smelting;output=1;choices=;container=NONE -> minecraft:warped_fungus=8(猜想) -> farmersdelight:straw=2(猜想) -> minecraft:bowl=2(猜想)","补齐证据后复审，不写入正式池","REVIEW"
"mynethersdelight:boiled_egg","mynethersdelight:boiled_egg_cooking","[农夫乐事-下界乐事]MyNethersDelight-1.21.1-1.10.4.jar","data/mynethersdelight/recipe/boiled_egg_cooking.json","TAG_PRICE_MISSING;ZERO_COST;ALTERNATIVE_TAG_PRICE_MISSING;ALTERNATIVE_ZERO_COST","mynethersdelight:boiled_egg","mynethersdelight:boiled_egg <- recipe=mynethersdelight:boiled_egg_cooking;type=minecraft:smelting;output=1;choices=;container=NONE","补齐证据后复审，不写入正式池","REVIEW"
"mynethersdelight:breakfast_sampler","mynethersdelight:crafting/breakfast_sampler","[农夫乐事-下界乐事]MyNethersDelight-1.21.1-1.10.4.jar","data/mynethersdelight/recipe/crafting/breakfast_sampler.json","MISSING_PRICE;ZERO_COST;CO_PRODUCT_ALLOCATION_REVIEW;PROBABILISTIC_OUTPUT_REVIEW;PROVISIONAL_PRICE_ANCHOR;ALTERNATIVE_MISSING_PRICE;ALTERNATIVE_ZERO_COST;ALTERNATIVE_CO_PRODUCT_ALLOCATION_REVIEW;ALTERNATIVE_PROBABILISTIC_OUTPUT_REVIEW;ALTERNATIVE_PROVISIONAL_PRICE_ANCHOR","mynethersdelight:breakfast_sampler","mynethersdelight:breakfast_sampler <- recipe=mynethersdelight:crafting/breakfast_sampler;type=minecraft:crafting_shapeless;output=1;choices=mynethersdelight:roasted_sausage×1 + mynethersdelight:roasted_sausage×1 + mynethersdelight:strider_egg×1 + #c:foods/cooked_egg×1 + #c:foods/cooked_egg×1 + #c:foods/bread×1 + minecraft:bowl×1;container=NONE -> mynethersdelight:roasted_sausage <- recipe=mynethersdelight:hoglin_sausage_cooking;type=minecraft:smelting;output=1;choices=mynethersdelight:hoglin_sausage×1;container=NONE -> mynethersdelight:hoglin_sausage <- recipe=mynethersdelight:cutting/hoglin_sausage;type=farmersdelight:cutting;output=2;choices=;container=NONE -> mynethersdelight:roasted_sausage <- recipe=mynethersdelight:hoglin_sausage_cooking;type=minecraft:smelting;output=1;choices=mynethersdelight:hoglin_sausage×1;container=NONE -> mynethersdelight:hoglin_sausage <- recipe=mynethersdelight:cutting/hoglin_sausage;type=farmersdelight:cutting;output=2;choices=;container=NONE -> mynethersdelight:strider_egg <- recipe=mynethersdelight:cutting/strider_egg;type=farmersdelight:cutting;output=1;choices=;container=NONE -> #c:foods/cooked_egg=8(缺省猜想) -> #c:foods/cooked_egg=8(缺省猜想) -> #c:foods/bread=12(猜想) -> minecraft:bowl=2(猜想)","补齐证据后复审，不写入正式池","REVIEW"
"mynethersdelight:burnt_roll","mynethersdelight:cooking/burn_roll","[农夫乐事-下界乐事]MyNethersDelight-1.21.1-1.10.4.jar","data/mynethersdelight/recipe/cooking/burn_roll.json","PROVISIONAL_PRICE_ANCHOR;ALTERNATIVE_PROVISIONAL_PRICE_ANCHOR;猜想锚点:minecraft:magma_cream=33(人工定价(PROVISIONAL):配方派生(粘液球+烈焰粉))|#c:foods/raw_meat=12(缺省猜想)","mynethersdelight:burnt_roll","mynethersdelight:burnt_roll <- recipe=mynethersdelight:cooking/burn_roll;type=farmersdelight:cooking;output=2;choices=minecraft:magma_cream×1 + minecraft:magma_cream×1 + #c:foods/raw_meat×1;container=NONE -> minecraft:magma_cream=33(人工定价(PROVISIONAL):配方派生(粘液球+烈焰粉)) -> minecraft:magma_cream=33(人工定价(PROVISIONAL):配方派生(粘液球+烈焰粉)) -> #c:foods/raw_meat=12(缺省猜想)","补齐证据后复审，不写入正式池","REVIEW"
"mynethersdelight:chilidog","farmersrespite:chilidog_alt","[农夫乐事-下界乐事]MyNethersDelight-1.21.1-1.10.4.jar","data/farmersrespite/recipe/chilidog_alt.json","MISSING_PRICE;ZERO_COST;PROVISIONAL_PRICE_ANCHOR;ALTERNATIVE_MISSING_PRICE;ALTERNATIVE_ZERO_COST;ALTERNATIVE_PROVISIONAL_PRICE_ANCHOR;ALTERNATIVE_TAG_PRICE_MISSING;ALTERNATIVE_CO_PRODUCT_ALLOCATION_REVIEW;ALTERNATIVE_PROBABILISTIC_OUTPUT_REVIEW;ALTERNATIVE_PRICE_SOURCE_REVIEW;UNKNOWN_BUFF","mynethersdelight:chilidog","mynethersdelight:chilidog <- recipe=farmersrespite:chilidog_alt;type=minecraft:crafting_shapeless;output=2;choices=mynethersdelight:hotdog×1 + mynethersdelight:hotdog×1;container=NONE -> mynethersdelight:hotdog <- recipe=mynethersdelight:crafting/hotdog;type=minecraft:crafting_shapeless;output=1;choices=mynethersdelight:roasted_sausage×1 + #c:foods/bread×1;container=NONE -> mynethersdelight:roasted_sausage <- recipe=mynethersdelight:hoglin_sausage_cooking;type=minecraft:smelting;output=1;choices=mynethersdelight:hoglin_sausage×1;container=NONE -> mynethersdelight:hoglin_sausage <- recipe=mynethersdelight:cutting/hoglin_sausage;type=farmersdelight:cutting;output=2;choices=;container=NONE -> #c:foods/bread=12(猜想) -> mynethersdelight:hotdog <- recipe=mynethersdelight:crafting/hotdog;type=minecraft:crafting_shapeless;output=1;choices=mynethersdelight:roasted_sausage×1 + #c:foods/bread×1;container=NONE -> mynethersdelight:roasted_sausage <- recipe=mynethersdelight:hoglin_sausage_cooking;type=minecraft:smelting;output=1;choices=mynethersdelight:hoglin_sausage×1;container=NONE -> mynethersdelight:hoglin_sausage <- recipe=mynethersdelight:cutting/hoglin_sausage;type=farmersdelight:cutting;output=2;choices=;container=NONE -> #c:foods/bread=12(猜想)","补齐证据后复审，不写入正式池","REVIEW"
"mynethersdelight:cooked_loin","mynethersdelight:hoglin_loin_cooking","[农夫乐事-下界乐事]MyNethersDelight-1.21.1-1.10.4.jar","data/mynethersdelight/recipe/hoglin_loin_cooking.json","MISSING_PRICE;ZERO_COST;ALTERNATIVE_MISSING_PRICE;ALTERNATIVE_ZERO_COST","mynethersdelight:cooked_loin","mynethersdelight:cooked_loin <- recipe=mynethersdelight:hoglin_loin_cooking;type=minecraft:smelting;output=1;choices=;container=NONE","补齐证据后复审，不写入正式池","REVIEW"
"mynethersdelight:crimson_stroganoff","mynethersdelight:cooking/crimson_stroganoff","[农夫乐事-下界乐事]MyNethersDelight-1.21.1-1.10.4.jar","data/mynethersdelight/recipe/cooking/crimson_stroganoff.json","CO_PRODUCT_ALLOCATION_REVIEW;PROBABILISTIC_OUTPUT_REVIEW;MISSING_PRICE;ZERO_COST;PROVISIONAL_PRICE_ANCHOR;ALTERNATIVE_CO_PRODUCT_ALLOCATION_REVIEW;ALTERNATIVE_PROBABILISTIC_OUTPUT_REVIEW;ALTERNATIVE_MISSING_PRICE;ALTERNATIVE_ZERO_COST;ALTERNATIVE_PROVISIONAL_PRICE_ANCHOR","mynethersdelight:crimson_stroganoff","mynethersdelight:crimson_stroganoff <- recipe=mynethersdelight:cooking/crimson_stroganoff;type=farmersdelight:cooking;output=1;choices=mynethersdelight:minced_strider×1 + minecraft:crimson_fungus×1 + minecraft:crimson_fungus×1 + #c:drinks/milk×1 + #c:foods/pasta×1;container=NONE -> mynethersdelight:minced_strider <- recipe=mynethersdelight:cutting/minced_strider;type=farmersdelight:cutting;output=2;choices=;container=NONE -> minecraft:crimson_fungus=8(猜想) -> minecraft:crimson_fungus=8(猜想) -> #c:drinks/milk=6(猜想) -> #c:foods/pasta=8(缺省猜想)","补齐证据后复审，不写入正式池","REVIEW"
"mynethersdelight:deviled_egg","mynethersdelight:cooking/deviled_egg","[农夫乐事-下界乐事]MyNethersDelight-1.21.1-1.10.4.jar","data/mynethersdelight/recipe/cooking/deviled_egg.json","TAG_PRICE_MISSING;MISSING_PRICE;ZERO_COST;ALTERNATIVE_TAG_PRICE_MISSING;ALTERNATIVE_MISSING_PRICE;ALTERNATIVE_ZERO_COST","mynethersdelight:deviled_egg","mynethersdelight:deviled_egg <- recipe=mynethersdelight:cooking/deviled_egg;type=farmersdelight:cooking;output=2;choices=mynethersdelight:hoglin_sausage×1;container=NONE -> mynethersdelight:hoglin_sausage <- recipe=mynethersdelight:cutting/hoglin_sausage;type=farmersdelight:cutting;output=2;choices=;container=NONE","补齐证据后复审，不写入正式池","REVIEW"
"mynethersdelight:dried_ghast_with_milk","mynethersdelight:crafting/dried_ghast_with_milk","[农夫乐事-下界乐事]MyNethersDelight-1.21.1-1.10.4.jar","data/mynethersdelight/recipe/crafting/dried_ghast_with_milk.json","PROBABILISTIC_OUTPUT_REVIEW;MISSING_PRICE;ZERO_COST;PROVISIONAL_PRICE_ANCHOR;ALTERNATIVE_PROBABILISTIC_OUTPUT_REVIEW;ALTERNATIVE_MISSING_PRICE;ALTERNATIVE_ZERO_COST;ALTERNATIVE_PROVISIONAL_PRICE_ANCHOR","mynethersdelight:dried_ghast_with_milk","mynethersdelight:dried_ghast_with_milk <- recipe=mynethersdelight:crafting/dried_ghast_with_milk;type=minecraft:crafting_shapeless;output=1;choices=mynethersdelight:ghasmati×1 + #c:drinks/milk×1 + minecraft:bowl×1;container=NONE -> mynethersdelight:ghasmati <- recipe=mynethersdelight:cutting/ghasmati;type=farmersdelight:cutting;output=1;choices=;container=NONE -> #c:drinks/milk=6(猜想) -> minecraft:bowl=2(猜想)","补齐证据后复审，不写入正式池","REVIEW"
"mynethersdelight:egg_soup","mynethersdelight:cooking/egg_soup","[农夫乐事-下界乐事]MyNethersDelight-1.21.1-1.10.4.jar","data/mynethersdelight/recipe/cooking/egg_soup.json","TAG_PRICE_MISSING;PROVISIONAL_PRICE_ANCHOR;ALTERNATIVE_TAG_PRICE_MISSING;ALTERNATIVE_PROVISIONAL_PRICE_ANCHOR","mynethersdelight:egg_soup","mynethersdelight:egg_soup <- recipe=mynethersdelight:cooking/egg_soup;type=farmersdelight:cooking;output=1;choices=#c:foods/cooked_egg×1 + #c:foods/cooked_egg×1;container=NONE -> #c:foods/cooked_egg=8(缺省猜想) -> #c:foods/cooked_egg=8(缺省猜想)","补齐证据后复审，不写入正式池","REVIEW"
"mynethersdelight:fried_hoglin_chop","mynethersdelight:cooking/fried_hoglin_chop","[农夫乐事-下界乐事]MyNethersDelight-1.21.1-1.10.4.jar","data/mynethersdelight/recipe/cooking/fried_hoglin_chop.json","MISSING_PRICE;RECIPE_CYCLE;ZERO_COST;PROVISIONAL_PRICE_ANCHOR;ALTERNATIVE_MISSING_PRICE;ALTERNATIVE_RECIPE_CYCLE;ALTERNATIVE_ZERO_COST;ALTERNATIVE_PROVISIONAL_PRICE_ANCHOR;MIXED_BUFF_REVIEW","mynethersdelight:fried_hoglin_chop","mynethersdelight:fried_hoglin_chop <- recipe=mynethersdelight:cooking/fried_hoglin_chop;type=farmersdelight:cooking;output=1;choices=minecraft:wheat×1 + #c:drinks/milk×1 + #c:eggs×1 + mynethersdelight:bullet_pepper×1;container=NONE -> minecraft:wheat=5(已定义) -> #c:drinks/milk=6(猜想) -> #c:eggs=5(已定义) -> mynethersdelight:bullet_pepper <- recipe=mynethersdelight:crafting/bullet_papper_crate_alt;type=minecraft:crafting_shapeless;output=9;choices=mynethersdelight:bullet_pepper_crate×1;container=NONE -> mynethersdelight:bullet_pepper_crate <- recipe=mynethersdelight:crafting/bullet_papper_crate;type=minecraft:crafting_shapeless;output=1;choices=;container=NONE","补齐证据后复审，不写入正式池","REVIEW"
"mynethersdelight:fries_ghasta","mynethersdelight:cooking/fries_ghasta","[农夫乐事-下界乐事]MyNethersDelight-1.21.1-1.10.4.jar","data/mynethersdelight/recipe/cooking/fries_ghasta.json","MISSING_PRICE;PROVISIONAL_PRICE_ANCHOR;ALTERNATIVE_MISSING_PRICE;ALTERNATIVE_PROVISIONAL_PRICE_ANCHOR","mynethersdelight:fries_ghasta","mynethersdelight:fries_ghasta <- recipe=mynethersdelight:cooking/fries_ghasta;type=farmersdelight:cooking;output=1;choices=;container=PART_OF_RESULT:minecraft:paper=3","补齐证据后复审，不写入正式池","REVIEW"
"mynethersdelight:ghast_salad","mynethersdelight:crafting/ghast_salad","[农夫乐事-下界乐事]MyNethersDelight-1.21.1-1.10.4.jar","data/mynethersdelight/recipe/crafting/ghast_salad.json","TAG_PRICE_MISSING;INVALID_INGREDIENT_STACK;PROVISIONAL_PRICE_ANCHOR;ALTERNATIVE_TAG_PRICE_MISSING;ALTERNATIVE_INVALID_INGREDIENT_STACK;ALTERNATIVE_PROVISIONAL_PRICE_ANCHOR","mynethersdelight:ghast_salad","mynethersdelight:ghast_salad <- recipe=mynethersdelight:crafting/ghast_salad;type=minecraft:crafting_shapeless;output=1;choices=#c:crops/carrot×1 + minecraft:bowl×1;container=NONE -> #c:crops/carrot=4(猜想) -> minecraft:bowl=2(猜想)","补齐证据后复审，不写入正式池","REVIEW"
"mynethersdelight:giant_takoyaki","mynethersdelight:cooking/giant_tentacles","[农夫乐事-下界乐事]MyNethersDelight-1.21.1-1.10.4.jar","data/mynethersdelight/recipe/cooking/giant_tentacles.json","TAG_PRICE_MISSING;PROVISIONAL_PRICE_ANCHOR;ALTERNATIVE_TAG_PRICE_MISSING;ALTERNATIVE_PROVISIONAL_PRICE_ANCHOR","mynethersdelight:giant_takoyaki","mynethersdelight:giant_takoyaki <- recipe=mynethersdelight:cooking/giant_tentacles;type=farmersdelight:cooking;output=1;choices=#c:foods/dough×1 + farmersdelight:onion×1;container=NONE -> #c:foods/dough=8(猜想) -> farmersdelight:onion=6(猜想)","补齐证据后复审，不写入正式池","REVIEW"
"mynethersdelight:hoglin_sausage","mynethersdelight:cutting/hoglin_sausage","[农夫乐事-下界乐事]MyNethersDelight-1.21.1-1.10.4.jar","data/mynethersdelight/recipe/cutting/hoglin_sausage.json","MISSING_PRICE;ZERO_COST;ALTERNATIVE_MISSING_PRICE;ALTERNATIVE_ZERO_COST","mynethersdelight:hoglin_sausage","mynethersdelight:hoglin_sausage <- recipe=mynethersdelight:cutting/hoglin_sausage;type=farmersdelight:cutting;output=2;choices=;container=NONE","补齐证据后复审，不写入正式池","REVIEW"
"mynethersdelight:hot_cream_cone","mynethersdelight:crafting/hotcream_cone","[农夫乐事-下界乐事]MyNethersDelight-1.21.1-1.10.4.jar","data/mynethersdelight/recipe/crafting/hotcream_cone.json","TAG_PRICE_MISSING;RECIPE_CYCLE;MISSING_PRICE;ZERO_COST;PRICE_SOURCE_REVIEW;PROVISIONAL_PRICE_ANCHOR;ALTERNATIVE_TAG_PRICE_MISSING;ALTERNATIVE_RECIPE_CYCLE;ALTERNATIVE_MISSING_PRICE;ALTERNATIVE_ZERO_COST;ALTERNATIVE_PRICE_SOURCE_REVIEW;ALTERNATIVE_PROVISIONAL_PRICE_ANCHOR;UNKNOWN_BUFF","mynethersdelight:hot_cream_cone","mynethersdelight:hot_cream_cone <- recipe=mynethersdelight:crafting/hotcream_cone;type=minecraft:crafting_shapeless;output=3;choices=mynethersdelight:hot_cream×1;container=NONE -> mynethersdelight:hot_cream <- recipe=mynethersdelight:cooking/hotcream;type=farmersdelight:cooking;output=1;choices=#c:eggs×1 + mynethersdelight:bullet_pepper×1 + minecraft:magma_cream×1 + minecraft:magma_cream×1;container=PART_OF_RESULT:minecraft:bucket -> #c:eggs=5(已定义) -> mynethersdelight:bullet_pepper <- recipe=mynethersdelight:crafting/bullet_papper_crate_alt;type=minecraft:crafting_shapeless;output=9;choices=mynethersdelight:bullet_pepper_crate×1;container=NONE -> mynethersdelight:bullet_pepper_crate <- recipe=mynethersdelight:crafting/bullet_papper_crate;type=minecraft:crafting_shapeless;output=1;choices=;container=NONE -> minecraft:magma_cream=33(人工定价(PROVISIONAL):配方派生(粘液球+烈焰粉)) -> minecraft:magma_cream=33(人工定价(PROVISIONAL):配方派生(粘液球+烈焰粉))","补齐证据后复审，不写入正式池","REVIEW"
"mynethersdelight:hot_wings_bucket","mynethersdelight:crafting/hot_wings_bucket","[农夫乐事-下界乐事]MyNethersDelight-1.21.1-1.10.4.jar","data/mynethersdelight/recipe/crafting/hot_wings_bucket.json","TAG_PRICE_MISSING;MISSING_PRICE;ALTERNATIVE_TAG_PRICE_MISSING;ALTERNATIVE_MISSING_PRICE;MIXED_BUFF_REVIEW","mynethersdelight:hot_wings_bucket","mynethersdelight:hot_wings_bucket <- recipe=mynethersdelight:crafting/hot_wings_bucket;type=minecraft:crafting_shapeless;output=1;choices=mynethersdelight:hot_wings×1 + mynethersdelight:hot_wings×1 + mynethersdelight:hot_wings×1;container=NONE -> mynethersdelight:hot_wings <- recipe=mynethersdelight:cooking/hot_wings;type=farmersdelight:cooking;output=1;choices=#c:foods/raw_chicken×1 + #c:crops/onion×1;container=NONE -> #c:foods/raw_chicken=7(已定义) -> #c:crops/onion=6(已定义) -> mynethersdelight:hot_wings <- recipe=mynethersdelight:cooking/hot_wings;type=farmersdelight:cooking;output=1;choices=#c:foods/raw_chicken×1 + #c:crops/onion×1;container=NONE -> #c:foods/raw_chicken=7(已定义) -> #c:crops/onion=6(已定义) -> mynethersdelight:hot_wings <- recipe=mynethersdelight:cooking/hot_wings;type=farmersdelight:cooking;output=1;choices=#c:foods/raw_chicken×1 + #c:crops/onion×1;container=NONE -> #c:foods/raw_chicken=7(已定义) -> #c:crops/onion=6(已定义)","补齐证据后复审，不写入正式池","REVIEW"
"mynethersdelight:hot_wings","mynethersdelight:cooking/hot_wings","[农夫乐事-下界乐事]MyNethersDelight-1.21.1-1.10.4.jar","data/mynethersdelight/recipe/cooking/hot_wings.json","TAG_PRICE_MISSING;ALTERNATIVE_TAG_PRICE_MISSING;ALTERNATIVE_RECIPE_CYCLE;ALTERNATIVE_MISSING_PRICE;ALTERNATIVE_ZERO_COST;ALTERNATIVE_PROVISIONAL_PRICE_ANCHOR;MIXED_BUFF_REVIEW","mynethersdelight:hot_wings","mynethersdelight:hot_wings <- recipe=mynethersdelight:cooking/hot_wings;type=farmersdelight:cooking;output=1;choices=#c:foods/raw_chicken×1 + #c:crops/onion×1;container=NONE -> #c:foods/raw_chicken=7(已定义) -> #c:crops/onion=6(已定义)","补齐证据后复审，不写入正式池","REVIEW"
"mynethersdelight:hotdog_with_mixed_salad","mynethersdelight:crafting/hotdog_with_mixed_salad","[农夫乐事-下界乐事]MyNethersDelight-1.21.1-1.10.4.jar","data/mynethersdelight/recipe/crafting/hotdog_with_mixed_salad.json","MISSING_PRICE;ZERO_COST;PROVISIONAL_PRICE_ANCHOR;ALTERNATIVE_MISSING_PRICE;ALTERNATIVE_ZERO_COST;ALTERNATIVE_PROVISIONAL_PRICE_ANCHOR","mynethersdelight:hotdog_with_mixed_salad","mynethersdelight:hotdog_with_mixed_salad <- recipe=mynethersdelight:crafting/hotdog_with_mixed_salad;type=minecraft:crafting_shapeless;output=2;choices=farmersdelight:mixed_salad×1 + mynethersdelight:hotdog×1 + mynethersdelight:hotdog×1;container=NONE -> farmersdelight:mixed_salad=18(猜想) -> mynethersdelight:hotdog <- recipe=mynethersdelight:crafting/hotdog;type=minecraft:crafting_shapeless;output=1;choices=mynethersdelight:roasted_sausage×1 + #c:foods/bread×1;container=NONE -> mynethersdelight:roasted_sausage <- recipe=mynethersdelight:hoglin_sausage_cooking;type=minecraft:smelting;output=1;choices=mynethersdelight:hoglin_sausage×1;container=NONE -> mynethersdelight:hoglin_sausage <- recipe=mynethersdelight:cutting/hoglin_sausage;type=farmersdelight:cutting;output=2;choices=;container=NONE -> #c:foods/bread=12(猜想) -> mynethersdelight:hotdog <- recipe=mynethersdelight:crafting/hotdog;type=minecraft:crafting_shapeless;output=1;choices=mynethersdelight:roasted_sausage×1 + #c:foods/bread×1;container=NONE -> mynethersdelight:roasted_sausage <- recipe=mynethersdelight:hoglin_sausage_cooking;type=minecraft:smelting;output=1;choices=mynethersdelight:hoglin_sausage×1;container=NONE -> mynethersdelight:hoglin_sausage <- recipe=mynethersdelight:cutting/hoglin_sausage;type=farmersdelight:cutting;output=2;choices=;container=NONE -> #c:foods/bread=12(猜想)","补齐证据后复审，不写入正式池","REVIEW"
"mynethersdelight:hotdog_with_nether_salad","mynethersdelight:crafting/hotdog_with_nether_salad","[农夫乐事-下界乐事]MyNethersDelight-1.21.1-1.10.4.jar","data/mynethersdelight/recipe/crafting/hotdog_with_nether_salad.json","MISSING_PRICE;ZERO_COST;PROVISIONAL_PRICE_ANCHOR;ALTERNATIVE_MISSING_PRICE;ALTERNATIVE_ZERO_COST;ALTERNATIVE_PROVISIONAL_PRICE_ANCHOR","mynethersdelight:hotdog_with_nether_salad","mynethersdelight:hotdog_with_nether_salad <- recipe=mynethersdelight:crafting/hotdog_with_nether_salad;type=minecraft:crafting_shapeless;output=2;choices=farmersdelight:nether_salad×1 + mynethersdelight:hotdog×1 + mynethersdelight:hotdog×1;container=NONE -> farmersdelight:nether_salad=22(猜想) -> mynethersdelight:hotdog <- recipe=mynethersdelight:crafting/hotdog;type=minecraft:crafting_shapeless;output=1;choices=mynethersdelight:roasted_sausage×1 + #c:foods/bread×1;container=NONE -> mynethersdelight:roasted_sausage <- recipe=mynethersdelight:hoglin_sausage_cooking;type=minecraft:smelting;output=1;choices=mynethersdelight:hoglin_sausage×1;container=NONE -> mynethersdelight:hoglin_sausage <- recipe=mynethersdelight:cutting/hoglin_sausage;type=farmersdelight:cutting;output=2;choices=;container=NONE -> #c:foods/bread=12(猜想) -> mynethersdelight:hotdog <- recipe=mynethersdelight:crafting/hotdog;type=minecraft:crafting_shapeless;output=1;choices=mynethersdelight:roasted_sausage×1 + #c:foods/bread×1;container=NONE -> mynethersdelight:roasted_sausage <- recipe=mynethersdelight:hoglin_sausage_cooking;type=minecraft:smelting;output=1;choices=mynethersdelight:hoglin_sausage×1;container=NONE -> mynethersdelight:hoglin_sausage <- recipe=mynethersdelight:cutting/hoglin_sausage;type=farmersdelight:cutting;output=2;choices=;container=NONE -> #c:foods/bread=12(猜想)","补齐证据后复审，不写入正式池","REVIEW"
"mynethersdelight:hotdog","mynethersdelight:crafting/hotdog","[农夫乐事-下界乐事]MyNethersDelight-1.21.1-1.10.4.jar","data/mynethersdelight/recipe/crafting/hotdog.json","MISSING_PRICE;ZERO_COST;PROVISIONAL_PRICE_ANCHOR;ALTERNATIVE_MISSING_PRICE;ALTERNATIVE_ZERO_COST;ALTERNATIVE_PROVISIONAL_PRICE_ANCHOR","mynethersdelight:hotdog","mynethersdelight:hotdog <- recipe=mynethersdelight:crafting/hotdog;type=minecraft:crafting_shapeless;output=1;choices=mynethersdelight:roasted_sausage×1 + #c:foods/bread×1;container=NONE -> mynethersdelight:roasted_sausage <- recipe=mynethersdelight:hoglin_sausage_cooking;type=minecraft:smelting;output=1;choices=mynethersdelight:hoglin_sausage×1;container=NONE -> mynethersdelight:hoglin_sausage <- recipe=mynethersdelight:cutting/hoglin_sausage;type=farmersdelight:cutting;output=2;choices=;container=NONE -> #c:foods/bread=12(猜想)","补齐证据后复审，不写入正式池","REVIEW"
"mynethersdelight:magma_cake_slice","mynethersdelight:cutting/magma_cake","[农夫乐事-下界乐事]MyNethersDelight-1.21.1-1.10.4.jar","data/mynethersdelight/recipe/cutting/magma_cake.json","PROBABILISTIC_OUTPUT_REVIEW;RECIPE_CYCLE;MISSING_PRICE;ZERO_COST;TAG_PRICE_MISSING;PRICE_SOURCE_REVIEW;PROVISIONAL_PRICE_ANCHOR;ALTERNATIVE_PROBABILISTIC_OUTPUT_REVIEW;ALTERNATIVE_RECIPE_CYCLE;ALTERNATIVE_MISSING_PRICE;ALTERNATIVE_ZERO_COST;ALTERNATIVE_TAG_PRICE_MISSING;ALTERNATIVE_PRICE_SOURCE_REVIEW;ALTERNATIVE_PROVISIONAL_PRICE_ANCHOR;UNKNOWN_BUFF","mynethersdelight:magma_cake_slice","mynethersdelight:magma_cake_slice <- recipe=mynethersdelight:cutting/magma_cake;type=farmersdelight:cutting;output=7;choices=mynethersdelight:magma_cake_block×1;container=NONE -> mynethersdelight:magma_cake_block <- recipe=mynethersdelight:crafting/magma_cake;type=minecraft:crafting_shaped;output=1;choices=minecraft:magma_cream×3 + mynethersdelight:pepper_powder×2 + mynethersdelight:hot_cream×1 + farmersdelight:straw×3;container=NONE -> minecraft:magma_cream=33(人工定价(PROVISIONAL):配方派生(粘液球+烈焰粉)) -> mynethersdelight:pepper_powder <- recipe=mynethersdelight:cutting/bullet_pepper;type=farmersdelight:cutting;output=1;choices=mynethersdelight:bullet_pepper×1;container=NONE -> mynethersdelight:bullet_pepper <- recipe=mynethersdelight:crafting/bullet_papper_crate_alt;type=minecraft:crafting_shapeless;output=9;choices=mynethersdelight:bullet_pepper_crate×1;container=NONE -> mynethersdelight:bullet_pepper_crate <- recipe=mynethersdelight:crafting/bullet_papper_crate;type=minecraft:crafting_shapeless;output=1;choices=;container=NONE -> mynethersdelight:hot_cream <- recipe=mynethersdelight:cooking/hotcream;type=farmersdelight:cooking;output=1;choices=#c:eggs×1 + mynethersdelight:bullet_pepper×1 + minecraft:magma_cream×1 + minecraft:magma_cream×1;container=PART_OF_RESULT:minecraft:bucket -> #c:eggs=5(已定义) -> mynethersdelight:bullet_pepper <- recipe=mynethersdelight:crafting/bullet_papper_crate_alt;type=minecraft:crafting_shapeless;output=9;choices=mynethersdelight:bullet_pepper_crate×1;container=NONE -> mynethersdelight:bullet_pepper_crate <- recipe=mynethersdelight:crafting/bullet_papper_crate;type=minecraft:crafting_shapeless;output=1;choices=;container=NONE -> minecraft:magma_cream=33(人工定价(PROVISIONAL):配方派生(粘液球+烈焰粉)) -> minecraft:magma_cream=33(人工定价(PROVISIONAL):配方派生(粘液球+烈焰粉)) -> farmersdelight:straw=2(猜想)","补齐证据后复审，不写入正式池","REVIEW"
"mynethersdelight:nether_burger","mynethersdelight:crafting/nether_burger","[农夫乐事-下界乐事]MyNethersDelight-1.21.1-1.10.4.jar","data/mynethersdelight/recipe/crafting/nether_burger.json","MISSING_PRICE;ZERO_COST;PROVISIONAL_PRICE_ANCHOR;ALTERNATIVE_MISSING_PRICE;ALTERNATIVE_ZERO_COST;ALTERNATIVE_PROVISIONAL_PRICE_ANCHOR","mynethersdelight:nether_burger","mynethersdelight:nether_burger <- recipe=mynethersdelight:crafting/nether_burger;type=minecraft:crafting_shapeless;output=1;choices=#c:foods/bread×1 + mynethersdelight:cooked_loin×1 + minecraft:crimson_fungus×1 + minecraft:crimson_fungus×1;container=NONE -> #c:foods/bread=12(猜想) -> mynethersdelight:cooked_loin <- recipe=mynethersdelight:hoglin_loin_cooking;type=minecraft:smelting;output=1;choices=;container=NONE -> minecraft:crimson_fungus=8(猜想) -> minecraft:crimson_fungus=8(猜想)","补齐证据后复审，不写入正式池","REVIEW"
"mynethersdelight:plate_of_stuffed_hoglin_ham","","","","NO_STATIC_RECIPE","mynethersdelight:plate_of_stuffed_hoglin_ham","无可确认静态路径","补齐证据后复审，不写入正式池","REVIEW"
"mynethersdelight:plate_of_stuffed_hoglin_snout","","","","NO_STATIC_RECIPE","mynethersdelight:plate_of_stuffed_hoglin_snout","无可确认静态路径","补齐证据后复审，不写入正式池","REVIEW"
"mynethersdelight:plate_of_stuffed_hoglin","","","","NO_STATIC_RECIPE","mynethersdelight:plate_of_stuffed_hoglin","无可确认静态路径","补齐证据后复审，不写入正式池","REVIEW"
"mynethersdelight:red_loin_on_a_stick","mynethersdelight:crafting/red_loin_on_a_stick","[农夫乐事-下界乐事]MyNethersDelight-1.21.1-1.10.4.jar","data/mynethersdelight/recipe/crafting/red_loin_on_a_stick.json","MISSING_PRICE;ZERO_COST;PROVISIONAL_PRICE_ANCHOR;ALTERNATIVE_MISSING_PRICE;ALTERNATIVE_ZERO_COST;ALTERNATIVE_PROVISIONAL_PRICE_ANCHOR","mynethersdelight:red_loin_on_a_stick","mynethersdelight:red_loin_on_a_stick <- recipe=mynethersdelight:crafting/red_loin_on_a_stick;type=minecraft:crafting_shapeless;output=1;choices=mynethersdelight:cooked_loin×1 + minecraft:crimson_fungus×1 + minecraft:red_mushroom×1 + minecraft:stick×1;container=NONE -> mynethersdelight:cooked_loin <- recipe=mynethersdelight:hoglin_loin_cooking;type=minecraft:smelting;output=1;choices=;container=NONE -> minecraft:crimson_fungus=8(猜想) -> minecraft:red_mushroom=5(猜想) -> minecraft:stick <- recipe=mynethersdelight:cutting/stick_bamboo;type=farmersdelight:cutting;output=1;choices=minecraft:bamboo×1;container=NONE -> minecraft:bamboo=2(已定义)","补齐证据后复审，不写入正式池","REVIEW"
"mynethersdelight:roasted_sausage","mynethersdelight:hoglin_sausage_cooking","[农夫乐事-下界乐事]MyNethersDelight-1.21.1-1.10.4.jar","data/mynethersdelight/recipe/hoglin_sausage_cooking.json","MISSING_PRICE;ZERO_COST;ALTERNATIVE_MISSING_PRICE;ALTERNATIVE_ZERO_COST","mynethersdelight:roasted_sausage","mynethersdelight:roasted_sausage <- recipe=mynethersdelight:hoglin_sausage_cooking;type=minecraft:smelting;output=1;choices=mynethersdelight:hoglin_sausage×1;container=NONE -> mynethersdelight:hoglin_sausage <- recipe=mynethersdelight:cutting/hoglin_sausage;type=farmersdelight:cutting;output=2;choices=;container=NONE","补齐证据后复审，不写入正式池","REVIEW"
"mynethersdelight:rock_soup","mynethersdelight:cooking/rock_soup","[农夫乐事-下界乐事]MyNethersDelight-1.21.1-1.10.4.jar","data/mynethersdelight/recipe/cooking/rock_soup.json","CO_PRODUCT_ALLOCATION_REVIEW;PROBABILISTIC_OUTPUT_REVIEW;MISSING_PRICE;ZERO_COST;PROVISIONAL_PRICE_ANCHOR;ALTERNATIVE_CO_PRODUCT_ALLOCATION_REVIEW;ALTERNATIVE_PROBABILISTIC_OUTPUT_REVIEW;ALTERNATIVE_MISSING_PRICE;ALTERNATIVE_ZERO_COST;ALTERNATIVE_PROVISIONAL_PRICE_ANCHOR;MIXED_BUFF_REVIEW","mynethersdelight:rock_soup","mynethersdelight:rock_soup <- recipe=mynethersdelight:cooking/rock_soup;type=farmersdelight:cooking;output=1;choices=minecraft:magma_cream×1 + minecraft:magma_cream×1 + mynethersdelight:strider_egg×1 + mynethersdelight:strider_egg×1;container=NONE -> minecraft:magma_cream=33(人工定价(PROVISIONAL):配方派生(粘液球+烈焰粉)) -> minecraft:magma_cream=33(人工定价(PROVISIONAL):配方派生(粘液球+烈焰粉)) -> mynethersdelight:strider_egg <- recipe=mynethersdelight:cutting/strider_egg;type=farmersdelight:cutting;output=1;choices=;container=NONE -> mynethersdelight:strider_egg <- recipe=mynethersdelight:cutting/strider_egg;type=farmersdelight:cutting;output=1;choices=;container=NONE","补齐证据后复审，不写入正式池","REVIEW"
"mynethersdelight:sausage_and_potatoes","mynethersdelight:cooking/sausage_and_potatoes","[农夫乐事-下界乐事]MyNethersDelight-1.21.1-1.10.4.jar","data/mynethersdelight/recipe/cooking/sausage_and_potatoes.json","MISSING_PRICE;ZERO_COST;PROVISIONAL_PRICE_ANCHOR;ALTERNATIVE_MISSING_PRICE;ALTERNATIVE_ZERO_COST;ALTERNATIVE_PROVISIONAL_PRICE_ANCHOR","mynethersdelight:sausage_and_potatoes","mynethersdelight:sausage_and_potatoes <- recipe=mynethersdelight:cooking/sausage_and_potatoes;type=farmersdelight:cooking;output=1;choices=#c:crops/potato×1 + mynethersdelight:hoglin_sausage×1 + mynethersdelight:hoglin_sausage×1;container=NONE -> #c:crops/potato=4(猜想) -> mynethersdelight:hoglin_sausage <- recipe=mynethersdelight:cutting/hoglin_sausage;type=farmersdelight:cutting;output=2;choices=;container=NONE -> mynethersdelight:hoglin_sausage <- recipe=mynethersdelight:cutting/hoglin_sausage;type=farmersdelight:cutting;output=2;choices=;container=NONE","补齐证据后复审，不写入正式池","REVIEW"
"mynethersdelight:scotch_eggs","mynethersdelight:cooking/scotch_eggs","[农夫乐事-下界乐事]MyNethersDelight-1.21.1-1.10.4.jar","data/mynethersdelight/recipe/cooking/scotch_eggs.json","TAG_PRICE_MISSING;MISSING_PRICE;ZERO_COST;PROVISIONAL_PRICE_ANCHOR;ALTERNATIVE_TAG_PRICE_MISSING;ALTERNATIVE_MISSING_PRICE;ALTERNATIVE_ZERO_COST;ALTERNATIVE_PROVISIONAL_PRICE_ANCHOR","mynethersdelight:scotch_eggs","mynethersdelight:scotch_eggs <- recipe=mynethersdelight:cooking/scotch_eggs;type=farmersdelight:cooking;output=1;choices=mynethersdelight:hoglin_sausage×1 + #c:foods/bread×1;container=NONE -> mynethersdelight:hoglin_sausage <- recipe=mynethersdelight:cutting/hoglin_sausage;type=farmersdelight:cutting;output=2;choices=;container=NONE -> #c:foods/bread=12(猜想)","补齐证据后复审，不写入正式池","REVIEW"
"mynethersdelight:sizzling_pudding","mynethersdelight:crafting/sizzling_pudding","[农夫乐事-下界乐事]MyNethersDelight-1.21.1-1.10.4.jar","data/mynethersdelight/recipe/crafting/sizzling_pudding.json","PROBABILISTIC_OUTPUT_REVIEW;MISSING_PRICE;ZERO_COST;RECIPE_CYCLE;PROVISIONAL_PRICE_ANCHOR;ALTERNATIVE_PROBABILISTIC_OUTPUT_REVIEW;ALTERNATIVE_MISSING_PRICE;ALTERNATIVE_ZERO_COST;ALTERNATIVE_RECIPE_CYCLE;ALTERNATIVE_PROVISIONAL_PRICE_ANCHOR","mynethersdelight:sizzling_pudding","mynethersdelight:sizzling_pudding <- recipe=mynethersdelight:crafting/sizzling_pudding;type=minecraft:crafting_shapeless;output=1;choices=mynethersdelight:ghasmati×1 + #c:drinks/milk×1 + #c:eggs×1 + mynethersdelight:pepper_powder×1 + minecraft:bowl×1;container=NONE -> mynethersdelight:ghasmati <- recipe=mynethersdelight:cutting/ghasmati;type=farmersdelight:cutting;output=1;choices=;container=NONE -> #c:drinks/milk=6(猜想) -> #c:eggs=5(已定义) -> mynethersdelight:pepper_powder <- recipe=mynethersdelight:cutting/bullet_pepper;type=farmersdelight:cutting;output=1;choices=mynethersdelight:bullet_pepper×1;container=NONE -> mynethersdelight:bullet_pepper <- recipe=mynethersdelight:crafting/bullet_papper_crate_alt;type=minecraft:crafting_shapeless;output=9;choices=mynethersdelight:bullet_pepper_crate×1;container=NONE -> mynethersdelight:bullet_pepper_crate <- recipe=mynethersdelight:crafting/bullet_papper_crate;type=minecraft:crafting_shapeless;output=1;choices=;container=NONE -> minecraft:bowl=2(猜想)","补齐证据后复审，不写入正式池","REVIEW"
"mynethersdelight:slices_of_bread","mynethersdelight:cutting/slices_of_bread","[农夫乐事-下界乐事]MyNethersDelight-1.21.1-1.10.4.jar","data/mynethersdelight/recipe/cutting/slices_of_bread.json","PROBABILISTIC_OUTPUT_REVIEW;MISSING_PRICE;ZERO_COST;ALTERNATIVE_PROBABILISTIC_OUTPUT_REVIEW;ALTERNATIVE_MISSING_PRICE;ALTERNATIVE_ZERO_COST","mynethersdelight:slices_of_bread","mynethersdelight:slices_of_bread <- recipe=mynethersdelight:cutting/slices_of_bread;type=farmersdelight:cutting;output=5;choices=mynethersdelight:bread_loaf×1;container=NONE -> mynethersdelight:bread_loaf <- recipe=mynethersdelight:bread_loaf_from_smelting;type=minecraft:smelting;output=1;choices=mynethersdelight:ghast_sourdough×1;container=NONE -> mynethersdelight:ghast_sourdough <- recipe=brewinandchewin:fermenting/ghast_sourdough;type=brewinandchewin:fermenting;output=1;choices=mynethersdelight:ghast_dough×1 + mynethersdelight:ghasmati×1;container=NONE -> mynethersdelight:ghast_dough <- recipe=mynethersdelight:crafting/ghast_dough;type=minecraft:crafting_shapeless;output=2;choices=#c:eggs×1 + mynethersdelight:ghasmati×1 + mynethersdelight:ghasmati×1 + #c:eggs×1;container=NONE -> #c:eggs=5(已定义) -> mynethersdelight:ghasmati <- recipe=mynethersdelight:cutting/ghasmati;type=farmersdelight:cutting;output=1;choices=;container=NONE -> mynethersdelight:ghasmati <- recipe=mynethersdelight:cutting/ghasmati;type=farmersdelight:cutting;output=1;choices=;container=NONE -> #c:eggs=5(已定义) -> mynethersdelight:ghasmati <- recipe=mynethersdelight:cutting/ghasmati;type=farmersdelight:cutting;output=1;choices=;container=NONE","补齐证据后复审，不写入正式池","REVIEW"
"mynethersdelight:spicy_cotton","mynethersdelight:crafting/spicy_cotton","[农夫乐事-下界乐事]MyNethersDelight-1.21.1-1.10.4.jar","data/mynethersdelight/recipe/crafting/spicy_cotton.json","MISSING_PRICE;TAG_PRICE_MISSING;PROVISIONAL_PRICE_ANCHOR;ALTERNATIVE_MISSING_PRICE;ALTERNATIVE_TAG_PRICE_MISSING;ALTERNATIVE_PROVISIONAL_PRICE_ANCHOR","mynethersdelight:spicy_cotton","mynethersdelight:spicy_cotton <- recipe=mynethersdelight:crafting/spicy_cotton;type=minecraft:crafting_shapeless;output=1;choices=minecraft:blaze_rod×1;container=NONE -> minecraft:blaze_rod=45(猜想)","补齐证据后复审，不写入正式池","REVIEW"
"mynethersdelight:spicy_curry","mynethersdelight:cooking/spicy_curry","[农夫乐事-下界乐事]MyNethersDelight-1.21.1-1.10.4.jar","data/mynethersdelight/recipe/cooking/spicy_curry.json","TAG_PRICE_MISSING;INVALID_INGREDIENT_STACK;PROVISIONAL_PRICE_ANCHOR;ALTERNATIVE_TAG_PRICE_MISSING;ALTERNATIVE_INVALID_INGREDIENT_STACK;ALTERNATIVE_PROVISIONAL_PRICE_ANCHOR;MIXED_BUFF_REVIEW","mynethersdelight:spicy_curry","mynethersdelight:spicy_curry <- recipe=mynethersdelight:cooking/spicy_curry;type=farmersdelight:cooking;output=1;choices=#c:foods/raw_meat×1 + #c:drinks/milk×1 + #c:crops/rice×1 + farmersdelight:pumpkin_slice×1;container=NONE -> #c:foods/raw_meat=12(缺省猜想) -> #c:drinks/milk=6(猜想) -> #c:crops/rice=5(已定义) -> farmersdelight:pumpkin_slice=5(配方派生)","补齐证据后复审，不写入正式池","REVIEW"
"mynethersdelight:spicy_hoglin_stew","mynethersdelight:cooking/spicy_hoglin_stew","[农夫乐事-下界乐事]MyNethersDelight-1.21.1-1.10.4.jar","data/mynethersdelight/recipe/cooking/spicy_hoglin_stew.json","MISSING_PRICE;ZERO_COST;RECIPE_CYCLE;PROVISIONAL_PRICE_ANCHOR;ALTERNATIVE_MISSING_PRICE;ALTERNATIVE_ZERO_COST;ALTERNATIVE_RECIPE_CYCLE;ALTERNATIVE_PROVISIONAL_PRICE_ANCHOR;MIXED_BUFF_REVIEW","mynethersdelight:spicy_hoglin_stew","mynethersdelight:spicy_hoglin_stew <- recipe=mynethersdelight:cooking/spicy_hoglin_stew;type=farmersdelight:cooking;output=1;choices=mynethersdelight:cooked_loin×1 + #c:crops/potato×1 + #c:crops/carrot×1 + mynethersdelight:bullet_pepper×1;container=NONE -> mynethersdelight:cooked_loin <- recipe=mynethersdelight:hoglin_loin_cooking;type=minecraft:smelting;output=1;choices=;container=NONE -> #c:crops/potato=4(猜想) -> #c:crops/carrot=4(猜想) -> mynethersdelight:bullet_pepper <- recipe=mynethersdelight:crafting/bullet_papper_crate_alt;type=minecraft:crafting_shapeless;output=9;choices=mynethersdelight:bullet_pepper_crate×1;container=NONE -> mynethersdelight:bullet_pepper_crate <- recipe=mynethersdelight:crafting/bullet_papper_crate;type=minecraft:crafting_shapeless;output=1;choices=;container=NONE","补齐证据后复审，不写入正式池","REVIEW"
"mynethersdelight:spicy_noodle_soup","mynethersdelight:cooking/spicy_noodle_soup","[农夫乐事-下界乐事]MyNethersDelight-1.21.1-1.10.4.jar","data/mynethersdelight/recipe/cooking/spicy_noodle_soup.json","TAG_PRICE_MISSING;PROVISIONAL_PRICE_ANCHOR;ALTERNATIVE_TAG_PRICE_MISSING;ALTERNATIVE_PROVISIONAL_PRICE_ANCHOR;MIXED_BUFF_REVIEW","mynethersdelight:spicy_noodle_soup","mynethersdelight:spicy_noodle_soup <- recipe=mynethersdelight:cooking/spicy_noodle_soup;type=farmersdelight:cooking;output=1;choices=#c:foods/cooked_egg×1;container=NONE -> #c:foods/cooked_egg=8(缺省猜想)","补齐证据后复审，不写入正式池","REVIEW"
"mynethersdelight:spicy_skewer","mynethersdelight:crafting/spicy_skewer","[农夫乐事-下界乐事]MyNethersDelight-1.21.1-1.10.4.jar","data/mynethersdelight/recipe/crafting/spicy_skewer.json","RECIPE_CYCLE;MISSING_PRICE;ZERO_COST;TAG_PRICE_MISSING;PROVISIONAL_PRICE_ANCHOR;ALTERNATIVE_RECIPE_CYCLE;ALTERNATIVE_MISSING_PRICE;ALTERNATIVE_ZERO_COST;ALTERNATIVE_TAG_PRICE_MISSING;ALTERNATIVE_PROVISIONAL_PRICE_ANCHOR","mynethersdelight:spicy_skewer","mynethersdelight:spicy_skewer <- recipe=mynethersdelight:crafting/spicy_skewer;type=minecraft:crafting_shapeless;output=1;choices=mynethersdelight:bullet_pepper×1 + minecraft:blaze_rod×1 + mynethersdelight:bullet_pepper×1;container=NONE -> mynethersdelight:bullet_pepper <- recipe=mynethersdelight:crafting/bullet_papper_crate_alt;type=minecraft:crafting_shapeless;output=9;choices=mynethersdelight:bullet_pepper_crate×1;container=NONE -> mynethersdelight:bullet_pepper_crate <- recipe=mynethersdelight:crafting/bullet_papper_crate;type=minecraft:crafting_shapeless;output=1;choices=;container=NONE -> minecraft:blaze_rod=45(猜想) -> mynethersdelight:bullet_pepper <- recipe=mynethersdelight:crafting/bullet_papper_crate_alt;type=minecraft:crafting_shapeless;output=9;choices=mynethersdelight:bullet_pepper_crate×1;container=NONE -> mynethersdelight:bullet_pepper_crate <- recipe=mynethersdelight:crafting/bullet_papper_crate;type=minecraft:crafting_shapeless;output=1;choices=;container=NONE","补齐证据后复审，不写入正式池","REVIEW"
"mynethersdelight:strider_stew","mynethersdelight:cooking/strider_stew","[农夫乐事-下界乐事]MyNethersDelight-1.21.1-1.10.4.jar","data/mynethersdelight/recipe/cooking/strider_stew.json","TAG_PRICE_MISSING;PROVISIONAL_PRICE_ANCHOR;ALTERNATIVE_TAG_PRICE_MISSING;ALTERNATIVE_PROVISIONAL_PRICE_ANCHOR","mynethersdelight:strider_stew","mynethersdelight:strider_stew <- recipe=mynethersdelight:cooking/strider_stew;type=farmersdelight:cooking;output=1;choices=minecraft:crimson_fungus×1 + minecraft:brown_mushroom×1 + farmersdelight:straw×1;container=NONE -> minecraft:crimson_fungus=8(猜想) -> minecraft:brown_mushroom=5(猜想) -> farmersdelight:straw=2(猜想)","补齐证据后复审，不写入正式池","REVIEW"
"mynethersdelight:strider_with_grilled_fungus","mynethersdelight:cooking/strider_and_grilled_fungus","[农夫乐事-下界乐事]MyNethersDelight-1.21.1-1.10.4.jar","data/mynethersdelight/recipe/cooking/strider_and_grilled_fungus.json","MISSING_PRICE;PROVISIONAL_PRICE_ANCHOR;ALTERNATIVE_MISSING_PRICE;ALTERNATIVE_PROVISIONAL_PRICE_ANCHOR","mynethersdelight:strider_with_grilled_fungus","mynethersdelight:strider_with_grilled_fungus <- recipe=mynethersdelight:cooking/strider_and_grilled_fungus;type=farmersdelight:cooking;output=1;choices=minecraft:crimson_fungus×1 + minecraft:warped_fungus×1 + minecraft:brown_mushroom×1;container=NONE -> minecraft:crimson_fungus=8(猜想) -> minecraft:warped_fungus=8(猜想) -> minecraft:brown_mushroom=5(猜想)","补齐证据后复审，不写入正式池","REVIEW"
"mynethersdelight:stuffed_pepper","mynethersdelight:crafting/stuffed_pepper","[农夫乐事-下界乐事]MyNethersDelight-1.21.1-1.10.4.jar","data/mynethersdelight/recipe/crafting/stuffed_pepper.json","RECIPE_CYCLE;MISSING_PRICE;ZERO_COST;PROVISIONAL_PRICE_ANCHOR;ALTERNATIVE_RECIPE_CYCLE;ALTERNATIVE_MISSING_PRICE;ALTERNATIVE_ZERO_COST;ALTERNATIVE_PROVISIONAL_PRICE_ANCHOR","mynethersdelight:stuffed_pepper","mynethersdelight:stuffed_pepper <- recipe=mynethersdelight:crafting/stuffed_pepper;type=minecraft:crafting_shapeless;output=1;choices=mynethersdelight:bullet_pepper×1 + #c:foods/cooked_pork×1 + #c:drinks/milk×1;container=NONE -> mynethersdelight:bullet_pepper <- recipe=mynethersdelight:crafting/bullet_papper_crate_alt;type=minecraft:crafting_shapeless;output=9;choices=mynethersdelight:bullet_pepper_crate×1;container=NONE -> mynethersdelight:bullet_pepper_crate <- recipe=mynethersdelight:crafting/bullet_papper_crate;type=minecraft:crafting_shapeless;output=1;choices=;container=NONE -> #c:foods/cooked_pork=17(猜想) -> #c:drinks/milk=6(猜想)","补齐证据后复审，不写入正式池","REVIEW"
"mynethersdelight:tear_popsicle","mynethersdelight:crafting/tear_popsicle","[农夫乐事-下界乐事]MyNethersDelight-1.21.1-1.10.4.jar","data/mynethersdelight/recipe/crafting/tear_popsicle.json","PROVISIONAL_PRICE_ANCHOR;猜想锚点:minecraft:ice=8(猜想)|minecraft:ghast_tear=40(猜想)","mynethersdelight:tear_popsicle","mynethersdelight:tear_popsicle <- recipe=mynethersdelight:crafting/tear_popsicle;type=minecraft:crafting_shaped;output=1;choices=minecraft:ice×5 + minecraft:ghast_tear×1 + minecraft:stick×1;container=NONE -> minecraft:ice=8(猜想) -> minecraft:ghast_tear=40(猜想) -> minecraft:stick <- recipe=mynethersdelight:cutting/stick_bamboo;type=farmersdelight:cutting;output=1;choices=minecraft:bamboo×1;container=NONE -> minecraft:bamboo=2(已定义)","补齐证据后复审，不写入正式池","REVIEW"
"mynethersdelight:toasts","mynethersdelight:toast_cooking","[农夫乐事-下界乐事]MyNethersDelight-1.21.1-1.10.4.jar","data/mynethersdelight/recipe/toast_cooking.json","PROBABILISTIC_OUTPUT_REVIEW;MISSING_PRICE;ZERO_COST;ALTERNATIVE_PROBABILISTIC_OUTPUT_REVIEW;ALTERNATIVE_MISSING_PRICE;ALTERNATIVE_ZERO_COST","mynethersdelight:toasts","mynethersdelight:toasts <- recipe=mynethersdelight:toast_cooking;type=minecraft:smelting;output=1;choices=mynethersdelight:slices_of_bread×1;container=NONE -> mynethersdelight:slices_of_bread <- recipe=mynethersdelight:cutting/slices_of_bread;type=farmersdelight:cutting;output=5;choices=mynethersdelight:bread_loaf×1;container=NONE -> mynethersdelight:bread_loaf <- recipe=mynethersdelight:bread_loaf_from_smelting;type=minecraft:smelting;output=1;choices=mynethersdelight:ghast_sourdough×1;container=NONE -> mynethersdelight:ghast_sourdough <- recipe=brewinandchewin:fermenting/ghast_sourdough;type=brewinandchewin:fermenting;output=1;choices=mynethersdelight:ghast_dough×1 + mynethersdelight:ghasmati×1;container=NONE -> mynethersdelight:ghast_dough <- recipe=mynethersdelight:crafting/ghast_dough;type=minecraft:crafting_shapeless;output=2;choices=#c:eggs×1 + mynethersdelight:ghasmati×1 + mynethersdelight:ghasmati×1 + #c:eggs×1;container=NONE -> #c:eggs=5(已定义) -> mynethersdelight:ghasmati <- recipe=mynethersdelight:cutting/ghasmati;type=farmersdelight:cutting;output=1;choices=;container=NONE -> mynethersdelight:ghasmati <- recipe=mynethersdelight:cutting/ghasmati;type=farmersdelight:cutting;output=1;choices=;container=NONE -> #c:eggs=5(已定义) -> mynethersdelight:ghasmati <- recipe=mynethersdelight:cutting/ghasmati;type=farmersdelight:cutting;output=1;choices=;container=NONE","补齐证据后复审，不写入正式池","REVIEW"
"mynethersdelight:twisted_ghasta","mynethersdelight:cooking/twisted_ghasta","[农夫乐事-下界乐事]MyNethersDelight-1.21.1-1.10.4.jar","data/mynethersdelight/recipe/cooking/twisted_ghasta.json","MISSING_PRICE;PROVISIONAL_PRICE_ANCHOR;ALTERNATIVE_MISSING_PRICE;ALTERNATIVE_PROVISIONAL_PRICE_ANCHOR","mynethersdelight:twisted_ghasta","mynethersdelight:twisted_ghasta <- recipe=mynethersdelight:cooking/twisted_ghasta;type=farmersdelight:cooking;output=1;choices=minecraft:warped_fungus×1 + minecraft:warped_fungus×1;container=NONE -> minecraft:warped_fungus=8(猜想) -> minecraft:warped_fungus=8(猜想)","补齐证据后复审，不写入正式池","REVIEW"
"neapolitan:adzuki_bun","neapolitan:adzuki_bun","[那不勒斯风味]neapolitan-1.21.1-6.0.1.jar","data/neapolitan/recipe/adzuki_bun.json","RECIPE_CYCLE;MISSING_PRICE;ZERO_COST;TAG_PRICE_MISSING;ALTERNATIVE_RECIPE_CYCLE;ALTERNATIVE_MISSING_PRICE;ALTERNATIVE_ZERO_COST;ALTERNATIVE_TAG_PRICE_MISSING;UNKNOWN_BUFF","neapolitan:adzuki_bun","neapolitan:adzuki_bun <- recipe=neapolitan:adzuki_bun;type=minecraft:crafting_shapeless;output=1;choices=neapolitan:roasted_adzuki_beans×1 + minecraft:wheat×1;container=NONE -> neapolitan:roasted_adzuki_beans <- recipe=neapolitan:roasted_adzuki_beans;type=minecraft:smelting;output=1;choices=neapolitan:adzuki_beans×1;container=NONE -> neapolitan:adzuki_beans <- recipe=neapolitan:adzuki_beans_from_adzuki_crate;type=minecraft:crafting_shapeless;output=9;choices=neapolitan:adzuki_crate×1;container=NONE -> neapolitan:adzuki_crate <- recipe=neapolitan:adzuki_crate;type=minecraft:crafting_shaped;output=1;choices=;container=NONE -> minecraft:wheat=5(已定义)","补齐证据后复审，不写入正式池","REVIEW"
"neapolitan:adzuki_curry","neapolitan:adzuki_curry","[那不勒斯风味]neapolitan-1.21.1-6.0.1.jar","data/neapolitan/recipe/adzuki_curry.json","RECIPE_CYCLE;MISSING_PRICE;ZERO_COST;TAG_PRICE_MISSING;PROVISIONAL_PRICE_ANCHOR;ALTERNATIVE_RECIPE_CYCLE;ALTERNATIVE_MISSING_PRICE;ALTERNATIVE_ZERO_COST;ALTERNATIVE_TAG_PRICE_MISSING;ALTERNATIVE_PROVISIONAL_PRICE_ANCHOR;UNKNOWN_BUFF","neapolitan:adzuki_curry","neapolitan:adzuki_curry <- recipe=neapolitan:adzuki_curry;type=minecraft:crafting_shapeless;output=1;choices=neapolitan:roasted_adzuki_beans×1 + neapolitan:dried_banana×1 + minecraft:carrot×1 + minecraft:bowl×1;container=NONE -> neapolitan:roasted_adzuki_beans <- recipe=neapolitan:roasted_adzuki_beans;type=minecraft:smelting;output=1;choices=neapolitan:adzuki_beans×1;container=NONE -> neapolitan:adzuki_beans <- recipe=neapolitan:adzuki_beans_from_adzuki_crate;type=minecraft:crafting_shapeless;output=9;choices=neapolitan:adzuki_crate×1;container=NONE -> neapolitan:adzuki_crate <- recipe=neapolitan:adzuki_crate;type=minecraft:crafting_shaped;output=1;choices=;container=NONE -> neapolitan:dried_banana <- recipe=neapolitan:dried_banana;type=minecraft:smelting;output=1;choices=;container=NONE -> minecraft:carrot=4(已定义) -> minecraft:bowl=2(猜想)","补齐证据后复审，不写入正式池","REVIEW"
"neapolitan:adzuki_ice_cream","neapolitan:adzuki_ice_cream","[那不勒斯风味]neapolitan-1.21.1-6.0.1.jar","data/neapolitan/recipe/adzuki_ice_cream.json","RECIPE_CYCLE;MISSING_PRICE;ZERO_COST;TAG_PRICE_MISSING;PROVISIONAL_PRICE_ANCHOR;ALTERNATIVE_RECIPE_CYCLE;ALTERNATIVE_MISSING_PRICE;ALTERNATIVE_ZERO_COST;ALTERNATIVE_TAG_PRICE_MISSING;ALTERNATIVE_PROVISIONAL_PRICE_ANCHOR;UNKNOWN_BUFF","neapolitan:adzuki_ice_cream","neapolitan:adzuki_ice_cream <- recipe=neapolitan:adzuki_ice_cream;type=minecraft:crafting_shapeless;output=1;choices=neapolitan:roasted_adzuki_beans×1 + minecraft:sugar×1 + minecraft:bowl×1;container=NONE -> neapolitan:roasted_adzuki_beans <- recipe=neapolitan:roasted_adzuki_beans;type=minecraft:smelting;output=1;choices=neapolitan:adzuki_beans×1;container=NONE -> neapolitan:adzuki_beans <- recipe=neapolitan:adzuki_beans_from_adzuki_crate;type=minecraft:crafting_shapeless;output=9;choices=neapolitan:adzuki_crate×1;container=NONE -> neapolitan:adzuki_crate <- recipe=neapolitan:adzuki_crate;type=minecraft:crafting_shaped;output=1;choices=;container=NONE -> minecraft:sugar=4(已定义) -> minecraft:bowl=2(猜想)","补齐证据后复审，不写入正式池","REVIEW"
"neapolitan:adzuki_stew","neapolitan:adzuki_stew","[那不勒斯风味]neapolitan-1.21.1-6.0.1.jar","data/neapolitan/recipe/adzuki_stew.json","RECIPE_CYCLE;MISSING_PRICE;ZERO_COST;PROVISIONAL_PRICE_ANCHOR;ALTERNATIVE_RECIPE_CYCLE;ALTERNATIVE_MISSING_PRICE;ALTERNATIVE_ZERO_COST;ALTERNATIVE_PROVISIONAL_PRICE_ANCHOR;UNKNOWN_BUFF","neapolitan:adzuki_stew","neapolitan:adzuki_stew <- recipe=neapolitan:adzuki_stew;type=minecraft:crafting_shapeless;output=1;choices=neapolitan:roasted_adzuki_beans×1 + neapolitan:roasted_adzuki_beans×1 + minecraft:beetroot×1 + minecraft:carrot×1 + minecraft:brown_mushroom×1 + minecraft:bowl×1;container=NONE -> neapolitan:roasted_adzuki_beans <- recipe=neapolitan:roasted_adzuki_beans;type=minecraft:smelting;output=1;choices=neapolitan:adzuki_beans×1;container=NONE -> neapolitan:adzuki_beans <- recipe=neapolitan:adzuki_beans_from_adzuki_crate;type=minecraft:crafting_shapeless;output=9;choices=neapolitan:adzuki_crate×1;container=NONE -> neapolitan:adzuki_crate <- recipe=neapolitan:adzuki_crate;type=minecraft:crafting_shaped;output=1;choices=;container=NONE -> neapolitan:roasted_adzuki_beans <- recipe=neapolitan:roasted_adzuki_beans;type=minecraft:smelting;output=1;choices=neapolitan:adzuki_beans×1;container=NONE -> neapolitan:adzuki_beans <- recipe=neapolitan:adzuki_beans_from_adzuki_crate;type=minecraft:crafting_shapeless;output=9;choices=neapolitan:adzuki_crate×1;container=NONE -> neapolitan:adzuki_crate <- recipe=neapolitan:adzuki_crate;type=minecraft:crafting_shaped;output=1;choices=;container=NONE -> minecraft:beetroot=7(已定义) -> minecraft:carrot=4(已定义) -> minecraft:brown_mushroom=5(猜想) -> minecraft:bowl=2(猜想)","补齐证据后复审，不写入正式池","REVIEW"
"neapolitan:banana_bread","neapolitan:banana_bread","[那不勒斯风味]neapolitan-1.21.1-6.0.1.jar","data/neapolitan/recipe/banana_bread.json","TAG_PRICE_MISSING;ALTERNATIVE_TAG_PRICE_MISSING;UNKNOWN_BUFF","neapolitan:banana_bread","neapolitan:banana_bread <- recipe=neapolitan:banana_bread;type=minecraft:crafting_shapeless;output=1;choices=minecraft:wheat×1 + minecraft:sugar×1;container=NONE -> minecraft:wheat=5(已定义) -> minecraft:sugar=4(已定义)","补齐证据后复审，不写入正式池","REVIEW"
"neapolitan:banana_ice_cream","neapolitan:banana_ice_cream","[那不勒斯风味]neapolitan-1.21.1-6.0.1.jar","data/neapolitan/recipe/banana_ice_cream.json","TAG_PRICE_MISSING;MISSING_PRICE;PROVISIONAL_PRICE_ANCHOR;ALTERNATIVE_TAG_PRICE_MISSING;ALTERNATIVE_MISSING_PRICE;ALTERNATIVE_PROVISIONAL_PRICE_ANCHOR;UNKNOWN_BUFF","neapolitan:banana_ice_cream","neapolitan:banana_ice_cream <- recipe=neapolitan:banana_ice_cream;type=minecraft:crafting_shapeless;output=1;choices=minecraft:sugar×1 + minecraft:bowl×1;container=NONE -> minecraft:sugar=4(已定义) -> minecraft:bowl=2(猜想)","补齐证据后复审，不写入正式池","REVIEW"
"neapolitan:chocolate_bar","neapolitan:chocolate_bar","[那不勒斯风味]neapolitan-1.21.1-6.0.1.jar","data/neapolitan/recipe/chocolate_bar.json","TAG_PRICE_MISSING;ALTERNATIVE_TAG_PRICE_MISSING;ALTERNATIVE_RECIPE_CYCLE;ALTERNATIVE_MISSING_PRICE;ALTERNATIVE_ZERO_COST","neapolitan:chocolate_bar","neapolitan:chocolate_bar <- recipe=neapolitan:chocolate_bar;type=minecraft:crafting_shapeless;output=4;choices=minecraft:cocoa_beans×1 + minecraft:cocoa_beans×1 + minecraft:sugar×1;container=NONE -> minecraft:cocoa_beans=8(已定义) -> minecraft:cocoa_beans=8(已定义) -> minecraft:sugar=4(已定义)","补齐证据后复审，不写入正式池","REVIEW"
"neapolitan:chocolate_ice_cream","neapolitan:chocolate_ice_cream","[那不勒斯风味]neapolitan-1.21.1-6.0.1.jar","data/neapolitan/recipe/chocolate_ice_cream.json","TAG_PRICE_MISSING;MISSING_PRICE;PROVISIONAL_PRICE_ANCHOR;ALTERNATIVE_TAG_PRICE_MISSING;ALTERNATIVE_MISSING_PRICE;ALTERNATIVE_PROVISIONAL_PRICE_ANCHOR","neapolitan:chocolate_ice_cream","neapolitan:chocolate_ice_cream <- recipe=neapolitan:chocolate_ice_cream;type=minecraft:crafting_shapeless;output=1;choices=minecraft:sugar×1 + minecraft:bowl×1;container=NONE -> minecraft:sugar=4(已定义) -> minecraft:bowl=2(猜想)","补齐证据后复审，不写入正式池","REVIEW"
"neapolitan:chocolate_spider_eye","neapolitan:chocolate_spider_eye","[那不勒斯风味]neapolitan-1.21.1-6.0.1.jar","data/neapolitan/recipe/chocolate_spider_eye.json","TAG_PRICE_MISSING;PROVISIONAL_PRICE_ANCHOR;ALTERNATIVE_TAG_PRICE_MISSING;ALTERNATIVE_PROVISIONAL_PRICE_ANCHOR;MIXED_BUFF_REVIEW","neapolitan:chocolate_spider_eye","neapolitan:chocolate_spider_eye <- recipe=neapolitan:chocolate_spider_eye;type=minecraft:crafting_shapeless;output=2;choices=minecraft:spider_eye×1 + minecraft:spider_eye×1;container=NONE -> minecraft:spider_eye=6(猜想) -> minecraft:spider_eye=6(猜想)","补齐证据后复审，不写入正式池","REVIEW"
"neapolitan:chocolate_strawberries","neapolitan:chocolate_strawberries","[那不勒斯风味]neapolitan-1.21.1-6.0.1.jar","data/neapolitan/recipe/chocolate_strawberries.json","TAG_PRICE_MISSING;ZERO_COST;ALTERNATIVE_TAG_PRICE_MISSING;ALTERNATIVE_ZERO_COST","neapolitan:chocolate_strawberries","neapolitan:chocolate_strawberries <- recipe=neapolitan:chocolate_strawberries;type=minecraft:crafting_shapeless;output=1;choices=;container=NONE","补齐证据后复审，不写入正式池","REVIEW"
"neapolitan:cooked_mint_chops","neapolitan:cooked_mint_chops","[那不勒斯风味]neapolitan-1.21.1-6.0.1.jar","data/neapolitan/recipe/cooked_mint_chops.json","RECIPE_CYCLE;MISSING_PRICE;ZERO_COST;ALTERNATIVE_RECIPE_CYCLE;ALTERNATIVE_MISSING_PRICE;ALTERNATIVE_ZERO_COST","neapolitan:cooked_mint_chops","neapolitan:cooked_mint_chops <- recipe=neapolitan:cooked_mint_chops;type=minecraft:smelting;output=1;choices=neapolitan:mint_chops×1;container=NONE -> neapolitan:mint_chops <- recipe=neapolitan:mint_chops;type=minecraft:crafting_shapeless;output=1;choices=minecraft:mutton×1 + neapolitan:mint_leaves×1;container=NONE -> minecraft:mutton=15(已定义) -> neapolitan:mint_leaves <- recipe=neapolitan:mint_leaves;type=minecraft:crafting_shapeless;output=9;choices=neapolitan:mint_basket×1;container=NONE -> neapolitan:mint_basket <- recipe=neapolitan:mint_basket;type=minecraft:crafting_shaped;output=1;choices=;container=NONE","补齐证据后复审，不写入正式池","REVIEW"
"neapolitan:dried_banana","neapolitan:dried_banana","[那不勒斯风味]neapolitan-1.21.1-6.0.1.jar","data/neapolitan/recipe/dried_banana.json","TAG_PRICE_MISSING;ZERO_COST;ALTERNATIVE_TAG_PRICE_MISSING;ALTERNATIVE_ZERO_COST;UNKNOWN_BUFF","neapolitan:dried_banana","neapolitan:dried_banana <- recipe=neapolitan:dried_banana;type=minecraft:smelting;output=1;choices=;container=NONE","补齐证据后复审，不写入正式池","REVIEW"
"neapolitan:dried_vanilla_pods","neapolitan:dried_vanilla_pods","[那不勒斯风味]neapolitan-1.21.1-6.0.1.jar","data/neapolitan/recipe/dried_vanilla_pods.json","RECIPE_CYCLE;MISSING_PRICE;ZERO_COST;ALTERNATIVE_RECIPE_CYCLE;ALTERNATIVE_MISSING_PRICE;ALTERNATIVE_ZERO_COST;UNKNOWN_BUFF","neapolitan:dried_vanilla_pods","neapolitan:dried_vanilla_pods <- recipe=neapolitan:dried_vanilla_pods;type=minecraft:smelting;output=1;choices=neapolitan:vanilla_pods×1;container=NONE -> neapolitan:vanilla_pods <- recipe=neapolitan:vanilla_pods_from_vanilla_pod_block;type=minecraft:crafting_shapeless;output=9;choices=neapolitan:vanilla_pod_block×1;container=NONE -> neapolitan:vanilla_pod_block <- recipe=neapolitan:vanilla_pod_block;type=minecraft:crafting_shaped;output=1;choices=;container=NONE","补齐证据后复审，不写入正式池","REVIEW"
"neapolitan:mint_candies","neapolitan:mint_candies","[那不勒斯风味]neapolitan-1.21.1-6.0.1.jar","data/neapolitan/recipe/mint_candies.json","RECIPE_CYCLE;MISSING_PRICE;ZERO_COST;ALTERNATIVE_RECIPE_CYCLE;ALTERNATIVE_MISSING_PRICE;ALTERNATIVE_ZERO_COST","neapolitan:mint_candies","neapolitan:mint_candies <- recipe=neapolitan:mint_candies;type=minecraft:crafting_shapeless;output=1;choices=neapolitan:mint_leaves×1 + minecraft:sugar×1 + minecraft:sugar×1;container=NONE -> neapolitan:mint_leaves <- recipe=neapolitan:mint_leaves;type=minecraft:crafting_shapeless;output=9;choices=neapolitan:mint_basket×1;container=NONE -> neapolitan:mint_basket <- recipe=neapolitan:mint_basket;type=minecraft:crafting_shaped;output=1;choices=;container=NONE -> minecraft:sugar=4(已定义) -> minecraft:sugar=4(已定义)","补齐证据后复审，不写入正式池","REVIEW"
"neapolitan:mint_chocolate","neapolitan:mint_chocolate","[那不勒斯风味]neapolitan-1.21.1-6.0.1.jar","data/neapolitan/recipe/mint_chocolate.json","RECIPE_CYCLE;MISSING_PRICE;ZERO_COST;TAG_PRICE_MISSING;ALTERNATIVE_RECIPE_CYCLE;ALTERNATIVE_MISSING_PRICE;ALTERNATIVE_ZERO_COST;ALTERNATIVE_TAG_PRICE_MISSING","neapolitan:mint_chocolate","neapolitan:mint_chocolate <- recipe=neapolitan:mint_chocolate;type=minecraft:crafting_shapeless;output=1;choices=neapolitan:mint_leaves×1;container=NONE -> neapolitan:mint_leaves <- recipe=neapolitan:mint_leaves;type=minecraft:crafting_shapeless;output=9;choices=neapolitan:mint_basket×1;container=NONE -> neapolitan:mint_basket <- recipe=neapolitan:mint_basket;type=minecraft:crafting_shaped;output=1;choices=;container=NONE","补齐证据后复审，不写入正式池","REVIEW"
"neapolitan:mint_chops","neapolitan:mint_chops","[那不勒斯风味]neapolitan-1.21.1-6.0.1.jar","data/neapolitan/recipe/mint_chops.json","RECIPE_CYCLE;MISSING_PRICE;ZERO_COST;ALTERNATIVE_RECIPE_CYCLE;ALTERNATIVE_MISSING_PRICE;ALTERNATIVE_ZERO_COST","neapolitan:mint_chops","neapolitan:mint_chops <- recipe=neapolitan:mint_chops;type=minecraft:crafting_shapeless;output=1;choices=minecraft:mutton×1 + neapolitan:mint_leaves×1;container=NONE -> minecraft:mutton=15(已定义) -> neapolitan:mint_leaves <- recipe=neapolitan:mint_leaves;type=minecraft:crafting_shapeless;output=9;choices=neapolitan:mint_basket×1;container=NONE -> neapolitan:mint_basket <- recipe=neapolitan:mint_basket;type=minecraft:crafting_shaped;output=1;choices=;container=NONE","补齐证据后复审，不写入正式池","REVIEW"
"neapolitan:mint_ice_cream","neapolitan:mint_ice_cream","[那不勒斯风味]neapolitan-1.21.1-6.0.1.jar","data/neapolitan/recipe/mint_ice_cream.json","RECIPE_CYCLE;MISSING_PRICE;ZERO_COST;TAG_PRICE_MISSING;PROVISIONAL_PRICE_ANCHOR;ALTERNATIVE_RECIPE_CYCLE;ALTERNATIVE_MISSING_PRICE;ALTERNATIVE_ZERO_COST;ALTERNATIVE_TAG_PRICE_MISSING;ALTERNATIVE_PROVISIONAL_PRICE_ANCHOR","neapolitan:mint_ice_cream","neapolitan:mint_ice_cream <- recipe=neapolitan:mint_ice_cream;type=minecraft:crafting_shapeless;output=1;choices=neapolitan:mint_leaves×1 + minecraft:sugar×1 + minecraft:bowl×1;container=NONE -> neapolitan:mint_leaves <- recipe=neapolitan:mint_leaves;type=minecraft:crafting_shapeless;output=9;choices=neapolitan:mint_basket×1;container=NONE -> neapolitan:mint_basket <- recipe=neapolitan:mint_basket;type=minecraft:crafting_shaped;output=1;choices=;container=NONE -> minecraft:sugar=4(已定义) -> minecraft:bowl=2(猜想)","补齐证据后复审，不写入正式池","REVIEW"
"neapolitan:neapolitan_ice_cream","neapolitan:neapolitan_ice_cream","[那不勒斯风味]neapolitan-1.21.1-6.0.1.jar","data/neapolitan/recipe/neapolitan_ice_cream.json","TAG_PRICE_MISSING;RECIPE_CYCLE;MISSING_PRICE;ZERO_COST;PROVISIONAL_PRICE_ANCHOR;ALTERNATIVE_TAG_PRICE_MISSING;ALTERNATIVE_RECIPE_CYCLE;ALTERNATIVE_MISSING_PRICE;ALTERNATIVE_ZERO_COST;ALTERNATIVE_PROVISIONAL_PRICE_ANCHOR;UNKNOWN_BUFF","neapolitan:neapolitan_ice_cream","neapolitan:neapolitan_ice_cream <- recipe=neapolitan:neapolitan_ice_cream;type=minecraft:crafting_shapeless;output=1;choices=neapolitan:dried_vanilla_pods×1 + minecraft:sugar×1 + minecraft:bowl×1;container=NONE -> neapolitan:dried_vanilla_pods <- recipe=neapolitan:dried_vanilla_pods;type=minecraft:smelting;output=1;choices=neapolitan:vanilla_pods×1;container=NONE -> neapolitan:vanilla_pods <- recipe=neapolitan:vanilla_pods_from_vanilla_pod_block;type=minecraft:crafting_shapeless;output=9;choices=neapolitan:vanilla_pod_block×1;container=NONE -> neapolitan:vanilla_pod_block <- recipe=neapolitan:vanilla_pod_block;type=minecraft:crafting_shaped;output=1;choices=;container=NONE -> minecraft:sugar=4(已定义) -> minecraft:bowl=2(猜想)","补齐证据后复审，不写入正式池","REVIEW"
"neapolitan:roasted_adzuki_beans","neapolitan:roasted_adzuki_beans","[那不勒斯风味]neapolitan-1.21.1-6.0.1.jar","data/neapolitan/recipe/roasted_adzuki_beans.json","RECIPE_CYCLE;MISSING_PRICE;ZERO_COST;ALTERNATIVE_RECIPE_CYCLE;ALTERNATIVE_MISSING_PRICE;ALTERNATIVE_ZERO_COST;UNKNOWN_BUFF","neapolitan:roasted_adzuki_beans","neapolitan:roasted_adzuki_beans <- recipe=neapolitan:roasted_adzuki_beans;type=minecraft:smelting;output=1;choices=neapolitan:adzuki_beans×1;container=NONE -> neapolitan:adzuki_beans <- recipe=neapolitan:adzuki_beans_from_adzuki_crate;type=minecraft:crafting_shapeless;output=9;choices=neapolitan:adzuki_crate×1;container=NONE -> neapolitan:adzuki_crate <- recipe=neapolitan:adzuki_crate;type=minecraft:crafting_shaped;output=1;choices=;container=NONE","补齐证据后复审，不写入正式池","REVIEW"
"neapolitan:strawberry_bean_bonbons","neapolitan:strawberry_bean_bonbons","[那不勒斯风味]neapolitan-1.21.1-6.0.1.jar","data/neapolitan/recipe/strawberry_bean_bonbons.json","TAG_PRICE_MISSING;RECIPE_CYCLE;MISSING_PRICE;ZERO_COST;ALTERNATIVE_TAG_PRICE_MISSING;ALTERNATIVE_RECIPE_CYCLE;ALTERNATIVE_MISSING_PRICE;ALTERNATIVE_ZERO_COST;UNKNOWN_BUFF","neapolitan:strawberry_bean_bonbons","neapolitan:strawberry_bean_bonbons <- recipe=neapolitan:strawberry_bean_bonbons;type=minecraft:crafting_shapeless;output=1;choices=neapolitan:roasted_adzuki_beans×1 + minecraft:sugar×1;container=NONE -> neapolitan:roasted_adzuki_beans <- recipe=neapolitan:roasted_adzuki_beans;type=minecraft:smelting;output=1;choices=neapolitan:adzuki_beans×1;container=NONE -> neapolitan:adzuki_beans <- recipe=neapolitan:adzuki_beans_from_adzuki_crate;type=minecraft:crafting_shapeless;output=9;choices=neapolitan:adzuki_crate×1;container=NONE -> neapolitan:adzuki_crate <- recipe=neapolitan:adzuki_crate;type=minecraft:crafting_shaped;output=1;choices=;container=NONE -> minecraft:sugar=4(已定义)","补齐证据后复审，不写入正式池","REVIEW"
"neapolitan:strawberry_ice_cream","neapolitan:strawberry_ice_cream","[那不勒斯风味]neapolitan-1.21.1-6.0.1.jar","data/neapolitan/recipe/strawberry_ice_cream.json","TAG_PRICE_MISSING;MISSING_PRICE;PROVISIONAL_PRICE_ANCHOR;ALTERNATIVE_TAG_PRICE_MISSING;ALTERNATIVE_MISSING_PRICE;ALTERNATIVE_PROVISIONAL_PRICE_ANCHOR","neapolitan:strawberry_ice_cream","neapolitan:strawberry_ice_cream <- recipe=neapolitan:strawberry_ice_cream;type=minecraft:crafting_shapeless;output=1;choices=minecraft:sugar×1 + minecraft:bowl×1;container=NONE -> minecraft:sugar=4(已定义) -> minecraft:bowl=2(猜想)","补齐证据后复审，不写入正式池","REVIEW"
"neapolitan:strawberry_scones","neapolitan:strawberry_scones","[那不勒斯风味]neapolitan-1.21.1-6.0.1.jar","data/neapolitan/recipe/strawberry_scones.json","TAG_PRICE_MISSING;ALTERNATIVE_TAG_PRICE_MISSING","neapolitan:strawberry_scones","neapolitan:strawberry_scones <- recipe=neapolitan:strawberry_scones;type=minecraft:crafting_shapeless;output=2;choices=minecraft:wheat×1 + minecraft:wheat×1 + minecraft:sugar×1;container=NONE -> minecraft:wheat=5(已定义) -> minecraft:wheat=5(已定义) -> minecraft:sugar=4(已定义)","补齐证据后复审，不写入正式池","REVIEW"
"neapolitan:vanilla_chocolate_fingers","neapolitan:vanilla_chocolate_fingers","[那不勒斯风味]neapolitan-1.21.1-6.0.1.jar","data/neapolitan/recipe/vanilla_chocolate_fingers.json","TAG_PRICE_MISSING;RECIPE_CYCLE;MISSING_PRICE;ZERO_COST;ALTERNATIVE_TAG_PRICE_MISSING;ALTERNATIVE_RECIPE_CYCLE;ALTERNATIVE_MISSING_PRICE;ALTERNATIVE_ZERO_COST;UNKNOWN_BUFF","neapolitan:vanilla_chocolate_fingers","neapolitan:vanilla_chocolate_fingers <- recipe=neapolitan:vanilla_chocolate_fingers;type=minecraft:crafting_shapeless;output=1;choices=neapolitan:dried_vanilla_pods×1;container=NONE -> neapolitan:dried_vanilla_pods <- recipe=neapolitan:dried_vanilla_pods;type=minecraft:smelting;output=1;choices=neapolitan:vanilla_pods×1;container=NONE -> neapolitan:vanilla_pods <- recipe=neapolitan:vanilla_pods_from_vanilla_pod_block;type=minecraft:crafting_shapeless;output=9;choices=neapolitan:vanilla_pod_block×1;container=NONE -> neapolitan:vanilla_pod_block <- recipe=neapolitan:vanilla_pod_block;type=minecraft:crafting_shaped;output=1;choices=;container=NONE","补齐证据后复审，不写入正式池","REVIEW"
"neapolitan:vanilla_fudge","neapolitan:vanilla_fudge","[那不勒斯风味]neapolitan-1.21.1-6.0.1.jar","data/neapolitan/recipe/vanilla_fudge.json","RECIPE_CYCLE;MISSING_PRICE;ZERO_COST;TAG_PRICE_MISSING;ALTERNATIVE_RECIPE_CYCLE;ALTERNATIVE_MISSING_PRICE;ALTERNATIVE_ZERO_COST;ALTERNATIVE_TAG_PRICE_MISSING;UNKNOWN_BUFF","neapolitan:vanilla_fudge","neapolitan:vanilla_fudge <- recipe=neapolitan:vanilla_fudge;type=minecraft:crafting_shapeless;output=4;choices=neapolitan:dried_vanilla_pods×1 + neapolitan:dried_vanilla_pods×1 + minecraft:sugar×1;container=NONE -> neapolitan:dried_vanilla_pods <- recipe=neapolitan:dried_vanilla_pods;type=minecraft:smelting;output=1;choices=neapolitan:vanilla_pods×1;container=NONE -> neapolitan:vanilla_pods <- recipe=neapolitan:vanilla_pods_from_vanilla_pod_block;type=minecraft:crafting_shapeless;output=9;choices=neapolitan:vanilla_pod_block×1;container=NONE -> neapolitan:vanilla_pod_block <- recipe=neapolitan:vanilla_pod_block;type=minecraft:crafting_shaped;output=1;choices=;container=NONE -> neapolitan:dried_vanilla_pods <- recipe=neapolitan:dried_vanilla_pods;type=minecraft:smelting;output=1;choices=neapolitan:vanilla_pods×1;container=NONE -> neapolitan:vanilla_pods <- recipe=neapolitan:vanilla_pods_from_vanilla_pod_block;type=minecraft:crafting_shapeless;output=9;choices=neapolitan:vanilla_pod_block×1;container=NONE -> neapolitan:vanilla_pod_block <- recipe=neapolitan:vanilla_pod_block;type=minecraft:crafting_shaped;output=1;choices=;container=NONE -> minecraft:sugar=4(已定义)","补齐证据后复审，不写入正式池","REVIEW"
"neapolitan:vanilla_ice_cream","neapolitan:vanilla_ice_cream","[那不勒斯风味]neapolitan-1.21.1-6.0.1.jar","data/neapolitan/recipe/vanilla_ice_cream.json","RECIPE_CYCLE;MISSING_PRICE;ZERO_COST;TAG_PRICE_MISSING;PROVISIONAL_PRICE_ANCHOR;ALTERNATIVE_RECIPE_CYCLE;ALTERNATIVE_MISSING_PRICE;ALTERNATIVE_ZERO_COST;ALTERNATIVE_TAG_PRICE_MISSING;ALTERNATIVE_PROVISIONAL_PRICE_ANCHOR;UNKNOWN_BUFF","neapolitan:vanilla_ice_cream","neapolitan:vanilla_ice_cream <- recipe=neapolitan:vanilla_ice_cream;type=minecraft:crafting_shapeless;output=1;choices=neapolitan:dried_vanilla_pods×1 + minecraft:sugar×1 + minecraft:bowl×1;container=NONE -> neapolitan:dried_vanilla_pods <- recipe=neapolitan:dried_vanilla_pods;type=minecraft:smelting;output=1;choices=neapolitan:vanilla_pods×1;container=NONE -> neapolitan:vanilla_pods <- recipe=neapolitan:vanilla_pods_from_vanilla_pod_block;type=minecraft:crafting_shapeless;output=9;choices=neapolitan:vanilla_pod_block×1;container=NONE -> neapolitan:vanilla_pod_block <- recipe=neapolitan:vanilla_pod_block;type=minecraft:crafting_shaped;output=1;choices=;container=NONE -> minecraft:sugar=4(已定义) -> minecraft:bowl=2(猜想)","补齐证据后复审，不写入正式池","REVIEW"
"neapolitan:vanilla_pudding","neapolitan:vanilla_pudding","[那不勒斯风味]neapolitan-1.21.1-6.0.1.jar","data/neapolitan/recipe/vanilla_pudding.json","RECIPE_CYCLE;MISSING_PRICE;ZERO_COST;PROVISIONAL_PRICE_ANCHOR;ALTERNATIVE_RECIPE_CYCLE;ALTERNATIVE_MISSING_PRICE;ALTERNATIVE_ZERO_COST;ALTERNATIVE_PROVISIONAL_PRICE_ANCHOR;UNKNOWN_BUFF","neapolitan:vanilla_pudding","neapolitan:vanilla_pudding <- recipe=neapolitan:vanilla_pudding;type=minecraft:crafting_shapeless;output=1;choices=minecraft:egg×1 + minecraft:sugar×1 + neapolitan:dried_vanilla_pods×1 + minecraft:bowl×1;container=NONE -> minecraft:egg=5(已定义) -> minecraft:sugar=4(已定义) -> neapolitan:dried_vanilla_pods <- recipe=neapolitan:dried_vanilla_pods;type=minecraft:smelting;output=1;choices=neapolitan:vanilla_pods×1;container=NONE -> neapolitan:vanilla_pods <- recipe=neapolitan:vanilla_pods_from_vanilla_pod_block;type=minecraft:crafting_shapeless;output=9;choices=neapolitan:vanilla_pod_block×1;container=NONE -> neapolitan:vanilla_pod_block <- recipe=neapolitan:vanilla_pod_block;type=minecraft:crafting_shaped;output=1;choices=;container=NONE -> minecraft:bowl=2(猜想)","补齐证据后复审，不写入正式池","REVIEW"
