"targetItemId","targetTier","staticCandidateRecipeId","directMissingDependency","dependencyKind","fullDependencyChain","slotIndex","alternativeIndex","occurrence","hasOtherValidRoute","sourceJar","sourceRecipePath","suggestedAction","status"
"bakeries:bagel_filled_sauce","T2","bakeries:blender/olive_oil","bakeries:olive","ITEM","bakeries:bagel_filled_sauce -> bakeries:bearnaise -> bakeries:olive_oil -> bakeries:olive","0","0","1","否","[烘焙坊]bakeries-1.21.1-NeoForge-1.0.1.jar","data/bakeries/recipe/blender/olive_oil.json","补充直接 ID/tag 锚点或人工确认成员","REVIEW"
"bakeries:bagel_filled_sauce","T2","bakeries:blender/olive_oil","bakeries:olive","ITEM","bakeries:bagel_filled_sauce -> bakeries:bearnaise -> bakeries:olive_oil -> bakeries:olive","1","0","1","否","[烘焙坊]bakeries-1.21.1-NeoForge-1.0.1.jar","data/bakeries/recipe/blender/olive_oil.json","补充直接 ID/tag 锚点或人工确认成员","REVIEW"
"bakeries:bagel_filled_sauce","T2","bakeries:blender/olive_oil","bakeries:olive","ITEM","bakeries:bagel_filled_sauce -> bakeries:bearnaise -> bakeries:olive_oil -> bakeries:olive","2","0","1","否","[烘焙坊]bakeries-1.21.1-NeoForge-1.0.1.jar","data/bakeries/recipe/blender/olive_oil.json","补充直接 ID/tag 锚点或人工确认成员","REVIEW"
"bakeries:bagel_filled_sauce","T2","bakeries:blender/olive_oil","bakeries:olive","ITEM","bakeries:bagel_filled_sauce -> bakeries:bearnaise -> bakeries:olive_oil -> bakeries:olive","3","0","1","否","[烘焙坊]bakeries-1.21.1-NeoForge-1.0.1.jar","data/bakeries/recipe/blender/olive_oil.json","补充直接 ID/tag 锚点或人工确认成员","REVIEW"
"bakeries:bagel_filled_sauce","T2","bakeries:blender/sweet_dough","#c:butter","TAG","bakeries:bagel_filled_sauce -> bakeries:bagel -> bakeries:bagel_dough -> bakeries:sweet_dough -> #c:butter","8","0","1","否","[烘焙坊]bakeries-1.21.1-NeoForge-1.0.1.jar","data/bakeries/recipe/blender/sweet_dough.json","补充直接 ID/tag 锚点或人工确认成员","REVIEW"
"bakeries:bagel_filled_sauce","T2","bakeries:blender/sweet_dough","#c:salt","TAG","bakeries:bagel_filled_sauce -> bakeries:bagel -> bakeries:bagel_dough -> bakeries:sweet_dough -> #c:salt","7","0","1","否","[烘焙坊]bakeries-1.21.1-NeoForge-1.0.1.jar","data/bakeries/recipe/blender/sweet_dough.json","补充直接 ID/tag 锚点或人工确认成员","REVIEW"
"bakeries:bagel_filled_sauce","T2","bakeries:blender/sweet_dough","bakeries:bottle_yeast","ITEM","bakeries:bagel_filled_sauce -> bakeries:bagel -> bakeries:bagel_dough -> bakeries:sweet_dough -> bakeries:bottle_yeast","6","0","1","否","[烘焙坊]bakeries-1.21.1-NeoForge-1.0.1.jar","data/bakeries/recipe/blender/sweet_dough.json","补充直接 ID/tag 锚点或人工确认成员","REVIEW"
"bakeries:bagel_filled_sauce","T2","bakeries:compat/create/olive_oil","bakeries:olive","ITEM","bakeries:bagel_filled_sauce -> bakeries:bearnaise -> bakeries:olive_oil -> bakeries:olive","0","0","1","否","[烘焙坊]bakeries-1.21.1-NeoForge-1.0.1.jar","data/bakeries/recipe/compat/create/olive_oil.json","补充直接 ID/tag 锚点或人工确认成员","REVIEW"
"bakeries:bagel_filled_sauce","T2","bakeries:compat/create/olive_oil","bakeries:olive","ITEM","bakeries:bagel_filled_sauce -> bakeries:bearnaise -> bakeries:olive_oil -> bakeries:olive","1","0","1","否","[烘焙坊]bakeries-1.21.1-NeoForge-1.0.1.jar","data/bakeries/recipe/compat/create/olive_oil.json","补充直接 ID/tag 锚点或人工确认成员","REVIEW"
"bakeries:bagel_filled_sauce","T2","bakeries:compat/create/olive_oil","bakeries:olive","ITEM","bakeries:bagel_filled_sauce -> bakeries:bearnaise -> bakeries:olive_oil -> bakeries:olive","2","0","1","否","[烘焙坊]bakeries-1.21.1-NeoForge-1.0.1.jar","data/bakeries/recipe/compat/create/olive_oil.json","补充直接 ID/tag 锚点或人工确认成员","REVIEW"
"bakeries:bagel_filled_sauce","T2","bakeries:compat/create/olive_oil","bakeries:olive","ITEM","bakeries:bagel_filled_sauce -> bakeries:bearnaise -> bakeries:olive_oil -> bakeries:olive","3","0","1","否","[烘焙坊]bakeries-1.21.1-NeoForge-1.0.1.jar","data/bakeries/recipe/compat/create/olive_oil.json","补充直接 ID/tag 锚点或人工确认成员","REVIEW"
"bakeries:bagel_filled_sauce","T2","bakeries:compat/create/sweet_dough","#c:butter","TAG","bakeries:bagel_filled_sauce -> bakeries:bagel -> bakeries:bagel_dough -> bakeries:sweet_dough -> #c:butter","8","0","1","否","[烘焙坊]bakeries-1.21.1-NeoForge-1.0.1.jar","data/bakeries/recipe/compat/create/sweet_dough.json","补充直接 ID/tag 锚点或人工确认成员","REVIEW"
"bakeries:bagel_filled_sauce","T2","bakeries:compat/create/sweet_dough","#c:salt","TAG","bakeries:bagel_filled_sauce -> bakeries:bagel -> bakeries:bagel_dough -> bakeries:sweet_dough -> #c:salt","7","0","1","否","[烘焙坊]bakeries-1.21.1-NeoForge-1.0.1.jar","data/bakeries/recipe/compat/create/sweet_dough.json","补充直接 ID/tag 锚点或人工确认成员","REVIEW"
"bakeries:bagel_filled_sauce","T2","bakeries:compat/create/sweet_dough","bakeries:bottle_yeast","ITEM","bakeries:bagel_filled_sauce -> bakeries:bagel -> bakeries:bagel_dough -> bakeries:sweet_dough -> bakeries:bottle_yeast","6","0","1","否","[烘焙坊]bakeries-1.21.1-NeoForge-1.0.1.jar","data/bakeries/recipe/compat/create/sweet_dough.json","补充直接 ID/tag 锚点或人工确认成员","REVIEW"
"bakeries:bagel_filled_sauce","T2","bakeries:flour_bag","bakeries:flour","ITEM","bakeries:bagel_filled_sauce -> bakeries:bagel -> bakeries:bagel_dough -> bakeries:sweet_dough -> bakeries:flour -> bakeries:flour_bag -> bakeries:flour","0","0","1","否","[烘焙坊]bakeries-1.21.1-NeoForge-1.0.1.jar","data/bakeries/recipe/flour_bag.json","补充直接 ID/tag 锚点或人工确认成员","REVIEW"
"bakeries:bagel_filled_sauce","T2","bakeries:flour_bag","bakeries:flour","ITEM","bakeries:bagel_filled_sauce -> bakeries:bagel -> bakeries:bagel_dough -> bakeries:sweet_dough -> bakeries:flour -> bakeries:flour_bag -> bakeries:flour","1","0","1","否","[烘焙坊]bakeries-1.21.1-NeoForge-1.0.1.jar","data/bakeries/recipe/flour_bag.json","补充直接 ID/tag 锚点或人工确认成员","REVIEW"
"bakeries:bagel_filled_sauce","T2","bakeries:flour_bag","bakeries:flour","ITEM","bakeries:bagel_filled_sauce -> bakeries:bagel -> bakeries:bagel_dough -> bakeries:sweet_dough -> bakeries:flour -> bakeries:flour_bag -> bakeries:flour","2","0","1","否","[烘焙坊]bakeries-1.21.1-NeoForge-1.0.1.jar","data/bakeries/recipe/flour_bag.json","补充直接 ID/tag 锚点或人工确认成员","REVIEW"
"bakeries:bagel_filled_sauce","T2","bakeries:flour_bag","bakeries:flour","ITEM","bakeries:bagel_filled_sauce -> bakeries:bagel -> bakeries:bagel_dough -> bakeries:sweet_dough -> bakeries:flour -> bakeries:flour_bag -> bakeries:flour","3","0","1","否","[烘焙坊]bakeries-1.21.1-NeoForge-1.0.1.jar","data/bakeries/recipe/flour_bag.json","补充直接 ID/tag 锚点或人工确认成员","REVIEW"
"bakeries:bagel_filled_sauce","T2","bakeries:flour_bag","bakeries:flour","ITEM","bakeries:bagel_filled_sauce -> bakeries:bagel -> bakeries:bagel_dough -> bakeries:sweet_dough -> bakeries:flour -> bakeries:flour_bag -> bakeries:flour","4","0","1","否","[烘焙坊]bakeries-1.21.1-NeoForge-1.0.1.jar","data/bakeries/recipe/flour_bag.json","补充直接 ID/tag 锚点或人工确认成员","REVIEW"
"bakeries:bagel_filled_sauce","T2","bakeries:flour_bag","bakeries:flour","ITEM","bakeries:bagel_filled_sauce -> bakeries:bagel -> bakeries:bagel_dough -> bakeries:sweet_dough -> bakeries:flour -> bakeries:flour_bag -> bakeries:flour","5","0","1","否","[烘焙坊]bakeries-1.21.1-NeoForge-1.0.1.jar","data/bakeries/recipe/flour_bag.json","补充直接 ID/tag 锚点或人工确认成员","REVIEW"
"bakeries:bagel_filled_sauce","T2","bakeries:flour_bag","bakeries:flour","ITEM","bakeries:bagel_filled_sauce -> bakeries:bagel -> bakeries:bagel_dough -> bakeries:sweet_dough -> bakeries:flour -> bakeries:flour_bag -> bakeries:flour","6","0","1","否","[烘焙坊]bakeries-1.21.1-NeoForge-1.0.1.jar","data/bakeries/recipe/flour_bag.json","补充直接 ID/tag 锚点或人工确认成员","REVIEW"
"bakeries:bagel_filled_sauce","T2","bakeries:flour_bag","bakeries:flour","ITEM","bakeries:bagel_filled_sauce -> bakeries:bagel -> bakeries:bagel_dough -> bakeries:sweet_dough -> bakeries:flour -> bakeries:flour_bag -> bakeries:flour","7","0","1","否","[烘焙坊]bakeries-1.21.1-NeoForge-1.0.1.jar","data/bakeries/recipe/flour_bag.json","补充直接 ID/tag 锚点或人工确认成员","REVIEW"
"bakeries:bagel_filled_sauce","T2","bakeries:flour_bag","bakeries:flour","ITEM","bakeries:bagel_filled_sauce -> bakeries:bagel -> bakeries:bagel_dough -> bakeries:sweet_dough -> bakeries:flour -> bakeries:flour_bag -> bakeries:flour","8","0","1","否","[烘焙坊]bakeries-1.21.1-NeoForge-1.0.1.jar","data/bakeries/recipe/flour_bag.json","补充直接 ID/tag 锚点或人工确认成员","REVIEW"
"bakeries:bagel_filled_sauce","T2","bakeries:flour_sieve/flour","#c:flours/wheat","TAG","bakeries:bagel_filled_sauce -> bakeries:bagel -> bakeries:bagel_dough -> bakeries:sweet_dough -> bakeries:flour -> #c:flours/wheat","0","0","1","否","[烘焙坊]bakeries-1.21.1-NeoForge-1.0.1.jar","data/bakeries/recipe/flour_sieve/flour.json","补充直接 ID/tag 锚点或人工确认成员","REVIEW"
"bakeries:bagel_filled_sauce","T2","bakeries:integration/create/milling/flour","create:wheat_flour","ITEM","bakeries:bagel_filled_sauce -> bakeries:bagel -> bakeries:bagel_dough -> bakeries:sweet_dough -> bakeries:flour -> create:wheat_flour","0","0","1","否","[烘焙坊]bakeries-1.21.1-NeoForge-1.0.1.jar","data/bakeries/recipe/integration/create/milling/flour.json","补充直接 ID/tag 锚点或人工确认成员","REVIEW"
"bakeries:bagel_filled_sauce","T2","bakeries:integration/create/mixing/bearnaise_6","minecraft:glass_bottle","ITEM","bakeries:bagel_filled_sauce -> bakeries:bearnaise -> bakeries:olive_oil -> minecraft:glass_bottle -> minecraft:glass_bottle","3","0","1","否","[烘焙坊]bakeries-1.21.1-NeoForge-1.0.1.jar","data/bakeries/recipe/integration/create/mixing/bearnaise_6.json","补充直接 ID/tag 锚点或人工确认成员","REVIEW"
"bakeries:bagel_filled_sauce","T2","bakeries:integration/create/mixing/bottle_cream","minecraft:glass_bottle","ITEM","bakeries:bagel_filled_sauce -> bakeries:bearnaise -> bakeries:olive_oil -> minecraft:glass_bottle -> bakeries:bottle_cream -> minecraft:glass_bottle","1","0","1","否","[烘焙坊]bakeries-1.21.1-NeoForge-1.0.1.jar","data/bakeries/recipe/integration/create/mixing/bottle_cream.json","补充直接 ID/tag 锚点或人工确认成员","REVIEW"
"bakeries:bagel_filled_sauce","T2","bakeries:integration/create/mixing/butter_flour_sand","#c:butter","TAG","bakeries:bagel_filled_sauce -> bakeries:bearnaise -> bakeries:olive_oil -> minecraft:glass_bottle -> bakeries:butter_flour_sand -> #c:butter","4","0","1","否","[烘焙坊]bakeries-1.21.1-NeoForge-1.0.1.jar","data/bakeries/recipe/integration/create/mixing/butter_flour_sand.json","补充直接 ID/tag 锚点或人工确认成员","REVIEW"
"bakeries:bagel_filled_sauce","T2","bakeries:integration/create/mixing/butter_flour_sand","#c:butter","TAG","bakeries:bagel_filled_sauce -> bakeries:bearnaise -> bakeries:olive_oil -> minecraft:glass_bottle -> bakeries:butter_flour_sand -> #c:butter","5","0","1","否","[烘焙坊]bakeries-1.21.1-NeoForge-1.0.1.jar","data/bakeries/recipe/integration/create/mixing/butter_flour_sand.json","补充直接 ID/tag 锚点或人工确认成员","REVIEW"
"bakeries:bagel_filled_sauce","T2","bakeries:integration/create/mixing/butter_flour_sand","#c:salt","TAG","bakeries:bagel_filled_sauce -> bakeries:bearnaise -> bakeries:olive_oil -> minecraft:glass_bottle -> bakeries:butter_flour_sand -> #c:salt","6","0","1","否","[烘焙坊]bakeries-1.21.1-NeoForge-1.0.1.jar","data/bakeries/recipe/integration/create/mixing/butter_flour_sand.json","补充直接 ID/tag 锚点或人工确认成员","REVIEW"
"bakeries:bagel_filled_sauce","T2","bakeries:integration/create/mixing/olive_oil","bakeries:olive","ITEM","bakeries:bagel_filled_sauce -> bakeries:bearnaise -> bakeries:olive_oil -> bakeries:olive","0","0","1","否","[烘焙坊]bakeries-1.21.1-NeoForge-1.0.1.jar","data/bakeries/recipe/integration/create/mixing/olive_oil.json","补充直接 ID/tag 锚点或人工确认成员","REVIEW"
"bakeries:bagel_filled_sauce","T2","bakeries:integration/create/mixing/olive_oil","bakeries:olive","ITEM","bakeries:bagel_filled_sauce -> bakeries:bearnaise -> bakeries:olive_oil -> bakeries:olive","1","0","1","否","[烘焙坊]bakeries-1.21.1-NeoForge-1.0.1.jar","data/bakeries/recipe/integration/create/mixing/olive_oil.json","补充直接 ID/tag 锚点或人工确认成员","REVIEW"
"bakeries:bagel_filled_sauce","T2","bakeries:integration/create/mixing/olive_oil","bakeries:olive","ITEM","bakeries:bagel_filled_sauce -> bakeries:bearnaise -> bakeries:olive_oil -> bakeries:olive","2","0","1","否","[烘焙坊]bakeries-1.21.1-NeoForge-1.0.1.jar","data/bakeries/recipe/integration/create/mixing/olive_oil.json","补充直接 ID/tag 锚点或人工确认成员","REVIEW"
"bakeries:bagel_filled_sauce","T2","bakeries:integration/create/mixing/olive_oil","bakeries:olive","ITEM","bakeries:bagel_filled_sauce -> bakeries:bearnaise -> bakeries:olive_oil -> bakeries:olive","3","0","1","否","[烘焙坊]bakeries-1.21.1-NeoForge-1.0.1.jar","data/bakeries/recipe/integration/create/mixing/olive_oil.json","补充直接 ID/tag 锚点或人工确认成员","REVIEW"
"bakeries:bagel_filled_sauce","T2","bakeries:integration/create/mixing/pastry","bakeries:bottle_yeast","ITEM","bakeries:bagel_filled_sauce -> bakeries:bearnaise -> bakeries:olive_oil -> minecraft:glass_bottle -> bakeries:bottle_yeast","2","0","1","否","[烘焙坊]bakeries-1.21.1-NeoForge-1.0.1.jar","data/bakeries/recipe/integration/create/mixing/pastry.json","补充直接 ID/tag 锚点或人工确认成员","REVIEW"
"bakeries:bagel_filled_sauce","T2","bakeries:integration/create/mixing/salted_dough","#c:salt","TAG","bakeries:bagel_filled_sauce -> bakeries:bearnaise -> bakeries:olive_oil -> minecraft:glass_bottle -> #c:salt","6","0","1","否","[烘焙坊]bakeries-1.21.1-NeoForge-1.0.1.jar","data/bakeries/recipe/integration/create/mixing/salted_dough.json","补充直接 ID/tag 锚点或人工确认成员","REVIEW"
"bakeries:bagel_filled_sauce","T2","bakeries:integration/create/mixing/salted_dough","bakeries:bottle_yeast","ITEM","bakeries:bagel_filled_sauce -> bakeries:bearnaise -> bakeries:olive_oil -> minecraft:glass_bottle -> bakeries:bottle_yeast","5","0","1","否","[烘焙坊]bakeries-1.21.1-NeoForge-1.0.1.jar","data/bakeries/recipe/integration/create/mixing/salted_dough.json","补充直接 ID/tag 锚点或人工确认成员","REVIEW"
"bakeries:bagel_filled_sauce","T2","bakeries:integration/create/mixing/sweet_dough","#c:butter","TAG","bakeries:bagel_filled_sauce -> bakeries:bagel -> bakeries:bagel_dough -> bakeries:sweet_dough -> #c:butter","8","0","1","否","[烘焙坊]bakeries-1.21.1-NeoForge-1.0.1.jar","data/bakeries/recipe/integration/create/mixing/sweet_dough.json","补充直接 ID/tag 锚点或人工确认成员","REVIEW"
"bakeries:bagel_filled_sauce","T2","bakeries:integration/create/mixing/sweet_dough","#c:salt","TAG","bakeries:bagel_filled_sauce -> bakeries:bagel -> bakeries:bagel_dough -> bakeries:sweet_dough -> #c:salt","7","0","1","否","[烘焙坊]bakeries-1.21.1-NeoForge-1.0.1.jar","data/bakeries/recipe/integration/create/mixing/sweet_dough.json","补充直接 ID/tag 锚点或人工确认成员","REVIEW"
"bakeries:bagel_filled_sauce","T2","bakeries:integration/create/mixing/sweet_dough","bakeries:bottle_yeast","ITEM","bakeries:bagel_filled_sauce -> bakeries:bagel -> bakeries:bagel_dough -> bakeries:sweet_dough -> bakeries:bottle_yeast","6","0","1","否","[烘焙坊]bakeries-1.21.1-NeoForge-1.0.1.jar","data/bakeries/recipe/integration/create/mixing/sweet_dough.json","补充直接 ID/tag 锚点或人工确认成员","REVIEW"
"bakeries:bagel_filled_sauce","T2","bakeries:integration/create/mixing/whole_wheat_dough","#c:flours/wheat","TAG","bakeries:bagel_filled_sauce -> bakeries:bearnaise -> bakeries:olive_oil -> minecraft:glass_bottle -> #c:flours/wheat","0","0","1","否","[烘焙坊]bakeries-1.21.1-NeoForge-1.0.1.jar","data/bakeries/recipe/integration/create/mixing/whole_wheat_dough.json","补充直接 ID/tag 锚点或人工确认成员","REVIEW"
"bakeries:bagel_filled_sauce","T2","bakeries:integration/create/mixing/whole_wheat_dough","#c:flours/wheat","TAG","bakeries:bagel_filled_sauce -> bakeries:bearnaise -> bakeries:olive_oil -> minecraft:glass_bottle -> #c:flours/wheat","1","0","1","否","[烘焙坊]bakeries-1.21.1-NeoForge-1.0.1.jar","data/bakeries/recipe/integration/create/mixing/whole_wheat_dough.json","补充直接 ID/tag 锚点或人工确认成员","REVIEW"
"bakeries:bagel_filled_sauce","T2","bakeries:integration/create/mixing/whole_wheat_dough","#c:flours/wheat","TAG","bakeries:bagel_filled_sauce -> bakeries:bearnaise -> bakeries:olive_oil -> minecraft:glass_bottle -> #c:flours/wheat","2","0","1","否","[烘焙坊]bakeries-1.21.1-NeoForge-1.0.1.jar","data/bakeries/recipe/integration/create/mixing/whole_wheat_dough.json","补充直接 ID/tag 锚点或人工确认成员","REVIEW"
"bakeries:bagel_filled_sauce","T2","bakeries:integration/create/mixing/whole_wheat_dough","#c:flours/wheat","TAG","bakeries:bagel_filled_sauce -> bakeries:bearnaise -> bakeries:olive_oil -> minecraft:glass_bottle -> #c:flours/wheat","3","0","1","否","[烘焙坊]bakeries-1.21.1-NeoForge-1.0.1.jar","data/bakeries/recipe/integration/create/mixing/whole_wheat_dough.json","补充直接 ID/tag 锚点或人工确认成员","REVIEW"
"bakeries:bagel_filled_sauce","T2","bakeries:integration/create/mixing/whole_wheat_dough","#c:salt","TAG","bakeries:bagel_filled_sauce -> bakeries:bearnaise -> bakeries:olive_oil -> minecraft:glass_bottle -> #c:salt","5","0","1","否","[烘焙坊]bakeries-1.21.1-NeoForge-1.0.1.jar","data/bakeries/recipe/integration/create/mixing/whole_wheat_dough.json","补充直接 ID/tag 锚点或人工确认成员","REVIEW"
"bakeries:bagel_filled_sauce","T2","bakeries:integration/create/mixing/whole_wheat_dough","bakeries:bottle_yeast","ITEM","bakeries:bagel_filled_sauce -> bakeries:bearnaise -> bakeries:olive_oil -> minecraft:glass_bottle -> bakeries:bottle_yeast","4","0","1","否","[烘焙坊]bakeries-1.21.1-NeoForge-1.0.1.jar","data/bakeries/recipe/integration/create/mixing/whole_wheat_dough.json","补充直接 ID/tag 锚点或人工确认成员","REVIEW"
"bakeries:bagel_filled_sauce","T2","bakeries:olive_oil","bakeries:olive","ITEM","bakeries:bagel_filled_sauce -> bakeries:bearnaise -> bakeries:olive_oil -> bakeries:olive","0","0","4","否","[烘焙坊]bakeries-1.21.1-NeoForge-1.0.1.jar","data/bakeries/recipe/olive_oil.json","补充直接 ID/tag 锚点或人工确认成员","REVIEW"
"bakeries:bagel","T2","bakeries:blender/sweet_dough","#c:butter","TAG","bakeries:bagel -> bakeries:bagel_dough -> bakeries:sweet_dough -> #c:butter","8","0","1","否","[烘焙坊]bakeries-1.21.1-NeoForge-1.0.1.jar","data/bakeries/recipe/blender/sweet_dough.json","补充直接 ID/tag 锚点或人工确认成员","REVIEW"
"bakeries:bagel","T2","bakeries:blender/sweet_dough","#c:salt","TAG","bakeries:bagel -> bakeries:bagel_dough -> bakeries:sweet_dough -> #c:salt","7","0","1","否","[烘焙坊]bakeries-1.21.1-NeoForge-1.0.1.jar","data/bakeries/recipe/blender/sweet_dough.json","补充直接 ID/tag 锚点或人工确认成员","REVIEW"
"bakeries:bagel","T2","bakeries:blender/sweet_dough","bakeries:bottle_yeast","ITEM","bakeries:bagel -> bakeries:bagel_dough -> bakeries:sweet_dough -> bakeries:bottle_yeast","6","0","1","否","[烘焙坊]bakeries-1.21.1-NeoForge-1.0.1.jar","data/bakeries/recipe/blender/sweet_dough.json","补充直接 ID/tag 锚点或人工确认成员","REVIEW"
"bakeries:bagel","T2","bakeries:compat/create/sweet_dough","#c:butter","TAG","bakeries:bagel -> bakeries:bagel_dough -> bakeries:sweet_dough -> #c:butter","8","0","1","否","[烘焙坊]bakeries-1.21.1-NeoForge-1.0.1.jar","data/bakeries/recipe/compat/create/sweet_dough.json","补充直接 ID/tag 锚点或人工确认成员","REVIEW"
"bakeries:bagel","T2","bakeries:compat/create/sweet_dough","#c:salt","TAG","bakeries:bagel -> bakeries:bagel_dough -> bakeries:sweet_dough -> #c:salt","7","0","1","否","[烘焙坊]bakeries-1.21.1-NeoForge-1.0.1.jar","data/bakeries/recipe/compat/create/sweet_dough.json","补充直接 ID/tag 锚点或人工确认成员","REVIEW"
"bakeries:bagel","T2","bakeries:compat/create/sweet_dough","bakeries:bottle_yeast","ITEM","bakeries:bagel -> bakeries:bagel_dough -> bakeries:sweet_dough -> bakeries:bottle_yeast","6","0","1","否","[烘焙坊]bakeries-1.21.1-NeoForge-1.0.1.jar","data/bakeries/recipe/compat/create/sweet_dough.json","补充直接 ID/tag 锚点或人工确认成员","REVIEW"
"bakeries:bagel","T2","bakeries:flour_bag","bakeries:flour","ITEM","bakeries:bagel -> bakeries:bagel_dough -> bakeries:sweet_dough -> bakeries:flour -> bakeries:flour_bag -> bakeries:flour","0","0","1","否","[烘焙坊]bakeries-1.21.1-NeoForge-1.0.1.jar","data/bakeries/recipe/flour_bag.json","补充直接 ID/tag 锚点或人工确认成员","REVIEW"
"bakeries:bagel","T2","bakeries:flour_bag","bakeries:flour","ITEM","bakeries:bagel -> bakeries:bagel_dough -> bakeries:sweet_dough -> bakeries:flour -> bakeries:flour_bag -> bakeries:flour","1","0","1","否","[烘焙坊]bakeries-1.21.1-NeoForge-1.0.1.jar","data/bakeries/recipe/flour_bag.json","补充直接 ID/tag 锚点或人工确认成员","REVIEW"
"bakeries:bagel","T2","bakeries:flour_bag","bakeries:flour","ITEM","bakeries:bagel -> bakeries:bagel_dough -> bakeries:sweet_dough -> bakeries:flour -> bakeries:flour_bag -> bakeries:flour","2","0","1","否","[烘焙坊]bakeries-1.21.1-NeoForge-1.0.1.jar","data/bakeries/recipe/flour_bag.json","补充直接 ID/tag 锚点或人工确认成员","REVIEW"
"bakeries:bagel","T2","bakeries:flour_bag","bakeries:flour","ITEM","bakeries:bagel -> bakeries:bagel_dough -> bakeries:sweet_dough -> bakeries:flour -> bakeries:flour_bag -> bakeries:flour","3","0","1","否","[烘焙坊]bakeries-1.21.1-NeoForge-1.0.1.jar","data/bakeries/recipe/flour_bag.json","补充直接 ID/tag 锚点或人工确认成员","REVIEW"
"bakeries:bagel","T2","bakeries:flour_bag","bakeries:flour","ITEM","bakeries:bagel -> bakeries:bagel_dough -> bakeries:sweet_dough -> bakeries:flour -> bakeries:flour_bag -> bakeries:flour","4","0","1","否","[烘焙坊]bakeries-1.21.1-NeoForge-1.0.1.jar","data/bakeries/recipe/flour_bag.json","补充直接 ID/tag 锚点或人工确认成员","REVIEW"
"bakeries:bagel","T2","bakeries:flour_bag","bakeries:flour","ITEM","bakeries:bagel -> bakeries:bagel_dough -> bakeries:sweet_dough -> bakeries:flour -> bakeries:flour_bag -> bakeries:flour","5","0","1","否","[烘焙坊]bakeries-1.21.1-NeoForge-1.0.1.jar","data/bakeries/recipe/flour_bag.json","补充直接 ID/tag 锚点或人工确认成员","REVIEW"
"bakeries:bagel","T2","bakeries:flour_bag","bakeries:flour","ITEM","bakeries:bagel -> bakeries:bagel_dough -> bakeries:sweet_dough -> bakeries:flour -> bakeries:flour_bag -> bakeries:flour","6","0","1","否","[烘焙坊]bakeries-1.21.1-NeoForge-1.0.1.jar","data/bakeries/recipe/flour_bag.json","补充直接 ID/tag 锚点或人工确认成员","REVIEW"
"bakeries:bagel","T2","bakeries:flour_bag","bakeries:flour","ITEM","bakeries:bagel -> bakeries:bagel_dough -> bakeries:sweet_dough -> bakeries:flour -> bakeries:flour_bag -> bakeries:flour","7","0","1","否","[烘焙坊]bakeries-1.21.1-NeoForge-1.0.1.jar","data/bakeries/recipe/flour_bag.json","补充直接 ID/tag 锚点或人工确认成员","REVIEW"
"bakeries:bagel","T2","bakeries:flour_bag","bakeries:flour","ITEM","bakeries:bagel -> bakeries:bagel_dough -> bakeries:sweet_dough -> bakeries:flour -> bakeries:flour_bag -> bakeries:flour","8","0","1","否","[烘焙坊]bakeries-1.21.1-NeoForge-1.0.1.jar","data/bakeries/recipe/flour_bag.json","补充直接 ID/tag 锚点或人工确认成员","REVIEW"
"bakeries:bagel","T2","bakeries:flour_sieve/flour","#c:flours/wheat","TAG","bakeries:bagel -> bakeries:bagel_dough -> bakeries:sweet_dough -> bakeries:flour -> #c:flours/wheat","0","0","1","否","[烘焙坊]bakeries-1.21.1-NeoForge-1.0.1.jar","data/bakeries/recipe/flour_sieve/flour.json","补充直接 ID/tag 锚点或人工确认成员","REVIEW"
"bakeries:bagel","T2","bakeries:integration/create/milling/flour","create:wheat_flour","ITEM","bakeries:bagel -> bakeries:bagel_dough -> bakeries:sweet_dough -> bakeries:flour -> create:wheat_flour","0","0","1","否","[烘焙坊]bakeries-1.21.1-NeoForge-1.0.1.jar","data/bakeries/recipe/integration/create/milling/flour.json","补充直接 ID/tag 锚点或人工确认成员","REVIEW"
"bakeries:bagel","T2","bakeries:integration/create/mixing/sweet_dough","#c:butter","TAG","bakeries:bagel -> bakeries:bagel_dough -> bakeries:sweet_dough -> #c:butter","8","0","1","否","[烘焙坊]bakeries-1.21.1-NeoForge-1.0.1.jar","data/bakeries/recipe/integration/create/mixing/sweet_dough.json","补充直接 ID/tag 锚点或人工确认成员","REVIEW"
"bakeries:bagel","T2","bakeries:integration/create/mixing/sweet_dough","#c:salt","TAG","bakeries:bagel -> bakeries:bagel_dough -> bakeries:sweet_dough -> #c:salt","7","0","1","否","[烘焙坊]bakeries-1.21.1-NeoForge-1.0.1.jar","data/bakeries/recipe/integration/create/mixing/sweet_dough.json","补充直接 ID/tag 锚点或人工确认成员","REVIEW"
"bakeries:bagel","T2","bakeries:integration/create/mixing/sweet_dough","bakeries:bottle_yeast","ITEM","bakeries:bagel -> bakeries:bagel_dough -> bakeries:sweet_dough -> bakeries:bottle_yeast","6","0","1","否","[烘焙坊]bakeries-1.21.1-NeoForge-1.0.1.jar","data/bakeries/recipe/integration/create/mixing/sweet_dough.json","补充直接 ID/tag 锚点或人工确认成员","REVIEW"
"bakeries:baguette_with_filling","T2","bakeries:blender/salted_dough","#c:salt","TAG","bakeries:baguette_with_filling -> bakeries:baguette -> bakeries:baguette_dough -> bakeries:salted_dough -> #c:salt","6","0","1","否","[烘焙坊]bakeries-1.21.1-NeoForge-1.0.1.jar","data/bakeries/recipe/blender/salted_dough.json","补充直接 ID/tag 锚点或人工确认成员","REVIEW"
"bakeries:baguette_with_filling","T2","bakeries:blender/salted_dough","bakeries:bottle_yeast","ITEM","bakeries:baguette_with_filling -> bakeries:baguette -> bakeries:baguette_dough -> bakeries:salted_dough -> bakeries:bottle_yeast","5","0","1","否","[烘焙坊]bakeries-1.21.1-NeoForge-1.0.1.jar","data/bakeries/recipe/blender/salted_dough.json","补充直接 ID/tag 锚点或人工确认成员","REVIEW"
"bakeries:baguette_with_filling","T2","bakeries:compat/create/salted_dough","#c:salt","TAG","bakeries:baguette_with_filling -> bakeries:baguette -> bakeries:baguette_dough -> bakeries:salted_dough -> #c:salt","6","0","1","否","[烘焙坊]bakeries-1.21.1-NeoForge-1.0.1.jar","data/bakeries/recipe/compat/create/salted_dough.json","补充直接 ID/tag 锚点或人工确认成员","REVIEW"
"bakeries:baguette_with_filling","T2","bakeries:compat/create/salted_dough","bakeries:bottle_yeast","ITEM","bakeries:baguette_with_filling -> bakeries:baguette -> bakeries:baguette_dough -> bakeries:salted_dough -> bakeries:bottle_yeast","5","0","1","否","[烘焙坊]bakeries-1.21.1-NeoForge-1.0.1.jar","data/bakeries/recipe/compat/create/salted_dough.json","补充直接 ID/tag 锚点或人工确认成员","REVIEW"
"bakeries:baguette_with_filling","T2","bakeries:flour_bag","bakeries:flour","ITEM","bakeries:baguette_with_filling -> bakeries:baguette -> bakeries:baguette_dough -> bakeries:salted_dough -> bakeries:flour -> bakeries:flour_bag -> bakeries:flour","0","0","1","否","[烘焙坊]bakeries-1.21.1-NeoForge-1.0.1.jar","data/bakeries/recipe/flour_bag.json","补充直接 ID/tag 锚点或人工确认成员","REVIEW"
"bakeries:baguette_with_filling","T2","bakeries:flour_bag","bakeries:flour","ITEM","bakeries:baguette_with_filling -> bakeries:baguette -> bakeries:baguette_dough -> bakeries:salted_dough -> bakeries:flour -> bakeries:flour_bag -> bakeries:flour","1","0","1","否","[烘焙坊]bakeries-1.21.1-NeoForge-1.0.1.jar","data/bakeries/recipe/flour_bag.json","补充直接 ID/tag 锚点或人工确认成员","REVIEW"
"bakeries:baguette_with_filling","T2","bakeries:flour_bag","bakeries:flour","ITEM","bakeries:baguette_with_filling -> bakeries:baguette -> bakeries:baguette_dough -> bakeries:salted_dough -> bakeries:flour -> bakeries:flour_bag -> bakeries:flour","2","0","1","否","[烘焙坊]bakeries-1.21.1-NeoForge-1.0.1.jar","data/bakeries/recipe/flour_bag.json","补充直接 ID/tag 锚点或人工确认成员","REVIEW"
"bakeries:baguette_with_filling","T2","bakeries:flour_bag","bakeries:flour","ITEM","bakeries:baguette_with_filling -> bakeries:baguette -> bakeries:baguette_dough -> bakeries:salted_dough -> bakeries:flour -> bakeries:flour_bag -> bakeries:flour","3","0","1","否","[烘焙坊]bakeries-1.21.1-NeoForge-1.0.1.jar","data/bakeries/recipe/flour_bag.json","补充直接 ID/tag 锚点或人工确认成员","REVIEW"
"bakeries:baguette_with_filling","T2","bakeries:flour_bag","bakeries:flour","ITEM","bakeries:baguette_with_filling -> bakeries:baguette -> bakeries:baguette_dough -> bakeries:salted_dough -> bakeries:flour -> bakeries:flour_bag -> bakeries:flour","4","0","1","否","[烘焙坊]bakeries-1.21.1-NeoForge-1.0.1.jar","data/bakeries/recipe/flour_bag.json","补充直接 ID/tag 锚点或人工确认成员","REVIEW"
"bakeries:baguette_with_filling","T2","bakeries:flour_bag","bakeries:flour","ITEM","bakeries:baguette_with_filling -> bakeries:baguette -> bakeries:baguette_dough -> bakeries:salted_dough -> bakeries:flour -> bakeries:flour_bag -> bakeries:flour","5","0","1","否","[烘焙坊]bakeries-1.21.1-NeoForge-1.0.1.jar","data/bakeries/recipe/flour_bag.json","补充直接 ID/tag 锚点或人工确认成员","REVIEW"
"bakeries:baguette_with_filling","T2","bakeries:flour_bag","bakeries:flour","ITEM","bakeries:baguette_with_filling -> bakeries:baguette -> bakeries:baguette_dough -> bakeries:salted_dough -> bakeries:flour -> bakeries:flour_bag -> bakeries:flour","6","0","1","否","[烘焙坊]bakeries-1.21.1-NeoForge-1.0.1.jar","data/bakeries/recipe/flour_bag.json","补充直接 ID/tag 锚点或人工确认成员","REVIEW"
"bakeries:baguette_with_filling","T2","bakeries:flour_bag","bakeries:flour","ITEM","bakeries:baguette_with_filling -> bakeries:baguette -> bakeries:baguette_dough -> bakeries:salted_dough -> bakeries:flour -> bakeries:flour_bag -> bakeries:flour","7","0","1","否","[烘焙坊]bakeries-1.21.1-NeoForge-1.0.1.jar","data/bakeries/recipe/flour_bag.json","补充直接 ID/tag 锚点或人工确认成员","REVIEW"
"bakeries:baguette_with_filling","T2","bakeries:flour_bag","bakeries:flour","ITEM","bakeries:baguette_with_filling -> bakeries:baguette -> bakeries:baguette_dough -> bakeries:salted_dough -> bakeries:flour -> bakeries:flour_bag -> bakeries:flour","8","0","1","否","[烘焙坊]bakeries-1.21.1-NeoForge-1.0.1.jar","data/bakeries/recipe/flour_bag.json","补充直接 ID/tag 锚点或人工确认成员","REVIEW"
"bakeries:baguette_with_filling","T2","bakeries:flour_sieve/flour","#c:flours/wheat","TAG","bakeries:baguette_with_filling -> bakeries:baguette -> bakeries:baguette_dough -> bakeries:salted_dough -> bakeries:flour -> #c:flours/wheat","0","0","1","否","[烘焙坊]bakeries-1.21.1-NeoForge-1.0.1.jar","data/bakeries/recipe/flour_sieve/flour.json","补充直接 ID/tag 锚点或人工确认成员","REVIEW"
"bakeries:baguette_with_filling","T2","bakeries:integration/create/milling/flour","create:wheat_flour","ITEM","bakeries:baguette_with_filling -> bakeries:baguette -> bakeries:baguette_dough -> bakeries:salted_dough -> bakeries:flour -> create:wheat_flour","0","0","1","否","[烘焙坊]bakeries-1.21.1-NeoForge-1.0.1.jar","data/bakeries/recipe/integration/create/milling/flour.json","补充直接 ID/tag 锚点或人工确认成员","REVIEW"
"bakeries:baguette_with_filling","T2","bakeries:integration/create/mixing/salted_dough","#c:salt","TAG","bakeries:baguette_with_filling -> bakeries:baguette -> bakeries:baguette_dough -> bakeries:salted_dough -> #c:salt","6","0","1","否","[烘焙坊]bakeries-1.21.1-NeoForge-1.0.1.jar","data/bakeries/recipe/integration/create/mixing/salted_dough.json","补充直接 ID/tag 锚点或人工确认成员","REVIEW"
"bakeries:baguette_with_filling","T2","bakeries:integration/create/mixing/salted_dough","bakeries:bottle_yeast","ITEM","bakeries:baguette_with_filling -> bakeries:baguette -> bakeries:baguette_dough -> bakeries:salted_dough -> bakeries:bottle_yeast","5","0","1","否","[烘焙坊]bakeries-1.21.1-NeoForge-1.0.1.jar","data/bakeries/recipe/integration/create/mixing/salted_dough.json","补充直接 ID/tag 锚点或人工确认成员","REVIEW"
"bakeries:baguette","T2","bakeries:blender/salted_dough","#c:salt","TAG","bakeries:baguette -> bakeries:baguette_dough -> bakeries:salted_dough -> #c:salt","6","0","1","否","[烘焙坊]bakeries-1.21.1-NeoForge-1.0.1.jar","data/bakeries/recipe/blender/salted_dough.json","补充直接 ID/tag 锚点或人工确认成员","REVIEW"
"bakeries:baguette","T2","bakeries:blender/salted_dough","bakeries:bottle_yeast","ITEM","bakeries:baguette -> bakeries:baguette_dough -> bakeries:salted_dough -> bakeries:bottle_yeast","5","0","1","否","[烘焙坊]bakeries-1.21.1-NeoForge-1.0.1.jar","data/bakeries/recipe/blender/salted_dough.json","补充直接 ID/tag 锚点或人工确认成员","REVIEW"
"bakeries:baguette","T2","bakeries:compat/create/salted_dough","#c:salt","TAG","bakeries:baguette -> bakeries:baguette_dough -> bakeries:salted_dough -> #c:salt","6","0","1","否","[烘焙坊]bakeries-1.21.1-NeoForge-1.0.1.jar","data/bakeries/recipe/compat/create/salted_dough.json","补充直接 ID/tag 锚点或人工确认成员","REVIEW"
"bakeries:baguette","T2","bakeries:compat/create/salted_dough","bakeries:bottle_yeast","ITEM","bakeries:baguette -> bakeries:baguette_dough -> bakeries:salted_dough -> bakeries:bottle_yeast","5","0","1","否","[烘焙坊]bakeries-1.21.1-NeoForge-1.0.1.jar","data/bakeries/recipe/compat/create/salted_dough.json","补充直接 ID/tag 锚点或人工确认成员","REVIEW"
"bakeries:baguette","T2","bakeries:flour_bag","bakeries:flour","ITEM","bakeries:baguette -> bakeries:baguette_dough -> bakeries:salted_dough -> bakeries:flour -> bakeries:flour_bag -> bakeries:flour","0","0","1","否","[烘焙坊]bakeries-1.21.1-NeoForge-1.0.1.jar","data/bakeries/recipe/flour_bag.json","补充直接 ID/tag 锚点或人工确认成员","REVIEW"
"bakeries:baguette","T2","bakeries:flour_bag","bakeries:flour","ITEM","bakeries:baguette -> bakeries:baguette_dough -> bakeries:salted_dough -> bakeries:flour -> bakeries:flour_bag -> bakeries:flour","1","0","1","否","[烘焙坊]bakeries-1.21.1-NeoForge-1.0.1.jar","data/bakeries/recipe/flour_bag.json","补充直接 ID/tag 锚点或人工确认成员","REVIEW"
"bakeries:baguette","T2","bakeries:flour_bag","bakeries:flour","ITEM","bakeries:baguette -> bakeries:baguette_dough -> bakeries:salted_dough -> bakeries:flour -> bakeries:flour_bag -> bakeries:flour","2","0","1","否","[烘焙坊]bakeries-1.21.1-NeoForge-1.0.1.jar","data/bakeries/recipe/flour_bag.json","补充直接 ID/tag 锚点或人工确认成员","REVIEW"
"bakeries:baguette","T2","bakeries:flour_bag","bakeries:flour","ITEM","bakeries:baguette -> bakeries:baguette_dough -> bakeries:salted_dough -> bakeries:flour -> bakeries:flour_bag -> bakeries:flour","3","0","1","否","[烘焙坊]bakeries-1.21.1-NeoForge-1.0.1.jar","data/bakeries/recipe/flour_bag.json","补充直接 ID/tag 锚点或人工确认成员","REVIEW"
"bakeries:baguette","T2","bakeries:flour_bag","bakeries:flour","ITEM","bakeries:baguette -> bakeries:baguette_dough -> bakeries:salted_dough -> bakeries:flour -> bakeries:flour_bag -> bakeries:flour","4","0","1","否","[烘焙坊]bakeries-1.21.1-NeoForge-1.0.1.jar","data/bakeries/recipe/flour_bag.json","补充直接 ID/tag 锚点或人工确认成员","REVIEW"
"bakeries:baguette","T2","bakeries:flour_bag","bakeries:flour","ITEM","bakeries:baguette -> bakeries:baguette_dough -> bakeries:salted_dough -> bakeries:flour -> bakeries:flour_bag -> bakeries:flour","5","0","1","否","[烘焙坊]bakeries-1.21.1-NeoForge-1.0.1.jar","data/bakeries/recipe/flour_bag.json","补充直接 ID/tag 锚点或人工确认成员","REVIEW"
"bakeries:baguette","T2","bakeries:flour_bag","bakeries:flour","ITEM","bakeries:baguette -> bakeries:baguette_dough -> bakeries:salted_dough -> bakeries:flour -> bakeries:flour_bag -> bakeries:flour","6","0","1","否","[烘焙坊]bakeries-1.21.1-NeoForge-1.0.1.jar","data/bakeries/recipe/flour_bag.json","补充直接 ID/tag 锚点或人工确认成员","REVIEW"
"bakeries:baguette","T2","bakeries:flour_bag","bakeries:flour","ITEM","bakeries:baguette -> bakeries:baguette_dough -> bakeries:salted_dough -> bakeries:flour -> bakeries:flour_bag -> bakeries:flour","7","0","1","否","[烘焙坊]bakeries-1.21.1-NeoForge-1.0.1.jar","data/bakeries/recipe/flour_bag.json","补充直接 ID/tag 锚点或人工确认成员","REVIEW"
"bakeries:baguette","T2","bakeries:flour_bag","bakeries:flour","ITEM","bakeries:baguette -> bakeries:baguette_dough -> bakeries:salted_dough -> bakeries:flour -> bakeries:flour_bag -> bakeries:flour","8","0","1","否","[烘焙坊]bakeries-1.21.1-NeoForge-1.0.1.jar","data/bakeries/recipe/flour_bag.json","补充直接 ID/tag 锚点或人工确认成员","REVIEW"
"bakeries:baguette","T2","bakeries:flour_sieve/flour","#c:flours/wheat","TAG","bakeries:baguette -> bakeries:baguette_dough -> bakeries:salted_dough -> bakeries:flour -> #c:flours/wheat","0","0","1","否","[烘焙坊]bakeries-1.21.1-NeoForge-1.0.1.jar","data/bakeries/recipe/flour_sieve/flour.json","补充直接 ID/tag 锚点或人工确认成员","REVIEW"
"bakeries:baguette","T2","bakeries:integration/create/milling/flour","create:wheat_flour","ITEM","bakeries:baguette -> bakeries:baguette_dough -> bakeries:salted_dough -> bakeries:flour -> create:wheat_flour","0","0","1","否","[烘焙坊]bakeries-1.21.1-NeoForge-1.0.1.jar","data/bakeries/recipe/integration/create/milling/flour.json","补充直接 ID/tag 锚点或人工确认成员","REVIEW"
"bakeries:baguette","T2","bakeries:integration/create/mixing/salted_dough","#c:salt","TAG","bakeries:baguette -> bakeries:baguette_dough -> bakeries:salted_dough -> #c:salt","6","0","1","否","[烘焙坊]bakeries-1.21.1-NeoForge-1.0.1.jar","data/bakeries/recipe/integration/create/mixing/salted_dough.json","补充直接 ID/tag 锚点或人工确认成员","REVIEW"
"bakeries:baguette","T2","bakeries:integration/create/mixing/salted_dough","bakeries:bottle_yeast","ITEM","bakeries:baguette -> bakeries:baguette_dough -> bakeries:salted_dough -> bakeries:bottle_yeast","5","0","1","否","[烘焙坊]bakeries-1.21.1-NeoForge-1.0.1.jar","data/bakeries/recipe/integration/create/mixing/salted_dough.json","补充直接 ID/tag 锚点或人工确认成员","REVIEW"
"bakeries:bake_sliced_toast","COMMON","bakeries:bread_knife/sliced_toast","bakeries:toast","ITEM","bakeries:bake_sliced_toast -> bakeries:sliced_toast -> bakeries:toast","0","0","1","否","[烘焙坊]bakeries-1.21.1-NeoForge-1.0.1.jar","data/bakeries/recipe/bread_knife/sliced_toast.json","补充直接 ID/tag 锚点或人工确认成员","REVIEW"
"bakeries:berry_bagel","T2","bakeries:berry_bagel","#minecraft:fox_food","TAG","bakeries:berry_bagel -> #minecraft:fox_food","1","0","1","否","[烘焙坊]bakeries-1.21.1-NeoForge-1.0.1.jar","data/bakeries/recipe/berry_bagel.json","补充直接 ID/tag 锚点或人工确认成员","REVIEW"
"bakeries:berry_bagel","T2","bakeries:blender/sweet_dough","#c:butter","TAG","bakeries:berry_bagel -> bakeries:bagel -> bakeries:bagel_dough -> bakeries:sweet_dough -> #c:butter","8","0","1","否","[烘焙坊]bakeries-1.21.1-NeoForge-1.0.1.jar","data/bakeries/recipe/blender/sweet_dough.json","补充直接 ID/tag 锚点或人工确认成员","REVIEW"
"bakeries:berry_bagel","T2","bakeries:blender/sweet_dough","#c:salt","TAG","bakeries:berry_bagel -> bakeries:bagel -> bakeries:bagel_dough -> bakeries:sweet_dough -> #c:salt","7","0","1","否","[烘焙坊]bakeries-1.21.1-NeoForge-1.0.1.jar","data/bakeries/recipe/blender/sweet_dough.json","补充直接 ID/tag 锚点或人工确认成员","REVIEW"
"bakeries:berry_bagel","T2","bakeries:blender/sweet_dough","bakeries:bottle_yeast","ITEM","bakeries:berry_bagel -> bakeries:bagel -> bakeries:bagel_dough -> bakeries:sweet_dough -> bakeries:bottle_yeast","6","0","1","否","[烘焙坊]bakeries-1.21.1-NeoForge-1.0.1.jar","data/bakeries/recipe/blender/sweet_dough.json","补充直接 ID/tag 锚点或人工确认成员","REVIEW"
"bakeries:berry_bagel","T2","bakeries:compat/create/sweet_dough","#c:butter","TAG","bakeries:berry_bagel -> bakeries:bagel -> bakeries:bagel_dough -> bakeries:sweet_dough -> #c:butter","8","0","1","否","[烘焙坊]bakeries-1.21.1-NeoForge-1.0.1.jar","data/bakeries/recipe/compat/create/sweet_dough.json","补充直接 ID/tag 锚点或人工确认成员","REVIEW"
"bakeries:berry_bagel","T2","bakeries:compat/create/sweet_dough","#c:salt","TAG","bakeries:berry_bagel -> bakeries:bagel -> bakeries:bagel_dough -> bakeries:sweet_dough -> #c:salt","7","0","1","否","[烘焙坊]bakeries-1.21.1-NeoForge-1.0.1.jar","data/bakeries/recipe/compat/create/sweet_dough.json","补充直接 ID/tag 锚点或人工确认成员","REVIEW"
"bakeries:berry_bagel","T2","bakeries:compat/create/sweet_dough","bakeries:bottle_yeast","ITEM","bakeries:berry_bagel -> bakeries:bagel -> bakeries:bagel_dough -> bakeries:sweet_dough -> bakeries:bottle_yeast","6","0","1","否","[烘焙坊]bakeries-1.21.1-NeoForge-1.0.1.jar","data/bakeries/recipe/compat/create/sweet_dough.json","补充直接 ID/tag 锚点或人工确认成员","REVIEW"
"bakeries:berry_bagel","T2","bakeries:flour_bag","bakeries:flour","ITEM","bakeries:berry_bagel -> bakeries:bagel -> bakeries:bagel_dough -> bakeries:sweet_dough -> bakeries:flour -> bakeries:flour_bag -> bakeries:flour","0","0","1","否","[烘焙坊]bakeries-1.21.1-NeoForge-1.0.1.jar","data/bakeries/recipe/flour_bag.json","补充直接 ID/tag 锚点或人工确认成员","REVIEW"
"bakeries:berry_bagel","T2","bakeries:flour_bag","bakeries:flour","ITEM","bakeries:berry_bagel -> bakeries:bagel -> bakeries:bagel_dough -> bakeries:sweet_dough -> bakeries:flour -> bakeries:flour_bag -> bakeries:flour","1","0","1","否","[烘焙坊]bakeries-1.21.1-NeoForge-1.0.1.jar","data/bakeries/recipe/flour_bag.json","补充直接 ID/tag 锚点或人工确认成员","REVIEW"
"bakeries:berry_bagel","T2","bakeries:flour_bag","bakeries:flour","ITEM","bakeries:berry_bagel -> bakeries:bagel -> bakeries:bagel_dough -> bakeries:sweet_dough -> bakeries:flour -> bakeries:flour_bag -> bakeries:flour","2","0","1","否","[烘焙坊]bakeries-1.21.1-NeoForge-1.0.1.jar","data/bakeries/recipe/flour_bag.json","补充直接 ID/tag 锚点或人工确认成员","REVIEW"
"bakeries:berry_bagel","T2","bakeries:flour_bag","bakeries:flour","ITEM","bakeries:berry_bagel -> bakeries:bagel -> bakeries:bagel_dough -> bakeries:sweet_dough -> bakeries:flour -> bakeries:flour_bag -> bakeries:flour","3","0","1","否","[烘焙坊]bakeries-1.21.1-NeoForge-1.0.1.jar","data/bakeries/recipe/flour_bag.json","补充直接 ID/tag 锚点或人工确认成员","REVIEW"
"bakeries:berry_bagel","T2","bakeries:flour_bag","bakeries:flour","ITEM","bakeries:berry_bagel -> bakeries:bagel -> bakeries:bagel_dough -> bakeries:sweet_dough -> bakeries:flour -> bakeries:flour_bag -> bakeries:flour","4","0","1","否","[烘焙坊]bakeries-1.21.1-NeoForge-1.0.1.jar","data/bakeries/recipe/flour_bag.json","补充直接 ID/tag 锚点或人工确认成员","REVIEW"
"bakeries:berry_bagel","T2","bakeries:flour_bag","bakeries:flour","ITEM","bakeries:berry_bagel -> bakeries:bagel -> bakeries:bagel_dough -> bakeries:sweet_dough -> bakeries:flour -> bakeries:flour_bag -> bakeries:flour","5","0","1","否","[烘焙坊]bakeries-1.21.1-NeoForge-1.0.1.jar","data/bakeries/recipe/flour_bag.json","补充直接 ID/tag 锚点或人工确认成员","REVIEW"
"bakeries:berry_bagel","T2","bakeries:flour_bag","bakeries:flour","ITEM","bakeries:berry_bagel -> bakeries:bagel -> bakeries:bagel_dough -> bakeries:sweet_dough -> bakeries:flour -> bakeries:flour_bag -> bakeries:flour","6","0","1","否","[烘焙坊]bakeries-1.21.1-NeoForge-1.0.1.jar","data/bakeries/recipe/flour_bag.json","补充直接 ID/tag 锚点或人工确认成员","REVIEW"
"bakeries:berry_bagel","T2","bakeries:flour_bag","bakeries:flour","ITEM","bakeries:berry_bagel -> bakeries:bagel -> bakeries:bagel_dough -> bakeries:sweet_dough -> bakeries:flour -> bakeries:flour_bag -> bakeries:flour","7","0","1","否","[烘焙坊]bakeries-1.21.1-NeoForge-1.0.1.jar","data/bakeries/recipe/flour_bag.json","补充直接 ID/tag 锚点或人工确认成员","REVIEW"
"bakeries:berry_bagel","T2","bakeries:flour_bag","bakeries:flour","ITEM","bakeries:berry_bagel -> bakeries:bagel -> bakeries:bagel_dough -> bakeries:sweet_dough -> bakeries:flour -> bakeries:flour_bag -> bakeries:flour","8","0","1","否","[烘焙坊]bakeries-1.21.1-NeoForge-1.0.1.jar","data/bakeries/recipe/flour_bag.json","补充直接 ID/tag 锚点或人工确认成员","REVIEW"
"bakeries:berry_bagel","T2","bakeries:flour_sieve/flour","#c:flours/wheat","TAG","bakeries:berry_bagel -> bakeries:bagel -> bakeries:bagel_dough -> bakeries:sweet_dough -> bakeries:flour -> #c:flours/wheat","0","0","1","否","[烘焙坊]bakeries-1.21.1-NeoForge-1.0.1.jar","data/bakeries/recipe/flour_sieve/flour.json","补充直接 ID/tag 锚点或人工确认成员","REVIEW"
"bakeries:berry_bagel","T2","bakeries:integration/create/milling/flour","create:wheat_flour","ITEM","bakeries:berry_bagel -> bakeries:bagel -> bakeries:bagel_dough -> bakeries:sweet_dough -> bakeries:flour -> create:wheat_flour","0","0","1","否","[烘焙坊]bakeries-1.21.1-NeoForge-1.0.1.jar","data/bakeries/recipe/integration/create/milling/flour.json","补充直接 ID/tag 锚点或人工确认成员","REVIEW"
"bakeries:berry_bagel","T2","bakeries:integration/create/mixing/sweet_dough","#c:butter","TAG","bakeries:berry_bagel -> bakeries:bagel -> bakeries:bagel_dough -> bakeries:sweet_dough -> #c:butter","8","0","1","否","[烘焙坊]bakeries-1.21.1-NeoForge-1.0.1.jar","data/bakeries/recipe/integration/create/mixing/sweet_dough.json","补充直接 ID/tag 锚点或人工确认成员","REVIEW"
"bakeries:berry_bagel","T2","bakeries:integration/create/mixing/sweet_dough","#c:salt","TAG","bakeries:berry_bagel -> bakeries:bagel -> bakeries:bagel_dough -> bakeries:sweet_dough -> #c:salt","7","0","1","否","[烘焙坊]bakeries-1.21.1-NeoForge-1.0.1.jar","data/bakeries/recipe/integration/create/mixing/sweet_dough.json","补充直接 ID/tag 锚点或人工确认成员","REVIEW"
"bakeries:berry_bagel","T2","bakeries:integration/create/mixing/sweet_dough","bakeries:bottle_yeast","ITEM","bakeries:berry_bagel -> bakeries:bagel -> bakeries:bagel_dough -> bakeries:sweet_dough -> bakeries:bottle_yeast","6","0","1","否","[烘焙坊]bakeries-1.21.1-NeoForge-1.0.1.jar","data/bakeries/recipe/integration/create/mixing/sweet_dough.json","补充直接 ID/tag 锚点或人工确认成员","REVIEW"
"bakeries:brown_sugar_roll","T2","bakeries:blender/sweet_dough","#c:butter","TAG","bakeries:brown_sugar_roll -> bakeries:brown_sugar_roll_dough -> bakeries:round_bread_dough -> bakeries:sweet_dough -> #c:butter","8","0","1","否","[烘焙坊]bakeries-1.21.1-NeoForge-1.0.1.jar","data/bakeries/recipe/blender/sweet_dough.json","补充直接 ID/tag 锚点或人工确认成员","REVIEW"
"bakeries:brown_sugar_roll","T2","bakeries:blender/sweet_dough","#c:salt","TAG","bakeries:brown_sugar_roll -> bakeries:brown_sugar_roll_dough -> bakeries:round_bread_dough -> bakeries:sweet_dough -> #c:salt","7","0","1","否","[烘焙坊]bakeries-1.21.1-NeoForge-1.0.1.jar","data/bakeries/recipe/blender/sweet_dough.json","补充直接 ID/tag 锚点或人工确认成员","REVIEW"
"bakeries:brown_sugar_roll","T2","bakeries:blender/sweet_dough","bakeries:bottle_yeast","ITEM","bakeries:brown_sugar_roll -> bakeries:brown_sugar_roll_dough -> bakeries:round_bread_dough -> bakeries:sweet_dough -> bakeries:bottle_yeast","6","0","1","否","[烘焙坊]bakeries-1.21.1-NeoForge-1.0.1.jar","data/bakeries/recipe/blender/sweet_dough.json","补充直接 ID/tag 锚点或人工确认成员","REVIEW"
"bakeries:brown_sugar_roll","T2","bakeries:brown_sugar_roll_dough","#c:butter","TAG","bakeries:brown_sugar_roll -> bakeries:brown_sugar_roll_dough -> #c:butter","1","0","1","否","[烘焙坊]bakeries-1.21.1-NeoForge-1.0.1.jar","data/bakeries/recipe/brown_sugar_roll_dough.json","补充直接 ID/tag 锚点或人工确认成员","REVIEW"
"bakeries:brown_sugar_roll","T2","bakeries:compat/create/sweet_dough","#c:butter","TAG","bakeries:brown_sugar_roll -> bakeries:brown_sugar_roll_dough -> bakeries:round_bread_dough -> bakeries:sweet_dough -> #c:butter","8","0","1","否","[烘焙坊]bakeries-1.21.1-NeoForge-1.0.1.jar","data/bakeries/recipe/compat/create/sweet_dough.json","补充直接 ID/tag 锚点或人工确认成员","REVIEW"
"bakeries:brown_sugar_roll","T2","bakeries:compat/create/sweet_dough","#c:salt","TAG","bakeries:brown_sugar_roll -> bakeries:brown_sugar_roll_dough -> bakeries:round_bread_dough -> bakeries:sweet_dough -> #c:salt","7","0","1","否","[烘焙坊]bakeries-1.21.1-NeoForge-1.0.1.jar","data/bakeries/recipe/compat/create/sweet_dough.json","补充直接 ID/tag 锚点或人工确认成员","REVIEW"
"bakeries:brown_sugar_roll","T2","bakeries:compat/create/sweet_dough","bakeries:bottle_yeast","ITEM","bakeries:brown_sugar_roll -> bakeries:brown_sugar_roll_dough -> bakeries:round_bread_dough -> bakeries:sweet_dough -> bakeries:bottle_yeast","6","0","1","否","[烘焙坊]bakeries-1.21.1-NeoForge-1.0.1.jar","data/bakeries/recipe/compat/create/sweet_dough.json","补充直接 ID/tag 锚点或人工确认成员","REVIEW"
"bakeries:brown_sugar_roll","T2","bakeries:flour_bag","bakeries:flour","ITEM","bakeries:brown_sugar_roll -> bakeries:brown_sugar_roll_dough -> bakeries:round_bread_dough -> bakeries:sweet_dough -> bakeries:flour -> bakeries:flour_bag -> bakeries:flour","0","0","1","否","[烘焙坊]bakeries-1.21.1-NeoForge-1.0.1.jar","data/bakeries/recipe/flour_bag.json","补充直接 ID/tag 锚点或人工确认成员","REVIEW"
"bakeries:brown_sugar_roll","T2","bakeries:flour_bag","bakeries:flour","ITEM","bakeries:brown_sugar_roll -> bakeries:brown_sugar_roll_dough -> bakeries:round_bread_dough -> bakeries:sweet_dough -> bakeries:flour -> bakeries:flour_bag -> bakeries:flour","1","0","1","否","[烘焙坊]bakeries-1.21.1-NeoForge-1.0.1.jar","data/bakeries/recipe/flour_bag.json","补充直接 ID/tag 锚点或人工确认成员","REVIEW"
"bakeries:brown_sugar_roll","T2","bakeries:flour_bag","bakeries:flour","ITEM","bakeries:brown_sugar_roll -> bakeries:brown_sugar_roll_dough -> bakeries:round_bread_dough -> bakeries:sweet_dough -> bakeries:flour -> bakeries:flour_bag -> bakeries:flour","2","0","1","否","[烘焙坊]bakeries-1.21.1-NeoForge-1.0.1.jar","data/bakeries/recipe/flour_bag.json","补充直接 ID/tag 锚点或人工确认成员","REVIEW"
"bakeries:brown_sugar_roll","T2","bakeries:flour_bag","bakeries:flour","ITEM","bakeries:brown_sugar_roll -> bakeries:brown_sugar_roll_dough -> bakeries:round_bread_dough -> bakeries:sweet_dough -> bakeries:flour -> bakeries:flour_bag -> bakeries:flour","3","0","1","否","[烘焙坊]bakeries-1.21.1-NeoForge-1.0.1.jar","data/bakeries/recipe/flour_bag.json","补充直接 ID/tag 锚点或人工确认成员","REVIEW"
"bakeries:brown_sugar_roll","T2","bakeries:flour_bag","bakeries:flour","ITEM","bakeries:brown_sugar_roll -> bakeries:brown_sugar_roll_dough -> bakeries:round_bread_dough -> bakeries:sweet_dough -> bakeries:flour -> bakeries:flour_bag -> bakeries:flour","4","0","1","否","[烘焙坊]bakeries-1.21.1-NeoForge-1.0.1.jar","data/bakeries/recipe/flour_bag.json","补充直接 ID/tag 锚点或人工确认成员","REVIEW"
"bakeries:brown_sugar_roll","T2","bakeries:flour_bag","bakeries:flour","ITEM","bakeries:brown_sugar_roll -> bakeries:brown_sugar_roll_dough -> bakeries:round_bread_dough -> bakeries:sweet_dough -> bakeries:flour -> bakeries:flour_bag -> bakeries:flour","5","0","1","否","[烘焙坊]bakeries-1.21.1-NeoForge-1.0.1.jar","data/bakeries/recipe/flour_bag.json","补充直接 ID/tag 锚点或人工确认成员","REVIEW"
"bakeries:brown_sugar_roll","T2","bakeries:flour_bag","bakeries:flour","ITEM","bakeries:brown_sugar_roll -> bakeries:brown_sugar_roll_dough -> bakeries:round_bread_dough -> bakeries:sweet_dough -> bakeries:flour -> bakeries:flour_bag -> bakeries:flour","6","0","1","否","[烘焙坊]bakeries-1.21.1-NeoForge-1.0.1.jar","data/bakeries/recipe/flour_bag.json","补充直接 ID/tag 锚点或人工确认成员","REVIEW"
"bakeries:brown_sugar_roll","T2","bakeries:flour_bag","bakeries:flour","ITEM","bakeries:brown_sugar_roll -> bakeries:brown_sugar_roll_dough -> bakeries:round_bread_dough -> bakeries:sweet_dough -> bakeries:flour -> bakeries:flour_bag -> bakeries:flour","7","0","1","否","[烘焙坊]bakeries-1.21.1-NeoForge-1.0.1.jar","data/bakeries/recipe/flour_bag.json","补充直接 ID/tag 锚点或人工确认成员","REVIEW"
"bakeries:brown_sugar_roll","T2","bakeries:flour_bag","bakeries:flour","ITEM","bakeries:brown_sugar_roll -> bakeries:brown_sugar_roll_dough -> bakeries:round_bread_dough -> bakeries:sweet_dough -> bakeries:flour -> bakeries:flour_bag -> bakeries:flour","8","0","1","否","[烘焙坊]bakeries-1.21.1-NeoForge-1.0.1.jar","data/bakeries/recipe/flour_bag.json","补充直接 ID/tag 锚点或人工确认成员","REVIEW"
"bakeries:brown_sugar_roll","T2","bakeries:flour_sieve/flour","#c:flours/wheat","TAG","bakeries:brown_sugar_roll -> bakeries:brown_sugar_roll_dough -> bakeries:round_bread_dough -> bakeries:sweet_dough -> bakeries:flour -> #c:flours/wheat","0","0","1","否","[烘焙坊]bakeries-1.21.1-NeoForge-1.0.1.jar","data/bakeries/recipe/flour_sieve/flour.json","补充直接 ID/tag 锚点或人工确认成员","REVIEW"
"bakeries:brown_sugar_roll","T2","bakeries:integration/create/milling/flour","create:wheat_flour","ITEM","bakeries:brown_sugar_roll -> bakeries:brown_sugar_roll_dough -> bakeries:round_bread_dough -> bakeries:sweet_dough -> bakeries:flour -> create:wheat_flour","0","0","1","否","[烘焙坊]bakeries-1.21.1-NeoForge-1.0.1.jar","data/bakeries/recipe/integration/create/milling/flour.json","补充直接 ID/tag 锚点或人工确认成员","REVIEW"
"bakeries:brown_sugar_roll","T2","bakeries:integration/create/mixing/sweet_dough","#c:butter","TAG","bakeries:brown_sugar_roll -> bakeries:brown_sugar_roll_dough -> bakeries:round_bread_dough -> bakeries:sweet_dough -> #c:butter","8","0","1","否","[烘焙坊]bakeries-1.21.1-NeoForge-1.0.1.jar","data/bakeries/recipe/integration/create/mixing/sweet_dough.json","补充直接 ID/tag 锚点或人工确认成员","REVIEW"
"bakeries:brown_sugar_roll","T2","bakeries:integration/create/mixing/sweet_dough","#c:salt","TAG","bakeries:brown_sugar_roll -> bakeries:brown_sugar_roll_dough -> bakeries:round_bread_dough -> bakeries:sweet_dough -> #c:salt","7","0","1","否","[烘焙坊]bakeries-1.21.1-NeoForge-1.0.1.jar","data/bakeries/recipe/integration/create/mixing/sweet_dough.json","补充直接 ID/tag 锚点或人工确认成员","REVIEW"
"bakeries:brown_sugar_roll","T2","bakeries:integration/create/mixing/sweet_dough","bakeries:bottle_yeast","ITEM","bakeries:brown_sugar_roll -> bakeries:brown_sugar_roll_dough -> bakeries:round_bread_dough -> bakeries:sweet_dough -> bakeries:bottle_yeast","6","0","1","否","[烘焙坊]bakeries-1.21.1-NeoForge-1.0.1.jar","data/bakeries/recipe/integration/create/mixing/sweet_dough.json","补充直接 ID/tag 锚点或人工确认成员","REVIEW"
"bakeries:cheese_cream_bread","T2","bakeries:blender/fresh_cheese_cube","bakeries:cheese_cube","ITEM","bakeries:cheese_cream_bread -> bakeries:cheese_cream -> bakeries:fresh_cheese_cube -> bakeries:cheese_cube","0","0","1","否","[烘焙坊]bakeries-1.21.1-NeoForge-1.0.1.jar","data/bakeries/recipe/blender/fresh_cheese_cube.json","补充直接 ID/tag 锚点或人工确认成员","REVIEW"
"bakeries:cheese_cream_bread","T2","bakeries:blender/fresh_cheese_cube","bakeries:cheese_cube","ITEM","bakeries:cheese_cream_bread -> bakeries:cheese_cream -> bakeries:fresh_cheese_cube -> bakeries:cheese_cube","1","0","1","否","[烘焙坊]bakeries-1.21.1-NeoForge-1.0.1.jar","data/bakeries/recipe/blender/fresh_cheese_cube.json","补充直接 ID/tag 锚点或人工确认成员","REVIEW"
"bakeries:cheese_cream_bread","T2","bakeries:blender/fresh_cheese_cube","bakeries:cheese_cube","ITEM","bakeries:cheese_cream_bread -> bakeries:cheese_cream -> bakeries:fresh_cheese_cube -> bakeries:cheese_cube","2","0","1","否","[烘焙坊]bakeries-1.21.1-NeoForge-1.0.1.jar","data/bakeries/recipe/blender/fresh_cheese_cube.json","补充直接 ID/tag 锚点或人工确认成员","REVIEW"
"bakeries:cheese_cream_bread","T2","bakeries:blender/fresh_cheese_cube","bakeries:cheese_cube","ITEM","bakeries:cheese_cream_bread -> bakeries:cheese_cream -> bakeries:fresh_cheese_cube -> bakeries:cheese_cube","3","0","1","否","[烘焙坊]bakeries-1.21.1-NeoForge-1.0.1.jar","data/bakeries/recipe/blender/fresh_cheese_cube.json","补充直接 ID/tag 锚点或人工确认成员","REVIEW"
"bakeries:cheese_cream_bread","T2","bakeries:blender/sweet_dough","#c:butter","TAG","bakeries:cheese_cream_bread -> bakeries:round_bread -> bakeries:round_bread_dough -> bakeries:sweet_dough -> #c:butter","8","0","1","否","[烘焙坊]bakeries-1.21.1-NeoForge-1.0.1.jar","data/bakeries/recipe/blender/sweet_dough.json","补充直接 ID/tag 锚点或人工确认成员","REVIEW"
"bakeries:cheese_cream_bread","T2","bakeries:blender/sweet_dough","#c:salt","TAG","bakeries:cheese_cream_bread -> bakeries:round_bread -> bakeries:round_bread_dough -> bakeries:sweet_dough -> #c:salt","7","0","1","否","[烘焙坊]bakeries-1.21.1-NeoForge-1.0.1.jar","data/bakeries/recipe/blender/sweet_dough.json","补充直接 ID/tag 锚点或人工确认成员","REVIEW"
"bakeries:cheese_cream_bread","T2","bakeries:blender/sweet_dough","bakeries:bottle_yeast","ITEM","bakeries:cheese_cream_bread -> bakeries:round_bread -> bakeries:round_bread_dough -> bakeries:sweet_dough -> bakeries:bottle_yeast","6","0","1","否","[烘焙坊]bakeries-1.21.1-NeoForge-1.0.1.jar","data/bakeries/recipe/blender/sweet_dough.json","补充直接 ID/tag 锚点或人工确认成员","REVIEW"
"bakeries:cheese_cream_bread","T2","bakeries:compat/create/fresh_cheese_cube","bakeries:cheese_cube","ITEM","bakeries:cheese_cream_bread -> bakeries:cheese_cream -> bakeries:fresh_cheese_cube -> bakeries:cheese_cube","0","0","1","否","[烘焙坊]bakeries-1.21.1-NeoForge-1.0.1.jar","data/bakeries/recipe/compat/create/fresh_cheese_cube.json","补充直接 ID/tag 锚点或人工确认成员","REVIEW"
"bakeries:cheese_cream_bread","T2","bakeries:compat/create/fresh_cheese_cube","bakeries:cheese_cube","ITEM","bakeries:cheese_cream_bread -> bakeries:cheese_cream -> bakeries:fresh_cheese_cube -> bakeries:cheese_cube","1","0","1","否","[烘焙坊]bakeries-1.21.1-NeoForge-1.0.1.jar","data/bakeries/recipe/compat/create/fresh_cheese_cube.json","补充直接 ID/tag 锚点或人工确认成员","REVIEW"
"bakeries:cheese_cream_bread","T2","bakeries:compat/create/fresh_cheese_cube","bakeries:cheese_cube","ITEM","bakeries:cheese_cream_bread -> bakeries:cheese_cream -> bakeries:fresh_cheese_cube -> bakeries:cheese_cube","2","0","1","否","[烘焙坊]bakeries-1.21.1-NeoForge-1.0.1.jar","data/bakeries/recipe/compat/create/fresh_cheese_cube.json","补充直接 ID/tag 锚点或人工确认成员","REVIEW"
"bakeries:cheese_cream_bread","T2","bakeries:compat/create/fresh_cheese_cube","bakeries:cheese_cube","ITEM","bakeries:cheese_cream_bread -> bakeries:cheese_cream -> bakeries:fresh_cheese_cube -> bakeries:cheese_cube","3","0","1","否","[烘焙坊]bakeries-1.21.1-NeoForge-1.0.1.jar","data/bakeries/recipe/compat/create/fresh_cheese_cube.json","补充直接 ID/tag 锚点或人工确认成员","REVIEW"
"bakeries:cheese_cream_bread","T2","bakeries:compat/create/sweet_dough","#c:butter","TAG","bakeries:cheese_cream_bread -> bakeries:round_bread -> bakeries:round_bread_dough -> bakeries:sweet_dough -> #c:butter","8","0","1","否","[烘焙坊]bakeries-1.21.1-NeoForge-1.0.1.jar","data/bakeries/recipe/compat/create/sweet_dough.json","补充直接 ID/tag 锚点或人工确认成员","REVIEW"
"bakeries:cheese_cream_bread","T2","bakeries:compat/create/sweet_dough","#c:salt","TAG","bakeries:cheese_cream_bread -> bakeries:round_bread -> bakeries:round_bread_dough -> bakeries:sweet_dough -> #c:salt","7","0","1","否","[烘焙坊]bakeries-1.21.1-NeoForge-1.0.1.jar","data/bakeries/recipe/compat/create/sweet_dough.json","补充直接 ID/tag 锚点或人工确认成员","REVIEW"
"bakeries:cheese_cream_bread","T2","bakeries:compat/create/sweet_dough","bakeries:bottle_yeast","ITEM","bakeries:cheese_cream_bread -> bakeries:round_bread -> bakeries:round_bread_dough -> bakeries:sweet_dough -> bakeries:bottle_yeast","6","0","1","否","[烘焙坊]bakeries-1.21.1-NeoForge-1.0.1.jar","data/bakeries/recipe/compat/create/sweet_dough.json","补充直接 ID/tag 锚点或人工确认成员","REVIEW"
"bakeries:cheese_cream_bread","T2","bakeries:flour_bag","bakeries:flour","ITEM","bakeries:cheese_cream_bread -> bakeries:round_bread -> bakeries:round_bread_dough -> bakeries:sweet_dough -> bakeries:flour -> bakeries:flour_bag -> bakeries:flour","0","0","1","否","[烘焙坊]bakeries-1.21.1-NeoForge-1.0.1.jar","data/bakeries/recipe/flour_bag.json","补充直接 ID/tag 锚点或人工确认成员","REVIEW"
"bakeries:cheese_cream_bread","T2","bakeries:flour_bag","bakeries:flour","ITEM","bakeries:cheese_cream_bread -> bakeries:round_bread -> bakeries:round_bread_dough -> bakeries:sweet_dough -> bakeries:flour -> bakeries:flour_bag -> bakeries:flour","1","0","1","否","[烘焙坊]bakeries-1.21.1-NeoForge-1.0.1.jar","data/bakeries/recipe/flour_bag.json","补充直接 ID/tag 锚点或人工确认成员","REVIEW"
"bakeries:cheese_cream_bread","T2","bakeries:flour_bag","bakeries:flour","ITEM","bakeries:cheese_cream_bread -> bakeries:round_bread -> bakeries:round_bread_dough -> bakeries:sweet_dough -> bakeries:flour -> bakeries:flour_bag -> bakeries:flour","2","0","1","否","[烘焙坊]bakeries-1.21.1-NeoForge-1.0.1.jar","data/bakeries/recipe/flour_bag.json","补充直接 ID/tag 锚点或人工确认成员","REVIEW"
"bakeries:cheese_cream_bread","T2","bakeries:flour_bag","bakeries:flour","ITEM","bakeries:cheese_cream_bread -> bakeries:round_bread -> bakeries:round_bread_dough -> bakeries:sweet_dough -> bakeries:flour -> bakeries:flour_bag -> bakeries:flour","3","0","1","否","[烘焙坊]bakeries-1.21.1-NeoForge-1.0.1.jar","data/bakeries/recipe/flour_bag.json","补充直接 ID/tag 锚点或人工确认成员","REVIEW"
"bakeries:cheese_cream_bread","T2","bakeries:flour_bag","bakeries:flour","ITEM","bakeries:cheese_cream_bread -> bakeries:round_bread -> bakeries:round_bread_dough -> bakeries:sweet_dough -> bakeries:flour -> bakeries:flour_bag -> bakeries:flour","4","0","1","否","[烘焙坊]bakeries-1.21.1-NeoForge-1.0.1.jar","data/bakeries/recipe/flour_bag.json","补充直接 ID/tag 锚点或人工确认成员","REVIEW"
"bakeries:cheese_cream_bread","T2","bakeries:flour_bag","bakeries:flour","ITEM","bakeries:cheese_cream_bread -> bakeries:round_bread -> bakeries:round_bread_dough -> bakeries:sweet_dough -> bakeries:flour -> bakeries:flour_bag -> bakeries:flour","5","0","1","否","[烘焙坊]bakeries-1.21.1-NeoForge-1.0.1.jar","data/bakeries/recipe/flour_bag.json","补充直接 ID/tag 锚点或人工确认成员","REVIEW"
"bakeries:cheese_cream_bread","T2","bakeries:flour_bag","bakeries:flour","ITEM","bakeries:cheese_cream_bread -> bakeries:round_bread -> bakeries:round_bread_dough -> bakeries:sweet_dough -> bakeries:flour -> bakeries:flour_bag -> bakeries:flour","6","0","1","否","[烘焙坊]bakeries-1.21.1-NeoForge-1.0.1.jar","data/bakeries/recipe/flour_bag.json","补充直接 ID/tag 锚点或人工确认成员","REVIEW"
"bakeries:cheese_cream_bread","T2","bakeries:flour_bag","bakeries:flour","ITEM","bakeries:cheese_cream_bread -> bakeries:round_bread -> bakeries:round_bread_dough -> bakeries:sweet_dough -> bakeries:flour -> bakeries:flour_bag -> bakeries:flour","7","0","1","否","[烘焙坊]bakeries-1.21.1-NeoForge-1.0.1.jar","data/bakeries/recipe/flour_bag.json","补充直接 ID/tag 锚点或人工确认成员","REVIEW"
"bakeries:cheese_cream_bread","T2","bakeries:flour_bag","bakeries:flour","ITEM","bakeries:cheese_cream_bread -> bakeries:round_bread -> bakeries:round_bread_dough -> bakeries:sweet_dough -> bakeries:flour -> bakeries:flour_bag -> bakeries:flour","8","0","1","否","[烘焙坊]bakeries-1.21.1-NeoForge-1.0.1.jar","data/bakeries/recipe/flour_bag.json","补充直接 ID/tag 锚点或人工确认成员","REVIEW"
"bakeries:cheese_cream_bread","T2","bakeries:flour_sieve/flour","#c:flours/wheat","TAG","bakeries:cheese_cream_bread -> bakeries:round_bread -> bakeries:round_bread_dough -> bakeries:sweet_dough -> bakeries:flour -> #c:flours/wheat","0","0","1","否","[烘焙坊]bakeries-1.21.1-NeoForge-1.0.1.jar","data/bakeries/recipe/flour_sieve/flour.json","补充直接 ID/tag 锚点或人工确认成员","REVIEW"
"bakeries:cheese_cream_bread","T2","bakeries:integration/create/milling/flour","create:wheat_flour","ITEM","bakeries:cheese_cream_bread -> bakeries:round_bread -> bakeries:round_bread_dough -> bakeries:sweet_dough -> bakeries:flour -> create:wheat_flour","0","0","1","否","[烘焙坊]bakeries-1.21.1-NeoForge-1.0.1.jar","data/bakeries/recipe/integration/create/milling/flour.json","补充直接 ID/tag 锚点或人工确认成员","REVIEW"
"bakeries:cheese_cream_bread","T2","bakeries:integration/create/mixing/bearnaise_6","minecraft:glass_bottle","ITEM","bakeries:cheese_cream_bread -> bakeries:cheese_cream -> bakeries:foamed_cream -> bakeries:bottle_cream -> minecraft:glass_bottle -> minecraft:glass_bottle","3","0","1","否","[烘焙坊]bakeries-1.21.1-NeoForge-1.0.1.jar","data/bakeries/recipe/integration/create/mixing/bearnaise_6.json","补充直接 ID/tag 锚点或人工确认成员","REVIEW"
"bakeries:cheese_cream_bread","T2","bakeries:integration/create/mixing/butter_cube","bakeries:bottle_cream","ITEM","bakeries:cheese_cream_bread -> bakeries:cheese_cream -> bakeries:foamed_cream -> bakeries:bottle_cream -> minecraft:glass_bottle -> bakeries:bottle_cream","0","0","1","否","[烘焙坊]bakeries-1.21.1-NeoForge-1.0.1.jar","data/bakeries/recipe/integration/create/mixing/butter_cube.json","补充直接 ID/tag 锚点或人工确认成员","REVIEW"
"bakeries:cheese_cream_bread","T2","bakeries:integration/create/mixing/butter_flour_sand","#c:butter","TAG","bakeries:cheese_cream_bread -> bakeries:cheese_cream -> bakeries:foamed_cream -> bakeries:bottle_cream -> minecraft:glass_bottle -> bakeries:butter_flour_sand -> #c:butter","4","0","1","否","[烘焙坊]bakeries-1.21.1-NeoForge-1.0.1.jar","data/bakeries/recipe/integration/create/mixing/butter_flour_sand.json","补充直接 ID/tag 锚点或人工确认成员","REVIEW"
"bakeries:cheese_cream_bread","T2","bakeries:integration/create/mixing/butter_flour_sand","#c:butter","TAG","bakeries:cheese_cream_bread -> bakeries:cheese_cream -> bakeries:foamed_cream -> bakeries:bottle_cream -> minecraft:glass_bottle -> bakeries:butter_flour_sand -> #c:butter","5","0","1","否","[烘焙坊]bakeries-1.21.1-NeoForge-1.0.1.jar","data/bakeries/recipe/integration/create/mixing/butter_flour_sand.json","补充直接 ID/tag 锚点或人工确认成员","REVIEW"
"bakeries:cheese_cream_bread","T2","bakeries:integration/create/mixing/butter_flour_sand","#c:salt","TAG","bakeries:cheese_cream_bread -> bakeries:cheese_cream -> bakeries:foamed_cream -> bakeries:bottle_cream -> minecraft:glass_bottle -> bakeries:butter_flour_sand -> #c:salt","6","0","1","否","[烘焙坊]bakeries-1.21.1-NeoForge-1.0.1.jar","data/bakeries/recipe/integration/create/mixing/butter_flour_sand.json","补充直接 ID/tag 锚点或人工确认成员","REVIEW"
"bakeries:cheese_cream_bread","T2","bakeries:integration/create/mixing/foamed_cream","bakeries:bottle_cream","ITEM","bakeries:cheese_cream_bread -> bakeries:cheese_cream -> bakeries:foamed_cream -> bakeries:bottle_cream -> minecraft:glass_bottle -> bakeries:bottle_cream","0","0","1","否","[烘焙坊]bakeries-1.21.1-NeoForge-1.0.1.jar","data/bakeries/recipe/integration/create/mixing/foamed_cream.json","补充直接 ID/tag 锚点或人工确认成员","REVIEW"
"bakeries:cheese_cream_bread","T2","bakeries:integration/create/mixing/foamed_cream","bakeries:bottle_cream","ITEM","bakeries:cheese_cream_bread -> bakeries:cheese_cream -> bakeries:foamed_cream -> bakeries:bottle_cream -> minecraft:glass_bottle -> bakeries:bottle_cream","1","0","1","否","[烘焙坊]bakeries-1.21.1-NeoForge-1.0.1.jar","data/bakeries/recipe/integration/create/mixing/foamed_cream.json","补充直接 ID/tag 锚点或人工确认成员","REVIEW"
"bakeries:cheese_cream_bread","T2","bakeries:integration/create/mixing/pastry","bakeries:bottle_yeast","ITEM","bakeries:cheese_cream_bread -> bakeries:cheese_cream -> bakeries:foamed_cream -> bakeries:bottle_cream -> minecraft:glass_bottle -> bakeries:bottle_yeast","2","0","1","否","[烘焙坊]bakeries-1.21.1-NeoForge-1.0.1.jar","data/bakeries/recipe/integration/create/mixing/pastry.json","补充直接 ID/tag 锚点或人工确认成员","REVIEW"
"bakeries:cheese_cream_bread","T2","bakeries:integration/create/mixing/salted_dough","#c:salt","TAG","bakeries:cheese_cream_bread -> bakeries:cheese_cream -> bakeries:foamed_cream -> bakeries:bottle_cream -> minecraft:glass_bottle -> #c:salt","6","0","1","否","[烘焙坊]bakeries-1.21.1-NeoForge-1.0.1.jar","data/bakeries/recipe/integration/create/mixing/salted_dough.json","补充直接 ID/tag 锚点或人工确认成员","REVIEW"
"bakeries:cheese_cream_bread","T2","bakeries:integration/create/mixing/salted_dough","bakeries:bottle_yeast","ITEM","bakeries:cheese_cream_bread -> bakeries:cheese_cream -> bakeries:foamed_cream -> bakeries:bottle_cream -> minecraft:glass_bottle -> bakeries:bottle_yeast","5","0","1","否","[烘焙坊]bakeries-1.21.1-NeoForge-1.0.1.jar","data/bakeries/recipe/integration/create/mixing/salted_dough.json","补充直接 ID/tag 锚点或人工确认成员","REVIEW"
"bakeries:cheese_cream_bread","T2","bakeries:integration/create/mixing/sweet_dough","#c:butter","TAG","bakeries:cheese_cream_bread -> bakeries:round_bread -> bakeries:round_bread_dough -> bakeries:sweet_dough -> #c:butter","8","0","1","否","[烘焙坊]bakeries-1.21.1-NeoForge-1.0.1.jar","data/bakeries/recipe/integration/create/mixing/sweet_dough.json","补充直接 ID/tag 锚点或人工确认成员","REVIEW"
"bakeries:cheese_cream_bread","T2","bakeries:integration/create/mixing/sweet_dough","#c:salt","TAG","bakeries:cheese_cream_bread -> bakeries:round_bread -> bakeries:round_bread_dough -> bakeries:sweet_dough -> #c:salt","7","0","1","否","[烘焙坊]bakeries-1.21.1-NeoForge-1.0.1.jar","data/bakeries/recipe/integration/create/mixing/sweet_dough.json","补充直接 ID/tag 锚点或人工确认成员","REVIEW"
"bakeries:cheese_cream_bread","T2","bakeries:integration/create/mixing/sweet_dough","bakeries:bottle_yeast","ITEM","bakeries:cheese_cream_bread -> bakeries:round_bread -> bakeries:round_bread_dough -> bakeries:sweet_dough -> bakeries:bottle_yeast","6","0","1","否","[烘焙坊]bakeries-1.21.1-NeoForge-1.0.1.jar","data/bakeries/recipe/integration/create/mixing/sweet_dough.json","补充直接 ID/tag 锚点或人工确认成员","REVIEW"
"bakeries:cheese_cream_bread","T2","bakeries:integration/create/mixing/whole_wheat_dough","#c:flours/wheat","TAG","bakeries:cheese_cream_bread -> bakeries:cheese_cream -> bakeries:foamed_cream -> bakeries:bottle_cream -> minecraft:glass_bottle -> #c:flours/wheat","0","0","1","否","[烘焙坊]bakeries-1.21.1-NeoForge-1.0.1.jar","data/bakeries/recipe/integration/create/mixing/whole_wheat_dough.json","补充直接 ID/tag 锚点或人工确认成员","REVIEW"
"bakeries:cheese_cream_bread","T2","bakeries:integration/create/mixing/whole_wheat_dough","#c:flours/wheat","TAG","bakeries:cheese_cream_bread -> bakeries:cheese_cream -> bakeries:foamed_cream -> bakeries:bottle_cream -> minecraft:glass_bottle -> #c:flours/wheat","1","0","1","否","[烘焙坊]bakeries-1.21.1-NeoForge-1.0.1.jar","data/bakeries/recipe/integration/create/mixing/whole_wheat_dough.json","补充直接 ID/tag 锚点或人工确认成员","REVIEW"
"bakeries:cheese_cream_bread","T2","bakeries:integration/create/mixing/whole_wheat_dough","#c:flours/wheat","TAG","bakeries:cheese_cream_bread -> bakeries:cheese_cream -> bakeries:foamed_cream -> bakeries:bottle_cream -> minecraft:glass_bottle -> #c:flours/wheat","2","0","1","否","[烘焙坊]bakeries-1.21.1-NeoForge-1.0.1.jar","data/bakeries/recipe/integration/create/mixing/whole_wheat_dough.json","补充直接 ID/tag 锚点或人工确认成员","REVIEW"
"bakeries:cheese_cream_bread","T2","bakeries:integration/create/mixing/whole_wheat_dough","#c:flours/wheat","TAG","bakeries:cheese_cream_bread -> bakeries:cheese_cream -> bakeries:foamed_cream -> bakeries:bottle_cream -> minecraft:glass_bottle -> #c:flours/wheat","3","0","1","否","[烘焙坊]bakeries-1.21.1-NeoForge-1.0.1.jar","data/bakeries/recipe/integration/create/mixing/whole_wheat_dough.json","补充直接 ID/tag 锚点或人工确认成员","REVIEW"
"bakeries:cheese_cream_bread","T2","bakeries:integration/create/mixing/whole_wheat_dough","#c:salt","TAG","bakeries:cheese_cream_bread -> bakeries:cheese_cream -> bakeries:foamed_cream -> bakeries:bottle_cream -> minecraft:glass_bottle -> #c:salt","5","0","1","否","[烘焙坊]bakeries-1.21.1-NeoForge-1.0.1.jar","data/bakeries/recipe/integration/create/mixing/whole_wheat_dough.json","补充直接 ID/tag 锚点或人工确认成员","REVIEW"
"bakeries:cheese_cream_bread","T2","bakeries:integration/create/mixing/whole_wheat_dough","bakeries:bottle_yeast","ITEM","bakeries:cheese_cream_bread -> bakeries:cheese_cream -> bakeries:foamed_cream -> bakeries:bottle_cream -> minecraft:glass_bottle -> bakeries:bottle_yeast","4","0","1","否","[烘焙坊]bakeries-1.21.1-NeoForge-1.0.1.jar","data/bakeries/recipe/integration/create/mixing/whole_wheat_dough.json","补充直接 ID/tag 锚点或人工确认成员","REVIEW"
"bakeries:ciabatta","T2","bakeries:blender/salted_dough","#c:salt","TAG","bakeries:ciabatta -> bakeries:ciabatta_dough -> bakeries:salted_dough -> #c:salt","6","0","1","否","[烘焙坊]bakeries-1.21.1-NeoForge-1.0.1.jar","data/bakeries/recipe/blender/salted_dough.json","补充直接 ID/tag 锚点或人工确认成员","REVIEW"
"bakeries:ciabatta","T2","bakeries:blender/salted_dough","bakeries:bottle_yeast","ITEM","bakeries:ciabatta -> bakeries:ciabatta_dough -> bakeries:salted_dough -> bakeries:bottle_yeast","5","0","1","否","[烘焙坊]bakeries-1.21.1-NeoForge-1.0.1.jar","data/bakeries/recipe/blender/salted_dough.json","补充直接 ID/tag 锚点或人工确认成员","REVIEW"
"bakeries:ciabatta","T2","bakeries:compat/create/salted_dough","#c:salt","TAG","bakeries:ciabatta -> bakeries:ciabatta_dough -> bakeries:salted_dough -> #c:salt","6","0","1","否","[烘焙坊]bakeries-1.21.1-NeoForge-1.0.1.jar","data/bakeries/recipe/compat/create/salted_dough.json","补充直接 ID/tag 锚点或人工确认成员","REVIEW"
"bakeries:ciabatta","T2","bakeries:compat/create/salted_dough","bakeries:bottle_yeast","ITEM","bakeries:ciabatta -> bakeries:ciabatta_dough -> bakeries:salted_dough -> bakeries:bottle_yeast","5","0","1","否","[烘焙坊]bakeries-1.21.1-NeoForge-1.0.1.jar","data/bakeries/recipe/compat/create/salted_dough.json","补充直接 ID/tag 锚点或人工确认成员","REVIEW"
"bakeries:ciabatta","T2","bakeries:flour_bag","bakeries:flour","ITEM","bakeries:ciabatta -> bakeries:ciabatta_dough -> bakeries:salted_dough -> bakeries:flour -> bakeries:flour_bag -> bakeries:flour","0","0","1","否","[烘焙坊]bakeries-1.21.1-NeoForge-1.0.1.jar","data/bakeries/recipe/flour_bag.json","补充直接 ID/tag 锚点或人工确认成员","REVIEW"
"bakeries:ciabatta","T2","bakeries:flour_bag","bakeries:flour","ITEM","bakeries:ciabatta -> bakeries:ciabatta_dough -> bakeries:salted_dough -> bakeries:flour -> bakeries:flour_bag -> bakeries:flour","1","0","1","否","[烘焙坊]bakeries-1.21.1-NeoForge-1.0.1.jar","data/bakeries/recipe/flour_bag.json","补充直接 ID/tag 锚点或人工确认成员","REVIEW"
"bakeries:ciabatta","T2","bakeries:flour_bag","bakeries:flour","ITEM","bakeries:ciabatta -> bakeries:ciabatta_dough -> bakeries:salted_dough -> bakeries:flour -> bakeries:flour_bag -> bakeries:flour","2","0","1","否","[烘焙坊]bakeries-1.21.1-NeoForge-1.0.1.jar","data/bakeries/recipe/flour_bag.json","补充直接 ID/tag 锚点或人工确认成员","REVIEW"
"bakeries:ciabatta","T2","bakeries:flour_bag","bakeries:flour","ITEM","bakeries:ciabatta -> bakeries:ciabatta_dough -> bakeries:salted_dough -> bakeries:flour -> bakeries:flour_bag -> bakeries:flour","3","0","1","否","[烘焙坊]bakeries-1.21.1-NeoForge-1.0.1.jar","data/bakeries/recipe/flour_bag.json","补充直接 ID/tag 锚点或人工确认成员","REVIEW"
"bakeries:ciabatta","T2","bakeries:flour_bag","bakeries:flour","ITEM","bakeries:ciabatta -> bakeries:ciabatta_dough -> bakeries:salted_dough -> bakeries:flour -> bakeries:flour_bag -> bakeries:flour","4","0","1","否","[烘焙坊]bakeries-1.21.1-NeoForge-1.0.1.jar","data/bakeries/recipe/flour_bag.json","补充直接 ID/tag 锚点或人工确认成员","REVIEW"
"bakeries:ciabatta","T2","bakeries:flour_bag","bakeries:flour","ITEM","bakeries:ciabatta -> bakeries:ciabatta_dough -> bakeries:salted_dough -> bakeries:flour -> bakeries:flour_bag -> bakeries:flour","5","0","1","否","[烘焙坊]bakeries-1.21.1-NeoForge-1.0.1.jar","data/bakeries/recipe/flour_bag.json","补充直接 ID/tag 锚点或人工确认成员","REVIEW"
"bakeries:ciabatta","T2","bakeries:flour_bag","bakeries:flour","ITEM","bakeries:ciabatta -> bakeries:ciabatta_dough -> bakeries:salted_dough -> bakeries:flour -> bakeries:flour_bag -> bakeries:flour","6","0","1","否","[烘焙坊]bakeries-1.21.1-NeoForge-1.0.1.jar","data/bakeries/recipe/flour_bag.json","补充直接 ID/tag 锚点或人工确认成员","REVIEW"
"bakeries:ciabatta","T2","bakeries:flour_bag","bakeries:flour","ITEM","bakeries:ciabatta -> bakeries:ciabatta_dough -> bakeries:salted_dough -> bakeries:flour -> bakeries:flour_bag -> bakeries:flour","7","0","1","否","[烘焙坊]bakeries-1.21.1-NeoForge-1.0.1.jar","data/bakeries/recipe/flour_bag.json","补充直接 ID/tag 锚点或人工确认成员","REVIEW"
"bakeries:ciabatta","T2","bakeries:flour_bag","bakeries:flour","ITEM","bakeries:ciabatta -> bakeries:ciabatta_dough -> bakeries:salted_dough -> bakeries:flour -> bakeries:flour_bag -> bakeries:flour","8","0","1","否","[烘焙坊]bakeries-1.21.1-NeoForge-1.0.1.jar","data/bakeries/recipe/flour_bag.json","补充直接 ID/tag 锚点或人工确认成员","REVIEW"
"bakeries:ciabatta","T2","bakeries:flour_sieve/flour","#c:flours/wheat","TAG","bakeries:ciabatta -> bakeries:ciabatta_dough -> bakeries:salted_dough -> bakeries:flour -> #c:flours/wheat","0","0","1","否","[烘焙坊]bakeries-1.21.1-NeoForge-1.0.1.jar","data/bakeries/recipe/flour_sieve/flour.json","补充直接 ID/tag 锚点或人工确认成员","REVIEW"
"bakeries:ciabatta","T2","bakeries:integration/create/milling/flour","create:wheat_flour","ITEM","bakeries:ciabatta -> bakeries:ciabatta_dough -> bakeries:salted_dough -> bakeries:flour -> create:wheat_flour","0","0","1","否","[烘焙坊]bakeries-1.21.1-NeoForge-1.0.1.jar","data/bakeries/recipe/integration/create/milling/flour.json","补充直接 ID/tag 锚点或人工确认成员","REVIEW"
"bakeries:ciabatta","T2","bakeries:integration/create/mixing/salted_dough","#c:salt","TAG","bakeries:ciabatta -> bakeries:ciabatta_dough -> bakeries:salted_dough -> #c:salt","6","0","1","否","[烘焙坊]bakeries-1.21.1-NeoForge-1.0.1.jar","data/bakeries/recipe/integration/create/mixing/salted_dough.json","补充直接 ID/tag 锚点或人工确认成员","REVIEW"
"bakeries:ciabatta","T2","bakeries:integration/create/mixing/salted_dough","bakeries:bottle_yeast","ITEM","bakeries:ciabatta -> bakeries:ciabatta_dough -> bakeries:salted_dough -> bakeries:bottle_yeast","5","0","1","否","[烘焙坊]bakeries-1.21.1-NeoForge-1.0.1.jar","data/bakeries/recipe/integration/create/mixing/salted_dough.json","补充直接 ID/tag 锚点或人工确认成员","REVIEW"
"bakeries:cooked_taro","COMMON","bakeries:cooked_taro_campfire_cooking","bakeries:taro","ITEM","bakeries:cooked_taro -> bakeries:taro","0","0","1","否","[烘焙坊]bakeries-1.21.1-NeoForge-1.0.1.jar","data/bakeries/recipe/cooked_taro_campfire_cooking.json","补充直接 ID/tag 锚点或人工确认成员","REVIEW"
"bakeries:cooked_taro","COMMON","bakeries:cooked_taro_smoking","bakeries:taro","ITEM","bakeries:cooked_taro -> bakeries:taro","0","0","1","否","[烘焙坊]bakeries-1.21.1-NeoForge-1.0.1.jar","data/bakeries/recipe/cooked_taro_smoking.json","补充直接 ID/tag 锚点或人工确认成员","REVIEW"
"bakeries:cooked_taro","COMMON","bakeries:cooked_taro","bakeries:taro","ITEM","bakeries:cooked_taro -> bakeries:taro","0","0","1","否","[烘焙坊]bakeries-1.21.1-NeoForge-1.0.1.jar","data/bakeries/recipe/cooked_taro.json","补充直接 ID/tag 锚点或人工确认成员","REVIEW"
"bakeries:country_bread_slice","T2","bakeries:blender/salted_dough","#c:salt","TAG","bakeries:country_bread_slice -> bakeries:country_bread -> bakeries:country_bread_dough -> bakeries:salted_dough -> #c:salt","6","0","1","否","[烘焙坊]bakeries-1.21.1-NeoForge-1.0.1.jar","data/bakeries/recipe/blender/salted_dough.json","补充直接 ID/tag 锚点或人工确认成员","REVIEW"
"bakeries:country_bread_slice","T2","bakeries:blender/salted_dough","bakeries:bottle_yeast","ITEM","bakeries:country_bread_slice -> bakeries:country_bread -> bakeries:country_bread_dough -> bakeries:salted_dough -> bakeries:bottle_yeast","5","0","1","否","[烘焙坊]bakeries-1.21.1-NeoForge-1.0.1.jar","data/bakeries/recipe/blender/salted_dough.json","补充直接 ID/tag 锚点或人工确认成员","REVIEW"
"bakeries:country_bread_slice","T2","bakeries:compat/create/salted_dough","#c:salt","TAG","bakeries:country_bread_slice -> bakeries:country_bread -> bakeries:country_bread_dough -> bakeries:salted_dough -> #c:salt","6","0","1","否","[烘焙坊]bakeries-1.21.1-NeoForge-1.0.1.jar","data/bakeries/recipe/compat/create/salted_dough.json","补充直接 ID/tag 锚点或人工确认成员","REVIEW"
"bakeries:country_bread_slice","T2","bakeries:compat/create/salted_dough","bakeries:bottle_yeast","ITEM","bakeries:country_bread_slice -> bakeries:country_bread -> bakeries:country_bread_dough -> bakeries:salted_dough -> bakeries:bottle_yeast","5","0","1","否","[烘焙坊]bakeries-1.21.1-NeoForge-1.0.1.jar","data/bakeries/recipe/compat/create/salted_dough.json","补充直接 ID/tag 锚点或人工确认成员","REVIEW"
"bakeries:country_bread_slice","T2","bakeries:flour_bag","bakeries:flour","ITEM","bakeries:country_bread_slice -> bakeries:country_bread -> bakeries:country_bread_dough -> bakeries:salted_dough -> bakeries:flour -> bakeries:flour_bag -> bakeries:flour","0","0","1","否","[烘焙坊]bakeries-1.21.1-NeoForge-1.0.1.jar","data/bakeries/recipe/flour_bag.json","补充直接 ID/tag 锚点或人工确认成员","REVIEW"
"bakeries:country_bread_slice","T2","bakeries:flour_bag","bakeries:flour","ITEM","bakeries:country_bread_slice -> bakeries:country_bread -> bakeries:country_bread_dough -> bakeries:salted_dough -> bakeries:flour -> bakeries:flour_bag -> bakeries:flour","1","0","1","否","[烘焙坊]bakeries-1.21.1-NeoForge-1.0.1.jar","data/bakeries/recipe/flour_bag.json","补充直接 ID/tag 锚点或人工确认成员","REVIEW"
"bakeries:country_bread_slice","T2","bakeries:flour_bag","bakeries:flour","ITEM","bakeries:country_bread_slice -> bakeries:country_bread -> bakeries:country_bread_dough -> bakeries:salted_dough -> bakeries:flour -> bakeries:flour_bag -> bakeries:flour","2","0","1","否","[烘焙坊]bakeries-1.21.1-NeoForge-1.0.1.jar","data/bakeries/recipe/flour_bag.json","补充直接 ID/tag 锚点或人工确认成员","REVIEW"
"bakeries:country_bread_slice","T2","bakeries:flour_bag","bakeries:flour","ITEM","bakeries:country_bread_slice -> bakeries:country_bread -> bakeries:country_bread_dough -> bakeries:salted_dough -> bakeries:flour -> bakeries:flour_bag -> bakeries:flour","3","0","1","否","[烘焙坊]bakeries-1.21.1-NeoForge-1.0.1.jar","data/bakeries/recipe/flour_bag.json","补充直接 ID/tag 锚点或人工确认成员","REVIEW"
"bakeries:country_bread_slice","T2","bakeries:flour_bag","bakeries:flour","ITEM","bakeries:country_bread_slice -> bakeries:country_bread -> bakeries:country_bread_dough -> bakeries:salted_dough -> bakeries:flour -> bakeries:flour_bag -> bakeries:flour","4","0","1","否","[烘焙坊]bakeries-1.21.1-NeoForge-1.0.1.jar","data/bakeries/recipe/flour_bag.json","补充直接 ID/tag 锚点或人工确认成员","REVIEW"
"bakeries:country_bread_slice","T2","bakeries:flour_bag","bakeries:flour","ITEM","bakeries:country_bread_slice -> bakeries:country_bread -> bakeries:country_bread_dough -> bakeries:salted_dough -> bakeries:flour -> bakeries:flour_bag -> bakeries:flour","5","0","1","否","[烘焙坊]bakeries-1.21.1-NeoForge-1.0.1.jar","data/bakeries/recipe/flour_bag.json","补充直接 ID/tag 锚点或人工确认成员","REVIEW"
"bakeries:country_bread_slice","T2","bakeries:flour_bag","bakeries:flour","ITEM","bakeries:country_bread_slice -> bakeries:country_bread -> bakeries:country_bread_dough -> bakeries:salted_dough -> bakeries:flour -> bakeries:flour_bag -> bakeries:flour","6","0","1","否","[烘焙坊]bakeries-1.21.1-NeoForge-1.0.1.jar","data/bakeries/recipe/flour_bag.json","补充直接 ID/tag 锚点或人工确认成员","REVIEW"
"bakeries:country_bread_slice","T2","bakeries:flour_bag","bakeries:flour","ITEM","bakeries:country_bread_slice -> bakeries:country_bread -> bakeries:country_bread_dough -> bakeries:salted_dough -> bakeries:flour -> bakeries:flour_bag -> bakeries:flour","7","0","1","否","[烘焙坊]bakeries-1.21.1-NeoForge-1.0.1.jar","data/bakeries/recipe/flour_bag.json","补充直接 ID/tag 锚点或人工确认成员","REVIEW"
"bakeries:country_bread_slice","T2","bakeries:flour_bag","bakeries:flour","ITEM","bakeries:country_bread_slice -> bakeries:country_bread -> bakeries:country_bread_dough -> bakeries:salted_dough -> bakeries:flour -> bakeries:flour_bag -> bakeries:flour","8","0","1","否","[烘焙坊]bakeries-1.21.1-NeoForge-1.0.1.jar","data/bakeries/recipe/flour_bag.json","补充直接 ID/tag 锚点或人工确认成员","REVIEW"
"bakeries:country_bread_slice","T2","bakeries:flour_sieve/flour","#c:flours/wheat","TAG","bakeries:country_bread_slice -> bakeries:country_bread -> bakeries:country_bread_dough -> bakeries:salted_dough -> bakeries:flour -> #c:flours/wheat","0","0","1","否","[烘焙坊]bakeries-1.21.1-NeoForge-1.0.1.jar","data/bakeries/recipe/flour_sieve/flour.json","补充直接 ID/tag 锚点或人工确认成员","REVIEW"
"bakeries:country_bread_slice","T2","bakeries:integration/create/milling/flour","create:wheat_flour","ITEM","bakeries:country_bread_slice -> bakeries:country_bread -> bakeries:country_bread_dough -> bakeries:salted_dough -> bakeries:flour -> create:wheat_flour","0","0","1","否","[烘焙坊]bakeries-1.21.1-NeoForge-1.0.1.jar","data/bakeries/recipe/integration/create/milling/flour.json","补充直接 ID/tag 锚点或人工确认成员","REVIEW"
"bakeries:country_bread_slice","T2","bakeries:integration/create/mixing/salted_dough","#c:salt","TAG","bakeries:country_bread_slice -> bakeries:country_bread -> bakeries:country_bread_dough -> bakeries:salted_dough -> #c:salt","6","0","1","否","[烘焙坊]bakeries-1.21.1-NeoForge-1.0.1.jar","data/bakeries/recipe/integration/create/mixing/salted_dough.json","补充直接 ID/tag 锚点或人工确认成员","REVIEW"
"bakeries:country_bread_slice","T2","bakeries:integration/create/mixing/salted_dough","bakeries:bottle_yeast","ITEM","bakeries:country_bread_slice -> bakeries:country_bread -> bakeries:country_bread_dough -> bakeries:salted_dough -> bakeries:bottle_yeast","5","0","1","否","[烘焙坊]bakeries-1.21.1-NeoForge-1.0.1.jar","data/bakeries/recipe/integration/create/mixing/salted_dough.json","补充直接 ID/tag 锚点或人工确认成员","REVIEW"
"bakeries:croissant","T2","bakeries:blender/sweet_dough","#c:butter","TAG","bakeries:croissant -> bakeries:croissant_dough -> bakeries:pastry -> bakeries:sweet_dough -> #c:butter","8","0","1","否","[烘焙坊]bakeries-1.21.1-NeoForge-1.0.1.jar","data/bakeries/recipe/blender/sweet_dough.json","补充直接 ID/tag 锚点或人工确认成员","REVIEW"
"bakeries:croissant","T2","bakeries:blender/sweet_dough","#c:salt","TAG","bakeries:croissant -> bakeries:croissant_dough -> bakeries:pastry -> bakeries:sweet_dough -> #c:salt","7","0","1","否","[烘焙坊]bakeries-1.21.1-NeoForge-1.0.1.jar","data/bakeries/recipe/blender/sweet_dough.json","补充直接 ID/tag 锚点或人工确认成员","REVIEW"
"bakeries:croissant","T2","bakeries:blender/sweet_dough","bakeries:bottle_yeast","ITEM","bakeries:croissant -> bakeries:croissant_dough -> bakeries:pastry -> bakeries:sweet_dough -> bakeries:bottle_yeast","6","0","1","否","[烘焙坊]bakeries-1.21.1-NeoForge-1.0.1.jar","data/bakeries/recipe/blender/sweet_dough.json","补充直接 ID/tag 锚点或人工确认成员","REVIEW"
"bakeries:croissant","T2","bakeries:compat/create/sweet_dough","#c:butter","TAG","bakeries:croissant -> bakeries:croissant_dough -> bakeries:pastry -> bakeries:sweet_dough -> #c:butter","8","0","1","否","[烘焙坊]bakeries-1.21.1-NeoForge-1.0.1.jar","data/bakeries/recipe/compat/create/sweet_dough.json","补充直接 ID/tag 锚点或人工确认成员","REVIEW"
"bakeries:croissant","T2","bakeries:compat/create/sweet_dough","#c:salt","TAG","bakeries:croissant -> bakeries:croissant_dough -> bakeries:pastry -> bakeries:sweet_dough -> #c:salt","7","0","1","否","[烘焙坊]bakeries-1.21.1-NeoForge-1.0.1.jar","data/bakeries/recipe/compat/create/sweet_dough.json","补充直接 ID/tag 锚点或人工确认成员","REVIEW"
"bakeries:croissant","T2","bakeries:compat/create/sweet_dough","bakeries:bottle_yeast","ITEM","bakeries:croissant -> bakeries:croissant_dough -> bakeries:pastry -> bakeries:sweet_dough -> bakeries:bottle_yeast","6","0","1","否","[烘焙坊]bakeries-1.21.1-NeoForge-1.0.1.jar","data/bakeries/recipe/compat/create/sweet_dough.json","补充直接 ID/tag 锚点或人工确认成员","REVIEW"
"bakeries:croissant","T2","bakeries:flour_bag","bakeries:flour","ITEM","bakeries:croissant -> bakeries:croissant_dough -> bakeries:pastry -> bakeries:butter_flour_sand -> bakeries:flour -> bakeries:flour_bag -> bakeries:flour","0","0","1","否","[烘焙坊]bakeries-1.21.1-NeoForge-1.0.1.jar","data/bakeries/recipe/flour_bag.json","补充直接 ID/tag 锚点或人工确认成员","REVIEW"
"bakeries:croissant","T2","bakeries:flour_bag","bakeries:flour","ITEM","bakeries:croissant -> bakeries:croissant_dough -> bakeries:pastry -> bakeries:butter_flour_sand -> bakeries:flour -> bakeries:flour_bag -> bakeries:flour","1","0","1","否","[烘焙坊]bakeries-1.21.1-NeoForge-1.0.1.jar","data/bakeries/recipe/flour_bag.json","补充直接 ID/tag 锚点或人工确认成员","REVIEW"
"bakeries:croissant","T2","bakeries:flour_bag","bakeries:flour","ITEM","bakeries:croissant -> bakeries:croissant_dough -> bakeries:pastry -> bakeries:butter_flour_sand -> bakeries:flour -> bakeries:flour_bag -> bakeries:flour","2","0","1","否","[烘焙坊]bakeries-1.21.1-NeoForge-1.0.1.jar","data/bakeries/recipe/flour_bag.json","补充直接 ID/tag 锚点或人工确认成员","REVIEW"
"bakeries:croissant","T2","bakeries:flour_bag","bakeries:flour","ITEM","bakeries:croissant -> bakeries:croissant_dough -> bakeries:pastry -> bakeries:butter_flour_sand -> bakeries:flour -> bakeries:flour_bag -> bakeries:flour","3","0","1","否","[烘焙坊]bakeries-1.21.1-NeoForge-1.0.1.jar","data/bakeries/recipe/flour_bag.json","补充直接 ID/tag 锚点或人工确认成员","REVIEW"
"bakeries:croissant","T2","bakeries:flour_bag","bakeries:flour","ITEM","bakeries:croissant -> bakeries:croissant_dough -> bakeries:pastry -> bakeries:butter_flour_sand -> bakeries:flour -> bakeries:flour_bag -> bakeries:flour","4","0","1","否","[烘焙坊]bakeries-1.21.1-NeoForge-1.0.1.jar","data/bakeries/recipe/flour_bag.json","补充直接 ID/tag 锚点或人工确认成员","REVIEW"
"bakeries:croissant","T2","bakeries:flour_bag","bakeries:flour","ITEM","bakeries:croissant -> bakeries:croissant_dough -> bakeries:pastry -> bakeries:butter_flour_sand -> bakeries:flour -> bakeries:flour_bag -> bakeries:flour","5","0","1","否","[烘焙坊]bakeries-1.21.1-NeoForge-1.0.1.jar","data/bakeries/recipe/flour_bag.json","补充直接 ID/tag 锚点或人工确认成员","REVIEW"
"bakeries:croissant","T2","bakeries:flour_bag","bakeries:flour","ITEM","bakeries:croissant -> bakeries:croissant_dough -> bakeries:pastry -> bakeries:butter_flour_sand -> bakeries:flour -> bakeries:flour_bag -> bakeries:flour","6","0","1","否","[烘焙坊]bakeries-1.21.1-NeoForge-1.0.1.jar","data/bakeries/recipe/flour_bag.json","补充直接 ID/tag 锚点或人工确认成员","REVIEW"
"bakeries:croissant","T2","bakeries:flour_bag","bakeries:flour","ITEM","bakeries:croissant -> bakeries:croissant_dough -> bakeries:pastry -> bakeries:butter_flour_sand -> bakeries:flour -> bakeries:flour_bag -> bakeries:flour","7","0","1","否","[烘焙坊]bakeries-1.21.1-NeoForge-1.0.1.jar","data/bakeries/recipe/flour_bag.json","补充直接 ID/tag 锚点或人工确认成员","REVIEW"
"bakeries:croissant","T2","bakeries:flour_bag","bakeries:flour","ITEM","bakeries:croissant -> bakeries:croissant_dough -> bakeries:pastry -> bakeries:butter_flour_sand -> bakeries:flour -> bakeries:flour_bag -> bakeries:flour","8","0","1","否","[烘焙坊]bakeries-1.21.1-NeoForge-1.0.1.jar","data/bakeries/recipe/flour_bag.json","补充直接 ID/tag 锚点或人工确认成员","REVIEW"
"bakeries:croissant","T2","bakeries:flour_sieve/flour","#c:flours/wheat","TAG","bakeries:croissant -> bakeries:croissant_dough -> bakeries:pastry -> bakeries:butter_flour_sand -> bakeries:flour -> #c:flours/wheat","0","0","1","否","[烘焙坊]bakeries-1.21.1-NeoForge-1.0.1.jar","data/bakeries/recipe/flour_sieve/flour.json","补充直接 ID/tag 锚点或人工确认成员","REVIEW"
"bakeries:croissant","T2","bakeries:integration/create/milling/flour","create:wheat_flour","ITEM","bakeries:croissant -> bakeries:croissant_dough -> bakeries:pastry -> bakeries:butter_flour_sand -> bakeries:flour -> create:wheat_flour","0","0","1","否","[烘焙坊]bakeries-1.21.1-NeoForge-1.0.1.jar","data/bakeries/recipe/integration/create/milling/flour.json","补充直接 ID/tag 锚点或人工确认成员","REVIEW"
"bakeries:croissant","T2","bakeries:integration/create/mixing/butter_flour_sand","#c:butter","TAG","bakeries:croissant -> bakeries:croissant_dough -> bakeries:pastry -> bakeries:butter_flour_sand -> #c:butter","4","0","1","否","[烘焙坊]bakeries-1.21.1-NeoForge-1.0.1.jar","data/bakeries/recipe/integration/create/mixing/butter_flour_sand.json","补充直接 ID/tag 锚点或人工确认成员","REVIEW"
"bakeries:croissant","T2","bakeries:integration/create/mixing/butter_flour_sand","#c:butter","TAG","bakeries:croissant -> bakeries:croissant_dough -> bakeries:pastry -> bakeries:butter_flour_sand -> #c:butter","5","0","1","否","[烘焙坊]bakeries-1.21.1-NeoForge-1.0.1.jar","data/bakeries/recipe/integration/create/mixing/butter_flour_sand.json","补充直接 ID/tag 锚点或人工确认成员","REVIEW"
"bakeries:croissant","T2","bakeries:integration/create/mixing/butter_flour_sand","#c:salt","TAG","bakeries:croissant -> bakeries:croissant_dough -> bakeries:pastry -> bakeries:butter_flour_sand -> #c:salt","6","0","1","否","[烘焙坊]bakeries-1.21.1-NeoForge-1.0.1.jar","data/bakeries/recipe/integration/create/mixing/butter_flour_sand.json","补充直接 ID/tag 锚点或人工确认成员","REVIEW"
"bakeries:croissant","T2","bakeries:integration/create/mixing/pastry","bakeries:bottle_yeast","ITEM","bakeries:croissant -> bakeries:croissant_dough -> bakeries:pastry -> bakeries:bottle_yeast","2","0","1","否","[烘焙坊]bakeries-1.21.1-NeoForge-1.0.1.jar","data/bakeries/recipe/integration/create/mixing/pastry.json","补充直接 ID/tag 锚点或人工确认成员","REVIEW"
"bakeries:croissant","T2","bakeries:integration/create/mixing/sweet_dough","#c:butter","TAG","bakeries:croissant -> bakeries:croissant_dough -> bakeries:pastry -> bakeries:sweet_dough -> #c:butter","8","0","1","否","[烘焙坊]bakeries-1.21.1-NeoForge-1.0.1.jar","data/bakeries/recipe/integration/create/mixing/sweet_dough.json","补充直接 ID/tag 锚点或人工确认成员","REVIEW"
"bakeries:croissant","T2","bakeries:integration/create/mixing/sweet_dough","#c:salt","TAG","bakeries:croissant -> bakeries:croissant_dough -> bakeries:pastry -> bakeries:sweet_dough -> #c:salt","7","0","1","否","[烘焙坊]bakeries-1.21.1-NeoForge-1.0.1.jar","data/bakeries/recipe/integration/create/mixing/sweet_dough.json","补充直接 ID/tag 锚点或人工确认成员","REVIEW"
"bakeries:croissant","T2","bakeries:integration/create/mixing/sweet_dough","bakeries:bottle_yeast","ITEM","bakeries:croissant -> bakeries:croissant_dough -> bakeries:pastry -> bakeries:sweet_dough -> bakeries:bottle_yeast","6","0","1","否","[烘焙坊]bakeries-1.21.1-NeoForge-1.0.1.jar","data/bakeries/recipe/integration/create/mixing/sweet_dough.json","补充直接 ID/tag 锚点或人工确认成员","REVIEW"
"bakeries:croissant","T2","bakeries:pastry","#c:butter","TAG","bakeries:croissant -> bakeries:croissant_dough -> bakeries:pastry -> #c:butter","1","0","1","否","[烘焙坊]bakeries-1.21.1-NeoForge-1.0.1.jar","data/bakeries/recipe/pastry.json","补充直接 ID/tag 锚点或人工确认成员","REVIEW"
"bakeries:dirty_choco_croissant","T2","bakeries:blender/sweet_dough","#c:butter","TAG","bakeries:dirty_choco_croissant -> bakeries:croissant -> bakeries:croissant_dough -> bakeries:pastry -> bakeries:sweet_dough -> #c:butter","8","0","1","否","[烘焙坊]bakeries-1.21.1-NeoForge-1.0.1.jar","data/bakeries/recipe/blender/sweet_dough.json","补充直接 ID/tag 锚点或人工确认成员","REVIEW"
"bakeries:dirty_choco_croissant","T2","bakeries:blender/sweet_dough","#c:salt","TAG","bakeries:dirty_choco_croissant -> bakeries:croissant -> bakeries:croissant_dough -> bakeries:pastry -> bakeries:sweet_dough -> #c:salt","7","0","1","否","[烘焙坊]bakeries-1.21.1-NeoForge-1.0.1.jar","data/bakeries/recipe/blender/sweet_dough.json","补充直接 ID/tag 锚点或人工确认成员","REVIEW"
"bakeries:dirty_choco_croissant","T2","bakeries:blender/sweet_dough","bakeries:bottle_yeast","ITEM","bakeries:dirty_choco_croissant -> bakeries:croissant -> bakeries:croissant_dough -> bakeries:pastry -> bakeries:sweet_dough -> bakeries:bottle_yeast","6","0","1","否","[烘焙坊]bakeries-1.21.1-NeoForge-1.0.1.jar","data/bakeries/recipe/blender/sweet_dough.json","补充直接 ID/tag 锚点或人工确认成员","REVIEW"
"bakeries:dirty_choco_croissant","T2","bakeries:compat/create/sweet_dough","#c:butter","TAG","bakeries:dirty_choco_croissant -> bakeries:croissant -> bakeries:croissant_dough -> bakeries:pastry -> bakeries:sweet_dough -> #c:butter","8","0","1","否","[烘焙坊]bakeries-1.21.1-NeoForge-1.0.1.jar","data/bakeries/recipe/compat/create/sweet_dough.json","补充直接 ID/tag 锚点或人工确认成员","REVIEW"
"bakeries:dirty_choco_croissant","T2","bakeries:compat/create/sweet_dough","#c:salt","TAG","bakeries:dirty_choco_croissant -> bakeries:croissant -> bakeries:croissant_dough -> bakeries:pastry -> bakeries:sweet_dough -> #c:salt","7","0","1","否","[烘焙坊]bakeries-1.21.1-NeoForge-1.0.1.jar","data/bakeries/recipe/compat/create/sweet_dough.json","补充直接 ID/tag 锚点或人工确认成员","REVIEW"
"bakeries:dirty_choco_croissant","T2","bakeries:compat/create/sweet_dough","bakeries:bottle_yeast","ITEM","bakeries:dirty_choco_croissant -> bakeries:croissant -> bakeries:croissant_dough -> bakeries:pastry -> bakeries:sweet_dough -> bakeries:bottle_yeast","6","0","1","否","[烘焙坊]bakeries-1.21.1-NeoForge-1.0.1.jar","data/bakeries/recipe/compat/create/sweet_dough.json","补充直接 ID/tag 锚点或人工确认成员","REVIEW"
"bakeries:dirty_choco_croissant","T2","bakeries:flour_bag","bakeries:flour","ITEM","bakeries:dirty_choco_croissant -> bakeries:croissant -> bakeries:croissant_dough -> bakeries:pastry -> bakeries:butter_flour_sand -> bakeries:flour -> bakeries:flour_bag -> bakeries:flour","0","0","1","否","[烘焙坊]bakeries-1.21.1-NeoForge-1.0.1.jar","data/bakeries/recipe/flour_bag.json","补充直接 ID/tag 锚点或人工确认成员","REVIEW"
"bakeries:dirty_choco_croissant","T2","bakeries:flour_bag","bakeries:flour","ITEM","bakeries:dirty_choco_croissant -> bakeries:croissant -> bakeries:croissant_dough -> bakeries:pastry -> bakeries:butter_flour_sand -> bakeries:flour -> bakeries:flour_bag -> bakeries:flour","1","0","1","否","[烘焙坊]bakeries-1.21.1-NeoForge-1.0.1.jar","data/bakeries/recipe/flour_bag.json","补充直接 ID/tag 锚点或人工确认成员","REVIEW"
"bakeries:dirty_choco_croissant","T2","bakeries:flour_bag","bakeries:flour","ITEM","bakeries:dirty_choco_croissant -> bakeries:croissant -> bakeries:croissant_dough -> bakeries:pastry -> bakeries:butter_flour_sand -> bakeries:flour -> bakeries:flour_bag -> bakeries:flour","2","0","1","否","[烘焙坊]bakeries-1.21.1-NeoForge-1.0.1.jar","data/bakeries/recipe/flour_bag.json","补充直接 ID/tag 锚点或人工确认成员","REVIEW"
"bakeries:dirty_choco_croissant","T2","bakeries:flour_bag","bakeries:flour","ITEM","bakeries:dirty_choco_croissant -> bakeries:croissant -> bakeries:croissant_dough -> bakeries:pastry -> bakeries:butter_flour_sand -> bakeries:flour -> bakeries:flour_bag -> bakeries:flour","3","0","1","否","[烘焙坊]bakeries-1.21.1-NeoForge-1.0.1.jar","data/bakeries/recipe/flour_bag.json","补充直接 ID/tag 锚点或人工确认成员","REVIEW"
"bakeries:dirty_choco_croissant","T2","bakeries:flour_bag","bakeries:flour","ITEM","bakeries:dirty_choco_croissant -> bakeries:croissant -> bakeries:croissant_dough -> bakeries:pastry -> bakeries:butter_flour_sand -> bakeries:flour -> bakeries:flour_bag -> bakeries:flour","4","0","1","否","[烘焙坊]bakeries-1.21.1-NeoForge-1.0.1.jar","data/bakeries/recipe/flour_bag.json","补充直接 ID/tag 锚点或人工确认成员","REVIEW"
"bakeries:dirty_choco_croissant","T2","bakeries:flour_bag","bakeries:flour","ITEM","bakeries:dirty_choco_croissant -> bakeries:croissant -> bakeries:croissant_dough -> bakeries:pastry -> bakeries:butter_flour_sand -> bakeries:flour -> bakeries:flour_bag -> bakeries:flour","5","0","1","否","[烘焙坊]bakeries-1.21.1-NeoForge-1.0.1.jar","data/bakeries/recipe/flour_bag.json","补充直接 ID/tag 锚点或人工确认成员","REVIEW"
"bakeries:dirty_choco_croissant","T2","bakeries:flour_bag","bakeries:flour","ITEM","bakeries:dirty_choco_croissant -> bakeries:croissant -> bakeries:croissant_dough -> bakeries:pastry -> bakeries:butter_flour_sand -> bakeries:flour -> bakeries:flour_bag -> bakeries:flour","6","0","1","否","[烘焙坊]bakeries-1.21.1-NeoForge-1.0.1.jar","data/bakeries/recipe/flour_bag.json","补充直接 ID/tag 锚点或人工确认成员","REVIEW"
"bakeries:dirty_choco_croissant","T2","bakeries:flour_bag","bakeries:flour","ITEM","bakeries:dirty_choco_croissant -> bakeries:croissant -> bakeries:croissant_dough -> bakeries:pastry -> bakeries:butter_flour_sand -> bakeries:flour -> bakeries:flour_bag -> bakeries:flour","7","0","1","否","[烘焙坊]bakeries-1.21.1-NeoForge-1.0.1.jar","data/bakeries/recipe/flour_bag.json","补充直接 ID/tag 锚点或人工确认成员","REVIEW"
"bakeries:dirty_choco_croissant","T2","bakeries:flour_bag","bakeries:flour","ITEM","bakeries:dirty_choco_croissant -> bakeries:croissant -> bakeries:croissant_dough -> bakeries:pastry -> bakeries:butter_flour_sand -> bakeries:flour -> bakeries:flour_bag -> bakeries:flour","8","0","1","否","[烘焙坊]bakeries-1.21.1-NeoForge-1.0.1.jar","data/bakeries/recipe/flour_bag.json","补充直接 ID/tag 锚点或人工确认成员","REVIEW"
"bakeries:dirty_choco_croissant","T2","bakeries:flour_sieve/flour","#c:flours/wheat","TAG","bakeries:dirty_choco_croissant -> bakeries:croissant -> bakeries:croissant_dough -> bakeries:pastry -> bakeries:butter_flour_sand -> bakeries:flour -> #c:flours/wheat","0","0","1","否","[烘焙坊]bakeries-1.21.1-NeoForge-1.0.1.jar","data/bakeries/recipe/flour_sieve/flour.json","补充直接 ID/tag 锚点或人工确认成员","REVIEW"
"bakeries:dirty_choco_croissant","T2","bakeries:integration/create/milling/flour","create:wheat_flour","ITEM","bakeries:dirty_choco_croissant -> bakeries:croissant -> bakeries:croissant_dough -> bakeries:pastry -> bakeries:butter_flour_sand -> bakeries:flour -> create:wheat_flour","0","0","1","否","[烘焙坊]bakeries-1.21.1-NeoForge-1.0.1.jar","data/bakeries/recipe/integration/create/milling/flour.json","补充直接 ID/tag 锚点或人工确认成员","REVIEW"
"bakeries:dirty_choco_croissant","T2","bakeries:integration/create/mixing/bearnaise_6","minecraft:glass_bottle","ITEM","bakeries:dirty_choco_croissant -> bakeries:bottle_cream -> minecraft:glass_bottle -> minecraft:glass_bottle","3","0","1","否","[烘焙坊]bakeries-1.21.1-NeoForge-1.0.1.jar","data/bakeries/recipe/integration/create/mixing/bearnaise_6.json","补充直接 ID/tag 锚点或人工确认成员","REVIEW"
"bakeries:dirty_choco_croissant","T2","bakeries:integration/create/mixing/butter_cube","bakeries:bottle_cream","ITEM","bakeries:dirty_choco_croissant -> bakeries:bottle_cream -> minecraft:glass_bottle -> bakeries:bottle_cream","0","0","1","否","[烘焙坊]bakeries-1.21.1-NeoForge-1.0.1.jar","data/bakeries/recipe/integration/create/mixing/butter_cube.json","补充直接 ID/tag 锚点或人工确认成员","REVIEW"
"bakeries:dirty_choco_croissant","T2","bakeries:integration/create/mixing/butter_flour_sand","#c:butter","TAG","bakeries:dirty_choco_croissant -> bakeries:croissant -> bakeries:croissant_dough -> bakeries:pastry -> bakeries:butter_flour_sand -> #c:butter","4","0","1","否","[烘焙坊]bakeries-1.21.1-NeoForge-1.0.1.jar","data/bakeries/recipe/integration/create/mixing/butter_flour_sand.json","补充直接 ID/tag 锚点或人工确认成员","REVIEW"
"bakeries:dirty_choco_croissant","T2","bakeries:integration/create/mixing/butter_flour_sand","#c:butter","TAG","bakeries:dirty_choco_croissant -> bakeries:croissant -> bakeries:croissant_dough -> bakeries:pastry -> bakeries:butter_flour_sand -> #c:butter","5","0","1","否","[烘焙坊]bakeries-1.21.1-NeoForge-1.0.1.jar","data/bakeries/recipe/integration/create/mixing/butter_flour_sand.json","补充直接 ID/tag 锚点或人工确认成员","REVIEW"
"bakeries:dirty_choco_croissant","T2","bakeries:integration/create/mixing/butter_flour_sand","#c:salt","TAG","bakeries:dirty_choco_croissant -> bakeries:croissant -> bakeries:croissant_dough -> bakeries:pastry -> bakeries:butter_flour_sand -> #c:salt","6","0","1","否","[烘焙坊]bakeries-1.21.1-NeoForge-1.0.1.jar","data/bakeries/recipe/integration/create/mixing/butter_flour_sand.json","补充直接 ID/tag 锚点或人工确认成员","REVIEW"
"bakeries:dirty_choco_croissant","T2","bakeries:integration/create/mixing/foamed_cream","bakeries:bottle_cream","ITEM","bakeries:dirty_choco_croissant -> bakeries:bottle_cream -> minecraft:glass_bottle -> bakeries:bottle_cream","0","0","1","否","[烘焙坊]bakeries-1.21.1-NeoForge-1.0.1.jar","data/bakeries/recipe/integration/create/mixing/foamed_cream.json","补充直接 ID/tag 锚点或人工确认成员","REVIEW"
"bakeries:dirty_choco_croissant","T2","bakeries:integration/create/mixing/foamed_cream","bakeries:bottle_cream","ITEM","bakeries:dirty_choco_croissant -> bakeries:bottle_cream -> minecraft:glass_bottle -> bakeries:bottle_cream","1","0","1","否","[烘焙坊]bakeries-1.21.1-NeoForge-1.0.1.jar","data/bakeries/recipe/integration/create/mixing/foamed_cream.json","补充直接 ID/tag 锚点或人工确认成员","REVIEW"
"bakeries:dirty_choco_croissant","T2","bakeries:integration/create/mixing/pastry","bakeries:bottle_yeast","ITEM","bakeries:dirty_choco_croissant -> bakeries:croissant -> bakeries:croissant_dough -> bakeries:pastry -> bakeries:bottle_yeast","2","0","1","否","[烘焙坊]bakeries-1.21.1-NeoForge-1.0.1.jar","data/bakeries/recipe/integration/create/mixing/pastry.json","补充直接 ID/tag 锚点或人工确认成员","REVIEW"
"bakeries:dirty_choco_croissant","T2","bakeries:integration/create/mixing/salted_dough","#c:salt","TAG","bakeries:dirty_choco_croissant -> bakeries:bottle_cream -> minecraft:glass_bottle -> #c:salt","6","0","1","否","[烘焙坊]bakeries-1.21.1-NeoForge-1.0.1.jar","data/bakeries/recipe/integration/create/mixing/salted_dough.json","补充直接 ID/tag 锚点或人工确认成员","REVIEW"
"bakeries:dirty_choco_croissant","T2","bakeries:integration/create/mixing/salted_dough","bakeries:bottle_yeast","ITEM","bakeries:dirty_choco_croissant -> bakeries:bottle_cream -> minecraft:glass_bottle -> bakeries:bottle_yeast","5","0","1","否","[烘焙坊]bakeries-1.21.1-NeoForge-1.0.1.jar","data/bakeries/recipe/integration/create/mixing/salted_dough.json","补充直接 ID/tag 锚点或人工确认成员","REVIEW"
"bakeries:dirty_choco_croissant","T2","bakeries:integration/create/mixing/sweet_dough","#c:butter","TAG","bakeries:dirty_choco_croissant -> bakeries:croissant -> bakeries:croissant_dough -> bakeries:pastry -> bakeries:sweet_dough -> #c:butter","8","0","1","否","[烘焙坊]bakeries-1.21.1-NeoForge-1.0.1.jar","data/bakeries/recipe/integration/create/mixing/sweet_dough.json","补充直接 ID/tag 锚点或人工确认成员","REVIEW"
"bakeries:dirty_choco_croissant","T2","bakeries:integration/create/mixing/sweet_dough","#c:salt","TAG","bakeries:dirty_choco_croissant -> bakeries:croissant -> bakeries:croissant_dough -> bakeries:pastry -> bakeries:sweet_dough -> #c:salt","7","0","1","否","[烘焙坊]bakeries-1.21.1-NeoForge-1.0.1.jar","data/bakeries/recipe/integration/create/mixing/sweet_dough.json","补充直接 ID/tag 锚点或人工确认成员","REVIEW"
"bakeries:dirty_choco_croissant","T2","bakeries:integration/create/mixing/sweet_dough","bakeries:bottle_yeast","ITEM","bakeries:dirty_choco_croissant -> bakeries:croissant -> bakeries:croissant_dough -> bakeries:pastry -> bakeries:sweet_dough -> bakeries:bottle_yeast","6","0","1","否","[烘焙坊]bakeries-1.21.1-NeoForge-1.0.1.jar","data/bakeries/recipe/integration/create/mixing/sweet_dough.json","补充直接 ID/tag 锚点或人工确认成员","REVIEW"
"bakeries:dirty_choco_croissant","T2","bakeries:integration/create/mixing/whole_wheat_dough","#c:flours/wheat","TAG","bakeries:dirty_choco_croissant -> bakeries:bottle_cream -> minecraft:glass_bottle -> #c:flours/wheat","0","0","1","否","[烘焙坊]bakeries-1.21.1-NeoForge-1.0.1.jar","data/bakeries/recipe/integration/create/mixing/whole_wheat_dough.json","补充直接 ID/tag 锚点或人工确认成员","REVIEW"
"bakeries:dirty_choco_croissant","T2","bakeries:integration/create/mixing/whole_wheat_dough","#c:flours/wheat","TAG","bakeries:dirty_choco_croissant -> bakeries:bottle_cream -> minecraft:glass_bottle -> #c:flours/wheat","1","0","1","否","[烘焙坊]bakeries-1.21.1-NeoForge-1.0.1.jar","data/bakeries/recipe/integration/create/mixing/whole_wheat_dough.json","补充直接 ID/tag 锚点或人工确认成员","REVIEW"
"bakeries:dirty_choco_croissant","T2","bakeries:integration/create/mixing/whole_wheat_dough","#c:flours/wheat","TAG","bakeries:dirty_choco_croissant -> bakeries:bottle_cream -> minecraft:glass_bottle -> #c:flours/wheat","2","0","1","否","[烘焙坊]bakeries-1.21.1-NeoForge-1.0.1.jar","data/bakeries/recipe/integration/create/mixing/whole_wheat_dough.json","补充直接 ID/tag 锚点或人工确认成员","REVIEW"
"bakeries:dirty_choco_croissant","T2","bakeries:integration/create/mixing/whole_wheat_dough","#c:flours/wheat","TAG","bakeries:dirty_choco_croissant -> bakeries:bottle_cream -> minecraft:glass_bottle -> #c:flours/wheat","3","0","1","否","[烘焙坊]bakeries-1.21.1-NeoForge-1.0.1.jar","data/bakeries/recipe/integration/create/mixing/whole_wheat_dough.json","补充直接 ID/tag 锚点或人工确认成员","REVIEW"
"bakeries:dirty_choco_croissant","T2","bakeries:integration/create/mixing/whole_wheat_dough","#c:salt","TAG","bakeries:dirty_choco_croissant -> bakeries:bottle_cream -> minecraft:glass_bottle -> #c:salt","5","0","1","否","[烘焙坊]bakeries-1.21.1-NeoForge-1.0.1.jar","data/bakeries/recipe/integration/create/mixing/whole_wheat_dough.json","补充直接 ID/tag 锚点或人工确认成员","REVIEW"
"bakeries:dirty_choco_croissant","T2","bakeries:integration/create/mixing/whole_wheat_dough","bakeries:bottle_yeast","ITEM","bakeries:dirty_choco_croissant -> bakeries:bottle_cream -> minecraft:glass_bottle -> bakeries:bottle_yeast","4","0","1","否","[烘焙坊]bakeries-1.21.1-NeoForge-1.0.1.jar","data/bakeries/recipe/integration/create/mixing/whole_wheat_dough.json","补充直接 ID/tag 锚点或人工确认成员","REVIEW"
"bakeries:dirty_choco_croissant","T2","bakeries:pastry","#c:butter","TAG","bakeries:dirty_choco_croissant -> bakeries:croissant -> bakeries:croissant_dough -> bakeries:pastry -> #c:butter","1","0","1","否","[烘焙坊]bakeries-1.21.1-NeoForge-1.0.1.jar","data/bakeries/recipe/pastry.json","补充直接 ID/tag 锚点或人工确认成员","REVIEW"
"bakeries:egg_tart","T2","bakeries:blender/sweet_dough","#c:butter","TAG","bakeries:egg_tart -> bakeries:raw_egg_tart -> bakeries:egg_tart_shell -> bakeries:pastry -> bakeries:sweet_dough -> #c:butter","8","0","1","否","[烘焙坊]bakeries-1.21.1-NeoForge-1.0.1.jar","data/bakeries/recipe/blender/sweet_dough.json","补充直接 ID/tag 锚点或人工确认成员","REVIEW"
"bakeries:egg_tart","T2","bakeries:blender/sweet_dough","#c:salt","TAG","bakeries:egg_tart -> bakeries:raw_egg_tart -> bakeries:egg_tart_shell -> bakeries:pastry -> bakeries:sweet_dough -> #c:salt","7","0","1","否","[烘焙坊]bakeries-1.21.1-NeoForge-1.0.1.jar","data/bakeries/recipe/blender/sweet_dough.json","补充直接 ID/tag 锚点或人工确认成员","REVIEW"
"bakeries:egg_tart","T2","bakeries:blender/sweet_dough","bakeries:bottle_yeast","ITEM","bakeries:egg_tart -> bakeries:raw_egg_tart -> bakeries:egg_tart_shell -> bakeries:pastry -> bakeries:sweet_dough -> bakeries:bottle_yeast","6","0","1","否","[烘焙坊]bakeries-1.21.1-NeoForge-1.0.1.jar","data/bakeries/recipe/blender/sweet_dough.json","补充直接 ID/tag 锚点或人工确认成员","REVIEW"
"bakeries:egg_tart","T2","bakeries:compat/create/sweet_dough","#c:butter","TAG","bakeries:egg_tart -> bakeries:raw_egg_tart -> bakeries:egg_tart_shell -> bakeries:pastry -> bakeries:sweet_dough -> #c:butter","8","0","1","否","[烘焙坊]bakeries-1.21.1-NeoForge-1.0.1.jar","data/bakeries/recipe/compat/create/sweet_dough.json","补充直接 ID/tag 锚点或人工确认成员","REVIEW"
"bakeries:egg_tart","T2","bakeries:compat/create/sweet_dough","#c:salt","TAG","bakeries:egg_tart -> bakeries:raw_egg_tart -> bakeries:egg_tart_shell -> bakeries:pastry -> bakeries:sweet_dough -> #c:salt","7","0","1","否","[烘焙坊]bakeries-1.21.1-NeoForge-1.0.1.jar","data/bakeries/recipe/compat/create/sweet_dough.json","补充直接 ID/tag 锚点或人工确认成员","REVIEW"
"bakeries:egg_tart","T2","bakeries:compat/create/sweet_dough","bakeries:bottle_yeast","ITEM","bakeries:egg_tart -> bakeries:raw_egg_tart -> bakeries:egg_tart_shell -> bakeries:pastry -> bakeries:sweet_dough -> bakeries:bottle_yeast","6","0","1","否","[烘焙坊]bakeries-1.21.1-NeoForge-1.0.1.jar","data/bakeries/recipe/compat/create/sweet_dough.json","补充直接 ID/tag 锚点或人工确认成员","REVIEW"
"bakeries:egg_tart","T2","bakeries:flour_bag","bakeries:flour","ITEM","bakeries:egg_tart -> bakeries:raw_egg_tart -> bakeries:egg_tart_shell -> bakeries:pastry -> bakeries:butter_flour_sand -> bakeries:flour -> bakeries:flour_bag -> bakeries:flour","0","0","1","否","[烘焙坊]bakeries-1.21.1-NeoForge-1.0.1.jar","data/bakeries/recipe/flour_bag.json","补充直接 ID/tag 锚点或人工确认成员","REVIEW"
"bakeries:egg_tart","T2","bakeries:flour_bag","bakeries:flour","ITEM","bakeries:egg_tart -> bakeries:raw_egg_tart -> bakeries:egg_tart_shell -> bakeries:pastry -> bakeries:butter_flour_sand -> bakeries:flour -> bakeries:flour_bag -> bakeries:flour","1","0","1","否","[烘焙坊]bakeries-1.21.1-NeoForge-1.0.1.jar","data/bakeries/recipe/flour_bag.json","补充直接 ID/tag 锚点或人工确认成员","REVIEW"
"bakeries:egg_tart","T2","bakeries:flour_bag","bakeries:flour","ITEM","bakeries:egg_tart -> bakeries:raw_egg_tart -> bakeries:egg_tart_shell -> bakeries:pastry -> bakeries:butter_flour_sand -> bakeries:flour -> bakeries:flour_bag -> bakeries:flour","2","0","1","否","[烘焙坊]bakeries-1.21.1-NeoForge-1.0.1.jar","data/bakeries/recipe/flour_bag.json","补充直接 ID/tag 锚点或人工确认成员","REVIEW"
"bakeries:egg_tart","T2","bakeries:flour_bag","bakeries:flour","ITEM","bakeries:egg_tart -> bakeries:raw_egg_tart -> bakeries:egg_tart_shell -> bakeries:pastry -> bakeries:butter_flour_sand -> bakeries:flour -> bakeries:flour_bag -> bakeries:flour","3","0","1","否","[烘焙坊]bakeries-1.21.1-NeoForge-1.0.1.jar","data/bakeries/recipe/flour_bag.json","补充直接 ID/tag 锚点或人工确认成员","REVIEW"
"bakeries:egg_tart","T2","bakeries:flour_bag","bakeries:flour","ITEM","bakeries:egg_tart -> bakeries:raw_egg_tart -> bakeries:egg_tart_shell -> bakeries:pastry -> bakeries:butter_flour_sand -> bakeries:flour -> bakeries:flour_bag -> bakeries:flour","4","0","1","否","[烘焙坊]bakeries-1.21.1-NeoForge-1.0.1.jar","data/bakeries/recipe/flour_bag.json","补充直接 ID/tag 锚点或人工确认成员","REVIEW"
"bakeries:egg_tart","T2","bakeries:flour_bag","bakeries:flour","ITEM","bakeries:egg_tart -> bakeries:raw_egg_tart -> bakeries:egg_tart_shell -> bakeries:pastry -> bakeries:butter_flour_sand -> bakeries:flour -> bakeries:flour_bag -> bakeries:flour","5","0","1","否","[烘焙坊]bakeries-1.21.1-NeoForge-1.0.1.jar","data/bakeries/recipe/flour_bag.json","补充直接 ID/tag 锚点或人工确认成员","REVIEW"
"bakeries:egg_tart","T2","bakeries:flour_bag","bakeries:flour","ITEM","bakeries:egg_tart -> bakeries:raw_egg_tart -> bakeries:egg_tart_shell -> bakeries:pastry -> bakeries:butter_flour_sand -> bakeries:flour -> bakeries:flour_bag -> bakeries:flour","6","0","1","否","[烘焙坊]bakeries-1.21.1-NeoForge-1.0.1.jar","data/bakeries/recipe/flour_bag.json","补充直接 ID/tag 锚点或人工确认成员","REVIEW"
"bakeries:egg_tart","T2","bakeries:flour_bag","bakeries:flour","ITEM","bakeries:egg_tart -> bakeries:raw_egg_tart -> bakeries:egg_tart_shell -> bakeries:pastry -> bakeries:butter_flour_sand -> bakeries:flour -> bakeries:flour_bag -> bakeries:flour","7","0","1","否","[烘焙坊]bakeries-1.21.1-NeoForge-1.0.1.jar","data/bakeries/recipe/flour_bag.json","补充直接 ID/tag 锚点或人工确认成员","REVIEW"
"bakeries:egg_tart","T2","bakeries:flour_bag","bakeries:flour","ITEM","bakeries:egg_tart -> bakeries:raw_egg_tart -> bakeries:egg_tart_shell -> bakeries:pastry -> bakeries:butter_flour_sand -> bakeries:flour -> bakeries:flour_bag -> bakeries:flour","8","0","1","否","[烘焙坊]bakeries-1.21.1-NeoForge-1.0.1.jar","data/bakeries/recipe/flour_bag.json","补充直接 ID/tag 锚点或人工确认成员","REVIEW"
"bakeries:egg_tart","T2","bakeries:flour_sieve/flour","#c:flours/wheat","TAG","bakeries:egg_tart -> bakeries:raw_egg_tart -> bakeries:egg_tart_shell -> bakeries:pastry -> bakeries:butter_flour_sand -> bakeries:flour -> #c:flours/wheat","0","0","1","否","[烘焙坊]bakeries-1.21.1-NeoForge-1.0.1.jar","data/bakeries/recipe/flour_sieve/flour.json","补充直接 ID/tag 锚点或人工确认成员","REVIEW"
"bakeries:egg_tart","T2","bakeries:integration/create/milling/flour","create:wheat_flour","ITEM","bakeries:egg_tart -> bakeries:raw_egg_tart -> bakeries:egg_tart_shell -> bakeries:pastry -> bakeries:butter_flour_sand -> bakeries:flour -> create:wheat_flour","0","0","1","否","[烘焙坊]bakeries-1.21.1-NeoForge-1.0.1.jar","data/bakeries/recipe/integration/create/milling/flour.json","补充直接 ID/tag 锚点或人工确认成员","REVIEW"
"bakeries:egg_tart","T2","bakeries:integration/create/mixing/bearnaise_6","minecraft:glass_bottle","ITEM","bakeries:egg_tart -> bakeries:raw_egg_tart -> bakeries:bottle_cream -> minecraft:glass_bottle -> minecraft:glass_bottle","3","0","1","否","[烘焙坊]bakeries-1.21.1-NeoForge-1.0.1.jar","data/bakeries/recipe/integration/create/mixing/bearnaise_6.json","补充直接 ID/tag 锚点或人工确认成员","REVIEW"
"bakeries:egg_tart","T2","bakeries:integration/create/mixing/butter_cube","bakeries:bottle_cream","ITEM","bakeries:egg_tart -> bakeries:raw_egg_tart -> bakeries:bottle_cream -> minecraft:glass_bottle -> bakeries:bottle_cream","0","0","1","否","[烘焙坊]bakeries-1.21.1-NeoForge-1.0.1.jar","data/bakeries/recipe/integration/create/mixing/butter_cube.json","补充直接 ID/tag 锚点或人工确认成员","REVIEW"
"bakeries:egg_tart","T2","bakeries:integration/create/mixing/butter_flour_sand","#c:butter","TAG","bakeries:egg_tart -> bakeries:raw_egg_tart -> bakeries:egg_tart_shell -> bakeries:pastry -> bakeries:butter_flour_sand -> #c:butter","4","0","1","否","[烘焙坊]bakeries-1.21.1-NeoForge-1.0.1.jar","data/bakeries/recipe/integration/create/mixing/butter_flour_sand.json","补充直接 ID/tag 锚点或人工确认成员","REVIEW"
"bakeries:egg_tart","T2","bakeries:integration/create/mixing/butter_flour_sand","#c:butter","TAG","bakeries:egg_tart -> bakeries:raw_egg_tart -> bakeries:egg_tart_shell -> bakeries:pastry -> bakeries:butter_flour_sand -> #c:butter","5","0","1","否","[烘焙坊]bakeries-1.21.1-NeoForge-1.0.1.jar","data/bakeries/recipe/integration/create/mixing/butter_flour_sand.json","补充直接 ID/tag 锚点或人工确认成员","REVIEW"
"bakeries:egg_tart","T2","bakeries:integration/create/mixing/butter_flour_sand","#c:salt","TAG","bakeries:egg_tart -> bakeries:raw_egg_tart -> bakeries:egg_tart_shell -> bakeries:pastry -> bakeries:butter_flour_sand -> #c:salt","6","0","1","否","[烘焙坊]bakeries-1.21.1-NeoForge-1.0.1.jar","data/bakeries/recipe/integration/create/mixing/butter_flour_sand.json","补充直接 ID/tag 锚点或人工确认成员","REVIEW"
"bakeries:egg_tart","T2","bakeries:integration/create/mixing/foamed_cream","bakeries:bottle_cream","ITEM","bakeries:egg_tart -> bakeries:raw_egg_tart -> bakeries:bottle_cream -> minecraft:glass_bottle -> bakeries:bottle_cream","0","0","1","否","[烘焙坊]bakeries-1.21.1-NeoForge-1.0.1.jar","data/bakeries/recipe/integration/create/mixing/foamed_cream.json","补充直接 ID/tag 锚点或人工确认成员","REVIEW"
"bakeries:egg_tart","T2","bakeries:integration/create/mixing/foamed_cream","bakeries:bottle_cream","ITEM","bakeries:egg_tart -> bakeries:raw_egg_tart -> bakeries:bottle_cream -> minecraft:glass_bottle -> bakeries:bottle_cream","1","0","1","否","[烘焙坊]bakeries-1.21.1-NeoForge-1.0.1.jar","data/bakeries/recipe/integration/create/mixing/foamed_cream.json","补充直接 ID/tag 锚点或人工确认成员","REVIEW"
"bakeries:egg_tart","T2","bakeries:integration/create/mixing/pastry","bakeries:bottle_yeast","ITEM","bakeries:egg_tart -> bakeries:raw_egg_tart -> bakeries:egg_tart_shell -> bakeries:pastry -> bakeries:bottle_yeast","2","0","1","否","[烘焙坊]bakeries-1.21.1-NeoForge-1.0.1.jar","data/bakeries/recipe/integration/create/mixing/pastry.json","补充直接 ID/tag 锚点或人工确认成员","REVIEW"
"bakeries:egg_tart","T2","bakeries:integration/create/mixing/salted_dough","#c:salt","TAG","bakeries:egg_tart -> bakeries:raw_egg_tart -> bakeries:bottle_cream -> minecraft:glass_bottle -> #c:salt","6","0","1","否","[烘焙坊]bakeries-1.21.1-NeoForge-1.0.1.jar","data/bakeries/recipe/integration/create/mixing/salted_dough.json","补充直接 ID/tag 锚点或人工确认成员","REVIEW"
"bakeries:egg_tart","T2","bakeries:integration/create/mixing/salted_dough","bakeries:bottle_yeast","ITEM","bakeries:egg_tart -> bakeries:raw_egg_tart -> bakeries:bottle_cream -> minecraft:glass_bottle -> bakeries:bottle_yeast","5","0","1","否","[烘焙坊]bakeries-1.21.1-NeoForge-1.0.1.jar","data/bakeries/recipe/integration/create/mixing/salted_dough.json","补充直接 ID/tag 锚点或人工确认成员","REVIEW"
"bakeries:egg_tart","T2","bakeries:integration/create/mixing/sweet_dough","#c:butter","TAG","bakeries:egg_tart -> bakeries:raw_egg_tart -> bakeries:egg_tart_shell -> bakeries:pastry -> bakeries:sweet_dough -> #c:butter","8","0","1","否","[烘焙坊]bakeries-1.21.1-NeoForge-1.0.1.jar","data/bakeries/recipe/integration/create/mixing/sweet_dough.json","补充直接 ID/tag 锚点或人工确认成员","REVIEW"
"bakeries:egg_tart","T2","bakeries:integration/create/mixing/sweet_dough","#c:salt","TAG","bakeries:egg_tart -> bakeries:raw_egg_tart -> bakeries:egg_tart_shell -> bakeries:pastry -> bakeries:sweet_dough -> #c:salt","7","0","1","否","[烘焙坊]bakeries-1.21.1-NeoForge-1.0.1.jar","data/bakeries/recipe/integration/create/mixing/sweet_dough.json","补充直接 ID/tag 锚点或人工确认成员","REVIEW"
"bakeries:egg_tart","T2","bakeries:integration/create/mixing/sweet_dough","bakeries:bottle_yeast","ITEM","bakeries:egg_tart -> bakeries:raw_egg_tart -> bakeries:egg_tart_shell -> bakeries:pastry -> bakeries:sweet_dough -> bakeries:bottle_yeast","6","0","1","否","[烘焙坊]bakeries-1.21.1-NeoForge-1.0.1.jar","data/bakeries/recipe/integration/create/mixing/sweet_dough.json","补充直接 ID/tag 锚点或人工确认成员","REVIEW"
"bakeries:egg_tart","T2","bakeries:integration/create/mixing/whole_wheat_dough","#c:flours/wheat","TAG","bakeries:egg_tart -> bakeries:raw_egg_tart -> bakeries:bottle_cream -> minecraft:glass_bottle -> #c:flours/wheat","0","0","1","否","[烘焙坊]bakeries-1.21.1-NeoForge-1.0.1.jar","data/bakeries/recipe/integration/create/mixing/whole_wheat_dough.json","补充直接 ID/tag 锚点或人工确认成员","REVIEW"
"bakeries:egg_tart","T2","bakeries:integration/create/mixing/whole_wheat_dough","#c:flours/wheat","TAG","bakeries:egg_tart -> bakeries:raw_egg_tart -> bakeries:bottle_cream -> minecraft:glass_bottle -> #c:flours/wheat","1","0","1","否","[烘焙坊]bakeries-1.21.1-NeoForge-1.0.1.jar","data/bakeries/recipe/integration/create/mixing/whole_wheat_dough.json","补充直接 ID/tag 锚点或人工确认成员","REVIEW"
"bakeries:egg_tart","T2","bakeries:integration/create/mixing/whole_wheat_dough","#c:flours/wheat","TAG","bakeries:egg_tart -> bakeries:raw_egg_tart -> bakeries:bottle_cream -> minecraft:glass_bottle -> #c:flours/wheat","2","0","1","否","[烘焙坊]bakeries-1.21.1-NeoForge-1.0.1.jar","data/bakeries/recipe/integration/create/mixing/whole_wheat_dough.json","补充直接 ID/tag 锚点或人工确认成员","REVIEW"
"bakeries:egg_tart","T2","bakeries:integration/create/mixing/whole_wheat_dough","#c:flours/wheat","TAG","bakeries:egg_tart -> bakeries:raw_egg_tart -> bakeries:bottle_cream -> minecraft:glass_bottle -> #c:flours/wheat","3","0","1","否","[烘焙坊]bakeries-1.21.1-NeoForge-1.0.1.jar","data/bakeries/recipe/integration/create/mixing/whole_wheat_dough.json","补充直接 ID/tag 锚点或人工确认成员","REVIEW"
"bakeries:egg_tart","T2","bakeries:integration/create/mixing/whole_wheat_dough","#c:salt","TAG","bakeries:egg_tart -> bakeries:raw_egg_tart -> bakeries:bottle_cream -> minecraft:glass_bottle -> #c:salt","5","0","1","否","[烘焙坊]bakeries-1.21.1-NeoForge-1.0.1.jar","data/bakeries/recipe/integration/create/mixing/whole_wheat_dough.json","补充直接 ID/tag 锚点或人工确认成员","REVIEW"
"bakeries:egg_tart","T2","bakeries:integration/create/mixing/whole_wheat_dough","bakeries:bottle_yeast","ITEM","bakeries:egg_tart -> bakeries:raw_egg_tart -> bakeries:bottle_cream -> minecraft:glass_bottle -> bakeries:bottle_yeast","4","0","1","否","[烘焙坊]bakeries-1.21.1-NeoForge-1.0.1.jar","data/bakeries/recipe/integration/create/mixing/whole_wheat_dough.json","补充直接 ID/tag 锚点或人工确认成员","REVIEW"
"bakeries:egg_tart","T2","bakeries:pastry","#c:butter","TAG","bakeries:egg_tart -> bakeries:raw_egg_tart -> bakeries:egg_tart_shell -> bakeries:pastry -> #c:butter","1","0","1","否","[烘焙坊]bakeries-1.21.1-NeoForge-1.0.1.jar","data/bakeries/recipe/pastry.json","补充直接 ID/tag 锚点或人工确认成员","REVIEW"
"bakeries:flat_croissant","T2","bakeries:blender/sweet_dough","#c:butter","TAG","bakeries:flat_croissant -> bakeries:croissant -> bakeries:croissant_dough -> bakeries:pastry -> bakeries:sweet_dough -> #c:butter","8","0","1","否","[烘焙坊]bakeries-1.21.1-NeoForge-1.0.1.jar","data/bakeries/recipe/blender/sweet_dough.json","补充直接 ID/tag 锚点或人工确认成员","REVIEW"
"bakeries:flat_croissant","T2","bakeries:blender/sweet_dough","#c:salt","TAG","bakeries:flat_croissant -> bakeries:croissant -> bakeries:croissant_dough -> bakeries:pastry -> bakeries:sweet_dough -> #c:salt","7","0","1","否","[烘焙坊]bakeries-1.21.1-NeoForge-1.0.1.jar","data/bakeries/recipe/blender/sweet_dough.json","补充直接 ID/tag 锚点或人工确认成员","REVIEW"
"bakeries:flat_croissant","T2","bakeries:blender/sweet_dough","bakeries:bottle_yeast","ITEM","bakeries:flat_croissant -> bakeries:croissant -> bakeries:croissant_dough -> bakeries:pastry -> bakeries:sweet_dough -> bakeries:bottle_yeast","6","0","1","否","[烘焙坊]bakeries-1.21.1-NeoForge-1.0.1.jar","data/bakeries/recipe/blender/sweet_dough.json","补充直接 ID/tag 锚点或人工确认成员","REVIEW"
"bakeries:flat_croissant","T2","bakeries:compat/create/sweet_dough","#c:butter","TAG","bakeries:flat_croissant -> bakeries:croissant -> bakeries:croissant_dough -> bakeries:pastry -> bakeries:sweet_dough -> #c:butter","8","0","1","否","[烘焙坊]bakeries-1.21.1-NeoForge-1.0.1.jar","data/bakeries/recipe/compat/create/sweet_dough.json","补充直接 ID/tag 锚点或人工确认成员","REVIEW"
"bakeries:flat_croissant","T2","bakeries:compat/create/sweet_dough","#c:salt","TAG","bakeries:flat_croissant -> bakeries:croissant -> bakeries:croissant_dough -> bakeries:pastry -> bakeries:sweet_dough -> #c:salt","7","0","1","否","[烘焙坊]bakeries-1.21.1-NeoForge-1.0.1.jar","data/bakeries/recipe/compat/create/sweet_dough.json","补充直接 ID/tag 锚点或人工确认成员","REVIEW"
"bakeries:flat_croissant","T2","bakeries:compat/create/sweet_dough","bakeries:bottle_yeast","ITEM","bakeries:flat_croissant -> bakeries:croissant -> bakeries:croissant_dough -> bakeries:pastry -> bakeries:sweet_dough -> bakeries:bottle_yeast","6","0","1","否","[烘焙坊]bakeries-1.21.1-NeoForge-1.0.1.jar","data/bakeries/recipe/compat/create/sweet_dough.json","补充直接 ID/tag 锚点或人工确认成员","REVIEW"
"bakeries:flat_croissant","T2","bakeries:flour_bag","bakeries:flour","ITEM","bakeries:flat_croissant -> bakeries:croissant -> bakeries:croissant_dough -> bakeries:pastry -> bakeries:butter_flour_sand -> bakeries:flour -> bakeries:flour_bag -> bakeries:flour","0","0","1","否","[烘焙坊]bakeries-1.21.1-NeoForge-1.0.1.jar","data/bakeries/recipe/flour_bag.json","补充直接 ID/tag 锚点或人工确认成员","REVIEW"
"bakeries:flat_croissant","T2","bakeries:flour_bag","bakeries:flour","ITEM","bakeries:flat_croissant -> bakeries:croissant -> bakeries:croissant_dough -> bakeries:pastry -> bakeries:butter_flour_sand -> bakeries:flour -> bakeries:flour_bag -> bakeries:flour","1","0","1","否","[烘焙坊]bakeries-1.21.1-NeoForge-1.0.1.jar","data/bakeries/recipe/flour_bag.json","补充直接 ID/tag 锚点或人工确认成员","REVIEW"
"bakeries:flat_croissant","T2","bakeries:flour_bag","bakeries:flour","ITEM","bakeries:flat_croissant -> bakeries:croissant -> bakeries:croissant_dough -> bakeries:pastry -> bakeries:butter_flour_sand -> bakeries:flour -> bakeries:flour_bag -> bakeries:flour","2","0","1","否","[烘焙坊]bakeries-1.21.1-NeoForge-1.0.1.jar","data/bakeries/recipe/flour_bag.json","补充直接 ID/tag 锚点或人工确认成员","REVIEW"
"bakeries:flat_croissant","T2","bakeries:flour_bag","bakeries:flour","ITEM","bakeries:flat_croissant -> bakeries:croissant -> bakeries:croissant_dough -> bakeries:pastry -> bakeries:butter_flour_sand -> bakeries:flour -> bakeries:flour_bag -> bakeries:flour","3","0","1","否","[烘焙坊]bakeries-1.21.1-NeoForge-1.0.1.jar","data/bakeries/recipe/flour_bag.json","补充直接 ID/tag 锚点或人工确认成员","REVIEW"
"bakeries:flat_croissant","T2","bakeries:flour_bag","bakeries:flour","ITEM","bakeries:flat_croissant -> bakeries:croissant -> bakeries:croissant_dough -> bakeries:pastry -> bakeries:butter_flour_sand -> bakeries:flour -> bakeries:flour_bag -> bakeries:flour","4","0","1","否","[烘焙坊]bakeries-1.21.1-NeoForge-1.0.1.jar","data/bakeries/recipe/flour_bag.json","补充直接 ID/tag 锚点或人工确认成员","REVIEW"
"bakeries:flat_croissant","T2","bakeries:flour_bag","bakeries:flour","ITEM","bakeries:flat_croissant -> bakeries:croissant -> bakeries:croissant_dough -> bakeries:pastry -> bakeries:butter_flour_sand -> bakeries:flour -> bakeries:flour_bag -> bakeries:flour","5","0","1","否","[烘焙坊]bakeries-1.21.1-NeoForge-1.0.1.jar","data/bakeries/recipe/flour_bag.json","补充直接 ID/tag 锚点或人工确认成员","REVIEW"
"bakeries:flat_croissant","T2","bakeries:flour_bag","bakeries:flour","ITEM","bakeries:flat_croissant -> bakeries:croissant -> bakeries:croissant_dough -> bakeries:pastry -> bakeries:butter_flour_sand -> bakeries:flour -> bakeries:flour_bag -> bakeries:flour","6","0","1","否","[烘焙坊]bakeries-1.21.1-NeoForge-1.0.1.jar","data/bakeries/recipe/flour_bag.json","补充直接 ID/tag 锚点或人工确认成员","REVIEW"
"bakeries:flat_croissant","T2","bakeries:flour_bag","bakeries:flour","ITEM","bakeries:flat_croissant -> bakeries:croissant -> bakeries:croissant_dough -> bakeries:pastry -> bakeries:butter_flour_sand -> bakeries:flour -> bakeries:flour_bag -> bakeries:flour","7","0","1","否","[烘焙坊]bakeries-1.21.1-NeoForge-1.0.1.jar","data/bakeries/recipe/flour_bag.json","补充直接 ID/tag 锚点或人工确认成员","REVIEW"
"bakeries:flat_croissant","T2","bakeries:flour_bag","bakeries:flour","ITEM","bakeries:flat_croissant -> bakeries:croissant -> bakeries:croissant_dough -> bakeries:pastry -> bakeries:butter_flour_sand -> bakeries:flour -> bakeries:flour_bag -> bakeries:flour","8","0","1","否","[烘焙坊]bakeries-1.21.1-NeoForge-1.0.1.jar","data/bakeries/recipe/flour_bag.json","补充直接 ID/tag 锚点或人工确认成员","REVIEW"
"bakeries:flat_croissant","T2","bakeries:flour_sieve/flour","#c:flours/wheat","TAG","bakeries:flat_croissant -> bakeries:croissant -> bakeries:croissant_dough -> bakeries:pastry -> bakeries:butter_flour_sand -> bakeries:flour -> #c:flours/wheat","0","0","1","否","[烘焙坊]bakeries-1.21.1-NeoForge-1.0.1.jar","data/bakeries/recipe/flour_sieve/flour.json","补充直接 ID/tag 锚点或人工确认成员","REVIEW"
"bakeries:flat_croissant","T2","bakeries:integration/create/milling/flour","create:wheat_flour","ITEM","bakeries:flat_croissant -> bakeries:croissant -> bakeries:croissant_dough -> bakeries:pastry -> bakeries:butter_flour_sand -> bakeries:flour -> create:wheat_flour","0","0","1","否","[烘焙坊]bakeries-1.21.1-NeoForge-1.0.1.jar","data/bakeries/recipe/integration/create/milling/flour.json","补充直接 ID/tag 锚点或人工确认成员","REVIEW"
"bakeries:flat_croissant","T2","bakeries:integration/create/mixing/butter_flour_sand","#c:butter","TAG","bakeries:flat_croissant -> bakeries:croissant -> bakeries:croissant_dough -> bakeries:pastry -> bakeries:butter_flour_sand -> #c:butter","4","0","1","否","[烘焙坊]bakeries-1.21.1-NeoForge-1.0.1.jar","data/bakeries/recipe/integration/create/mixing/butter_flour_sand.json","补充直接 ID/tag 锚点或人工确认成员","REVIEW"
"bakeries:flat_croissant","T2","bakeries:integration/create/mixing/butter_flour_sand","#c:butter","TAG","bakeries:flat_croissant -> bakeries:croissant -> bakeries:croissant_dough -> bakeries:pastry -> bakeries:butter_flour_sand -> #c:butter","5","0","1","否","[烘焙坊]bakeries-1.21.1-NeoForge-1.0.1.jar","data/bakeries/recipe/integration/create/mixing/butter_flour_sand.json","补充直接 ID/tag 锚点或人工确认成员","REVIEW"
"bakeries:flat_croissant","T2","bakeries:integration/create/mixing/butter_flour_sand","#c:salt","TAG","bakeries:flat_croissant -> bakeries:croissant -> bakeries:croissant_dough -> bakeries:pastry -> bakeries:butter_flour_sand -> #c:salt","6","0","1","否","[烘焙坊]bakeries-1.21.1-NeoForge-1.0.1.jar","data/bakeries/recipe/integration/create/mixing/butter_flour_sand.json","补充直接 ID/tag 锚点或人工确认成员","REVIEW"
"bakeries:flat_croissant","T2","bakeries:integration/create/mixing/pastry","bakeries:bottle_yeast","ITEM","bakeries:flat_croissant -> bakeries:croissant -> bakeries:croissant_dough -> bakeries:pastry -> bakeries:bottle_yeast","2","0","1","否","[烘焙坊]bakeries-1.21.1-NeoForge-1.0.1.jar","data/bakeries/recipe/integration/create/mixing/pastry.json","补充直接 ID/tag 锚点或人工确认成员","REVIEW"
"bakeries:flat_croissant","T2","bakeries:integration/create/mixing/sweet_dough","#c:butter","TAG","bakeries:flat_croissant -> bakeries:croissant -> bakeries:croissant_dough -> bakeries:pastry -> bakeries:sweet_dough -> #c:butter","8","0","1","否","[烘焙坊]bakeries-1.21.1-NeoForge-1.0.1.jar","data/bakeries/recipe/integration/create/mixing/sweet_dough.json","补充直接 ID/tag 锚点或人工确认成员","REVIEW"
"bakeries:flat_croissant","T2","bakeries:integration/create/mixing/sweet_dough","#c:salt","TAG","bakeries:flat_croissant -> bakeries:croissant -> bakeries:croissant_dough -> bakeries:pastry -> bakeries:sweet_dough -> #c:salt","7","0","1","否","[烘焙坊]bakeries-1.21.1-NeoForge-1.0.1.jar","data/bakeries/recipe/integration/create/mixing/sweet_dough.json","补充直接 ID/tag 锚点或人工确认成员","REVIEW"
"bakeries:flat_croissant","T2","bakeries:integration/create/mixing/sweet_dough","bakeries:bottle_yeast","ITEM","bakeries:flat_croissant -> bakeries:croissant -> bakeries:croissant_dough -> bakeries:pastry -> bakeries:sweet_dough -> bakeries:bottle_yeast","6","0","1","否","[烘焙坊]bakeries-1.21.1-NeoForge-1.0.1.jar","data/bakeries/recipe/integration/create/mixing/sweet_dough.json","补充直接 ID/tag 锚点或人工确认成员","REVIEW"
"bakeries:flat_croissant","T2","bakeries:pastry","#c:butter","TAG","bakeries:flat_croissant -> bakeries:croissant -> bakeries:croissant_dough -> bakeries:pastry -> #c:butter","1","0","1","否","[烘焙坊]bakeries-1.21.1-NeoForge-1.0.1.jar","data/bakeries/recipe/pastry.json","补充直接 ID/tag 锚点或人工确认成员","REVIEW"
"bakeries:focaccia","T2","bakeries:blender/olive_oil","bakeries:olive","ITEM","bakeries:focaccia -> bakeries:focaccia_dough -> bakeries:olive_oil -> bakeries:olive","0","0","1","否","[烘焙坊]bakeries-1.21.1-NeoForge-1.0.1.jar","data/bakeries/recipe/blender/olive_oil.json","补充直接 ID/tag 锚点或人工确认成员","REVIEW"
"bakeries:focaccia","T2","bakeries:blender/olive_oil","bakeries:olive","ITEM","bakeries:focaccia -> bakeries:focaccia_dough -> bakeries:olive_oil -> bakeries:olive","1","0","1","否","[烘焙坊]bakeries-1.21.1-NeoForge-1.0.1.jar","data/bakeries/recipe/blender/olive_oil.json","补充直接 ID/tag 锚点或人工确认成员","REVIEW"
"bakeries:focaccia","T2","bakeries:blender/olive_oil","bakeries:olive","ITEM","bakeries:focaccia -> bakeries:focaccia_dough -> bakeries:olive_oil -> bakeries:olive","2","0","1","否","[烘焙坊]bakeries-1.21.1-NeoForge-1.0.1.jar","data/bakeries/recipe/blender/olive_oil.json","补充直接 ID/tag 锚点或人工确认成员","REVIEW"
"bakeries:focaccia","T2","bakeries:blender/olive_oil","bakeries:olive","ITEM","bakeries:focaccia -> bakeries:focaccia_dough -> bakeries:olive_oil -> bakeries:olive","3","0","1","否","[烘焙坊]bakeries-1.21.1-NeoForge-1.0.1.jar","data/bakeries/recipe/blender/olive_oil.json","补充直接 ID/tag 锚点或人工确认成员","REVIEW"
"bakeries:focaccia","T2","bakeries:blender/salted_dough","#c:salt","TAG","bakeries:focaccia -> bakeries:focaccia_dough -> bakeries:salted_dough -> #c:salt","6","0","1","否","[烘焙坊]bakeries-1.21.1-NeoForge-1.0.1.jar","data/bakeries/recipe/blender/salted_dough.json","补充直接 ID/tag 锚点或人工确认成员","REVIEW"
"bakeries:focaccia","T2","bakeries:blender/salted_dough","bakeries:bottle_yeast","ITEM","bakeries:focaccia -> bakeries:focaccia_dough -> bakeries:salted_dough -> bakeries:bottle_yeast","5","0","1","否","[烘焙坊]bakeries-1.21.1-NeoForge-1.0.1.jar","data/bakeries/recipe/blender/salted_dough.json","补充直接 ID/tag 锚点或人工确认成员","REVIEW"
"bakeries:focaccia","T2","bakeries:compat/create/olive_oil","bakeries:olive","ITEM","bakeries:focaccia -> bakeries:focaccia_dough -> bakeries:olive_oil -> bakeries:olive","0","0","1","否","[烘焙坊]bakeries-1.21.1-NeoForge-1.0.1.jar","data/bakeries/recipe/compat/create/olive_oil.json","补充直接 ID/tag 锚点或人工确认成员","REVIEW"
"bakeries:focaccia","T2","bakeries:compat/create/olive_oil","bakeries:olive","ITEM","bakeries:focaccia -> bakeries:focaccia_dough -> bakeries:olive_oil -> bakeries:olive","1","0","1","否","[烘焙坊]bakeries-1.21.1-NeoForge-1.0.1.jar","data/bakeries/recipe/compat/create/olive_oil.json","补充直接 ID/tag 锚点或人工确认成员","REVIEW"
"bakeries:focaccia","T2","bakeries:compat/create/olive_oil","bakeries:olive","ITEM","bakeries:focaccia -> bakeries:focaccia_dough -> bakeries:olive_oil -> bakeries:olive","2","0","1","否","[烘焙坊]bakeries-1.21.1-NeoForge-1.0.1.jar","data/bakeries/recipe/compat/create/olive_oil.json","补充直接 ID/tag 锚点或人工确认成员","REVIEW"
"bakeries:focaccia","T2","bakeries:compat/create/olive_oil","bakeries:olive","ITEM","bakeries:focaccia -> bakeries:focaccia_dough -> bakeries:olive_oil -> bakeries:olive","3","0","1","否","[烘焙坊]bakeries-1.21.1-NeoForge-1.0.1.jar","data/bakeries/recipe/compat/create/olive_oil.json","补充直接 ID/tag 锚点或人工确认成员","REVIEW"
"bakeries:focaccia","T2","bakeries:compat/create/salted_dough","#c:salt","TAG","bakeries:focaccia -> bakeries:focaccia_dough -> bakeries:salted_dough -> #c:salt","6","0","1","否","[烘焙坊]bakeries-1.21.1-NeoForge-1.0.1.jar","data/bakeries/recipe/compat/create/salted_dough.json","补充直接 ID/tag 锚点或人工确认成员","REVIEW"
"bakeries:focaccia","T2","bakeries:compat/create/salted_dough","bakeries:bottle_yeast","ITEM","bakeries:focaccia -> bakeries:focaccia_dough -> bakeries:salted_dough -> bakeries:bottle_yeast","5","0","1","否","[烘焙坊]bakeries-1.21.1-NeoForge-1.0.1.jar","data/bakeries/recipe/compat/create/salted_dough.json","补充直接 ID/tag 锚点或人工确认成员","REVIEW"
"bakeries:focaccia","T2","bakeries:flour_bag","bakeries:flour","ITEM","bakeries:focaccia -> bakeries:focaccia_dough -> bakeries:olive_oil -> minecraft:glass_bottle -> bakeries:butter_flour_sand -> bakeries:flour -> bakeries:flour_bag -> bakeries:flour","0","0","1","否","[烘焙坊]bakeries-1.21.1-NeoForge-1.0.1.jar","data/bakeries/recipe/flour_bag.json","补充直接 ID/tag 锚点或人工确认成员","REVIEW"
"bakeries:focaccia","T2","bakeries:flour_bag","bakeries:flour","ITEM","bakeries:focaccia -> bakeries:focaccia_dough -> bakeries:olive_oil -> minecraft:glass_bottle -> bakeries:butter_flour_sand -> bakeries:flour -> bakeries:flour_bag -> bakeries:flour","1","0","1","否","[烘焙坊]bakeries-1.21.1-NeoForge-1.0.1.jar","data/bakeries/recipe/flour_bag.json","补充直接 ID/tag 锚点或人工确认成员","REVIEW"
"bakeries:focaccia","T2","bakeries:flour_bag","bakeries:flour","ITEM","bakeries:focaccia -> bakeries:focaccia_dough -> bakeries:olive_oil -> minecraft:glass_bottle -> bakeries:butter_flour_sand -> bakeries:flour -> bakeries:flour_bag -> bakeries:flour","2","0","1","否","[烘焙坊]bakeries-1.21.1-NeoForge-1.0.1.jar","data/bakeries/recipe/flour_bag.json","补充直接 ID/tag 锚点或人工确认成员","REVIEW"
"bakeries:focaccia","T2","bakeries:flour_bag","bakeries:flour","ITEM","bakeries:focaccia -> bakeries:focaccia_dough -> bakeries:olive_oil -> minecraft:glass_bottle -> bakeries:butter_flour_sand -> bakeries:flour -> bakeries:flour_bag -> bakeries:flour","3","0","1","否","[烘焙坊]bakeries-1.21.1-NeoForge-1.0.1.jar","data/bakeries/recipe/flour_bag.json","补充直接 ID/tag 锚点或人工确认成员","REVIEW"
"bakeries:focaccia","T2","bakeries:flour_bag","bakeries:flour","ITEM","bakeries:focaccia -> bakeries:focaccia_dough -> bakeries:olive_oil -> minecraft:glass_bottle -> bakeries:butter_flour_sand -> bakeries:flour -> bakeries:flour_bag -> bakeries:flour","4","0","1","否","[烘焙坊]bakeries-1.21.1-NeoForge-1.0.1.jar","data/bakeries/recipe/flour_bag.json","补充直接 ID/tag 锚点或人工确认成员","REVIEW"
"bakeries:focaccia","T2","bakeries:flour_bag","bakeries:flour","ITEM","bakeries:focaccia -> bakeries:focaccia_dough -> bakeries:olive_oil -> minecraft:glass_bottle -> bakeries:butter_flour_sand -> bakeries:flour -> bakeries:flour_bag -> bakeries:flour","5","0","1","否","[烘焙坊]bakeries-1.21.1-NeoForge-1.0.1.jar","data/bakeries/recipe/flour_bag.json","补充直接 ID/tag 锚点或人工确认成员","REVIEW"
"bakeries:focaccia","T2","bakeries:flour_bag","bakeries:flour","ITEM","bakeries:focaccia -> bakeries:focaccia_dough -> bakeries:olive_oil -> minecraft:glass_bottle -> bakeries:butter_flour_sand -> bakeries:flour -> bakeries:flour_bag -> bakeries:flour","6","0","1","否","[烘焙坊]bakeries-1.21.1-NeoForge-1.0.1.jar","data/bakeries/recipe/flour_bag.json","补充直接 ID/tag 锚点或人工确认成员","REVIEW"
"bakeries:focaccia","T2","bakeries:flour_bag","bakeries:flour","ITEM","bakeries:focaccia -> bakeries:focaccia_dough -> bakeries:olive_oil -> minecraft:glass_bottle -> bakeries:butter_flour_sand -> bakeries:flour -> bakeries:flour_bag -> bakeries:flour","7","0","1","否","[烘焙坊]bakeries-1.21.1-NeoForge-1.0.1.jar","data/bakeries/recipe/flour_bag.json","补充直接 ID/tag 锚点或人工确认成员","REVIEW"
"bakeries:focaccia","T2","bakeries:flour_bag","bakeries:flour","ITEM","bakeries:focaccia -> bakeries:focaccia_dough -> bakeries:olive_oil -> minecraft:glass_bottle -> bakeries:butter_flour_sand -> bakeries:flour -> bakeries:flour_bag -> bakeries:flour","8","0","1","否","[烘焙坊]bakeries-1.21.1-NeoForge-1.0.1.jar","data/bakeries/recipe/flour_bag.json","补充直接 ID/tag 锚点或人工确认成员","REVIEW"
"bakeries:focaccia","T2","bakeries:flour_sieve/flour","#c:flours/wheat","TAG","bakeries:focaccia -> bakeries:focaccia_dough -> bakeries:olive_oil -> minecraft:glass_bottle -> bakeries:butter_flour_sand -> bakeries:flour -> #c:flours/wheat","0","0","1","否","[烘焙坊]bakeries-1.21.1-NeoForge-1.0.1.jar","data/bakeries/recipe/flour_sieve/flour.json","补充直接 ID/tag 锚点或人工确认成员","REVIEW"
"bakeries:focaccia","T2","bakeries:focaccia","bakeries:olive","ITEM","bakeries:focaccia -> bakeries:focaccia_dough -> bakeries:olive","0","0","1","否","[烘焙坊]bakeries-1.21.1-NeoForge-1.0.1.jar","data/bakeries/recipe/focaccia.json","补充直接 ID/tag 锚点或人工确认成员","REVIEW"
"bakeries:focaccia","T2","bakeries:integration/create/milling/flour","create:wheat_flour","ITEM","bakeries:focaccia -> bakeries:focaccia_dough -> bakeries:olive_oil -> minecraft:glass_bottle -> bakeries:butter_flour_sand -> bakeries:flour -> create:wheat_flour","0","0","1","否","[烘焙坊]bakeries-1.21.1-NeoForge-1.0.1.jar","data/bakeries/recipe/integration/create/milling/flour.json","补充直接 ID/tag 锚点或人工确认成员","REVIEW"
"bakeries:focaccia","T2","bakeries:integration/create/mixing/bearnaise_6","minecraft:glass_bottle","ITEM","bakeries:focaccia -> bakeries:focaccia_dough -> bakeries:olive_oil -> minecraft:glass_bottle -> minecraft:glass_bottle","3","0","1","否","[烘焙坊]bakeries-1.21.1-NeoForge-1.0.1.jar","data/bakeries/recipe/integration/create/mixing/bearnaise_6.json","补充直接 ID/tag 锚点或人工确认成员","REVIEW"
"bakeries:focaccia","T2","bakeries:integration/create/mixing/bottle_cream","minecraft:glass_bottle","ITEM","bakeries:focaccia -> bakeries:focaccia_dough -> bakeries:olive_oil -> minecraft:glass_bottle -> bakeries:bottle_cream -> minecraft:glass_bottle","1","0","1","否","[烘焙坊]bakeries-1.21.1-NeoForge-1.0.1.jar","data/bakeries/recipe/integration/create/mixing/bottle_cream.json","补充直接 ID/tag 锚点或人工确认成员","REVIEW"
"bakeries:focaccia","T2","bakeries:integration/create/mixing/butter_flour_sand","#c:butter","TAG","bakeries:focaccia -> bakeries:focaccia_dough -> bakeries:olive_oil -> minecraft:glass_bottle -> bakeries:butter_flour_sand -> #c:butter","4","0","1","否","[烘焙坊]bakeries-1.21.1-NeoForge-1.0.1.jar","data/bakeries/recipe/integration/create/mixing/butter_flour_sand.json","补充直接 ID/tag 锚点或人工确认成员","REVIEW"
"bakeries:focaccia","T2","bakeries:integration/create/mixing/butter_flour_sand","#c:butter","TAG","bakeries:focaccia -> bakeries:focaccia_dough -> bakeries:olive_oil -> minecraft:glass_bottle -> bakeries:butter_flour_sand -> #c:butter","5","0","1","否","[烘焙坊]bakeries-1.21.1-NeoForge-1.0.1.jar","data/bakeries/recipe/integration/create/mixing/butter_flour_sand.json","补充直接 ID/tag 锚点或人工确认成员","REVIEW"
"bakeries:focaccia","T2","bakeries:integration/create/mixing/butter_flour_sand","#c:salt","TAG","bakeries:focaccia -> bakeries:focaccia_dough -> bakeries:olive_oil -> minecraft:glass_bottle -> bakeries:butter_flour_sand -> #c:salt","6","0","1","否","[烘焙坊]bakeries-1.21.1-NeoForge-1.0.1.jar","data/bakeries/recipe/integration/create/mixing/butter_flour_sand.json","补充直接 ID/tag 锚点或人工确认成员","REVIEW"
"bakeries:focaccia","T2","bakeries:integration/create/mixing/olive_oil","bakeries:olive","ITEM","bakeries:focaccia -> bakeries:focaccia_dough -> bakeries:olive_oil -> bakeries:olive","0","0","1","否","[烘焙坊]bakeries-1.21.1-NeoForge-1.0.1.jar","data/bakeries/recipe/integration/create/mixing/olive_oil.json","补充直接 ID/tag 锚点或人工确认成员","REVIEW"
"bakeries:focaccia","T2","bakeries:integration/create/mixing/olive_oil","bakeries:olive","ITEM","bakeries:focaccia -> bakeries:focaccia_dough -> bakeries:olive_oil -> bakeries:olive","1","0","1","否","[烘焙坊]bakeries-1.21.1-NeoForge-1.0.1.jar","data/bakeries/recipe/integration/create/mixing/olive_oil.json","补充直接 ID/tag 锚点或人工确认成员","REVIEW"
"bakeries:focaccia","T2","bakeries:integration/create/mixing/olive_oil","bakeries:olive","ITEM","bakeries:focaccia -> bakeries:focaccia_dough -> bakeries:olive_oil -> bakeries:olive","2","0","1","否","[烘焙坊]bakeries-1.21.1-NeoForge-1.0.1.jar","data/bakeries/recipe/integration/create/mixing/olive_oil.json","补充直接 ID/tag 锚点或人工确认成员","REVIEW"
"bakeries:focaccia","T2","bakeries:integration/create/mixing/olive_oil","bakeries:olive","ITEM","bakeries:focaccia -> bakeries:focaccia_dough -> bakeries:olive_oil -> bakeries:olive","3","0","1","否","[烘焙坊]bakeries-1.21.1-NeoForge-1.0.1.jar","data/bakeries/recipe/integration/create/mixing/olive_oil.json","补充直接 ID/tag 锚点或人工确认成员","REVIEW"
"bakeries:focaccia","T2","bakeries:integration/create/mixing/pastry","bakeries:bottle_yeast","ITEM","bakeries:focaccia -> bakeries:focaccia_dough -> bakeries:olive_oil -> minecraft:glass_bottle -> bakeries:bottle_yeast","2","0","1","否","[烘焙坊]bakeries-1.21.1-NeoForge-1.0.1.jar","data/bakeries/recipe/integration/create/mixing/pastry.json","补充直接 ID/tag 锚点或人工确认成员","REVIEW"
"bakeries:focaccia","T2","bakeries:integration/create/mixing/salted_dough","#c:salt","TAG","bakeries:focaccia -> bakeries:focaccia_dough -> bakeries:olive_oil -> minecraft:glass_bottle -> #c:salt","6","0","1","否","[烘焙坊]bakeries-1.21.1-NeoForge-1.0.1.jar","data/bakeries/recipe/integration/create/mixing/salted_dough.json","补充直接 ID/tag 锚点或人工确认成员","REVIEW"
"bakeries:focaccia","T2","bakeries:integration/create/mixing/salted_dough","bakeries:bottle_yeast","ITEM","bakeries:focaccia -> bakeries:focaccia_dough -> bakeries:olive_oil -> minecraft:glass_bottle -> bakeries:bottle_yeast","5","0","1","否","[烘焙坊]bakeries-1.21.1-NeoForge-1.0.1.jar","data/bakeries/recipe/integration/create/mixing/salted_dough.json","补充直接 ID/tag 锚点或人工确认成员","REVIEW"
"bakeries:focaccia","T2","bakeries:integration/create/mixing/sweet_dough","#c:butter","TAG","bakeries:focaccia -> bakeries:focaccia_dough -> bakeries:olive_oil -> minecraft:glass_bottle -> #c:butter","8","0","1","否","[烘焙坊]bakeries-1.21.1-NeoForge-1.0.1.jar","data/bakeries/recipe/integration/create/mixing/sweet_dough.json","补充直接 ID/tag 锚点或人工确认成员","REVIEW"
"bakeries:focaccia","T2","bakeries:integration/create/mixing/sweet_dough","#c:salt","TAG","bakeries:focaccia -> bakeries:focaccia_dough -> bakeries:olive_oil -> minecraft:glass_bottle -> #c:salt","7","0","1","否","[烘焙坊]bakeries-1.21.1-NeoForge-1.0.1.jar","data/bakeries/recipe/integration/create/mixing/sweet_dough.json","补充直接 ID/tag 锚点或人工确认成员","REVIEW"
"bakeries:focaccia","T2","bakeries:integration/create/mixing/sweet_dough","bakeries:bottle_yeast","ITEM","bakeries:focaccia -> bakeries:focaccia_dough -> bakeries:olive_oil -> minecraft:glass_bottle -> bakeries:bottle_yeast","6","0","1","否","[烘焙坊]bakeries-1.21.1-NeoForge-1.0.1.jar","data/bakeries/recipe/integration/create/mixing/sweet_dough.json","补充直接 ID/tag 锚点或人工确认成员","REVIEW"
"bakeries:focaccia","T2","bakeries:integration/create/mixing/whole_wheat_dough","#c:flours/wheat","TAG","bakeries:focaccia -> bakeries:focaccia_dough -> bakeries:olive_oil -> minecraft:glass_bottle -> #c:flours/wheat","0","0","1","否","[烘焙坊]bakeries-1.21.1-NeoForge-1.0.1.jar","data/bakeries/recipe/integration/create/mixing/whole_wheat_dough.json","补充直接 ID/tag 锚点或人工确认成员","REVIEW"
"bakeries:focaccia","T2","bakeries:integration/create/mixing/whole_wheat_dough","#c:flours/wheat","TAG","bakeries:focaccia -> bakeries:focaccia_dough -> bakeries:olive_oil -> minecraft:glass_bottle -> #c:flours/wheat","1","0","1","否","[烘焙坊]bakeries-1.21.1-NeoForge-1.0.1.jar","data/bakeries/recipe/integration/create/mixing/whole_wheat_dough.json","补充直接 ID/tag 锚点或人工确认成员","REVIEW"
"bakeries:focaccia","T2","bakeries:integration/create/mixing/whole_wheat_dough","#c:flours/wheat","TAG","bakeries:focaccia -> bakeries:focaccia_dough -> bakeries:olive_oil -> minecraft:glass_bottle -> #c:flours/wheat","2","0","1","否","[烘焙坊]bakeries-1.21.1-NeoForge-1.0.1.jar","data/bakeries/recipe/integration/create/mixing/whole_wheat_dough.json","补充直接 ID/tag 锚点或人工确认成员","REVIEW"
"bakeries:focaccia","T2","bakeries:integration/create/mixing/whole_wheat_dough","#c:flours/wheat","TAG","bakeries:focaccia -> bakeries:focaccia_dough -> bakeries:olive_oil -> minecraft:glass_bottle -> #c:flours/wheat","3","0","1","否","[烘焙坊]bakeries-1.21.1-NeoForge-1.0.1.jar","data/bakeries/recipe/integration/create/mixing/whole_wheat_dough.json","补充直接 ID/tag 锚点或人工确认成员","REVIEW"
"bakeries:focaccia","T2","bakeries:integration/create/mixing/whole_wheat_dough","#c:salt","TAG","bakeries:focaccia -> bakeries:focaccia_dough -> bakeries:olive_oil -> minecraft:glass_bottle -> #c:salt","5","0","1","否","[烘焙坊]bakeries-1.21.1-NeoForge-1.0.1.jar","data/bakeries/recipe/integration/create/mixing/whole_wheat_dough.json","补充直接 ID/tag 锚点或人工确认成员","REVIEW"
"bakeries:focaccia","T2","bakeries:integration/create/mixing/whole_wheat_dough","bakeries:bottle_yeast","ITEM","bakeries:focaccia -> bakeries:focaccia_dough -> bakeries:olive_oil -> minecraft:glass_bottle -> bakeries:bottle_yeast","4","0","1","否","[烘焙坊]bakeries-1.21.1-NeoForge-1.0.1.jar","data/bakeries/recipe/integration/create/mixing/whole_wheat_dough.json","补充直接 ID/tag 锚点或人工确认成员","REVIEW"
"bakeries:focaccia","T2","bakeries:olive_oil","bakeries:olive","ITEM","bakeries:focaccia -> bakeries:focaccia_dough -> bakeries:olive_oil -> bakeries:olive","0","0","4","否","[烘焙坊]bakeries-1.21.1-NeoForge-1.0.1.jar","data/bakeries/recipe/olive_oil.json","补充直接 ID/tag 锚点或人工确认成员","REVIEW"
"bakeries:honey_butter_spread_country_bread","T2","bakeries:blender/honey_butter","#c:butter","TAG","bakeries:honey_butter_spread_country_bread -> bakeries:honey_butter -> #c:butter","1","0","1","否","[烘焙坊]bakeries-1.21.1-NeoForge-1.0.1.jar","data/bakeries/recipe/blender/honey_butter.json","补充直接 ID/tag 锚点或人工确认成员","REVIEW"
"bakeries:honey_butter_spread_country_bread","T2","bakeries:blender/honey_butter","#c:butter","TAG","bakeries:honey_butter_spread_country_bread -> bakeries:honey_butter -> #c:butter","2","0","1","否","[烘焙坊]bakeries-1.21.1-NeoForge-1.0.1.jar","data/bakeries/recipe/blender/honey_butter.json","补充直接 ID/tag 锚点或人工确认成员","REVIEW"
"bakeries:honey_butter_spread_country_bread","T2","bakeries:blender/salted_dough","#c:salt","TAG","bakeries:honey_butter_spread_country_bread -> bakeries:country_bread_slice -> bakeries:country_bread -> bakeries:country_bread_dough -> bakeries:salted_dough -> #c:salt","6","0","1","否","[烘焙坊]bakeries-1.21.1-NeoForge-1.0.1.jar","data/bakeries/recipe/blender/salted_dough.json","补充直接 ID/tag 锚点或人工确认成员","REVIEW"
"bakeries:honey_butter_spread_country_bread","T2","bakeries:blender/salted_dough","bakeries:bottle_yeast","ITEM","bakeries:honey_butter_spread_country_bread -> bakeries:country_bread_slice -> bakeries:country_bread -> bakeries:country_bread_dough -> bakeries:salted_dough -> bakeries:bottle_yeast","5","0","1","否","[烘焙坊]bakeries-1.21.1-NeoForge-1.0.1.jar","data/bakeries/recipe/blender/salted_dough.json","补充直接 ID/tag 锚点或人工确认成员","REVIEW"
"bakeries:honey_butter_spread_country_bread","T2","bakeries:compat/create/honey_butter","#c:butter","TAG","bakeries:honey_butter_spread_country_bread -> bakeries:honey_butter -> #c:butter","1","0","1","否","[烘焙坊]bakeries-1.21.1-NeoForge-1.0.1.jar","data/bakeries/recipe/compat/create/honey_butter.json","补充直接 ID/tag 锚点或人工确认成员","REVIEW"
"bakeries:honey_butter_spread_country_bread","T2","bakeries:compat/create/honey_butter","#c:butter","TAG","bakeries:honey_butter_spread_country_bread -> bakeries:honey_butter -> #c:butter","2","0","1","否","[烘焙坊]bakeries-1.21.1-NeoForge-1.0.1.jar","data/bakeries/recipe/compat/create/honey_butter.json","补充直接 ID/tag 锚点或人工确认成员","REVIEW"
"bakeries:honey_butter_spread_country_bread","T2","bakeries:compat/create/salted_dough","#c:salt","TAG","bakeries:honey_butter_spread_country_bread -> bakeries:country_bread_slice -> bakeries:country_bread -> bakeries:country_bread_dough -> bakeries:salted_dough -> #c:salt","6","0","1","否","[烘焙坊]bakeries-1.21.1-NeoForge-1.0.1.jar","data/bakeries/recipe/compat/create/salted_dough.json","补充直接 ID/tag 锚点或人工确认成员","REVIEW"
"bakeries:honey_butter_spread_country_bread","T2","bakeries:compat/create/salted_dough","bakeries:bottle_yeast","ITEM","bakeries:honey_butter_spread_country_bread -> bakeries:country_bread_slice -> bakeries:country_bread -> bakeries:country_bread_dough -> bakeries:salted_dough -> bakeries:bottle_yeast","5","0","1","否","[烘焙坊]bakeries-1.21.1-NeoForge-1.0.1.jar","data/bakeries/recipe/compat/create/salted_dough.json","补充直接 ID/tag 锚点或人工确认成员","REVIEW"
"bakeries:honey_butter_spread_country_bread","T2","bakeries:flour_bag","bakeries:flour","ITEM","bakeries:honey_butter_spread_country_bread -> bakeries:country_bread_slice -> bakeries:country_bread -> bakeries:country_bread_dough -> bakeries:salted_dough -> bakeries:flour -> bakeries:flour_bag -> bakeries:flour","0","0","1","否","[烘焙坊]bakeries-1.21.1-NeoForge-1.0.1.jar","data/bakeries/recipe/flour_bag.json","补充直接 ID/tag 锚点或人工确认成员","REVIEW"
"bakeries:honey_butter_spread_country_bread","T2","bakeries:flour_bag","bakeries:flour","ITEM","bakeries:honey_butter_spread_country_bread -> bakeries:country_bread_slice -> bakeries:country_bread -> bakeries:country_bread_dough -> bakeries:salted_dough -> bakeries:flour -> bakeries:flour_bag -> bakeries:flour","1","0","1","否","[烘焙坊]bakeries-1.21.1-NeoForge-1.0.1.jar","data/bakeries/recipe/flour_bag.json","补充直接 ID/tag 锚点或人工确认成员","REVIEW"
"bakeries:honey_butter_spread_country_bread","T2","bakeries:flour_bag","bakeries:flour","ITEM","bakeries:honey_butter_spread_country_bread -> bakeries:country_bread_slice -> bakeries:country_bread -> bakeries:country_bread_dough -> bakeries:salted_dough -> bakeries:flour -> bakeries:flour_bag -> bakeries:flour","2","0","1","否","[烘焙坊]bakeries-1.21.1-NeoForge-1.0.1.jar","data/bakeries/recipe/flour_bag.json","补充直接 ID/tag 锚点或人工确认成员","REVIEW"
"bakeries:honey_butter_spread_country_bread","T2","bakeries:flour_bag","bakeries:flour","ITEM","bakeries:honey_butter_spread_country_bread -> bakeries:country_bread_slice -> bakeries:country_bread -> bakeries:country_bread_dough -> bakeries:salted_dough -> bakeries:flour -> bakeries:flour_bag -> bakeries:flour","3","0","1","否","[烘焙坊]bakeries-1.21.1-NeoForge-1.0.1.jar","data/bakeries/recipe/flour_bag.json","补充直接 ID/tag 锚点或人工确认成员","REVIEW"
"bakeries:honey_butter_spread_country_bread","T2","bakeries:flour_bag","bakeries:flour","ITEM","bakeries:honey_butter_spread_country_bread -> bakeries:country_bread_slice -> bakeries:country_bread -> bakeries:country_bread_dough -> bakeries:salted_dough -> bakeries:flour -> bakeries:flour_bag -> bakeries:flour","4","0","1","否","[烘焙坊]bakeries-1.21.1-NeoForge-1.0.1.jar","data/bakeries/recipe/flour_bag.json","补充直接 ID/tag 锚点或人工确认成员","REVIEW"
"bakeries:honey_butter_spread_country_bread","T2","bakeries:flour_bag","bakeries:flour","ITEM","bakeries:honey_butter_spread_country_bread -> bakeries:country_bread_slice -> bakeries:country_bread -> bakeries:country_bread_dough -> bakeries:salted_dough -> bakeries:flour -> bakeries:flour_bag -> bakeries:flour","5","0","1","否","[烘焙坊]bakeries-1.21.1-NeoForge-1.0.1.jar","data/bakeries/recipe/flour_bag.json","补充直接 ID/tag 锚点或人工确认成员","REVIEW"
"bakeries:honey_butter_spread_country_bread","T2","bakeries:flour_bag","bakeries:flour","ITEM","bakeries:honey_butter_spread_country_bread -> bakeries:country_bread_slice -> bakeries:country_bread -> bakeries:country_bread_dough -> bakeries:salted_dough -> bakeries:flour -> bakeries:flour_bag -> bakeries:flour","6","0","1","否","[烘焙坊]bakeries-1.21.1-NeoForge-1.0.1.jar","data/bakeries/recipe/flour_bag.json","补充直接 ID/tag 锚点或人工确认成员","REVIEW"
"bakeries:honey_butter_spread_country_bread","T2","bakeries:flour_bag","bakeries:flour","ITEM","bakeries:honey_butter_spread_country_bread -> bakeries:country_bread_slice -> bakeries:country_bread -> bakeries:country_bread_dough -> bakeries:salted_dough -> bakeries:flour -> bakeries:flour_bag -> bakeries:flour","7","0","1","否","[烘焙坊]bakeries-1.21.1-NeoForge-1.0.1.jar","data/bakeries/recipe/flour_bag.json","补充直接 ID/tag 锚点或人工确认成员","REVIEW"
"bakeries:honey_butter_spread_country_bread","T2","bakeries:flour_bag","bakeries:flour","ITEM","bakeries:honey_butter_spread_country_bread -> bakeries:country_bread_slice -> bakeries:country_bread -> bakeries:country_bread_dough -> bakeries:salted_dough -> bakeries:flour -> bakeries:flour_bag -> bakeries:flour","8","0","1","否","[烘焙坊]bakeries-1.21.1-NeoForge-1.0.1.jar","data/bakeries/recipe/flour_bag.json","补充直接 ID/tag 锚点或人工确认成员","REVIEW"
"bakeries:honey_butter_spread_country_bread","T2","bakeries:flour_sieve/flour","#c:flours/wheat","TAG","bakeries:honey_butter_spread_country_bread -> bakeries:country_bread_slice -> bakeries:country_bread -> bakeries:country_bread_dough -> bakeries:salted_dough -> bakeries:flour -> #c:flours/wheat","0","0","1","否","[烘焙坊]bakeries-1.21.1-NeoForge-1.0.1.jar","data/bakeries/recipe/flour_sieve/flour.json","补充直接 ID/tag 锚点或人工确认成员","REVIEW"
"bakeries:honey_butter_spread_country_bread","T2","bakeries:integration/create/milling/flour","create:wheat_flour","ITEM","bakeries:honey_butter_spread_country_bread -> bakeries:country_bread_slice -> bakeries:country_bread -> bakeries:country_bread_dough -> bakeries:salted_dough -> bakeries:flour -> create:wheat_flour","0","0","1","否","[烘焙坊]bakeries-1.21.1-NeoForge-1.0.1.jar","data/bakeries/recipe/integration/create/milling/flour.json","补充直接 ID/tag 锚点或人工确认成员","REVIEW"
"bakeries:honey_butter_spread_country_bread","T2","bakeries:integration/create/mixing/honey_butter","#c:butter","TAG","bakeries:honey_butter_spread_country_bread -> bakeries:honey_butter -> #c:butter","1","0","1","否","[烘焙坊]bakeries-1.21.1-NeoForge-1.0.1.jar","data/bakeries/recipe/integration/create/mixing/honey_butter.json","补充直接 ID/tag 锚点或人工确认成员","REVIEW"
"bakeries:honey_butter_spread_country_bread","T2","bakeries:integration/create/mixing/honey_butter","#c:butter","TAG","bakeries:honey_butter_spread_country_bread -> bakeries:honey_butter -> #c:butter","2","0","1","否","[烘焙坊]bakeries-1.21.1-NeoForge-1.0.1.jar","data/bakeries/recipe/integration/create/mixing/honey_butter.json","补充直接 ID/tag 锚点或人工确认成员","REVIEW"
"bakeries:honey_butter_spread_country_bread","T2","bakeries:integration/create/mixing/salted_dough","#c:salt","TAG","bakeries:honey_butter_spread_country_bread -> bakeries:country_bread_slice -> bakeries:country_bread -> bakeries:country_bread_dough -> bakeries:salted_dough -> #c:salt","6","0","1","否","[烘焙坊]bakeries-1.21.1-NeoForge-1.0.1.jar","data/bakeries/recipe/integration/create/mixing/salted_dough.json","补充直接 ID/tag 锚点或人工确认成员","REVIEW"
"bakeries:honey_butter_spread_country_bread","T2","bakeries:integration/create/mixing/salted_dough","bakeries:bottle_yeast","ITEM","bakeries:honey_butter_spread_country_bread -> bakeries:country_bread_slice -> bakeries:country_bread -> bakeries:country_bread_dough -> bakeries:salted_dough -> bakeries:bottle_yeast","5","0","1","否","[烘焙坊]bakeries-1.21.1-NeoForge-1.0.1.jar","data/bakeries/recipe/integration/create/mixing/salted_dough.json","补充直接 ID/tag 锚点或人工确认成员","REVIEW"
"bakeries:honey_butter_spread_toast","T2","bakeries:blender/honey_butter","#c:butter","TAG","bakeries:honey_butter_spread_toast -> bakeries:honey_butter -> #c:butter","1","0","1","否","[烘焙坊]bakeries-1.21.1-NeoForge-1.0.1.jar","data/bakeries/recipe/blender/honey_butter.json","补充直接 ID/tag 锚点或人工确认成员","REVIEW"
"bakeries:honey_butter_spread_toast","T2","bakeries:blender/honey_butter","#c:butter","TAG","bakeries:honey_butter_spread_toast -> bakeries:honey_butter -> #c:butter","2","0","1","否","[烘焙坊]bakeries-1.21.1-NeoForge-1.0.1.jar","data/bakeries/recipe/blender/honey_butter.json","补充直接 ID/tag 锚点或人工确认成员","REVIEW"
"bakeries:honey_butter_spread_toast","T2","bakeries:bread_knife/sliced_toast","bakeries:toast","ITEM","bakeries:honey_butter_spread_toast -> bakeries:bake_sliced_toast -> bakeries:sliced_toast -> bakeries:toast","0","0","1","否","[烘焙坊]bakeries-1.21.1-NeoForge-1.0.1.jar","data/bakeries/recipe/bread_knife/sliced_toast.json","补充直接 ID/tag 锚点或人工确认成员","REVIEW"
"bakeries:honey_butter_spread_toast","T2","bakeries:compat/create/honey_butter","#c:butter","TAG","bakeries:honey_butter_spread_toast -> bakeries:honey_butter -> #c:butter","1","0","1","否","[烘焙坊]bakeries-1.21.1-NeoForge-1.0.1.jar","data/bakeries/recipe/compat/create/honey_butter.json","补充直接 ID/tag 锚点或人工确认成员","REVIEW"
"bakeries:honey_butter_spread_toast","T2","bakeries:compat/create/honey_butter","#c:butter","TAG","bakeries:honey_butter_spread_toast -> bakeries:honey_butter -> #c:butter","2","0","1","否","[烘焙坊]bakeries-1.21.1-NeoForge-1.0.1.jar","data/bakeries/recipe/compat/create/honey_butter.json","补充直接 ID/tag 锚点或人工确认成员","REVIEW"
"bakeries:honey_butter_spread_toast","T2","bakeries:integration/create/mixing/honey_butter","#c:butter","TAG","bakeries:honey_butter_spread_toast -> bakeries:honey_butter -> #c:butter","1","0","1","否","[烘焙坊]bakeries-1.21.1-NeoForge-1.0.1.jar","data/bakeries/recipe/integration/create/mixing/honey_butter.json","补充直接 ID/tag 锚点或人工确认成员","REVIEW"
"bakeries:honey_butter_spread_toast","T2","bakeries:integration/create/mixing/honey_butter","#c:butter","TAG","bakeries:honey_butter_spread_toast -> bakeries:honey_butter -> #c:butter","2","0","1","否","[烘焙坊]bakeries-1.21.1-NeoForge-1.0.1.jar","data/bakeries/recipe/integration/create/mixing/honey_butter.json","补充直接 ID/tag 锚点或人工确认成员","REVIEW"
"bakeries:matcha_parfait","T2","bakeries:blender/matcha_parfait","#c:matcha","TAG","bakeries:matcha_parfait -> #c:matcha","3","0","1","否","[烘焙坊]bakeries-1.21.1-NeoForge-1.0.1.jar","data/bakeries/recipe/blender/matcha_parfait.json","补充直接 ID/tag 锚点或人工确认成员","REVIEW"
"bakeries:matcha_parfait","T2","bakeries:compat/create/matcha_parfait","#c:matcha","TAG","bakeries:matcha_parfait -> #c:matcha","3","0","1","否","[烘焙坊]bakeries-1.21.1-NeoForge-1.0.1.jar","data/bakeries/recipe/compat/create/matcha_parfait.json","补充直接 ID/tag 锚点或人工确认成员","REVIEW"
"bakeries:matcha_parfait","T2","bakeries:flour_bag","bakeries:flour","ITEM","bakeries:matcha_parfait -> bakeries:bottle_cream -> minecraft:glass_bottle -> bakeries:butter_flour_sand -> bakeries:flour -> bakeries:flour_bag -> bakeries:flour","0","0","1","否","[烘焙坊]bakeries-1.21.1-NeoForge-1.0.1.jar","data/bakeries/recipe/flour_bag.json","补充直接 ID/tag 锚点或人工确认成员","REVIEW"
"bakeries:matcha_parfait","T2","bakeries:flour_bag","bakeries:flour","ITEM","bakeries:matcha_parfait -> bakeries:bottle_cream -> minecraft:glass_bottle -> bakeries:butter_flour_sand -> bakeries:flour -> bakeries:flour_bag -> bakeries:flour","1","0","1","否","[烘焙坊]bakeries-1.21.1-NeoForge-1.0.1.jar","data/bakeries/recipe/flour_bag.json","补充直接 ID/tag 锚点或人工确认成员","REVIEW"
"bakeries:matcha_parfait","T2","bakeries:flour_bag","bakeries:flour","ITEM","bakeries:matcha_parfait -> bakeries:bottle_cream -> minecraft:glass_bottle -> bakeries:butter_flour_sand -> bakeries:flour -> bakeries:flour_bag -> bakeries:flour","2","0","1","否","[烘焙坊]bakeries-1.21.1-NeoForge-1.0.1.jar","data/bakeries/recipe/flour_bag.json","补充直接 ID/tag 锚点或人工确认成员","REVIEW"
"bakeries:matcha_parfait","T2","bakeries:flour_bag","bakeries:flour","ITEM","bakeries:matcha_parfait -> bakeries:bottle_cream -> minecraft:glass_bottle -> bakeries:butter_flour_sand -> bakeries:flour -> bakeries:flour_bag -> bakeries:flour","3","0","1","否","[烘焙坊]bakeries-1.21.1-NeoForge-1.0.1.jar","data/bakeries/recipe/flour_bag.json","补充直接 ID/tag 锚点或人工确认成员","REVIEW"
"bakeries:matcha_parfait","T2","bakeries:flour_bag","bakeries:flour","ITEM","bakeries:matcha_parfait -> bakeries:bottle_cream -> minecraft:glass_bottle -> bakeries:butter_flour_sand -> bakeries:flour -> bakeries:flour_bag -> bakeries:flour","4","0","1","否","[烘焙坊]bakeries-1.21.1-NeoForge-1.0.1.jar","data/bakeries/recipe/flour_bag.json","补充直接 ID/tag 锚点或人工确认成员","REVIEW"
"bakeries:matcha_parfait","T2","bakeries:flour_bag","bakeries:flour","ITEM","bakeries:matcha_parfait -> bakeries:bottle_cream -> minecraft:glass_bottle -> bakeries:butter_flour_sand -> bakeries:flour -> bakeries:flour_bag -> bakeries:flour","5","0","1","否","[烘焙坊]bakeries-1.21.1-NeoForge-1.0.1.jar","data/bakeries/recipe/flour_bag.json","补充直接 ID/tag 锚点或人工确认成员","REVIEW"
"bakeries:matcha_parfait","T2","bakeries:flour_bag","bakeries:flour","ITEM","bakeries:matcha_parfait -> bakeries:bottle_cream -> minecraft:glass_bottle -> bakeries:butter_flour_sand -> bakeries:flour -> bakeries:flour_bag -> bakeries:flour","6","0","1","否","[烘焙坊]bakeries-1.21.1-NeoForge-1.0.1.jar","data/bakeries/recipe/flour_bag.json","补充直接 ID/tag 锚点或人工确认成员","REVIEW"
"bakeries:matcha_parfait","T2","bakeries:flour_bag","bakeries:flour","ITEM","bakeries:matcha_parfait -> bakeries:bottle_cream -> minecraft:glass_bottle -> bakeries:butter_flour_sand -> bakeries:flour -> bakeries:flour_bag -> bakeries:flour","7","0","1","否","[烘焙坊]bakeries-1.21.1-NeoForge-1.0.1.jar","data/bakeries/recipe/flour_bag.json","补充直接 ID/tag 锚点或人工确认成员","REVIEW"
"bakeries:matcha_parfait","T2","bakeries:flour_bag","bakeries:flour","ITEM","bakeries:matcha_parfait -> bakeries:bottle_cream -> minecraft:glass_bottle -> bakeries:butter_flour_sand -> bakeries:flour -> bakeries:flour_bag -> bakeries:flour","8","0","1","否","[烘焙坊]bakeries-1.21.1-NeoForge-1.0.1.jar","data/bakeries/recipe/flour_bag.json","补充直接 ID/tag 锚点或人工确认成员","REVIEW"
"bakeries:matcha_parfait","T2","bakeries:flour_sieve/flour","#c:flours/wheat","TAG","bakeries:matcha_parfait -> bakeries:bottle_cream -> minecraft:glass_bottle -> bakeries:butter_flour_sand -> bakeries:flour -> #c:flours/wheat","0","0","1","否","[烘焙坊]bakeries-1.21.1-NeoForge-1.0.1.jar","data/bakeries/recipe/flour_sieve/flour.json","补充直接 ID/tag 锚点或人工确认成员","REVIEW"
"bakeries:matcha_parfait","T2","bakeries:integration/create/milling/flour","create:wheat_flour","ITEM","bakeries:matcha_parfait -> bakeries:bottle_cream -> minecraft:glass_bottle -> bakeries:butter_flour_sand -> bakeries:flour -> create:wheat_flour","0","0","1","否","[烘焙坊]bakeries-1.21.1-NeoForge-1.0.1.jar","data/bakeries/recipe/integration/create/milling/flour.json","补充直接 ID/tag 锚点或人工确认成员","REVIEW"
"bakeries:matcha_parfait","T2","bakeries:integration/create/mixing/bearnaise_6","minecraft:glass_bottle","ITEM","bakeries:matcha_parfait -> bakeries:bottle_cream -> minecraft:glass_bottle -> minecraft:glass_bottle","3","0","1","否","[烘焙坊]bakeries-1.21.1-NeoForge-1.0.1.jar","data/bakeries/recipe/integration/create/mixing/bearnaise_6.json","补充直接 ID/tag 锚点或人工确认成员","REVIEW"
"bakeries:matcha_parfait","T2","bakeries:integration/create/mixing/butter_cube","bakeries:bottle_cream","ITEM","bakeries:matcha_parfait -> bakeries:bottle_cream -> minecraft:glass_bottle -> bakeries:bottle_cream","0","0","1","否","[烘焙坊]bakeries-1.21.1-NeoForge-1.0.1.jar","data/bakeries/recipe/integration/create/mixing/butter_cube.json","补充直接 ID/tag 锚点或人工确认成员","REVIEW"
"bakeries:matcha_parfait","T2","bakeries:integration/create/mixing/butter_flour_sand","#c:butter","TAG","bakeries:matcha_parfait -> bakeries:bottle_cream -> minecraft:glass_bottle -> bakeries:butter_flour_sand -> #c:butter","4","0","1","否","[烘焙坊]bakeries-1.21.1-NeoForge-1.0.1.jar","data/bakeries/recipe/integration/create/mixing/butter_flour_sand.json","补充直接 ID/tag 锚点或人工确认成员","REVIEW"
"bakeries:matcha_parfait","T2","bakeries:integration/create/mixing/butter_flour_sand","#c:butter","TAG","bakeries:matcha_parfait -> bakeries:bottle_cream -> minecraft:glass_bottle -> bakeries:butter_flour_sand -> #c:butter","5","0","1","否","[烘焙坊]bakeries-1.21.1-NeoForge-1.0.1.jar","data/bakeries/recipe/integration/create/mixing/butter_flour_sand.json","补充直接 ID/tag 锚点或人工确认成员","REVIEW"
"bakeries:matcha_parfait","T2","bakeries:integration/create/mixing/butter_flour_sand","#c:salt","TAG","bakeries:matcha_parfait -> bakeries:bottle_cream -> minecraft:glass_bottle -> bakeries:butter_flour_sand -> #c:salt","6","0","1","否","[烘焙坊]bakeries-1.21.1-NeoForge-1.0.1.jar","data/bakeries/recipe/integration/create/mixing/butter_flour_sand.json","补充直接 ID/tag 锚点或人工确认成员","REVIEW"
"bakeries:matcha_parfait","T2","bakeries:integration/create/mixing/foamed_cream","bakeries:bottle_cream","ITEM","bakeries:matcha_parfait -> bakeries:bottle_cream -> minecraft:glass_bottle -> bakeries:bottle_cream","0","0","1","否","[烘焙坊]bakeries-1.21.1-NeoForge-1.0.1.jar","data/bakeries/recipe/integration/create/mixing/foamed_cream.json","补充直接 ID/tag 锚点或人工确认成员","REVIEW"
"bakeries:matcha_parfait","T2","bakeries:integration/create/mixing/foamed_cream","bakeries:bottle_cream","ITEM","bakeries:matcha_parfait -> bakeries:bottle_cream -> minecraft:glass_bottle -> bakeries:bottle_cream","1","0","1","否","[烘焙坊]bakeries-1.21.1-NeoForge-1.0.1.jar","data/bakeries/recipe/integration/create/mixing/foamed_cream.json","补充直接 ID/tag 锚点或人工确认成员","REVIEW"
"bakeries:matcha_parfait","T2","bakeries:integration/create/mixing/pastry","bakeries:bottle_yeast","ITEM","bakeries:matcha_parfait -> bakeries:bottle_cream -> minecraft:glass_bottle -> bakeries:bottle_yeast","2","0","1","否","[烘焙坊]bakeries-1.21.1-NeoForge-1.0.1.jar","data/bakeries/recipe/integration/create/mixing/pastry.json","补充直接 ID/tag 锚点或人工确认成员","REVIEW"
"bakeries:matcha_parfait","T2","bakeries:integration/create/mixing/salted_dough","#c:salt","TAG","bakeries:matcha_parfait -> bakeries:bottle_cream -> minecraft:glass_bottle -> #c:salt","6","0","1","否","[烘焙坊]bakeries-1.21.1-NeoForge-1.0.1.jar","data/bakeries/recipe/integration/create/mixing/salted_dough.json","补充直接 ID/tag 锚点或人工确认成员","REVIEW"
"bakeries:matcha_parfait","T2","bakeries:integration/create/mixing/salted_dough","bakeries:bottle_yeast","ITEM","bakeries:matcha_parfait -> bakeries:bottle_cream -> minecraft:glass_bottle -> bakeries:bottle_yeast","5","0","1","否","[烘焙坊]bakeries-1.21.1-NeoForge-1.0.1.jar","data/bakeries/recipe/integration/create/mixing/salted_dough.json","补充直接 ID/tag 锚点或人工确认成员","REVIEW"
"bakeries:matcha_parfait","T2","bakeries:integration/create/mixing/sweet_dough","#c:butter","TAG","bakeries:matcha_parfait -> bakeries:bottle_cream -> minecraft:glass_bottle -> #c:butter","8","0","1","否","[烘焙坊]bakeries-1.21.1-NeoForge-1.0.1.jar","data/bakeries/recipe/integration/create/mixing/sweet_dough.json","补充直接 ID/tag 锚点或人工确认成员","REVIEW"
"bakeries:matcha_parfait","T2","bakeries:integration/create/mixing/sweet_dough","#c:salt","TAG","bakeries:matcha_parfait -> bakeries:bottle_cream -> minecraft:glass_bottle -> #c:salt","7","0","1","否","[烘焙坊]bakeries-1.21.1-NeoForge-1.0.1.jar","data/bakeries/recipe/integration/create/mixing/sweet_dough.json","补充直接 ID/tag 锚点或人工确认成员","REVIEW"
"bakeries:matcha_parfait","T2","bakeries:integration/create/mixing/sweet_dough","bakeries:bottle_yeast","ITEM","bakeries:matcha_parfait -> bakeries:bottle_cream -> minecraft:glass_bottle -> bakeries:bottle_yeast","6","0","1","否","[烘焙坊]bakeries-1.21.1-NeoForge-1.0.1.jar","data/bakeries/recipe/integration/create/mixing/sweet_dough.json","补充直接 ID/tag 锚点或人工确认成员","REVIEW"
"bakeries:matcha_parfait","T2","bakeries:integration/create/mixing/whole_wheat_dough","#c:flours/wheat","TAG","bakeries:matcha_parfait -> bakeries:bottle_cream -> minecraft:glass_bottle -> #c:flours/wheat","0","0","1","否","[烘焙坊]bakeries-1.21.1-NeoForge-1.0.1.jar","data/bakeries/recipe/integration/create/mixing/whole_wheat_dough.json","补充直接 ID/tag 锚点或人工确认成员","REVIEW"
"bakeries:matcha_parfait","T2","bakeries:integration/create/mixing/whole_wheat_dough","#c:flours/wheat","TAG","bakeries:matcha_parfait -> bakeries:bottle_cream -> minecraft:glass_bottle -> #c:flours/wheat","1","0","1","否","[烘焙坊]bakeries-1.21.1-NeoForge-1.0.1.jar","data/bakeries/recipe/integration/create/mixing/whole_wheat_dough.json","补充直接 ID/tag 锚点或人工确认成员","REVIEW"
"bakeries:matcha_parfait","T2","bakeries:integration/create/mixing/whole_wheat_dough","#c:flours/wheat","TAG","bakeries:matcha_parfait -> bakeries:bottle_cream -> minecraft:glass_bottle -> #c:flours/wheat","2","0","1","否","[烘焙坊]bakeries-1.21.1-NeoForge-1.0.1.jar","data/bakeries/recipe/integration/create/mixing/whole_wheat_dough.json","补充直接 ID/tag 锚点或人工确认成员","REVIEW"
"bakeries:matcha_parfait","T2","bakeries:integration/create/mixing/whole_wheat_dough","#c:flours/wheat","TAG","bakeries:matcha_parfait -> bakeries:bottle_cream -> minecraft:glass_bottle -> #c:flours/wheat","3","0","1","否","[烘焙坊]bakeries-1.21.1-NeoForge-1.0.1.jar","data/bakeries/recipe/integration/create/mixing/whole_wheat_dough.json","补充直接 ID/tag 锚点或人工确认成员","REVIEW"
"bakeries:matcha_parfait","T2","bakeries:integration/create/mixing/whole_wheat_dough","#c:salt","TAG","bakeries:matcha_parfait -> bakeries:bottle_cream -> minecraft:glass_bottle -> #c:salt","5","0","1","否","[烘焙坊]bakeries-1.21.1-NeoForge-1.0.1.jar","data/bakeries/recipe/integration/create/mixing/whole_wheat_dough.json","补充直接 ID/tag 锚点或人工确认成员","REVIEW"
"bakeries:matcha_parfait","T2","bakeries:integration/create/mixing/whole_wheat_dough","bakeries:bottle_yeast","ITEM","bakeries:matcha_parfait -> bakeries:bottle_cream -> minecraft:glass_bottle -> bakeries:bottle_yeast","4","0","1","否","[烘焙坊]bakeries-1.21.1-NeoForge-1.0.1.jar","data/bakeries/recipe/integration/create/mixing/whole_wheat_dough.json","补充直接 ID/tag 锚点或人工确认成员","REVIEW"
"bakeries:matcha_parfait","T2","neapolitan:ice","neapolitan:ice_cubes","ITEM","bakeries:matcha_parfait -> minecraft:ice -> neapolitan:ice_cubes","0","0","1","否","[那不勒斯风味]neapolitan-1.21.1-6.0.1.jar","data/neapolitan/recipe/ice.json","补充直接 ID/tag 锚点或人工确认成员","REVIEW"
"bakeries:matcha_parfait","T2","neapolitan:ice","neapolitan:ice_cubes","ITEM","bakeries:matcha_parfait -> minecraft:ice -> neapolitan:ice_cubes","1","0","1","否","[那不勒斯风味]neapolitan-1.21.1-6.0.1.jar","data/neapolitan/recipe/ice.json","补充直接 ID/tag 锚点或人工确认成员","REVIEW"
"bakeries:matcha_parfait","T2","neapolitan:ice","neapolitan:ice_cubes","ITEM","bakeries:matcha_parfait -> minecraft:ice -> neapolitan:ice_cubes","2","0","1","否","[那不勒斯风味]neapolitan-1.21.1-6.0.1.jar","data/neapolitan/recipe/ice.json","补充直接 ID/tag 锚点或人工确认成员","REVIEW"
"bakeries:matcha_parfait","T2","neapolitan:ice","neapolitan:ice_cubes","ITEM","bakeries:matcha_parfait -> minecraft:ice -> neapolitan:ice_cubes","3","0","1","否","[那不勒斯风味]neapolitan-1.21.1-6.0.1.jar","data/neapolitan/recipe/ice.json","补充直接 ID/tag 锚点或人工确认成员","REVIEW"
"bakeries:matcha_parfait","T2","neapolitan:ice","neapolitan:ice_cubes","ITEM","bakeries:matcha_parfait -> minecraft:ice -> neapolitan:ice_cubes","4","0","1","否","[那不勒斯风味]neapolitan-1.21.1-6.0.1.jar","data/neapolitan/recipe/ice.json","补充直接 ID/tag 锚点或人工确认成员","REVIEW"
"bakeries:matcha_parfait","T2","neapolitan:ice","neapolitan:ice_cubes","ITEM","bakeries:matcha_parfait -> minecraft:ice -> neapolitan:ice_cubes","5","0","1","否","[那不勒斯风味]neapolitan-1.21.1-6.0.1.jar","data/neapolitan/recipe/ice.json","补充直接 ID/tag 锚点或人工确认成员","REVIEW"
"bakeries:matcha_parfait","T2","neapolitan:ice","neapolitan:ice_cubes","ITEM","bakeries:matcha_parfait -> minecraft:ice -> neapolitan:ice_cubes","6","0","1","否","[那不勒斯风味]neapolitan-1.21.1-6.0.1.jar","data/neapolitan/recipe/ice.json","补充直接 ID/tag 锚点或人工确认成员","REVIEW"
"bakeries:matcha_parfait","T2","neapolitan:ice","neapolitan:ice_cubes","ITEM","bakeries:matcha_parfait -> minecraft:ice -> neapolitan:ice_cubes","7","0","1","否","[那不勒斯风味]neapolitan-1.21.1-6.0.1.jar","data/neapolitan/recipe/ice.json","补充直接 ID/tag 锚点或人工确认成员","REVIEW"
"bakeries:matcha_parfait","T2","neapolitan:ice","neapolitan:ice_cubes","ITEM","bakeries:matcha_parfait -> minecraft:ice -> neapolitan:ice_cubes","8","0","1","否","[那不勒斯风味]neapolitan-1.21.1-6.0.1.jar","data/neapolitan/recipe/ice.json","补充直接 ID/tag 锚点或人工确认成员","REVIEW"
"bakeries:meat_floss_bread_roll","T2","bakeries:blender/olive_oil","bakeries:olive","ITEM","bakeries:meat_floss_bread_roll -> bakeries:bearnaise -> bakeries:olive_oil -> bakeries:olive","0","0","1","否","[烘焙坊]bakeries-1.21.1-NeoForge-1.0.1.jar","data/bakeries/recipe/blender/olive_oil.json","补充直接 ID/tag 锚点或人工确认成员","REVIEW"
"bakeries:meat_floss_bread_roll","T2","bakeries:blender/olive_oil","bakeries:olive","ITEM","bakeries:meat_floss_bread_roll -> bakeries:bearnaise -> bakeries:olive_oil -> bakeries:olive","1","0","1","否","[烘焙坊]bakeries-1.21.1-NeoForge-1.0.1.jar","data/bakeries/recipe/blender/olive_oil.json","补充直接 ID/tag 锚点或人工确认成员","REVIEW"
"bakeries:meat_floss_bread_roll","T2","bakeries:blender/olive_oil","bakeries:olive","ITEM","bakeries:meat_floss_bread_roll -> bakeries:bearnaise -> bakeries:olive_oil -> bakeries:olive","2","0","1","否","[烘焙坊]bakeries-1.21.1-NeoForge-1.0.1.jar","data/bakeries/recipe/blender/olive_oil.json","补充直接 ID/tag 锚点或人工确认成员","REVIEW"
"bakeries:meat_floss_bread_roll","T2","bakeries:blender/olive_oil","bakeries:olive","ITEM","bakeries:meat_floss_bread_roll -> bakeries:bearnaise -> bakeries:olive_oil -> bakeries:olive","3","0","1","否","[烘焙坊]bakeries-1.21.1-NeoForge-1.0.1.jar","data/bakeries/recipe/blender/olive_oil.json","补充直接 ID/tag 锚点或人工确认成员","REVIEW"
"bakeries:meat_floss_bread_roll","T2","bakeries:bread_knife/sliced_toast","bakeries:toast","ITEM","bakeries:meat_floss_bread_roll -> bakeries:sliced_toast -> bakeries:toast","0","0","1","否","[烘焙坊]bakeries-1.21.1-NeoForge-1.0.1.jar","data/bakeries/recipe/bread_knife/sliced_toast.json","补充直接 ID/tag 锚点或人工确认成员","REVIEW"
"bakeries:meat_floss_bread_roll","T2","bakeries:compat/create/olive_oil","bakeries:olive","ITEM","bakeries:meat_floss_bread_roll -> bakeries:bearnaise -> bakeries:olive_oil -> bakeries:olive","0","0","1","否","[烘焙坊]bakeries-1.21.1-NeoForge-1.0.1.jar","data/bakeries/recipe/compat/create/olive_oil.json","补充直接 ID/tag 锚点或人工确认成员","REVIEW"
"bakeries:meat_floss_bread_roll","T2","bakeries:compat/create/olive_oil","bakeries:olive","ITEM","bakeries:meat_floss_bread_roll -> bakeries:bearnaise -> bakeries:olive_oil -> bakeries:olive","1","0","1","否","[烘焙坊]bakeries-1.21.1-NeoForge-1.0.1.jar","data/bakeries/recipe/compat/create/olive_oil.json","补充直接 ID/tag 锚点或人工确认成员","REVIEW"
"bakeries:meat_floss_bread_roll","T2","bakeries:compat/create/olive_oil","bakeries:olive","ITEM","bakeries:meat_floss_bread_roll -> bakeries:bearnaise -> bakeries:olive_oil -> bakeries:olive","2","0","1","否","[烘焙坊]bakeries-1.21.1-NeoForge-1.0.1.jar","data/bakeries/recipe/compat/create/olive_oil.json","补充直接 ID/tag 锚点或人工确认成员","REVIEW"
"bakeries:meat_floss_bread_roll","T2","bakeries:compat/create/olive_oil","bakeries:olive","ITEM","bakeries:meat_floss_bread_roll -> bakeries:bearnaise -> bakeries:olive_oil -> bakeries:olive","3","0","1","否","[烘焙坊]bakeries-1.21.1-NeoForge-1.0.1.jar","data/bakeries/recipe/compat/create/olive_oil.json","补充直接 ID/tag 锚点或人工确认成员","REVIEW"
"bakeries:meat_floss_bread_roll","T2","bakeries:flour_bag","bakeries:flour","ITEM","bakeries:meat_floss_bread_roll -> bakeries:bearnaise -> bakeries:olive_oil -> minecraft:glass_bottle -> bakeries:butter_flour_sand -> bakeries:flour -> bakeries:flour_bag -> bakeries:flour","0","0","1","否","[烘焙坊]bakeries-1.21.1-NeoForge-1.0.1.jar","data/bakeries/recipe/flour_bag.json","补充直接 ID/tag 锚点或人工确认成员","REVIEW"
"bakeries:meat_floss_bread_roll","T2","bakeries:flour_bag","bakeries:flour","ITEM","bakeries:meat_floss_bread_roll -> bakeries:bearnaise -> bakeries:olive_oil -> minecraft:glass_bottle -> bakeries:butter_flour_sand -> bakeries:flour -> bakeries:flour_bag -> bakeries:flour","1","0","1","否","[烘焙坊]bakeries-1.21.1-NeoForge-1.0.1.jar","data/bakeries/recipe/flour_bag.json","补充直接 ID/tag 锚点或人工确认成员","REVIEW"
"bakeries:meat_floss_bread_roll","T2","bakeries:flour_bag","bakeries:flour","ITEM","bakeries:meat_floss_bread_roll -> bakeries:bearnaise -> bakeries:olive_oil -> minecraft:glass_bottle -> bakeries:butter_flour_sand -> bakeries:flour -> bakeries:flour_bag -> bakeries:flour","2","0","1","否","[烘焙坊]bakeries-1.21.1-NeoForge-1.0.1.jar","data/bakeries/recipe/flour_bag.json","补充直接 ID/tag 锚点或人工确认成员","REVIEW"
"bakeries:meat_floss_bread_roll","T2","bakeries:flour_bag","bakeries:flour","ITEM","bakeries:meat_floss_bread_roll -> bakeries:bearnaise -> bakeries:olive_oil -> minecraft:glass_bottle -> bakeries:butter_flour_sand -> bakeries:flour -> bakeries:flour_bag -> bakeries:flour","3","0","1","否","[烘焙坊]bakeries-1.21.1-NeoForge-1.0.1.jar","data/bakeries/recipe/flour_bag.json","补充直接 ID/tag 锚点或人工确认成员","REVIEW"
"bakeries:meat_floss_bread_roll","T2","bakeries:flour_bag","bakeries:flour","ITEM","bakeries:meat_floss_bread_roll -> bakeries:bearnaise -> bakeries:olive_oil -> minecraft:glass_bottle -> bakeries:butter_flour_sand -> bakeries:flour -> bakeries:flour_bag -> bakeries:flour","4","0","1","否","[烘焙坊]bakeries-1.21.1-NeoForge-1.0.1.jar","data/bakeries/recipe/flour_bag.json","补充直接 ID/tag 锚点或人工确认成员","REVIEW"
"bakeries:meat_floss_bread_roll","T2","bakeries:flour_bag","bakeries:flour","ITEM","bakeries:meat_floss_bread_roll -> bakeries:bearnaise -> bakeries:olive_oil -> minecraft:glass_bottle -> bakeries:butter_flour_sand -> bakeries:flour -> bakeries:flour_bag -> bakeries:flour","5","0","1","否","[烘焙坊]bakeries-1.21.1-NeoForge-1.0.1.jar","data/bakeries/recipe/flour_bag.json","补充直接 ID/tag 锚点或人工确认成员","REVIEW"
"bakeries:meat_floss_bread_roll","T2","bakeries:flour_bag","bakeries:flour","ITEM","bakeries:meat_floss_bread_roll -> bakeries:bearnaise -> bakeries:olive_oil -> minecraft:glass_bottle -> bakeries:butter_flour_sand -> bakeries:flour -> bakeries:flour_bag -> bakeries:flour","6","0","1","否","[烘焙坊]bakeries-1.21.1-NeoForge-1.0.1.jar","data/bakeries/recipe/flour_bag.json","补充直接 ID/tag 锚点或人工确认成员","REVIEW"
"bakeries:meat_floss_bread_roll","T2","bakeries:flour_bag","bakeries:flour","ITEM","bakeries:meat_floss_bread_roll -> bakeries:bearnaise -> bakeries:olive_oil -> minecraft:glass_bottle -> bakeries:butter_flour_sand -> bakeries:flour -> bakeries:flour_bag -> bakeries:flour","7","0","1","否","[烘焙坊]bakeries-1.21.1-NeoForge-1.0.1.jar","data/bakeries/recipe/flour_bag.json","补充直接 ID/tag 锚点或人工确认成员","REVIEW"
"bakeries:meat_floss_bread_roll","T2","bakeries:flour_bag","bakeries:flour","ITEM","bakeries:meat_floss_bread_roll -> bakeries:bearnaise -> bakeries:olive_oil -> minecraft:glass_bottle -> bakeries:butter_flour_sand -> bakeries:flour -> bakeries:flour_bag -> bakeries:flour","8","0","1","否","[烘焙坊]bakeries-1.21.1-NeoForge-1.0.1.jar","data/bakeries/recipe/flour_bag.json","补充直接 ID/tag 锚点或人工确认成员","REVIEW"
"bakeries:meat_floss_bread_roll","T2","bakeries:flour_sieve/flour","#c:flours/wheat","TAG","bakeries:meat_floss_bread_roll -> bakeries:bearnaise -> bakeries:olive_oil -> minecraft:glass_bottle -> bakeries:butter_flour_sand -> bakeries:flour -> #c:flours/wheat","0","0","1","否","[烘焙坊]bakeries-1.21.1-NeoForge-1.0.1.jar","data/bakeries/recipe/flour_sieve/flour.json","补充直接 ID/tag 锚点或人工确认成员","REVIEW"
"bakeries:meat_floss_bread_roll","T2","bakeries:integration/create/milling/flour","create:wheat_flour","ITEM","bakeries:meat_floss_bread_roll -> bakeries:bearnaise -> bakeries:olive_oil -> minecraft:glass_bottle -> bakeries:butter_flour_sand -> bakeries:flour -> create:wheat_flour","0","0","1","否","[烘焙坊]bakeries-1.21.1-NeoForge-1.0.1.jar","data/bakeries/recipe/integration/create/milling/flour.json","补充直接 ID/tag 锚点或人工确认成员","REVIEW"
"bakeries:meat_floss_bread_roll","T2","bakeries:integration/create/mixing/bearnaise_6","minecraft:glass_bottle","ITEM","bakeries:meat_floss_bread_roll -> bakeries:bearnaise -> bakeries:olive_oil -> minecraft:glass_bottle -> minecraft:glass_bottle","3","0","1","否","[烘焙坊]bakeries-1.21.1-NeoForge-1.0.1.jar","data/bakeries/recipe/integration/create/mixing/bearnaise_6.json","补充直接 ID/tag 锚点或人工确认成员","REVIEW"
"bakeries:meat_floss_bread_roll","T2","bakeries:integration/create/mixing/bottle_cream","minecraft:glass_bottle","ITEM","bakeries:meat_floss_bread_roll -> bakeries:bearnaise -> bakeries:olive_oil -> minecraft:glass_bottle -> bakeries:bottle_cream -> minecraft:glass_bottle","1","0","1","否","[烘焙坊]bakeries-1.21.1-NeoForge-1.0.1.jar","data/bakeries/recipe/integration/create/mixing/bottle_cream.json","补充直接 ID/tag 锚点或人工确认成员","REVIEW"
"bakeries:meat_floss_bread_roll","T2","bakeries:integration/create/mixing/butter_flour_sand","#c:butter","TAG","bakeries:meat_floss_bread_roll -> bakeries:bearnaise -> bakeries:olive_oil -> minecraft:glass_bottle -> bakeries:butter_flour_sand -> #c:butter","4","0","1","否","[烘焙坊]bakeries-1.21.1-NeoForge-1.0.1.jar","data/bakeries/recipe/integration/create/mixing/butter_flour_sand.json","补充直接 ID/tag 锚点或人工确认成员","REVIEW"
"bakeries:meat_floss_bread_roll","T2","bakeries:integration/create/mixing/butter_flour_sand","#c:butter","TAG","bakeries:meat_floss_bread_roll -> bakeries:bearnaise -> bakeries:olive_oil -> minecraft:glass_bottle -> bakeries:butter_flour_sand -> #c:butter","5","0","1","否","[烘焙坊]bakeries-1.21.1-NeoForge-1.0.1.jar","data/bakeries/recipe/integration/create/mixing/butter_flour_sand.json","补充直接 ID/tag 锚点或人工确认成员","REVIEW"
"bakeries:meat_floss_bread_roll","T2","bakeries:integration/create/mixing/butter_flour_sand","#c:salt","TAG","bakeries:meat_floss_bread_roll -> bakeries:bearnaise -> bakeries:olive_oil -> minecraft:glass_bottle -> bakeries:butter_flour_sand -> #c:salt","6","0","1","否","[烘焙坊]bakeries-1.21.1-NeoForge-1.0.1.jar","data/bakeries/recipe/integration/create/mixing/butter_flour_sand.json","补充直接 ID/tag 锚点或人工确认成员","REVIEW"
"bakeries:meat_floss_bread_roll","T2","bakeries:integration/create/mixing/olive_oil","bakeries:olive","ITEM","bakeries:meat_floss_bread_roll -> bakeries:bearnaise -> bakeries:olive_oil -> bakeries:olive","0","0","1","否","[烘焙坊]bakeries-1.21.1-NeoForge-1.0.1.jar","data/bakeries/recipe/integration/create/mixing/olive_oil.json","补充直接 ID/tag 锚点或人工确认成员","REVIEW"
"bakeries:meat_floss_bread_roll","T2","bakeries:integration/create/mixing/olive_oil","bakeries:olive","ITEM","bakeries:meat_floss_bread_roll -> bakeries:bearnaise -> bakeries:olive_oil -> bakeries:olive","1","0","1","否","[烘焙坊]bakeries-1.21.1-NeoForge-1.0.1.jar","data/bakeries/recipe/integration/create/mixing/olive_oil.json","补充直接 ID/tag 锚点或人工确认成员","REVIEW"
"bakeries:meat_floss_bread_roll","T2","bakeries:integration/create/mixing/olive_oil","bakeries:olive","ITEM","bakeries:meat_floss_bread_roll -> bakeries:bearnaise -> bakeries:olive_oil -> bakeries:olive","2","0","1","否","[烘焙坊]bakeries-1.21.1-NeoForge-1.0.1.jar","data/bakeries/recipe/integration/create/mixing/olive_oil.json","补充直接 ID/tag 锚点或人工确认成员","REVIEW"
"bakeries:meat_floss_bread_roll","T2","bakeries:integration/create/mixing/olive_oil","bakeries:olive","ITEM","bakeries:meat_floss_bread_roll -> bakeries:bearnaise -> bakeries:olive_oil -> bakeries:olive","3","0","1","否","[烘焙坊]bakeries-1.21.1-NeoForge-1.0.1.jar","data/bakeries/recipe/integration/create/mixing/olive_oil.json","补充直接 ID/tag 锚点或人工确认成员","REVIEW"
"bakeries:meat_floss_bread_roll","T2","bakeries:integration/create/mixing/pastry","bakeries:bottle_yeast","ITEM","bakeries:meat_floss_bread_roll -> bakeries:bearnaise -> bakeries:olive_oil -> minecraft:glass_bottle -> bakeries:bottle_yeast","2","0","1","否","[烘焙坊]bakeries-1.21.1-NeoForge-1.0.1.jar","data/bakeries/recipe/integration/create/mixing/pastry.json","补充直接 ID/tag 锚点或人工确认成员","REVIEW"
"bakeries:meat_floss_bread_roll","T2","bakeries:integration/create/mixing/salted_dough","#c:salt","TAG","bakeries:meat_floss_bread_roll -> bakeries:bearnaise -> bakeries:olive_oil -> minecraft:glass_bottle -> #c:salt","6","0","1","否","[烘焙坊]bakeries-1.21.1-NeoForge-1.0.1.jar","data/bakeries/recipe/integration/create/mixing/salted_dough.json","补充直接 ID/tag 锚点或人工确认成员","REVIEW"
"bakeries:meat_floss_bread_roll","T2","bakeries:integration/create/mixing/salted_dough","bakeries:bottle_yeast","ITEM","bakeries:meat_floss_bread_roll -> bakeries:bearnaise -> bakeries:olive_oil -> minecraft:glass_bottle -> bakeries:bottle_yeast","5","0","1","否","[烘焙坊]bakeries-1.21.1-NeoForge-1.0.1.jar","data/bakeries/recipe/integration/create/mixing/salted_dough.json","补充直接 ID/tag 锚点或人工确认成员","REVIEW"
"bakeries:meat_floss_bread_roll","T2","bakeries:integration/create/mixing/sweet_dough","#c:butter","TAG","bakeries:meat_floss_bread_roll -> bakeries:bearnaise -> bakeries:olive_oil -> minecraft:glass_bottle -> #c:butter","8","0","1","否","[烘焙坊]bakeries-1.21.1-NeoForge-1.0.1.jar","data/bakeries/recipe/integration/create/mixing/sweet_dough.json","补充直接 ID/tag 锚点或人工确认成员","REVIEW"
"bakeries:meat_floss_bread_roll","T2","bakeries:integration/create/mixing/sweet_dough","#c:salt","TAG","bakeries:meat_floss_bread_roll -> bakeries:bearnaise -> bakeries:olive_oil -> minecraft:glass_bottle -> #c:salt","7","0","1","否","[烘焙坊]bakeries-1.21.1-NeoForge-1.0.1.jar","data/bakeries/recipe/integration/create/mixing/sweet_dough.json","补充直接 ID/tag 锚点或人工确认成员","REVIEW"
"bakeries:meat_floss_bread_roll","T2","bakeries:integration/create/mixing/sweet_dough","bakeries:bottle_yeast","ITEM","bakeries:meat_floss_bread_roll -> bakeries:bearnaise -> bakeries:olive_oil -> minecraft:glass_bottle -> bakeries:bottle_yeast","6","0","1","否","[烘焙坊]bakeries-1.21.1-NeoForge-1.0.1.jar","data/bakeries/recipe/integration/create/mixing/sweet_dough.json","补充直接 ID/tag 锚点或人工确认成员","REVIEW"
"bakeries:meat_floss_bread_roll","T2","bakeries:integration/create/mixing/whole_wheat_dough","#c:flours/wheat","TAG","bakeries:meat_floss_bread_roll -> bakeries:bearnaise -> bakeries:olive_oil -> minecraft:glass_bottle -> #c:flours/wheat","0","0","1","否","[烘焙坊]bakeries-1.21.1-NeoForge-1.0.1.jar","data/bakeries/recipe/integration/create/mixing/whole_wheat_dough.json","补充直接 ID/tag 锚点或人工确认成员","REVIEW"
"bakeries:meat_floss_bread_roll","T2","bakeries:integration/create/mixing/whole_wheat_dough","#c:flours/wheat","TAG","bakeries:meat_floss_bread_roll -> bakeries:bearnaise -> bakeries:olive_oil -> minecraft:glass_bottle -> #c:flours/wheat","1","0","1","否","[烘焙坊]bakeries-1.21.1-NeoForge-1.0.1.jar","data/bakeries/recipe/integration/create/mixing/whole_wheat_dough.json","补充直接 ID/tag 锚点或人工确认成员","REVIEW"
"bakeries:meat_floss_bread_roll","T2","bakeries:integration/create/mixing/whole_wheat_dough","#c:flours/wheat","TAG","bakeries:meat_floss_bread_roll -> bakeries:bearnaise -> bakeries:olive_oil -> minecraft:glass_bottle -> #c:flours/wheat","2","0","1","否","[烘焙坊]bakeries-1.21.1-NeoForge-1.0.1.jar","data/bakeries/recipe/integration/create/mixing/whole_wheat_dough.json","补充直接 ID/tag 锚点或人工确认成员","REVIEW"
"bakeries:meat_floss_bread_roll","T2","bakeries:integration/create/mixing/whole_wheat_dough","#c:flours/wheat","TAG","bakeries:meat_floss_bread_roll -> bakeries:bearnaise -> bakeries:olive_oil -> minecraft:glass_bottle -> #c:flours/wheat","3","0","1","否","[烘焙坊]bakeries-1.21.1-NeoForge-1.0.1.jar","data/bakeries/recipe/integration/create/mixing/whole_wheat_dough.json","补充直接 ID/tag 锚点或人工确认成员","REVIEW"
"bakeries:meat_floss_bread_roll","T2","bakeries:integration/create/mixing/whole_wheat_dough","#c:salt","TAG","bakeries:meat_floss_bread_roll -> bakeries:bearnaise -> bakeries:olive_oil -> minecraft:glass_bottle -> #c:salt","5","0","1","否","[烘焙坊]bakeries-1.21.1-NeoForge-1.0.1.jar","data/bakeries/recipe/integration/create/mixing/whole_wheat_dough.json","补充直接 ID/tag 锚点或人工确认成员","REVIEW"
"bakeries:meat_floss_bread_roll","T2","bakeries:integration/create/mixing/whole_wheat_dough","bakeries:bottle_yeast","ITEM","bakeries:meat_floss_bread_roll -> bakeries:bearnaise -> bakeries:olive_oil -> minecraft:glass_bottle -> bakeries:bottle_yeast","4","0","1","否","[烘焙坊]bakeries-1.21.1-NeoForge-1.0.1.jar","data/bakeries/recipe/integration/create/mixing/whole_wheat_dough.json","补充直接 ID/tag 锚点或人工确认成员","REVIEW"
"bakeries:meat_floss_bread_roll","T2","bakeries:olive_oil","bakeries:olive","ITEM","bakeries:meat_floss_bread_roll -> bakeries:bearnaise -> bakeries:olive_oil -> bakeries:olive","0","0","4","否","[烘焙坊]bakeries-1.21.1-NeoForge-1.0.1.jar","data/bakeries/recipe/olive_oil.json","补充直接 ID/tag 锚点或人工确认成员","REVIEW"
"bakeries:pineapple_bun","T2","bakeries:blender/sweet_dough","#c:butter","TAG","bakeries:pineapple_bun -> bakeries:pineapple_bun_dough -> bakeries:round_bread_dough -> bakeries:sweet_dough -> #c:butter","8","0","1","否","[烘焙坊]bakeries-1.21.1-NeoForge-1.0.1.jar","data/bakeries/recipe/blender/sweet_dough.json","补充直接 ID/tag 锚点或人工确认成员","REVIEW"
"bakeries:pineapple_bun","T2","bakeries:blender/sweet_dough","#c:salt","TAG","bakeries:pineapple_bun -> bakeries:pineapple_bun_dough -> bakeries:round_bread_dough -> bakeries:sweet_dough -> #c:salt","7","0","1","否","[烘焙坊]bakeries-1.21.1-NeoForge-1.0.1.jar","data/bakeries/recipe/blender/sweet_dough.json","补充直接 ID/tag 锚点或人工确认成员","REVIEW"
"bakeries:pineapple_bun","T2","bakeries:blender/sweet_dough","bakeries:bottle_yeast","ITEM","bakeries:pineapple_bun -> bakeries:pineapple_bun_dough -> bakeries:round_bread_dough -> bakeries:sweet_dough -> bakeries:bottle_yeast","6","0","1","否","[烘焙坊]bakeries-1.21.1-NeoForge-1.0.1.jar","data/bakeries/recipe/blender/sweet_dough.json","补充直接 ID/tag 锚点或人工确认成员","REVIEW"
"bakeries:pineapple_bun","T2","bakeries:compat/create/sweet_dough","#c:butter","TAG","bakeries:pineapple_bun -> bakeries:pineapple_bun_dough -> bakeries:round_bread_dough -> bakeries:sweet_dough -> #c:butter","8","0","1","否","[烘焙坊]bakeries-1.21.1-NeoForge-1.0.1.jar","data/bakeries/recipe/compat/create/sweet_dough.json","补充直接 ID/tag 锚点或人工确认成员","REVIEW"
"bakeries:pineapple_bun","T2","bakeries:compat/create/sweet_dough","#c:salt","TAG","bakeries:pineapple_bun -> bakeries:pineapple_bun_dough -> bakeries:round_bread_dough -> bakeries:sweet_dough -> #c:salt","7","0","1","否","[烘焙坊]bakeries-1.21.1-NeoForge-1.0.1.jar","data/bakeries/recipe/compat/create/sweet_dough.json","补充直接 ID/tag 锚点或人工确认成员","REVIEW"
"bakeries:pineapple_bun","T2","bakeries:compat/create/sweet_dough","bakeries:bottle_yeast","ITEM","bakeries:pineapple_bun -> bakeries:pineapple_bun_dough -> bakeries:round_bread_dough -> bakeries:sweet_dough -> bakeries:bottle_yeast","6","0","1","否","[烘焙坊]bakeries-1.21.1-NeoForge-1.0.1.jar","data/bakeries/recipe/compat/create/sweet_dough.json","补充直接 ID/tag 锚点或人工确认成员","REVIEW"
"bakeries:pineapple_bun","T2","bakeries:flour_bag","bakeries:flour","ITEM","bakeries:pineapple_bun -> bakeries:pineapple_bun_dough -> bakeries:round_bread_dough -> bakeries:sweet_dough -> bakeries:flour -> bakeries:flour_bag -> bakeries:flour","0","0","1","否","[烘焙坊]bakeries-1.21.1-NeoForge-1.0.1.jar","data/bakeries/recipe/flour_bag.json","补充直接 ID/tag 锚点或人工确认成员","REVIEW"
"bakeries:pineapple_bun","T2","bakeries:flour_bag","bakeries:flour","ITEM","bakeries:pineapple_bun -> bakeries:pineapple_bun_dough -> bakeries:round_bread_dough -> bakeries:sweet_dough -> bakeries:flour -> bakeries:flour_bag -> bakeries:flour","1","0","1","否","[烘焙坊]bakeries-1.21.1-NeoForge-1.0.1.jar","data/bakeries/recipe/flour_bag.json","补充直接 ID/tag 锚点或人工确认成员","REVIEW"
"bakeries:pineapple_bun","T2","bakeries:flour_bag","bakeries:flour","ITEM","bakeries:pineapple_bun -> bakeries:pineapple_bun_dough -> bakeries:round_bread_dough -> bakeries:sweet_dough -> bakeries:flour -> bakeries:flour_bag -> bakeries:flour","2","0","1","否","[烘焙坊]bakeries-1.21.1-NeoForge-1.0.1.jar","data/bakeries/recipe/flour_bag.json","补充直接 ID/tag 锚点或人工确认成员","REVIEW"
"bakeries:pineapple_bun","T2","bakeries:flour_bag","bakeries:flour","ITEM","bakeries:pineapple_bun -> bakeries:pineapple_bun_dough -> bakeries:round_bread_dough -> bakeries:sweet_dough -> bakeries:flour -> bakeries:flour_bag -> bakeries:flour","3","0","1","否","[烘焙坊]bakeries-1.21.1-NeoForge-1.0.1.jar","data/bakeries/recipe/flour_bag.json","补充直接 ID/tag 锚点或人工确认成员","REVIEW"
"bakeries:pineapple_bun","T2","bakeries:flour_bag","bakeries:flour","ITEM","bakeries:pineapple_bun -> bakeries:pineapple_bun_dough -> bakeries:round_bread_dough -> bakeries:sweet_dough -> bakeries:flour -> bakeries:flour_bag -> bakeries:flour","4","0","1","否","[烘焙坊]bakeries-1.21.1-NeoForge-1.0.1.jar","data/bakeries/recipe/flour_bag.json","补充直接 ID/tag 锚点或人工确认成员","REVIEW"
"bakeries:pineapple_bun","T2","bakeries:flour_bag","bakeries:flour","ITEM","bakeries:pineapple_bun -> bakeries:pineapple_bun_dough -> bakeries:round_bread_dough -> bakeries:sweet_dough -> bakeries:flour -> bakeries:flour_bag -> bakeries:flour","5","0","1","否","[烘焙坊]bakeries-1.21.1-NeoForge-1.0.1.jar","data/bakeries/recipe/flour_bag.json","补充直接 ID/tag 锚点或人工确认成员","REVIEW"
"bakeries:pineapple_bun","T2","bakeries:flour_bag","bakeries:flour","ITEM","bakeries:pineapple_bun -> bakeries:pineapple_bun_dough -> bakeries:round_bread_dough -> bakeries:sweet_dough -> bakeries:flour -> bakeries:flour_bag -> bakeries:flour","6","0","1","否","[烘焙坊]bakeries-1.21.1-NeoForge-1.0.1.jar","data/bakeries/recipe/flour_bag.json","补充直接 ID/tag 锚点或人工确认成员","REVIEW"
"bakeries:pineapple_bun","T2","bakeries:flour_bag","bakeries:flour","ITEM","bakeries:pineapple_bun -> bakeries:pineapple_bun_dough -> bakeries:round_bread_dough -> bakeries:sweet_dough -> bakeries:flour -> bakeries:flour_bag -> bakeries:flour","7","0","1","否","[烘焙坊]bakeries-1.21.1-NeoForge-1.0.1.jar","data/bakeries/recipe/flour_bag.json","补充直接 ID/tag 锚点或人工确认成员","REVIEW"
"bakeries:pineapple_bun","T2","bakeries:flour_bag","bakeries:flour","ITEM","bakeries:pineapple_bun -> bakeries:pineapple_bun_dough -> bakeries:round_bread_dough -> bakeries:sweet_dough -> bakeries:flour -> bakeries:flour_bag -> bakeries:flour","8","0","1","否","[烘焙坊]bakeries-1.21.1-NeoForge-1.0.1.jar","data/bakeries/recipe/flour_bag.json","补充直接 ID/tag 锚点或人工确认成员","REVIEW"
"bakeries:pineapple_bun","T2","bakeries:flour_sieve/flour","#c:flours/wheat","TAG","bakeries:pineapple_bun -> bakeries:pineapple_bun_dough -> bakeries:round_bread_dough -> bakeries:sweet_dough -> bakeries:flour -> #c:flours/wheat","0","0","1","否","[烘焙坊]bakeries-1.21.1-NeoForge-1.0.1.jar","data/bakeries/recipe/flour_sieve/flour.json","补充直接 ID/tag 锚点或人工确认成员","REVIEW"
"bakeries:pineapple_bun","T2","bakeries:integration/create/milling/flour","create:wheat_flour","ITEM","bakeries:pineapple_bun -> bakeries:pineapple_bun_dough -> bakeries:round_bread_dough -> bakeries:sweet_dough -> bakeries:flour -> create:wheat_flour","0","0","1","否","[烘焙坊]bakeries-1.21.1-NeoForge-1.0.1.jar","data/bakeries/recipe/integration/create/milling/flour.json","补充直接 ID/tag 锚点或人工确认成员","REVIEW"
"bakeries:pineapple_bun","T2","bakeries:integration/create/mixing/sweet_dough","#c:butter","TAG","bakeries:pineapple_bun -> bakeries:pineapple_bun_dough -> bakeries:round_bread_dough -> bakeries:sweet_dough -> #c:butter","8","0","1","否","[烘焙坊]bakeries-1.21.1-NeoForge-1.0.1.jar","data/bakeries/recipe/integration/create/mixing/sweet_dough.json","补充直接 ID/tag 锚点或人工确认成员","REVIEW"
"bakeries:pineapple_bun","T2","bakeries:integration/create/mixing/sweet_dough","#c:salt","TAG","bakeries:pineapple_bun -> bakeries:pineapple_bun_dough -> bakeries:round_bread_dough -> bakeries:sweet_dough -> #c:salt","7","0","1","否","[烘焙坊]bakeries-1.21.1-NeoForge-1.0.1.jar","data/bakeries/recipe/integration/create/mixing/sweet_dough.json","补充直接 ID/tag 锚点或人工确认成员","REVIEW"
"bakeries:pineapple_bun","T2","bakeries:integration/create/mixing/sweet_dough","bakeries:bottle_yeast","ITEM","bakeries:pineapple_bun -> bakeries:pineapple_bun_dough -> bakeries:round_bread_dough -> bakeries:sweet_dough -> bakeries:bottle_yeast","6","0","1","否","[烘焙坊]bakeries-1.21.1-NeoForge-1.0.1.jar","data/bakeries/recipe/integration/create/mixing/sweet_dough.json","补充直接 ID/tag 锚点或人工确认成员","REVIEW"
"bakeries:pineapple_bun","T2","bakeries:pineapple_bun_dough","#c:butter","TAG","bakeries:pineapple_bun -> bakeries:pineapple_bun_dough -> #c:butter","1","0","1","否","[烘焙坊]bakeries-1.21.1-NeoForge-1.0.1.jar","data/bakeries/recipe/pineapple_bun_dough.json","补充直接 ID/tag 锚点或人工确认成员","REVIEW"
"bakeries:rice_bread","T2","bakeries:blender/sweet_dough","#c:butter","TAG","bakeries:rice_bread -> bakeries:rice_bread_dough -> bakeries:round_bread_dough -> bakeries:sweet_dough -> #c:butter","8","0","1","否","[烘焙坊]bakeries-1.21.1-NeoForge-1.0.1.jar","data/bakeries/recipe/blender/sweet_dough.json","补充直接 ID/tag 锚点或人工确认成员","REVIEW"
"bakeries:rice_bread","T2","bakeries:blender/sweet_dough","#c:salt","TAG","bakeries:rice_bread -> bakeries:rice_bread_dough -> bakeries:round_bread_dough -> bakeries:sweet_dough -> #c:salt","7","0","1","否","[烘焙坊]bakeries-1.21.1-NeoForge-1.0.1.jar","data/bakeries/recipe/blender/sweet_dough.json","补充直接 ID/tag 锚点或人工确认成员","REVIEW"
"bakeries:rice_bread","T2","bakeries:blender/sweet_dough","bakeries:bottle_yeast","ITEM","bakeries:rice_bread -> bakeries:rice_bread_dough -> bakeries:round_bread_dough -> bakeries:sweet_dough -> bakeries:bottle_yeast","6","0","1","否","[烘焙坊]bakeries-1.21.1-NeoForge-1.0.1.jar","data/bakeries/recipe/blender/sweet_dough.json","补充直接 ID/tag 锚点或人工确认成员","REVIEW"
"bakeries:rice_bread","T2","bakeries:compat/create/sweet_dough","#c:butter","TAG","bakeries:rice_bread -> bakeries:rice_bread_dough -> bakeries:round_bread_dough -> bakeries:sweet_dough -> #c:butter","8","0","1","否","[烘焙坊]bakeries-1.21.1-NeoForge-1.0.1.jar","data/bakeries/recipe/compat/create/sweet_dough.json","补充直接 ID/tag 锚点或人工确认成员","REVIEW"
"bakeries:rice_bread","T2","bakeries:compat/create/sweet_dough","#c:salt","TAG","bakeries:rice_bread -> bakeries:rice_bread_dough -> bakeries:round_bread_dough -> bakeries:sweet_dough -> #c:salt","7","0","1","否","[烘焙坊]bakeries-1.21.1-NeoForge-1.0.1.jar","data/bakeries/recipe/compat/create/sweet_dough.json","补充直接 ID/tag 锚点或人工确认成员","REVIEW"
"bakeries:rice_bread","T2","bakeries:compat/create/sweet_dough","bakeries:bottle_yeast","ITEM","bakeries:rice_bread -> bakeries:rice_bread_dough -> bakeries:round_bread_dough -> bakeries:sweet_dough -> bakeries:bottle_yeast","6","0","1","否","[烘焙坊]bakeries-1.21.1-NeoForge-1.0.1.jar","data/bakeries/recipe/compat/create/sweet_dough.json","补充直接 ID/tag 锚点或人工确认成员","REVIEW"
"bakeries:rice_bread","T2","bakeries:flour_bag","bakeries:flour","ITEM","bakeries:rice_bread -> bakeries:rice_bread_dough -> bakeries:round_bread_dough -> bakeries:sweet_dough -> bakeries:flour -> bakeries:flour_bag -> bakeries:flour","0","0","1","否","[烘焙坊]bakeries-1.21.1-NeoForge-1.0.1.jar","data/bakeries/recipe/flour_bag.json","补充直接 ID/tag 锚点或人工确认成员","REVIEW"
"bakeries:rice_bread","T2","bakeries:flour_bag","bakeries:flour","ITEM","bakeries:rice_bread -> bakeries:rice_bread_dough -> bakeries:round_bread_dough -> bakeries:sweet_dough -> bakeries:flour -> bakeries:flour_bag -> bakeries:flour","1","0","1","否","[烘焙坊]bakeries-1.21.1-NeoForge-1.0.1.jar","data/bakeries/recipe/flour_bag.json","补充直接 ID/tag 锚点或人工确认成员","REVIEW"
"bakeries:rice_bread","T2","bakeries:flour_bag","bakeries:flour","ITEM","bakeries:rice_bread -> bakeries:rice_bread_dough -> bakeries:round_bread_dough -> bakeries:sweet_dough -> bakeries:flour -> bakeries:flour_bag -> bakeries:flour","2","0","1","否","[烘焙坊]bakeries-1.21.1-NeoForge-1.0.1.jar","data/bakeries/recipe/flour_bag.json","补充直接 ID/tag 锚点或人工确认成员","REVIEW"
"bakeries:rice_bread","T2","bakeries:flour_bag","bakeries:flour","ITEM","bakeries:rice_bread -> bakeries:rice_bread_dough -> bakeries:round_bread_dough -> bakeries:sweet_dough -> bakeries:flour -> bakeries:flour_bag -> bakeries:flour","3","0","1","否","[烘焙坊]bakeries-1.21.1-NeoForge-1.0.1.jar","data/bakeries/recipe/flour_bag.json","补充直接 ID/tag 锚点或人工确认成员","REVIEW"
"bakeries:rice_bread","T2","bakeries:flour_bag","bakeries:flour","ITEM","bakeries:rice_bread -> bakeries:rice_bread_dough -> bakeries:round_bread_dough -> bakeries:sweet_dough -> bakeries:flour -> bakeries:flour_bag -> bakeries:flour","4","0","1","否","[烘焙坊]bakeries-1.21.1-NeoForge-1.0.1.jar","data/bakeries/recipe/flour_bag.json","补充直接 ID/tag 锚点或人工确认成员","REVIEW"
"bakeries:rice_bread","T2","bakeries:flour_bag","bakeries:flour","ITEM","bakeries:rice_bread -> bakeries:rice_bread_dough -> bakeries:round_bread_dough -> bakeries:sweet_dough -> bakeries:flour -> bakeries:flour_bag -> bakeries:flour","5","0","1","否","[烘焙坊]bakeries-1.21.1-NeoForge-1.0.1.jar","data/bakeries/recipe/flour_bag.json","补充直接 ID/tag 锚点或人工确认成员","REVIEW"
"bakeries:rice_bread","T2","bakeries:flour_bag","bakeries:flour","ITEM","bakeries:rice_bread -> bakeries:rice_bread_dough -> bakeries:round_bread_dough -> bakeries:sweet_dough -> bakeries:flour -> bakeries:flour_bag -> bakeries:flour","6","0","1","否","[烘焙坊]bakeries-1.21.1-NeoForge-1.0.1.jar","data/bakeries/recipe/flour_bag.json","补充直接 ID/tag 锚点或人工确认成员","REVIEW"
"bakeries:rice_bread","T2","bakeries:flour_bag","bakeries:flour","ITEM","bakeries:rice_bread -> bakeries:rice_bread_dough -> bakeries:round_bread_dough -> bakeries:sweet_dough -> bakeries:flour -> bakeries:flour_bag -> bakeries:flour","7","0","1","否","[烘焙坊]bakeries-1.21.1-NeoForge-1.0.1.jar","data/bakeries/recipe/flour_bag.json","补充直接 ID/tag 锚点或人工确认成员","REVIEW"
"bakeries:rice_bread","T2","bakeries:flour_bag","bakeries:flour","ITEM","bakeries:rice_bread -> bakeries:rice_bread_dough -> bakeries:round_bread_dough -> bakeries:sweet_dough -> bakeries:flour -> bakeries:flour_bag -> bakeries:flour","8","0","1","否","[烘焙坊]bakeries-1.21.1-NeoForge-1.0.1.jar","data/bakeries/recipe/flour_bag.json","补充直接 ID/tag 锚点或人工确认成员","REVIEW"
"bakeries:rice_bread","T2","bakeries:flour_sieve/flour","#c:flours/wheat","TAG","bakeries:rice_bread -> bakeries:rice_bread_dough -> bakeries:round_bread_dough -> bakeries:sweet_dough -> bakeries:flour -> #c:flours/wheat","0","0","1","否","[烘焙坊]bakeries-1.21.1-NeoForge-1.0.1.jar","data/bakeries/recipe/flour_sieve/flour.json","补充直接 ID/tag 锚点或人工确认成员","REVIEW"
"bakeries:rice_bread","T2","bakeries:integration/create/milling/flour","create:wheat_flour","ITEM","bakeries:rice_bread -> bakeries:rice_bread_dough -> bakeries:round_bread_dough -> bakeries:sweet_dough -> bakeries:flour -> create:wheat_flour","0","0","1","否","[烘焙坊]bakeries-1.21.1-NeoForge-1.0.1.jar","data/bakeries/recipe/integration/create/milling/flour.json","补充直接 ID/tag 锚点或人工确认成员","REVIEW"
"bakeries:rice_bread","T2","bakeries:integration/create/mixing/sweet_dough","#c:butter","TAG","bakeries:rice_bread -> bakeries:rice_bread_dough -> bakeries:round_bread_dough -> bakeries:sweet_dough -> #c:butter","8","0","1","否","[烘焙坊]bakeries-1.21.1-NeoForge-1.0.1.jar","data/bakeries/recipe/integration/create/mixing/sweet_dough.json","补充直接 ID/tag 锚点或人工确认成员","REVIEW"
"bakeries:rice_bread","T2","bakeries:integration/create/mixing/sweet_dough","#c:salt","TAG","bakeries:rice_bread -> bakeries:rice_bread_dough -> bakeries:round_bread_dough -> bakeries:sweet_dough -> #c:salt","7","0","1","否","[烘焙坊]bakeries-1.21.1-NeoForge-1.0.1.jar","data/bakeries/recipe/integration/create/mixing/sweet_dough.json","补充直接 ID/tag 锚点或人工确认成员","REVIEW"
"bakeries:rice_bread","T2","bakeries:integration/create/mixing/sweet_dough","bakeries:bottle_yeast","ITEM","bakeries:rice_bread -> bakeries:rice_bread_dough -> bakeries:round_bread_dough -> bakeries:sweet_dough -> bakeries:bottle_yeast","6","0","1","否","[烘焙坊]bakeries-1.21.1-NeoForge-1.0.1.jar","data/bakeries/recipe/integration/create/mixing/sweet_dough.json","补充直接 ID/tag 锚点或人工确认成员","REVIEW"
"bakeries:round_bread","T2","bakeries:blender/sweet_dough","#c:butter","TAG","bakeries:round_bread -> bakeries:round_bread_dough -> bakeries:sweet_dough -> #c:butter","8","0","1","否","[烘焙坊]bakeries-1.21.1-NeoForge-1.0.1.jar","data/bakeries/recipe/blender/sweet_dough.json","补充直接 ID/tag 锚点或人工确认成员","REVIEW"
"bakeries:round_bread","T2","bakeries:blender/sweet_dough","#c:salt","TAG","bakeries:round_bread -> bakeries:round_bread_dough -> bakeries:sweet_dough -> #c:salt","7","0","1","否","[烘焙坊]bakeries-1.21.1-NeoForge-1.0.1.jar","data/bakeries/recipe/blender/sweet_dough.json","补充直接 ID/tag 锚点或人工确认成员","REVIEW"
"bakeries:round_bread","T2","bakeries:blender/sweet_dough","bakeries:bottle_yeast","ITEM","bakeries:round_bread -> bakeries:round_bread_dough -> bakeries:sweet_dough -> bakeries:bottle_yeast","6","0","1","否","[烘焙坊]bakeries-1.21.1-NeoForge-1.0.1.jar","data/bakeries/recipe/blender/sweet_dough.json","补充直接 ID/tag 锚点或人工确认成员","REVIEW"
"bakeries:round_bread","T2","bakeries:compat/create/sweet_dough","#c:butter","TAG","bakeries:round_bread -> bakeries:round_bread_dough -> bakeries:sweet_dough -> #c:butter","8","0","1","否","[烘焙坊]bakeries-1.21.1-NeoForge-1.0.1.jar","data/bakeries/recipe/compat/create/sweet_dough.json","补充直接 ID/tag 锚点或人工确认成员","REVIEW"
"bakeries:round_bread","T2","bakeries:compat/create/sweet_dough","#c:salt","TAG","bakeries:round_bread -> bakeries:round_bread_dough -> bakeries:sweet_dough -> #c:salt","7","0","1","否","[烘焙坊]bakeries-1.21.1-NeoForge-1.0.1.jar","data/bakeries/recipe/compat/create/sweet_dough.json","补充直接 ID/tag 锚点或人工确认成员","REVIEW"
"bakeries:round_bread","T2","bakeries:compat/create/sweet_dough","bakeries:bottle_yeast","ITEM","bakeries:round_bread -> bakeries:round_bread_dough -> bakeries:sweet_dough -> bakeries:bottle_yeast","6","0","1","否","[烘焙坊]bakeries-1.21.1-NeoForge-1.0.1.jar","data/bakeries/recipe/compat/create/sweet_dough.json","补充直接 ID/tag 锚点或人工确认成员","REVIEW"
"bakeries:round_bread","T2","bakeries:flour_bag","bakeries:flour","ITEM","bakeries:round_bread -> bakeries:round_bread_dough -> bakeries:sweet_dough -> bakeries:flour -> bakeries:flour_bag -> bakeries:flour","0","0","1","否","[烘焙坊]bakeries-1.21.1-NeoForge-1.0.1.jar","data/bakeries/recipe/flour_bag.json","补充直接 ID/tag 锚点或人工确认成员","REVIEW"
"bakeries:round_bread","T2","bakeries:flour_bag","bakeries:flour","ITEM","bakeries:round_bread -> bakeries:round_bread_dough -> bakeries:sweet_dough -> bakeries:flour -> bakeries:flour_bag -> bakeries:flour","1","0","1","否","[烘焙坊]bakeries-1.21.1-NeoForge-1.0.1.jar","data/bakeries/recipe/flour_bag.json","补充直接 ID/tag 锚点或人工确认成员","REVIEW"
"bakeries:round_bread","T2","bakeries:flour_bag","bakeries:flour","ITEM","bakeries:round_bread -> bakeries:round_bread_dough -> bakeries:sweet_dough -> bakeries:flour -> bakeries:flour_bag -> bakeries:flour","2","0","1","否","[烘焙坊]bakeries-1.21.1-NeoForge-1.0.1.jar","data/bakeries/recipe/flour_bag.json","补充直接 ID/tag 锚点或人工确认成员","REVIEW"
"bakeries:round_bread","T2","bakeries:flour_bag","bakeries:flour","ITEM","bakeries:round_bread -> bakeries:round_bread_dough -> bakeries:sweet_dough -> bakeries:flour -> bakeries:flour_bag -> bakeries:flour","3","0","1","否","[烘焙坊]bakeries-1.21.1-NeoForge-1.0.1.jar","data/bakeries/recipe/flour_bag.json","补充直接 ID/tag 锚点或人工确认成员","REVIEW"
"bakeries:round_bread","T2","bakeries:flour_bag","bakeries:flour","ITEM","bakeries:round_bread -> bakeries:round_bread_dough -> bakeries:sweet_dough -> bakeries:flour -> bakeries:flour_bag -> bakeries:flour","4","0","1","否","[烘焙坊]bakeries-1.21.1-NeoForge-1.0.1.jar","data/bakeries/recipe/flour_bag.json","补充直接 ID/tag 锚点或人工确认成员","REVIEW"
"bakeries:round_bread","T2","bakeries:flour_bag","bakeries:flour","ITEM","bakeries:round_bread -> bakeries:round_bread_dough -> bakeries:sweet_dough -> bakeries:flour -> bakeries:flour_bag -> bakeries:flour","5","0","1","否","[烘焙坊]bakeries-1.21.1-NeoForge-1.0.1.jar","data/bakeries/recipe/flour_bag.json","补充直接 ID/tag 锚点或人工确认成员","REVIEW"
"bakeries:round_bread","T2","bakeries:flour_bag","bakeries:flour","ITEM","bakeries:round_bread -> bakeries:round_bread_dough -> bakeries:sweet_dough -> bakeries:flour -> bakeries:flour_bag -> bakeries:flour","6","0","1","否","[烘焙坊]bakeries-1.21.1-NeoForge-1.0.1.jar","data/bakeries/recipe/flour_bag.json","补充直接 ID/tag 锚点或人工确认成员","REVIEW"
"bakeries:round_bread","T2","bakeries:flour_bag","bakeries:flour","ITEM","bakeries:round_bread -> bakeries:round_bread_dough -> bakeries:sweet_dough -> bakeries:flour -> bakeries:flour_bag -> bakeries:flour","7","0","1","否","[烘焙坊]bakeries-1.21.1-NeoForge-1.0.1.jar","data/bakeries/recipe/flour_bag.json","补充直接 ID/tag 锚点或人工确认成员","REVIEW"
"bakeries:round_bread","T2","bakeries:flour_bag","bakeries:flour","ITEM","bakeries:round_bread -> bakeries:round_bread_dough -> bakeries:sweet_dough -> bakeries:flour -> bakeries:flour_bag -> bakeries:flour","8","0","1","否","[烘焙坊]bakeries-1.21.1-NeoForge-1.0.1.jar","data/bakeries/recipe/flour_bag.json","补充直接 ID/tag 锚点或人工确认成员","REVIEW"
"bakeries:round_bread","T2","bakeries:flour_sieve/flour","#c:flours/wheat","TAG","bakeries:round_bread -> bakeries:round_bread_dough -> bakeries:sweet_dough -> bakeries:flour -> #c:flours/wheat","0","0","1","否","[烘焙坊]bakeries-1.21.1-NeoForge-1.0.1.jar","data/bakeries/recipe/flour_sieve/flour.json","补充直接 ID/tag 锚点或人工确认成员","REVIEW"
"bakeries:round_bread","T2","bakeries:integration/create/milling/flour","create:wheat_flour","ITEM","bakeries:round_bread -> bakeries:round_bread_dough -> bakeries:sweet_dough -> bakeries:flour -> create:wheat_flour","0","0","1","否","[烘焙坊]bakeries-1.21.1-NeoForge-1.0.1.jar","data/bakeries/recipe/integration/create/milling/flour.json","补充直接 ID/tag 锚点或人工确认成员","REVIEW"
"bakeries:round_bread","T2","bakeries:integration/create/mixing/sweet_dough","#c:butter","TAG","bakeries:round_bread -> bakeries:round_bread_dough -> bakeries:sweet_dough -> #c:butter","8","0","1","否","[烘焙坊]bakeries-1.21.1-NeoForge-1.0.1.jar","data/bakeries/recipe/integration/create/mixing/sweet_dough.json","补充直接 ID/tag 锚点或人工确认成员","REVIEW"
"bakeries:round_bread","T2","bakeries:integration/create/mixing/sweet_dough","#c:salt","TAG","bakeries:round_bread -> bakeries:round_bread_dough -> bakeries:sweet_dough -> #c:salt","7","0","1","否","[烘焙坊]bakeries-1.21.1-NeoForge-1.0.1.jar","data/bakeries/recipe/integration/create/mixing/sweet_dough.json","补充直接 ID/tag 锚点或人工确认成员","REVIEW"
"bakeries:round_bread","T2","bakeries:integration/create/mixing/sweet_dough","bakeries:bottle_yeast","ITEM","bakeries:round_bread -> bakeries:round_bread_dough -> bakeries:sweet_dough -> bakeries:bottle_yeast","6","0","1","否","[烘焙坊]bakeries-1.21.1-NeoForge-1.0.1.jar","data/bakeries/recipe/integration/create/mixing/sweet_dough.json","补充直接 ID/tag 锚点或人工确认成员","REVIEW"
"bakeries:salmon_sandwich","T2","bakeries:bread_knife/sliced_toast","bakeries:toast","ITEM","bakeries:salmon_sandwich -> bakeries:sliced_toast -> bakeries:toast","0","0","1","否","[烘焙坊]bakeries-1.21.1-NeoForge-1.0.1.jar","data/bakeries/recipe/bread_knife/sliced_toast.json","补充直接 ID/tag 锚点或人工确认成员","REVIEW"
"bakeries:salt_croissant","T2","bakeries:blender/sweet_dough","#c:butter","TAG","bakeries:salt_croissant -> bakeries:salt_croissant_dough -> bakeries:croissant_dough -> bakeries:pastry -> bakeries:sweet_dough -> #c:butter","8","0","1","否","[烘焙坊]bakeries-1.21.1-NeoForge-1.0.1.jar","data/bakeries/recipe/blender/sweet_dough.json","补充直接 ID/tag 锚点或人工确认成员","REVIEW"
"bakeries:salt_croissant","T2","bakeries:blender/sweet_dough","#c:salt","TAG","bakeries:salt_croissant -> bakeries:salt_croissant_dough -> bakeries:croissant_dough -> bakeries:pastry -> bakeries:sweet_dough -> #c:salt","7","0","1","否","[烘焙坊]bakeries-1.21.1-NeoForge-1.0.1.jar","data/bakeries/recipe/blender/sweet_dough.json","补充直接 ID/tag 锚点或人工确认成员","REVIEW"
"bakeries:salt_croissant","T2","bakeries:blender/sweet_dough","bakeries:bottle_yeast","ITEM","bakeries:salt_croissant -> bakeries:salt_croissant_dough -> bakeries:croissant_dough -> bakeries:pastry -> bakeries:sweet_dough -> bakeries:bottle_yeast","6","0","1","否","[烘焙坊]bakeries-1.21.1-NeoForge-1.0.1.jar","data/bakeries/recipe/blender/sweet_dough.json","补充直接 ID/tag 锚点或人工确认成员","REVIEW"
"bakeries:salt_croissant","T2","bakeries:compat/create/sweet_dough","#c:butter","TAG","bakeries:salt_croissant -> bakeries:salt_croissant_dough -> bakeries:croissant_dough -> bakeries:pastry -> bakeries:sweet_dough -> #c:butter","8","0","1","否","[烘焙坊]bakeries-1.21.1-NeoForge-1.0.1.jar","data/bakeries/recipe/compat/create/sweet_dough.json","补充直接 ID/tag 锚点或人工确认成员","REVIEW"
"bakeries:salt_croissant","T2","bakeries:compat/create/sweet_dough","#c:salt","TAG","bakeries:salt_croissant -> bakeries:salt_croissant_dough -> bakeries:croissant_dough -> bakeries:pastry -> bakeries:sweet_dough -> #c:salt","7","0","1","否","[烘焙坊]bakeries-1.21.1-NeoForge-1.0.1.jar","data/bakeries/recipe/compat/create/sweet_dough.json","补充直接 ID/tag 锚点或人工确认成员","REVIEW"
"bakeries:salt_croissant","T2","bakeries:compat/create/sweet_dough","bakeries:bottle_yeast","ITEM","bakeries:salt_croissant -> bakeries:salt_croissant_dough -> bakeries:croissant_dough -> bakeries:pastry -> bakeries:sweet_dough -> bakeries:bottle_yeast","6","0","1","否","[烘焙坊]bakeries-1.21.1-NeoForge-1.0.1.jar","data/bakeries/recipe/compat/create/sweet_dough.json","补充直接 ID/tag 锚点或人工确认成员","REVIEW"
"bakeries:salt_croissant","T2","bakeries:flour_bag","bakeries:flour","ITEM","bakeries:salt_croissant -> bakeries:salt_croissant_dough -> bakeries:croissant_dough -> bakeries:pastry -> bakeries:butter_flour_sand -> bakeries:flour -> bakeries:flour_bag -> bakeries:flour","0","0","1","否","[烘焙坊]bakeries-1.21.1-NeoForge-1.0.1.jar","data/bakeries/recipe/flour_bag.json","补充直接 ID/tag 锚点或人工确认成员","REVIEW"
"bakeries:salt_croissant","T2","bakeries:flour_bag","bakeries:flour","ITEM","bakeries:salt_croissant -> bakeries:salt_croissant_dough -> bakeries:croissant_dough -> bakeries:pastry -> bakeries:butter_flour_sand -> bakeries:flour -> bakeries:flour_bag -> bakeries:flour","1","0","1","否","[烘焙坊]bakeries-1.21.1-NeoForge-1.0.1.jar","data/bakeries/recipe/flour_bag.json","补充直接 ID/tag 锚点或人工确认成员","REVIEW"
"bakeries:salt_croissant","T2","bakeries:flour_bag","bakeries:flour","ITEM","bakeries:salt_croissant -> bakeries:salt_croissant_dough -> bakeries:croissant_dough -> bakeries:pastry -> bakeries:butter_flour_sand -> bakeries:flour -> bakeries:flour_bag -> bakeries:flour","2","0","1","否","[烘焙坊]bakeries-1.21.1-NeoForge-1.0.1.jar","data/bakeries/recipe/flour_bag.json","补充直接 ID/tag 锚点或人工确认成员","REVIEW"
"bakeries:salt_croissant","T2","bakeries:flour_bag","bakeries:flour","ITEM","bakeries:salt_croissant -> bakeries:salt_croissant_dough -> bakeries:croissant_dough -> bakeries:pastry -> bakeries:butter_flour_sand -> bakeries:flour -> bakeries:flour_bag -> bakeries:flour","3","0","1","否","[烘焙坊]bakeries-1.21.1-NeoForge-1.0.1.jar","data/bakeries/recipe/flour_bag.json","补充直接 ID/tag 锚点或人工确认成员","REVIEW"
"bakeries:salt_croissant","T2","bakeries:flour_bag","bakeries:flour","ITEM","bakeries:salt_croissant -> bakeries:salt_croissant_dough -> bakeries:croissant_dough -> bakeries:pastry -> bakeries:butter_flour_sand -> bakeries:flour -> bakeries:flour_bag -> bakeries:flour","4","0","1","否","[烘焙坊]bakeries-1.21.1-NeoForge-1.0.1.jar","data/bakeries/recipe/flour_bag.json","补充直接 ID/tag 锚点或人工确认成员","REVIEW"
"bakeries:salt_croissant","T2","bakeries:flour_bag","bakeries:flour","ITEM","bakeries:salt_croissant -> bakeries:salt_croissant_dough -> bakeries:croissant_dough -> bakeries:pastry -> bakeries:butter_flour_sand -> bakeries:flour -> bakeries:flour_bag -> bakeries:flour","5","0","1","否","[烘焙坊]bakeries-1.21.1-NeoForge-1.0.1.jar","data/bakeries/recipe/flour_bag.json","补充直接 ID/tag 锚点或人工确认成员","REVIEW"
"bakeries:salt_croissant","T2","bakeries:flour_bag","bakeries:flour","ITEM","bakeries:salt_croissant -> bakeries:salt_croissant_dough -> bakeries:croissant_dough -> bakeries:pastry -> bakeries:butter_flour_sand -> bakeries:flour -> bakeries:flour_bag -> bakeries:flour","6","0","1","否","[烘焙坊]bakeries-1.21.1-NeoForge-1.0.1.jar","data/bakeries/recipe/flour_bag.json","补充直接 ID/tag 锚点或人工确认成员","REVIEW"
"bakeries:salt_croissant","T2","bakeries:flour_bag","bakeries:flour","ITEM","bakeries:salt_croissant -> bakeries:salt_croissant_dough -> bakeries:croissant_dough -> bakeries:pastry -> bakeries:butter_flour_sand -> bakeries:flour -> bakeries:flour_bag -> bakeries:flour","7","0","1","否","[烘焙坊]bakeries-1.21.1-NeoForge-1.0.1.jar","data/bakeries/recipe/flour_bag.json","补充直接 ID/tag 锚点或人工确认成员","REVIEW"
"bakeries:salt_croissant","T2","bakeries:flour_bag","bakeries:flour","ITEM","bakeries:salt_croissant -> bakeries:salt_croissant_dough -> bakeries:croissant_dough -> bakeries:pastry -> bakeries:butter_flour_sand -> bakeries:flour -> bakeries:flour_bag -> bakeries:flour","8","0","1","否","[烘焙坊]bakeries-1.21.1-NeoForge-1.0.1.jar","data/bakeries/recipe/flour_bag.json","补充直接 ID/tag 锚点或人工确认成员","REVIEW"
"bakeries:salt_croissant","T2","bakeries:flour_sieve/flour","#c:flours/wheat","TAG","bakeries:salt_croissant -> bakeries:salt_croissant_dough -> bakeries:croissant_dough -> bakeries:pastry -> bakeries:butter_flour_sand -> bakeries:flour -> #c:flours/wheat","0","0","1","否","[烘焙坊]bakeries-1.21.1-NeoForge-1.0.1.jar","data/bakeries/recipe/flour_sieve/flour.json","补充直接 ID/tag 锚点或人工确认成员","REVIEW"
"bakeries:salt_croissant","T2","bakeries:integration/create/milling/flour","create:wheat_flour","ITEM","bakeries:salt_croissant -> bakeries:salt_croissant_dough -> bakeries:croissant_dough -> bakeries:pastry -> bakeries:butter_flour_sand -> bakeries:flour -> create:wheat_flour","0","0","1","否","[烘焙坊]bakeries-1.21.1-NeoForge-1.0.1.jar","data/bakeries/recipe/integration/create/milling/flour.json","补充直接 ID/tag 锚点或人工确认成员","REVIEW"
"bakeries:salt_croissant","T2","bakeries:integration/create/mixing/butter_flour_sand","#c:butter","TAG","bakeries:salt_croissant -> bakeries:salt_croissant_dough -> bakeries:croissant_dough -> bakeries:pastry -> bakeries:butter_flour_sand -> #c:butter","4","0","1","否","[烘焙坊]bakeries-1.21.1-NeoForge-1.0.1.jar","data/bakeries/recipe/integration/create/mixing/butter_flour_sand.json","补充直接 ID/tag 锚点或人工确认成员","REVIEW"
"bakeries:salt_croissant","T2","bakeries:integration/create/mixing/butter_flour_sand","#c:butter","TAG","bakeries:salt_croissant -> bakeries:salt_croissant_dough -> bakeries:croissant_dough -> bakeries:pastry -> bakeries:butter_flour_sand -> #c:butter","5","0","1","否","[烘焙坊]bakeries-1.21.1-NeoForge-1.0.1.jar","data/bakeries/recipe/integration/create/mixing/butter_flour_sand.json","补充直接 ID/tag 锚点或人工确认成员","REVIEW"
"bakeries:salt_croissant","T2","bakeries:integration/create/mixing/butter_flour_sand","#c:salt","TAG","bakeries:salt_croissant -> bakeries:salt_croissant_dough -> bakeries:croissant_dough -> bakeries:pastry -> bakeries:butter_flour_sand -> #c:salt","6","0","1","否","[烘焙坊]bakeries-1.21.1-NeoForge-1.0.1.jar","data/bakeries/recipe/integration/create/mixing/butter_flour_sand.json","补充直接 ID/tag 锚点或人工确认成员","REVIEW"
"bakeries:salt_croissant","T2","bakeries:integration/create/mixing/pastry","bakeries:bottle_yeast","ITEM","bakeries:salt_croissant -> bakeries:salt_croissant_dough -> bakeries:croissant_dough -> bakeries:pastry -> bakeries:bottle_yeast","2","0","1","否","[烘焙坊]bakeries-1.21.1-NeoForge-1.0.1.jar","data/bakeries/recipe/integration/create/mixing/pastry.json","补充直接 ID/tag 锚点或人工确认成员","REVIEW"
"bakeries:salt_croissant","T2","bakeries:integration/create/mixing/sweet_dough","#c:butter","TAG","bakeries:salt_croissant -> bakeries:salt_croissant_dough -> bakeries:croissant_dough -> bakeries:pastry -> bakeries:sweet_dough -> #c:butter","8","0","1","否","[烘焙坊]bakeries-1.21.1-NeoForge-1.0.1.jar","data/bakeries/recipe/integration/create/mixing/sweet_dough.json","补充直接 ID/tag 锚点或人工确认成员","REVIEW"
"bakeries:salt_croissant","T2","bakeries:integration/create/mixing/sweet_dough","#c:salt","TAG","bakeries:salt_croissant -> bakeries:salt_croissant_dough -> bakeries:croissant_dough -> bakeries:pastry -> bakeries:sweet_dough -> #c:salt","7","0","1","否","[烘焙坊]bakeries-1.21.1-NeoForge-1.0.1.jar","data/bakeries/recipe/integration/create/mixing/sweet_dough.json","补充直接 ID/tag 锚点或人工确认成员","REVIEW"
"bakeries:salt_croissant","T2","bakeries:integration/create/mixing/sweet_dough","bakeries:bottle_yeast","ITEM","bakeries:salt_croissant -> bakeries:salt_croissant_dough -> bakeries:croissant_dough -> bakeries:pastry -> bakeries:sweet_dough -> bakeries:bottle_yeast","6","0","1","否","[烘焙坊]bakeries-1.21.1-NeoForge-1.0.1.jar","data/bakeries/recipe/integration/create/mixing/sweet_dough.json","补充直接 ID/tag 锚点或人工确认成员","REVIEW"
"bakeries:salt_croissant","T2","bakeries:pastry","#c:butter","TAG","bakeries:salt_croissant -> bakeries:salt_croissant_dough -> bakeries:croissant_dough -> bakeries:pastry -> #c:butter","1","0","1","否","[烘焙坊]bakeries-1.21.1-NeoForge-1.0.1.jar","data/bakeries/recipe/pastry.json","补充直接 ID/tag 锚点或人工确认成员","REVIEW"
"bakeries:salt_croissant","T2","bakeries:salt_croissant_dough","#c:salt","TAG","bakeries:salt_croissant -> bakeries:salt_croissant_dough -> #c:salt","1","0","1","否","[烘焙坊]bakeries-1.21.1-NeoForge-1.0.1.jar","data/bakeries/recipe/salt_croissant_dough.json","补充直接 ID/tag 锚点或人工确认成员","REVIEW"
"bakeries:sliced_cheese_cocoa_toast","T2","bakeries:bread_knife/sliced_cheese_cocoa_toast","bakeries:cheese_cocoa_toast","ITEM","bakeries:sliced_cheese_cocoa_toast -> bakeries:cheese_cocoa_toast","0","0","1","否","[烘焙坊]bakeries-1.21.1-NeoForge-1.0.1.jar","data/bakeries/recipe/bread_knife/sliced_cheese_cocoa_toast.json","补充直接 ID/tag 锚点或人工确认成员","REVIEW"
"bakeries:sliced_toast","T2","bakeries:bread_knife/sliced_toast","bakeries:toast","ITEM","bakeries:sliced_toast -> bakeries:toast","0","0","1","否","[烘焙坊]bakeries-1.21.1-NeoForge-1.0.1.jar","data/bakeries/recipe/bread_knife/sliced_toast.json","补充直接 ID/tag 锚点或人工确认成员","REVIEW"
"bakeries:taro_salt_yolk_bread","T2","bakeries:blender/sweet_dough","#c:butter","TAG","bakeries:taro_salt_yolk_bread -> bakeries:round_bread -> bakeries:round_bread_dough -> bakeries:sweet_dough -> #c:butter","8","0","1","否","[烘焙坊]bakeries-1.21.1-NeoForge-1.0.1.jar","data/bakeries/recipe/blender/sweet_dough.json","补充直接 ID/tag 锚点或人工确认成员","REVIEW"
"bakeries:taro_salt_yolk_bread","T2","bakeries:blender/sweet_dough","#c:salt","TAG","bakeries:taro_salt_yolk_bread -> bakeries:round_bread -> bakeries:round_bread_dough -> bakeries:sweet_dough -> #c:salt","7","0","1","否","[烘焙坊]bakeries-1.21.1-NeoForge-1.0.1.jar","data/bakeries/recipe/blender/sweet_dough.json","补充直接 ID/tag 锚点或人工确认成员","REVIEW"
"bakeries:taro_salt_yolk_bread","T2","bakeries:blender/sweet_dough","bakeries:bottle_yeast","ITEM","bakeries:taro_salt_yolk_bread -> bakeries:round_bread -> bakeries:round_bread_dough -> bakeries:sweet_dough -> bakeries:bottle_yeast","6","0","1","否","[烘焙坊]bakeries-1.21.1-NeoForge-1.0.1.jar","data/bakeries/recipe/blender/sweet_dough.json","补充直接 ID/tag 锚点或人工确认成员","REVIEW"
"bakeries:taro_salt_yolk_bread","T2","bakeries:compat/create/sweet_dough","#c:butter","TAG","bakeries:taro_salt_yolk_bread -> bakeries:round_bread -> bakeries:round_bread_dough -> bakeries:sweet_dough -> #c:butter","8","0","1","否","[烘焙坊]bakeries-1.21.1-NeoForge-1.0.1.jar","data/bakeries/recipe/compat/create/sweet_dough.json","补充直接 ID/tag 锚点或人工确认成员","REVIEW"
"bakeries:taro_salt_yolk_bread","T2","bakeries:compat/create/sweet_dough","#c:salt","TAG","bakeries:taro_salt_yolk_bread -> bakeries:round_bread -> bakeries:round_bread_dough -> bakeries:sweet_dough -> #c:salt","7","0","1","否","[烘焙坊]bakeries-1.21.1-NeoForge-1.0.1.jar","data/bakeries/recipe/compat/create/sweet_dough.json","补充直接 ID/tag 锚点或人工确认成员","REVIEW"
"bakeries:taro_salt_yolk_bread","T2","bakeries:compat/create/sweet_dough","bakeries:bottle_yeast","ITEM","bakeries:taro_salt_yolk_bread -> bakeries:round_bread -> bakeries:round_bread_dough -> bakeries:sweet_dough -> bakeries:bottle_yeast","6","0","1","否","[烘焙坊]bakeries-1.21.1-NeoForge-1.0.1.jar","data/bakeries/recipe/compat/create/sweet_dough.json","补充直接 ID/tag 锚点或人工确认成员","REVIEW"
"bakeries:taro_salt_yolk_bread","T2","bakeries:cooked_taro_campfire_cooking","bakeries:taro","ITEM","bakeries:taro_salt_yolk_bread -> bakeries:mashed_taro -> bakeries:cooked_taro -> bakeries:taro","0","0","1","否","[烘焙坊]bakeries-1.21.1-NeoForge-1.0.1.jar","data/bakeries/recipe/cooked_taro_campfire_cooking.json","补充直接 ID/tag 锚点或人工确认成员","REVIEW"
"bakeries:taro_salt_yolk_bread","T2","bakeries:cooked_taro_smoking","bakeries:taro","ITEM","bakeries:taro_salt_yolk_bread -> bakeries:mashed_taro -> bakeries:cooked_taro -> bakeries:taro","0","0","1","否","[烘焙坊]bakeries-1.21.1-NeoForge-1.0.1.jar","data/bakeries/recipe/cooked_taro_smoking.json","补充直接 ID/tag 锚点或人工确认成员","REVIEW"
"bakeries:taro_salt_yolk_bread","T2","bakeries:cooked_taro","bakeries:taro","ITEM","bakeries:taro_salt_yolk_bread -> bakeries:mashed_taro -> bakeries:cooked_taro -> bakeries:taro","0","0","1","否","[烘焙坊]bakeries-1.21.1-NeoForge-1.0.1.jar","data/bakeries/recipe/cooked_taro.json","补充直接 ID/tag 锚点或人工确认成员","REVIEW"
"bakeries:taro_salt_yolk_bread","T2","bakeries:flour_bag","bakeries:flour","ITEM","bakeries:taro_salt_yolk_bread -> bakeries:round_bread -> bakeries:round_bread_dough -> bakeries:sweet_dough -> bakeries:flour -> bakeries:flour_bag -> bakeries:flour","0","0","1","否","[烘焙坊]bakeries-1.21.1-NeoForge-1.0.1.jar","data/bakeries/recipe/flour_bag.json","补充直接 ID/tag 锚点或人工确认成员","REVIEW"
"bakeries:taro_salt_yolk_bread","T2","bakeries:flour_bag","bakeries:flour","ITEM","bakeries:taro_salt_yolk_bread -> bakeries:round_bread -> bakeries:round_bread_dough -> bakeries:sweet_dough -> bakeries:flour -> bakeries:flour_bag -> bakeries:flour","1","0","1","否","[烘焙坊]bakeries-1.21.1-NeoForge-1.0.1.jar","data/bakeries/recipe/flour_bag.json","补充直接 ID/tag 锚点或人工确认成员","REVIEW"
"bakeries:taro_salt_yolk_bread","T2","bakeries:flour_bag","bakeries:flour","ITEM","bakeries:taro_salt_yolk_bread -> bakeries:round_bread -> bakeries:round_bread_dough -> bakeries:sweet_dough -> bakeries:flour -> bakeries:flour_bag -> bakeries:flour","2","0","1","否","[烘焙坊]bakeries-1.21.1-NeoForge-1.0.1.jar","data/bakeries/recipe/flour_bag.json","补充直接 ID/tag 锚点或人工确认成员","REVIEW"
"bakeries:taro_salt_yolk_bread","T2","bakeries:flour_bag","bakeries:flour","ITEM","bakeries:taro_salt_yolk_bread -> bakeries:round_bread -> bakeries:round_bread_dough -> bakeries:sweet_dough -> bakeries:flour -> bakeries:flour_bag -> bakeries:flour","3","0","1","否","[烘焙坊]bakeries-1.21.1-NeoForge-1.0.1.jar","data/bakeries/recipe/flour_bag.json","补充直接 ID/tag 锚点或人工确认成员","REVIEW"
"bakeries:taro_salt_yolk_bread","T2","bakeries:flour_bag","bakeries:flour","ITEM","bakeries:taro_salt_yolk_bread -> bakeries:round_bread -> bakeries:round_bread_dough -> bakeries:sweet_dough -> bakeries:flour -> bakeries:flour_bag -> bakeries:flour","4","0","1","否","[烘焙坊]bakeries-1.21.1-NeoForge-1.0.1.jar","data/bakeries/recipe/flour_bag.json","补充直接 ID/tag 锚点或人工确认成员","REVIEW"
"bakeries:taro_salt_yolk_bread","T2","bakeries:flour_bag","bakeries:flour","ITEM","bakeries:taro_salt_yolk_bread -> bakeries:round_bread -> bakeries:round_bread_dough -> bakeries:sweet_dough -> bakeries:flour -> bakeries:flour_bag -> bakeries:flour","5","0","1","否","[烘焙坊]bakeries-1.21.1-NeoForge-1.0.1.jar","data/bakeries/recipe/flour_bag.json","补充直接 ID/tag 锚点或人工确认成员","REVIEW"
"bakeries:taro_salt_yolk_bread","T2","bakeries:flour_bag","bakeries:flour","ITEM","bakeries:taro_salt_yolk_bread -> bakeries:round_bread -> bakeries:round_bread_dough -> bakeries:sweet_dough -> bakeries:flour -> bakeries:flour_bag -> bakeries:flour","6","0","1","否","[烘焙坊]bakeries-1.21.1-NeoForge-1.0.1.jar","data/bakeries/recipe/flour_bag.json","补充直接 ID/tag 锚点或人工确认成员","REVIEW"
"bakeries:taro_salt_yolk_bread","T2","bakeries:flour_bag","bakeries:flour","ITEM","bakeries:taro_salt_yolk_bread -> bakeries:round_bread -> bakeries:round_bread_dough -> bakeries:sweet_dough -> bakeries:flour -> bakeries:flour_bag -> bakeries:flour","7","0","1","否","[烘焙坊]bakeries-1.21.1-NeoForge-1.0.1.jar","data/bakeries/recipe/flour_bag.json","补充直接 ID/tag 锚点或人工确认成员","REVIEW"
"bakeries:taro_salt_yolk_bread","T2","bakeries:flour_bag","bakeries:flour","ITEM","bakeries:taro_salt_yolk_bread -> bakeries:round_bread -> bakeries:round_bread_dough -> bakeries:sweet_dough -> bakeries:flour -> bakeries:flour_bag -> bakeries:flour","8","0","1","否","[烘焙坊]bakeries-1.21.1-NeoForge-1.0.1.jar","data/bakeries/recipe/flour_bag.json","补充直接 ID/tag 锚点或人工确认成员","REVIEW"
"bakeries:taro_salt_yolk_bread","T2","bakeries:flour_sieve/flour","#c:flours/wheat","TAG","bakeries:taro_salt_yolk_bread -> bakeries:round_bread -> bakeries:round_bread_dough -> bakeries:sweet_dough -> bakeries:flour -> #c:flours/wheat","0","0","1","否","[烘焙坊]bakeries-1.21.1-NeoForge-1.0.1.jar","data/bakeries/recipe/flour_sieve/flour.json","补充直接 ID/tag 锚点或人工确认成员","REVIEW"
"bakeries:taro_salt_yolk_bread","T2","bakeries:integration/create/milling/flour","create:wheat_flour","ITEM","bakeries:taro_salt_yolk_bread -> bakeries:round_bread -> bakeries:round_bread_dough -> bakeries:sweet_dough -> bakeries:flour -> create:wheat_flour","0","0","1","否","[烘焙坊]bakeries-1.21.1-NeoForge-1.0.1.jar","data/bakeries/recipe/integration/create/milling/flour.json","补充直接 ID/tag 锚点或人工确认成员","REVIEW"
"bakeries:taro_salt_yolk_bread","T2","bakeries:integration/create/mixing/bearnaise_6","minecraft:glass_bottle","ITEM","bakeries:taro_salt_yolk_bread -> bakeries:mashed_taro -> bakeries:bottle_cream -> minecraft:glass_bottle -> minecraft:glass_bottle","3","0","1","否","[烘焙坊]bakeries-1.21.1-NeoForge-1.0.1.jar","data/bakeries/recipe/integration/create/mixing/bearnaise_6.json","补充直接 ID/tag 锚点或人工确认成员","REVIEW"
"bakeries:taro_salt_yolk_bread","T2","bakeries:integration/create/mixing/butter_cube","bakeries:bottle_cream","ITEM","bakeries:taro_salt_yolk_bread -> bakeries:mashed_taro -> bakeries:bottle_cream -> minecraft:glass_bottle -> bakeries:bottle_cream","0","0","1","否","[烘焙坊]bakeries-1.21.1-NeoForge-1.0.1.jar","data/bakeries/recipe/integration/create/mixing/butter_cube.json","补充直接 ID/tag 锚点或人工确认成员","REVIEW"
"bakeries:taro_salt_yolk_bread","T2","bakeries:integration/create/mixing/butter_flour_sand","#c:butter","TAG","bakeries:taro_salt_yolk_bread -> bakeries:mashed_taro -> bakeries:bottle_cream -> minecraft:glass_bottle -> bakeries:butter_flour_sand -> #c:butter","4","0","1","否","[烘焙坊]bakeries-1.21.1-NeoForge-1.0.1.jar","data/bakeries/recipe/integration/create/mixing/butter_flour_sand.json","补充直接 ID/tag 锚点或人工确认成员","REVIEW"
"bakeries:taro_salt_yolk_bread","T2","bakeries:integration/create/mixing/butter_flour_sand","#c:butter","TAG","bakeries:taro_salt_yolk_bread -> bakeries:mashed_taro -> bakeries:bottle_cream -> minecraft:glass_bottle -> bakeries:butter_flour_sand -> #c:butter","5","0","1","否","[烘焙坊]bakeries-1.21.1-NeoForge-1.0.1.jar","data/bakeries/recipe/integration/create/mixing/butter_flour_sand.json","补充直接 ID/tag 锚点或人工确认成员","REVIEW"
"bakeries:taro_salt_yolk_bread","T2","bakeries:integration/create/mixing/butter_flour_sand","#c:salt","TAG","bakeries:taro_salt_yolk_bread -> bakeries:mashed_taro -> bakeries:bottle_cream -> minecraft:glass_bottle -> bakeries:butter_flour_sand -> #c:salt","6","0","1","否","[烘焙坊]bakeries-1.21.1-NeoForge-1.0.1.jar","data/bakeries/recipe/integration/create/mixing/butter_flour_sand.json","补充直接 ID/tag 锚点或人工确认成员","REVIEW"
"bakeries:taro_salt_yolk_bread","T2","bakeries:integration/create/mixing/foamed_cream","bakeries:bottle_cream","ITEM","bakeries:taro_salt_yolk_bread -> bakeries:mashed_taro -> bakeries:bottle_cream -> minecraft:glass_bottle -> bakeries:bottle_cream","0","0","1","否","[烘焙坊]bakeries-1.21.1-NeoForge-1.0.1.jar","data/bakeries/recipe/integration/create/mixing/foamed_cream.json","补充直接 ID/tag 锚点或人工确认成员","REVIEW"
"bakeries:taro_salt_yolk_bread","T2","bakeries:integration/create/mixing/foamed_cream","bakeries:bottle_cream","ITEM","bakeries:taro_salt_yolk_bread -> bakeries:mashed_taro -> bakeries:bottle_cream -> minecraft:glass_bottle -> bakeries:bottle_cream","1","0","1","否","[烘焙坊]bakeries-1.21.1-NeoForge-1.0.1.jar","data/bakeries/recipe/integration/create/mixing/foamed_cream.json","补充直接 ID/tag 锚点或人工确认成员","REVIEW"
"bakeries:taro_salt_yolk_bread","T2","bakeries:integration/create/mixing/pastry","bakeries:bottle_yeast","ITEM","bakeries:taro_salt_yolk_bread -> bakeries:mashed_taro -> bakeries:bottle_cream -> minecraft:glass_bottle -> bakeries:bottle_yeast","2","0","1","否","[烘焙坊]bakeries-1.21.1-NeoForge-1.0.1.jar","data/bakeries/recipe/integration/create/mixing/pastry.json","补充直接 ID/tag 锚点或人工确认成员","REVIEW"
"bakeries:taro_salt_yolk_bread","T2","bakeries:integration/create/mixing/salted_dough","#c:salt","TAG","bakeries:taro_salt_yolk_bread -> bakeries:mashed_taro -> bakeries:bottle_cream -> minecraft:glass_bottle -> #c:salt","6","0","1","否","[烘焙坊]bakeries-1.21.1-NeoForge-1.0.1.jar","data/bakeries/recipe/integration/create/mixing/salted_dough.json","补充直接 ID/tag 锚点或人工确认成员","REVIEW"
"bakeries:taro_salt_yolk_bread","T2","bakeries:integration/create/mixing/salted_dough","bakeries:bottle_yeast","ITEM","bakeries:taro_salt_yolk_bread -> bakeries:mashed_taro -> bakeries:bottle_cream -> minecraft:glass_bottle -> bakeries:bottle_yeast","5","0","1","否","[烘焙坊]bakeries-1.21.1-NeoForge-1.0.1.jar","data/bakeries/recipe/integration/create/mixing/salted_dough.json","补充直接 ID/tag 锚点或人工确认成员","REVIEW"
"bakeries:taro_salt_yolk_bread","T2","bakeries:integration/create/mixing/sweet_dough","#c:butter","TAG","bakeries:taro_salt_yolk_bread -> bakeries:round_bread -> bakeries:round_bread_dough -> bakeries:sweet_dough -> #c:butter","8","0","1","否","[烘焙坊]bakeries-1.21.1-NeoForge-1.0.1.jar","data/bakeries/recipe/integration/create/mixing/sweet_dough.json","补充直接 ID/tag 锚点或人工确认成员","REVIEW"
"bakeries:taro_salt_yolk_bread","T2","bakeries:integration/create/mixing/sweet_dough","#c:salt","TAG","bakeries:taro_salt_yolk_bread -> bakeries:round_bread -> bakeries:round_bread_dough -> bakeries:sweet_dough -> #c:salt","7","0","1","否","[烘焙坊]bakeries-1.21.1-NeoForge-1.0.1.jar","data/bakeries/recipe/integration/create/mixing/sweet_dough.json","补充直接 ID/tag 锚点或人工确认成员","REVIEW"
"bakeries:taro_salt_yolk_bread","T2","bakeries:integration/create/mixing/sweet_dough","bakeries:bottle_yeast","ITEM","bakeries:taro_salt_yolk_bread -> bakeries:round_bread -> bakeries:round_bread_dough -> bakeries:sweet_dough -> bakeries:bottle_yeast","6","0","1","否","[烘焙坊]bakeries-1.21.1-NeoForge-1.0.1.jar","data/bakeries/recipe/integration/create/mixing/sweet_dough.json","补充直接 ID/tag 锚点或人工确认成员","REVIEW"
"bakeries:taro_salt_yolk_bread","T2","bakeries:integration/create/mixing/whole_wheat_dough","#c:flours/wheat","TAG","bakeries:taro_salt_yolk_bread -> bakeries:mashed_taro -> bakeries:bottle_cream -> minecraft:glass_bottle -> #c:flours/wheat","0","0","1","否","[烘焙坊]bakeries-1.21.1-NeoForge-1.0.1.jar","data/bakeries/recipe/integration/create/mixing/whole_wheat_dough.json","补充直接 ID/tag 锚点或人工确认成员","REVIEW"
"bakeries:taro_salt_yolk_bread","T2","bakeries:integration/create/mixing/whole_wheat_dough","#c:flours/wheat","TAG","bakeries:taro_salt_yolk_bread -> bakeries:mashed_taro -> bakeries:bottle_cream -> minecraft:glass_bottle -> #c:flours/wheat","1","0","1","否","[烘焙坊]bakeries-1.21.1-NeoForge-1.0.1.jar","data/bakeries/recipe/integration/create/mixing/whole_wheat_dough.json","补充直接 ID/tag 锚点或人工确认成员","REVIEW"
"bakeries:taro_salt_yolk_bread","T2","bakeries:integration/create/mixing/whole_wheat_dough","#c:flours/wheat","TAG","bakeries:taro_salt_yolk_bread -> bakeries:mashed_taro -> bakeries:bottle_cream -> minecraft:glass_bottle -> #c:flours/wheat","2","0","1","否","[烘焙坊]bakeries-1.21.1-NeoForge-1.0.1.jar","data/bakeries/recipe/integration/create/mixing/whole_wheat_dough.json","补充直接 ID/tag 锚点或人工确认成员","REVIEW"
"bakeries:taro_salt_yolk_bread","T2","bakeries:integration/create/mixing/whole_wheat_dough","#c:flours/wheat","TAG","bakeries:taro_salt_yolk_bread -> bakeries:mashed_taro -> bakeries:bottle_cream -> minecraft:glass_bottle -> #c:flours/wheat","3","0","1","否","[烘焙坊]bakeries-1.21.1-NeoForge-1.0.1.jar","data/bakeries/recipe/integration/create/mixing/whole_wheat_dough.json","补充直接 ID/tag 锚点或人工确认成员","REVIEW"
"bakeries:taro_salt_yolk_bread","T2","bakeries:integration/create/mixing/whole_wheat_dough","#c:salt","TAG","bakeries:taro_salt_yolk_bread -> bakeries:mashed_taro -> bakeries:bottle_cream -> minecraft:glass_bottle -> #c:salt","5","0","1","否","[烘焙坊]bakeries-1.21.1-NeoForge-1.0.1.jar","data/bakeries/recipe/integration/create/mixing/whole_wheat_dough.json","补充直接 ID/tag 锚点或人工确认成员","REVIEW"
"bakeries:taro_salt_yolk_bread","T2","bakeries:integration/create/mixing/whole_wheat_dough","bakeries:bottle_yeast","ITEM","bakeries:taro_salt_yolk_bread -> bakeries:mashed_taro -> bakeries:bottle_cream -> minecraft:glass_bottle -> bakeries:bottle_yeast","4","0","1","否","[烘焙坊]bakeries-1.21.1-NeoForge-1.0.1.jar","data/bakeries/recipe/integration/create/mixing/whole_wheat_dough.json","补充直接 ID/tag 锚点或人工确认成员","REVIEW"
"bakeries:taro_salt_yolk_bread","T2","bakeries:salt_yolk","#c:salt","TAG","bakeries:taro_salt_yolk_bread -> bakeries:salt_yolk -> #c:salt","4","0","1","否","[烘焙坊]bakeries-1.21.1-NeoForge-1.0.1.jar","data/bakeries/recipe/salt_yolk.json","补充直接 ID/tag 锚点或人工确认成员","REVIEW"
"bakeries:tomato_cheese_croissant_sandwich","T2","bakeries:blender/sweet_dough","#c:butter","TAG","bakeries:tomato_cheese_croissant_sandwich -> bakeries:croissant -> bakeries:croissant_dough -> bakeries:pastry -> bakeries:sweet_dough -> #c:butter","8","0","1","否","[烘焙坊]bakeries-1.21.1-NeoForge-1.0.1.jar","data/bakeries/recipe/blender/sweet_dough.json","补充直接 ID/tag 锚点或人工确认成员","REVIEW"
"bakeries:tomato_cheese_croissant_sandwich","T2","bakeries:blender/sweet_dough","#c:salt","TAG","bakeries:tomato_cheese_croissant_sandwich -> bakeries:croissant -> bakeries:croissant_dough -> bakeries:pastry -> bakeries:sweet_dough -> #c:salt","7","0","1","否","[烘焙坊]bakeries-1.21.1-NeoForge-1.0.1.jar","data/bakeries/recipe/blender/sweet_dough.json","补充直接 ID/tag 锚点或人工确认成员","REVIEW"
"bakeries:tomato_cheese_croissant_sandwich","T2","bakeries:blender/sweet_dough","bakeries:bottle_yeast","ITEM","bakeries:tomato_cheese_croissant_sandwich -> bakeries:croissant -> bakeries:croissant_dough -> bakeries:pastry -> bakeries:sweet_dough -> bakeries:bottle_yeast","6","0","1","否","[烘焙坊]bakeries-1.21.1-NeoForge-1.0.1.jar","data/bakeries/recipe/blender/sweet_dough.json","补充直接 ID/tag 锚点或人工确认成员","REVIEW"
"bakeries:tomato_cheese_croissant_sandwich","T2","bakeries:compat/create/sweet_dough","#c:butter","TAG","bakeries:tomato_cheese_croissant_sandwich -> bakeries:croissant -> bakeries:croissant_dough -> bakeries:pastry -> bakeries:sweet_dough -> #c:butter","8","0","1","否","[烘焙坊]bakeries-1.21.1-NeoForge-1.0.1.jar","data/bakeries/recipe/compat/create/sweet_dough.json","补充直接 ID/tag 锚点或人工确认成员","REVIEW"
"bakeries:tomato_cheese_croissant_sandwich","T2","bakeries:compat/create/sweet_dough","#c:salt","TAG","bakeries:tomato_cheese_croissant_sandwich -> bakeries:croissant -> bakeries:croissant_dough -> bakeries:pastry -> bakeries:sweet_dough -> #c:salt","7","0","1","否","[烘焙坊]bakeries-1.21.1-NeoForge-1.0.1.jar","data/bakeries/recipe/compat/create/sweet_dough.json","补充直接 ID/tag 锚点或人工确认成员","REVIEW"
"bakeries:tomato_cheese_croissant_sandwich","T2","bakeries:compat/create/sweet_dough","bakeries:bottle_yeast","ITEM","bakeries:tomato_cheese_croissant_sandwich -> bakeries:croissant -> bakeries:croissant_dough -> bakeries:pastry -> bakeries:sweet_dough -> bakeries:bottle_yeast","6","0","1","否","[烘焙坊]bakeries-1.21.1-NeoForge-1.0.1.jar","data/bakeries/recipe/compat/create/sweet_dough.json","补充直接 ID/tag 锚点或人工确认成员","REVIEW"
"bakeries:tomato_cheese_croissant_sandwich","T2","bakeries:flour_bag","bakeries:flour","ITEM","bakeries:tomato_cheese_croissant_sandwich -> bakeries:croissant -> bakeries:croissant_dough -> bakeries:pastry -> bakeries:butter_flour_sand -> bakeries:flour -> bakeries:flour_bag -> bakeries:flour","0","0","1","否","[烘焙坊]bakeries-1.21.1-NeoForge-1.0.1.jar","data/bakeries/recipe/flour_bag.json","补充直接 ID/tag 锚点或人工确认成员","REVIEW"
"bakeries:tomato_cheese_croissant_sandwich","T2","bakeries:flour_bag","bakeries:flour","ITEM","bakeries:tomato_cheese_croissant_sandwich -> bakeries:croissant -> bakeries:croissant_dough -> bakeries:pastry -> bakeries:butter_flour_sand -> bakeries:flour -> bakeries:flour_bag -> bakeries:flour","1","0","1","否","[烘焙坊]bakeries-1.21.1-NeoForge-1.0.1.jar","data/bakeries/recipe/flour_bag.json","补充直接 ID/tag 锚点或人工确认成员","REVIEW"
"bakeries:tomato_cheese_croissant_sandwich","T2","bakeries:flour_bag","bakeries:flour","ITEM","bakeries:tomato_cheese_croissant_sandwich -> bakeries:croissant -> bakeries:croissant_dough -> bakeries:pastry -> bakeries:butter_flour_sand -> bakeries:flour -> bakeries:flour_bag -> bakeries:flour","2","0","1","否","[烘焙坊]bakeries-1.21.1-NeoForge-1.0.1.jar","data/bakeries/recipe/flour_bag.json","补充直接 ID/tag 锚点或人工确认成员","REVIEW"
"bakeries:tomato_cheese_croissant_sandwich","T2","bakeries:flour_bag","bakeries:flour","ITEM","bakeries:tomato_cheese_croissant_sandwich -> bakeries:croissant -> bakeries:croissant_dough -> bakeries:pastry -> bakeries:butter_flour_sand -> bakeries:flour -> bakeries:flour_bag -> bakeries:flour","3","0","1","否","[烘焙坊]bakeries-1.21.1-NeoForge-1.0.1.jar","data/bakeries/recipe/flour_bag.json","补充直接 ID/tag 锚点或人工确认成员","REVIEW"
"bakeries:tomato_cheese_croissant_sandwich","T2","bakeries:flour_bag","bakeries:flour","ITEM","bakeries:tomato_cheese_croissant_sandwich -> bakeries:croissant -> bakeries:croissant_dough -> bakeries:pastry -> bakeries:butter_flour_sand -> bakeries:flour -> bakeries:flour_bag -> bakeries:flour","4","0","1","否","[烘焙坊]bakeries-1.21.1-NeoForge-1.0.1.jar","data/bakeries/recipe/flour_bag.json","补充直接 ID/tag 锚点或人工确认成员","REVIEW"
"bakeries:tomato_cheese_croissant_sandwich","T2","bakeries:flour_bag","bakeries:flour","ITEM","bakeries:tomato_cheese_croissant_sandwich -> bakeries:croissant -> bakeries:croissant_dough -> bakeries:pastry -> bakeries:butter_flour_sand -> bakeries:flour -> bakeries:flour_bag -> bakeries:flour","5","0","1","否","[烘焙坊]bakeries-1.21.1-NeoForge-1.0.1.jar","data/bakeries/recipe/flour_bag.json","补充直接 ID/tag 锚点或人工确认成员","REVIEW"
"bakeries:tomato_cheese_croissant_sandwich","T2","bakeries:flour_bag","bakeries:flour","ITEM","bakeries:tomato_cheese_croissant_sandwich -> bakeries:croissant -> bakeries:croissant_dough -> bakeries:pastry -> bakeries:butter_flour_sand -> bakeries:flour -> bakeries:flour_bag -> bakeries:flour","6","0","1","否","[烘焙坊]bakeries-1.21.1-NeoForge-1.0.1.jar","data/bakeries/recipe/flour_bag.json","补充直接 ID/tag 锚点或人工确认成员","REVIEW"
"bakeries:tomato_cheese_croissant_sandwich","T2","bakeries:flour_bag","bakeries:flour","ITEM","bakeries:tomato_cheese_croissant_sandwich -> bakeries:croissant -> bakeries:croissant_dough -> bakeries:pastry -> bakeries:butter_flour_sand -> bakeries:flour -> bakeries:flour_bag -> bakeries:flour","7","0","1","否","[烘焙坊]bakeries-1.21.1-NeoForge-1.0.1.jar","data/bakeries/recipe/flour_bag.json","补充直接 ID/tag 锚点或人工确认成员","REVIEW"
"bakeries:tomato_cheese_croissant_sandwich","T2","bakeries:flour_bag","bakeries:flour","ITEM","bakeries:tomato_cheese_croissant_sandwich -> bakeries:croissant -> bakeries:croissant_dough -> bakeries:pastry -> bakeries:butter_flour_sand -> bakeries:flour -> bakeries:flour_bag -> bakeries:flour","8","0","1","否","[烘焙坊]bakeries-1.21.1-NeoForge-1.0.1.jar","data/bakeries/recipe/flour_bag.json","补充直接 ID/tag 锚点或人工确认成员","REVIEW"
"bakeries:tomato_cheese_croissant_sandwich","T2","bakeries:flour_sieve/flour","#c:flours/wheat","TAG","bakeries:tomato_cheese_croissant_sandwich -> bakeries:croissant -> bakeries:croissant_dough -> bakeries:pastry -> bakeries:butter_flour_sand -> bakeries:flour -> #c:flours/wheat","0","0","1","否","[烘焙坊]bakeries-1.21.1-NeoForge-1.0.1.jar","data/bakeries/recipe/flour_sieve/flour.json","补充直接 ID/tag 锚点或人工确认成员","REVIEW"
"bakeries:tomato_cheese_croissant_sandwich","T2","bakeries:integration/create/milling/flour","create:wheat_flour","ITEM","bakeries:tomato_cheese_croissant_sandwich -> bakeries:croissant -> bakeries:croissant_dough -> bakeries:pastry -> bakeries:butter_flour_sand -> bakeries:flour -> create:wheat_flour","0","0","1","否","[烘焙坊]bakeries-1.21.1-NeoForge-1.0.1.jar","data/bakeries/recipe/integration/create/milling/flour.json","补充直接 ID/tag 锚点或人工确认成员","REVIEW"
"bakeries:tomato_cheese_croissant_sandwich","T2","bakeries:integration/create/mixing/butter_flour_sand","#c:butter","TAG","bakeries:tomato_cheese_croissant_sandwich -> bakeries:croissant -> bakeries:croissant_dough -> bakeries:pastry -> bakeries:butter_flour_sand -> #c:butter","4","0","1","否","[烘焙坊]bakeries-1.21.1-NeoForge-1.0.1.jar","data/bakeries/recipe/integration/create/mixing/butter_flour_sand.json","补充直接 ID/tag 锚点或人工确认成员","REVIEW"
"bakeries:tomato_cheese_croissant_sandwich","T2","bakeries:integration/create/mixing/butter_flour_sand","#c:butter","TAG","bakeries:tomato_cheese_croissant_sandwich -> bakeries:croissant -> bakeries:croissant_dough -> bakeries:pastry -> bakeries:butter_flour_sand -> #c:butter","5","0","1","否","[烘焙坊]bakeries-1.21.1-NeoForge-1.0.1.jar","data/bakeries/recipe/integration/create/mixing/butter_flour_sand.json","补充直接 ID/tag 锚点或人工确认成员","REVIEW"
"bakeries:tomato_cheese_croissant_sandwich","T2","bakeries:integration/create/mixing/butter_flour_sand","#c:salt","TAG","bakeries:tomato_cheese_croissant_sandwich -> bakeries:croissant -> bakeries:croissant_dough -> bakeries:pastry -> bakeries:butter_flour_sand -> #c:salt","6","0","1","否","[烘焙坊]bakeries-1.21.1-NeoForge-1.0.1.jar","data/bakeries/recipe/integration/create/mixing/butter_flour_sand.json","补充直接 ID/tag 锚点或人工确认成员","REVIEW"
"bakeries:tomato_cheese_croissant_sandwich","T2","bakeries:integration/create/mixing/pastry","bakeries:bottle_yeast","ITEM","bakeries:tomato_cheese_croissant_sandwich -> bakeries:croissant -> bakeries:croissant_dough -> bakeries:pastry -> bakeries:bottle_yeast","2","0","1","否","[烘焙坊]bakeries-1.21.1-NeoForge-1.0.1.jar","data/bakeries/recipe/integration/create/mixing/pastry.json","补充直接 ID/tag 锚点或人工确认成员","REVIEW"
"bakeries:tomato_cheese_croissant_sandwich","T2","bakeries:integration/create/mixing/sweet_dough","#c:butter","TAG","bakeries:tomato_cheese_croissant_sandwich -> bakeries:croissant -> bakeries:croissant_dough -> bakeries:pastry -> bakeries:sweet_dough -> #c:butter","8","0","1","否","[烘焙坊]bakeries-1.21.1-NeoForge-1.0.1.jar","data/bakeries/recipe/integration/create/mixing/sweet_dough.json","补充直接 ID/tag 锚点或人工确认成员","REVIEW"
"bakeries:tomato_cheese_croissant_sandwich","T2","bakeries:integration/create/mixing/sweet_dough","#c:salt","TAG","bakeries:tomato_cheese_croissant_sandwich -> bakeries:croissant -> bakeries:croissant_dough -> bakeries:pastry -> bakeries:sweet_dough -> #c:salt","7","0","1","否","[烘焙坊]bakeries-1.21.1-NeoForge-1.0.1.jar","data/bakeries/recipe/integration/create/mixing/sweet_dough.json","补充直接 ID/tag 锚点或人工确认成员","REVIEW"
"bakeries:tomato_cheese_croissant_sandwich","T2","bakeries:integration/create/mixing/sweet_dough","bakeries:bottle_yeast","ITEM","bakeries:tomato_cheese_croissant_sandwich -> bakeries:croissant -> bakeries:croissant_dough -> bakeries:pastry -> bakeries:sweet_dough -> bakeries:bottle_yeast","6","0","1","否","[烘焙坊]bakeries-1.21.1-NeoForge-1.0.1.jar","data/bakeries/recipe/integration/create/mixing/sweet_dough.json","补充直接 ID/tag 锚点或人工确认成员","REVIEW"
"bakeries:tomato_cheese_croissant_sandwich","T2","bakeries:pastry","#c:butter","TAG","bakeries:tomato_cheese_croissant_sandwich -> bakeries:croissant -> bakeries:croissant_dough -> bakeries:pastry -> #c:butter","1","0","1","否","[烘焙坊]bakeries-1.21.1-NeoForge-1.0.1.jar","data/bakeries/recipe/pastry.json","补充直接 ID/tag 锚点或人工确认成员","REVIEW"
"bakeries:tomato_cheese_croissant_sandwich","T2","bakeries:tomato_cheese_croissant_sandwich","#c:cheese","TAG","bakeries:tomato_cheese_croissant_sandwich -> #c:cheese","2","0","1","否","[烘焙坊]bakeries-1.21.1-NeoForge-1.0.1.jar","data/bakeries/recipe/tomato_cheese_croissant_sandwich.json","补充直接 ID/tag 锚点或人工确认成员","REVIEW"
"bakeries:whole_wheat_bagel","T2","bakeries:blender/whole_wheat_dough","#c:flours/wheat","TAG","bakeries:whole_wheat_bagel -> bakeries:whole_wheat_bagel_dough -> bakeries:whole_wheat_dough -> #c:flours/wheat","0","0","1","否","[烘焙坊]bakeries-1.21.1-NeoForge-1.0.1.jar","data/bakeries/recipe/blender/whole_wheat_dough.json","补充直接 ID/tag 锚点或人工确认成员","REVIEW"
"bakeries:whole_wheat_bagel","T2","bakeries:blender/whole_wheat_dough","#c:flours/wheat","TAG","bakeries:whole_wheat_bagel -> bakeries:whole_wheat_bagel_dough -> bakeries:whole_wheat_dough -> #c:flours/wheat","1","0","1","否","[烘焙坊]bakeries-1.21.1-NeoForge-1.0.1.jar","data/bakeries/recipe/blender/whole_wheat_dough.json","补充直接 ID/tag 锚点或人工确认成员","REVIEW"
"bakeries:whole_wheat_bagel","T2","bakeries:blender/whole_wheat_dough","#c:flours/wheat","TAG","bakeries:whole_wheat_bagel -> bakeries:whole_wheat_bagel_dough -> bakeries:whole_wheat_dough -> #c:flours/wheat","2","0","1","否","[烘焙坊]bakeries-1.21.1-NeoForge-1.0.1.jar","data/bakeries/recipe/blender/whole_wheat_dough.json","补充直接 ID/tag 锚点或人工确认成员","REVIEW"
"bakeries:whole_wheat_bagel","T2","bakeries:blender/whole_wheat_dough","#c:flours/wheat","TAG","bakeries:whole_wheat_bagel -> bakeries:whole_wheat_bagel_dough -> bakeries:whole_wheat_dough -> #c:flours/wheat","3","0","1","否","[烘焙坊]bakeries-1.21.1-NeoForge-1.0.1.jar","data/bakeries/recipe/blender/whole_wheat_dough.json","补充直接 ID/tag 锚点或人工确认成员","REVIEW"
"bakeries:whole_wheat_bagel","T2","bakeries:blender/whole_wheat_dough","#c:salt","TAG","bakeries:whole_wheat_bagel -> bakeries:whole_wheat_bagel_dough -> bakeries:whole_wheat_dough -> #c:salt","5","0","1","否","[烘焙坊]bakeries-1.21.1-NeoForge-1.0.1.jar","data/bakeries/recipe/blender/whole_wheat_dough.json","补充直接 ID/tag 锚点或人工确认成员","REVIEW"
"bakeries:whole_wheat_bagel","T2","bakeries:blender/whole_wheat_dough","bakeries:bottle_yeast","ITEM","bakeries:whole_wheat_bagel -> bakeries:whole_wheat_bagel_dough -> bakeries:whole_wheat_dough -> bakeries:bottle_yeast","4","0","1","否","[烘焙坊]bakeries-1.21.1-NeoForge-1.0.1.jar","data/bakeries/recipe/blender/whole_wheat_dough.json","补充直接 ID/tag 锚点或人工确认成员","REVIEW"
"bakeries:whole_wheat_bagel","T2","bakeries:compat/create/whole_wheat_dough","#c:flours/wheat","TAG","bakeries:whole_wheat_bagel -> bakeries:whole_wheat_bagel_dough -> bakeries:whole_wheat_dough -> #c:flours/wheat","0","0","1","否","[烘焙坊]bakeries-1.21.1-NeoForge-1.0.1.jar","data/bakeries/recipe/compat/create/whole_wheat_dough.json","补充直接 ID/tag 锚点或人工确认成员","REVIEW"
"bakeries:whole_wheat_bagel","T2","bakeries:compat/create/whole_wheat_dough","#c:flours/wheat","TAG","bakeries:whole_wheat_bagel -> bakeries:whole_wheat_bagel_dough -> bakeries:whole_wheat_dough -> #c:flours/wheat","1","0","1","否","[烘焙坊]bakeries-1.21.1-NeoForge-1.0.1.jar","data/bakeries/recipe/compat/create/whole_wheat_dough.json","补充直接 ID/tag 锚点或人工确认成员","REVIEW"
"bakeries:whole_wheat_bagel","T2","bakeries:compat/create/whole_wheat_dough","#c:flours/wheat","TAG","bakeries:whole_wheat_bagel -> bakeries:whole_wheat_bagel_dough -> bakeries:whole_wheat_dough -> #c:flours/wheat","2","0","1","否","[烘焙坊]bakeries-1.21.1-NeoForge-1.0.1.jar","data/bakeries/recipe/compat/create/whole_wheat_dough.json","补充直接 ID/tag 锚点或人工确认成员","REVIEW"
"bakeries:whole_wheat_bagel","T2","bakeries:compat/create/whole_wheat_dough","#c:flours/wheat","TAG","bakeries:whole_wheat_bagel -> bakeries:whole_wheat_bagel_dough -> bakeries:whole_wheat_dough -> #c:flours/wheat","3","0","1","否","[烘焙坊]bakeries-1.21.1-NeoForge-1.0.1.jar","data/bakeries/recipe/compat/create/whole_wheat_dough.json","补充直接 ID/tag 锚点或人工确认成员","REVIEW"
"bakeries:whole_wheat_bagel","T2","bakeries:compat/create/whole_wheat_dough","#c:salt","TAG","bakeries:whole_wheat_bagel -> bakeries:whole_wheat_bagel_dough -> bakeries:whole_wheat_dough -> #c:salt","5","0","1","否","[烘焙坊]bakeries-1.21.1-NeoForge-1.0.1.jar","data/bakeries/recipe/compat/create/whole_wheat_dough.json","补充直接 ID/tag 锚点或人工确认成员","REVIEW"
"bakeries:whole_wheat_bagel","T2","bakeries:compat/create/whole_wheat_dough","bakeries:bottle_yeast","ITEM","bakeries:whole_wheat_bagel -> bakeries:whole_wheat_bagel_dough -> bakeries:whole_wheat_dough -> bakeries:bottle_yeast","4","0","1","否","[烘焙坊]bakeries-1.21.1-NeoForge-1.0.1.jar","data/bakeries/recipe/compat/create/whole_wheat_dough.json","补充直接 ID/tag 锚点或人工确认成员","REVIEW"
"bakeries:whole_wheat_bagel","T2","bakeries:integration/create/mixing/whole_wheat_dough","#c:flours/wheat","TAG","bakeries:whole_wheat_bagel -> bakeries:whole_wheat_bagel_dough -> bakeries:whole_wheat_dough -> #c:flours/wheat","0","0","1","否","[烘焙坊]bakeries-1.21.1-NeoForge-1.0.1.jar","data/bakeries/recipe/integration/create/mixing/whole_wheat_dough.json","补充直接 ID/tag 锚点或人工确认成员","REVIEW"
"bakeries:whole_wheat_bagel","T2","bakeries:integration/create/mixing/whole_wheat_dough","#c:flours/wheat","TAG","bakeries:whole_wheat_bagel -> bakeries:whole_wheat_bagel_dough -> bakeries:whole_wheat_dough -> #c:flours/wheat","1","0","1","否","[烘焙坊]bakeries-1.21.1-NeoForge-1.0.1.jar","data/bakeries/recipe/integration/create/mixing/whole_wheat_dough.json","补充直接 ID/tag 锚点或人工确认成员","REVIEW"
"bakeries:whole_wheat_bagel","T2","bakeries:integration/create/mixing/whole_wheat_dough","#c:flours/wheat","TAG","bakeries:whole_wheat_bagel -> bakeries:whole_wheat_bagel_dough -> bakeries:whole_wheat_dough -> #c:flours/wheat","2","0","1","否","[烘焙坊]bakeries-1.21.1-NeoForge-1.0.1.jar","data/bakeries/recipe/integration/create/mixing/whole_wheat_dough.json","补充直接 ID/tag 锚点或人工确认成员","REVIEW"
"bakeries:whole_wheat_bagel","T2","bakeries:integration/create/mixing/whole_wheat_dough","#c:flours/wheat","TAG","bakeries:whole_wheat_bagel -> bakeries:whole_wheat_bagel_dough -> bakeries:whole_wheat_dough -> #c:flours/wheat","3","0","1","否","[烘焙坊]bakeries-1.21.1-NeoForge-1.0.1.jar","data/bakeries/recipe/integration/create/mixing/whole_wheat_dough.json","补充直接 ID/tag 锚点或人工确认成员","REVIEW"
"bakeries:whole_wheat_bagel","T2","bakeries:integration/create/mixing/whole_wheat_dough","#c:salt","TAG","bakeries:whole_wheat_bagel -> bakeries:whole_wheat_bagel_dough -> bakeries:whole_wheat_dough -> #c:salt","5","0","1","否","[烘焙坊]bakeries-1.21.1-NeoForge-1.0.1.jar","data/bakeries/recipe/integration/create/mixing/whole_wheat_dough.json","补充直接 ID/tag 锚点或人工确认成员","REVIEW"
"bakeries:whole_wheat_bagel","T2","bakeries:integration/create/mixing/whole_wheat_dough","bakeries:bottle_yeast","ITEM","bakeries:whole_wheat_bagel -> bakeries:whole_wheat_bagel_dough -> bakeries:whole_wheat_dough -> bakeries:bottle_yeast","4","0","1","否","[烘焙坊]bakeries-1.21.1-NeoForge-1.0.1.jar","data/bakeries/recipe/integration/create/mixing/whole_wheat_dough.json","补充直接 ID/tag 锚点或人工确认成员","REVIEW"
"brewinandchewin:cheesy_pasta","T2","brewinandchewin:cooking/cheesy_pasta","#c:foods/safe_raw_fish","TAG","brewinandchewin:cheesy_pasta -> #c:foods/safe_raw_fish","3","0","1","否","[农夫乐事-饮酒作乐]BrewinAndChewin-neoforge-4.5.0+1.21.1.jar","data/brewinandchewin/recipe/cooking/cheesy_pasta.json","补充直接 ID/tag 锚点或人工确认成员","REVIEW"
"brewinandchewin:cheesy_pasta","T2","brewinandchewin:cooking/cheesy_pasta","#c:foods/tomato","TAG","brewinandchewin:cheesy_pasta -> #c:foods/tomato","2","0","1","否","[农夫乐事-饮酒作乐]BrewinAndChewin-neoforge-4.5.0+1.21.1.jar","data/brewinandchewin/recipe/cooking/cheesy_pasta.json","补充直接 ID/tag 锚点或人工确认成员","REVIEW"
"brewinandchewin:cheesy_pasta","T2","brewinandchewin:flaxen_cheese_wheel_from_wedges","brewinandchewin:flaxen_cheese_wedge","ITEM","brewinandchewin:cheesy_pasta -> brewinandchewin:flaxen_cheese_wedge -> brewinandchewin:flaxen_cheese_wheel -> brewinandchewin:flaxen_cheese_wedge","0","0","4","否","[农夫乐事-饮酒作乐]BrewinAndChewin-neoforge-4.5.0+1.21.1.jar","data/brewinandchewin/recipe/flaxen_cheese_wheel_from_wedges.json","补充直接 ID/tag 锚点或人工确认成员","REVIEW"
"brewinandchewin:creamy_onion_soup","T2","brewinandchewin:cooking/creamy_onion_soup","#brewinandchewin:foods/cheese_wedge","TAG","brewinandchewin:creamy_onion_soup -> #brewinandchewin:foods/cheese_wedge","0","0","1","否","[农夫乐事-饮酒作乐]BrewinAndChewin-neoforge-4.5.0+1.21.1.jar","data/brewinandchewin/recipe/cooking/creamy_onion_soup.json","补充直接 ID/tag 锚点或人工确认成员","REVIEW"
"brewinandchewin:creamy_onion_soup","T2","brewinandchewin:cooking/creamy_onion_soup","#c:foods/onion","TAG","brewinandchewin:creamy_onion_soup -> #c:foods/onion","1","0","1","否","[农夫乐事-饮酒作乐]BrewinAndChewin-neoforge-4.5.0+1.21.1.jar","data/brewinandchewin/recipe/cooking/creamy_onion_soup.json","补充直接 ID/tag 锚点或人工确认成员","REVIEW"
"brewinandchewin:ham_and_cheese_sandwich","T2","brewinandchewin:fermenting/ghast_sourdough","mynethersdelight:ghast_dough","ITEM","brewinandchewin:ham_and_cheese_sandwich -> minecraft:bread -> mynethersdelight:ghast_dough -> mynethersdelight:ghast_sourdough -> mynethersdelight:ghast_dough","0","0","1","否","[农夫乐事-下界乐事]MyNethersDelight-1.21.1-1.10.4.jar","data/brewinandchewin/recipe/fermenting/ghast_sourdough.json","补充直接 ID/tag 锚点或人工确认成员","REVIEW"
"brewinandchewin:ham_and_cheese_sandwich","T2","brewinandchewin:flaxen_cheese_wheel_from_wedges","brewinandchewin:flaxen_cheese_wedge","ITEM","brewinandchewin:ham_and_cheese_sandwich -> brewinandchewin:flaxen_cheese_wedge -> brewinandchewin:flaxen_cheese_wheel -> brewinandchewin:flaxen_cheese_wedge","0","0","4","否","[农夫乐事-饮酒作乐]BrewinAndChewin-neoforge-4.5.0+1.21.1.jar","data/brewinandchewin/recipe/flaxen_cheese_wheel_from_wedges.json","补充直接 ID/tag 锚点或人工确认成员","REVIEW"
"brewinandchewin:ham_and_cheese_sandwich","T2","mynethersdelight:crafting/ghast_sourdough","mynethersdelight:ghast_dough","ITEM","brewinandchewin:ham_and_cheese_sandwich -> minecraft:bread -> mynethersdelight:ghast_dough -> mynethersdelight:ghast_sourdough -> mynethersdelight:ghast_dough","0","0","1","否","[农夫乐事-下界乐事]MyNethersDelight-1.21.1-1.10.4.jar","data/mynethersdelight/recipe/crafting/ghast_sourdough.json","补充直接 ID/tag 锚点或人工确认成员","REVIEW"
"brewinandchewin:ham_and_cheese_sandwich","T2","mynethersdelight:cutting/ghasmati","mynethersdelight:ghasta","ITEM","brewinandchewin:ham_and_cheese_sandwich -> minecraft:bread -> mynethersdelight:ghast_dough -> mynethersdelight:ghasmati -> mynethersdelight:ghasta","0","0","1","否","[农夫乐事-下界乐事]MyNethersDelight-1.21.1-1.10.4.jar","data/mynethersdelight/recipe/cutting/ghasmati.json","补充直接 ID/tag 锚点或人工确认成员","REVIEW"
"brewinandchewin:horror_lasagna","T2","brewinandchewin:cooking/horror_lasagna","#brewinandchewin:foods/cheese_wedge","TAG","brewinandchewin:horror_lasagna -> #brewinandchewin:foods/cheese_wedge","4","0","1","否","[农夫乐事-饮酒作乐]BrewinAndChewin-neoforge-4.5.0+1.21.1.jar","data/brewinandchewin/recipe/cooking/horror_lasagna.json","补充直接 ID/tag 锚点或人工确认成员","REVIEW"
"brewinandchewin:horror_lasagna","T2","brewinandchewin:scarlet_cheese_wheel_from_wedges","brewinandchewin:scarlet_cheese_wedge","ITEM","brewinandchewin:horror_lasagna -> brewinandchewin:scarlet_cheese_wedge -> brewinandchewin:scarlet_cheese_wheel -> brewinandchewin:scarlet_cheese_wedge","0","0","4","否","[农夫乐事-饮酒作乐]BrewinAndChewin-neoforge-4.5.0+1.21.1.jar","data/brewinandchewin/recipe/scarlet_cheese_wheel_from_wedges.json","补充直接 ID/tag 锚点或人工确认成员","REVIEW"
"brewinandchewin:pizza_slice","T2","brewinandchewin:pizza_from_slices","brewinandchewin:pizza_slice","ITEM","brewinandchewin:pizza_slice -> brewinandchewin:pizza -> brewinandchewin:pizza_slice","0","0","4","否","[农夫乐事-饮酒作乐]BrewinAndChewin-neoforge-4.5.0+1.21.1.jar","data/brewinandchewin/recipe/pizza_from_slices.json","补充直接 ID/tag 锚点或人工确认成员","REVIEW"
"brewinandchewin:pizza_slice","T2","brewinandchewin:pizza","#brewinandchewin:foods/cheese_wedge","TAG","brewinandchewin:pizza_slice -> brewinandchewin:pizza -> #brewinandchewin:foods/cheese_wedge","0","0","1","否","[农夫乐事-饮酒作乐]BrewinAndChewin-neoforge-4.5.0+1.21.1.jar","data/brewinandchewin/recipe/pizza.json","补充直接 ID/tag 锚点或人工确认成员","REVIEW"
"brewinandchewin:pizza_slice","T2","brewinandchewin:pizza","#brewinandchewin:foods/pizza_topping","TAG","brewinandchewin:pizza_slice -> brewinandchewin:pizza -> #brewinandchewin:foods/pizza_topping","1","0","2","否","[农夫乐事-饮酒作乐]BrewinAndChewin-neoforge-4.5.0+1.21.1.jar","data/brewinandchewin/recipe/pizza.json","补充直接 ID/tag 锚点或人工确认成员","REVIEW"
"brewinandchewin:quiche_slice","COMMON","brewinandchewin:quiche_from_bacon","#brewinandchewin:foods/cheese_wedge","TAG","brewinandchewin:quiche_slice -> brewinandchewin:quiche -> #brewinandchewin:foods/cheese_wedge","3","0","1","否","[农夫乐事-饮酒作乐]BrewinAndChewin-neoforge-4.5.0+1.21.1.jar","data/brewinandchewin/recipe/quiche_from_bacon.json","补充直接 ID/tag 锚点或人工确认成员","REVIEW"
"brewinandchewin:quiche_slice","COMMON","brewinandchewin:quiche_from_mushroom","#brewinandchewin:foods/cheese_wedge","TAG","brewinandchewin:quiche_slice -> brewinandchewin:quiche -> #brewinandchewin:foods/cheese_wedge","3","0","1","否","[农夫乐事-饮酒作乐]BrewinAndChewin-neoforge-4.5.0+1.21.1.jar","data/brewinandchewin/recipe/quiche_from_mushroom.json","补充直接 ID/tag 锚点或人工确认成员","REVIEW"
"brewinandchewin:quiche_slice","COMMON","brewinandchewin:quiche_from_slices","brewinandchewin:quiche_slice","ITEM","brewinandchewin:quiche_slice -> brewinandchewin:quiche -> brewinandchewin:quiche_slice","0","0","4","否","[农夫乐事-饮酒作乐]BrewinAndChewin-neoforge-4.5.0+1.21.1.jar","data/brewinandchewin/recipe/quiche_from_slices.json","补充直接 ID/tag 锚点或人工确认成员","REVIEW"
"brewinandchewin:scarlet_pierogi","T2","brewinandchewin:cooking/scarlet_pierogi","#c:foods/cabbage","TAG","brewinandchewin:scarlet_pierogi -> #c:foods/cabbage","4","0","1","否","[农夫乐事-饮酒作乐]BrewinAndChewin-neoforge-4.5.0+1.21.1.jar","data/brewinandchewin/recipe/cooking/scarlet_pierogi.json","补充直接 ID/tag 锚点或人工确认成员","REVIEW"
"brewinandchewin:scarlet_pierogi","T2","brewinandchewin:scarlet_cheese_wheel_from_wedges","brewinandchewin:scarlet_cheese_wedge","ITEM","brewinandchewin:scarlet_pierogi -> brewinandchewin:scarlet_cheese_wedge -> brewinandchewin:scarlet_cheese_wheel -> brewinandchewin:scarlet_cheese_wedge","0","0","4","否","[农夫乐事-饮酒作乐]BrewinAndChewin-neoforge-4.5.0+1.21.1.jar","data/brewinandchewin/recipe/scarlet_cheese_wheel_from_wedges.json","补充直接 ID/tag 锚点或人工确认成员","REVIEW"
"brewinandchewin:vegetable_omelet","T2","brewinandchewin:cooking/vegetable_omelet","#brewinandchewin:foods/cheese_wedge","TAG","brewinandchewin:vegetable_omelet -> #brewinandchewin:foods/cheese_wedge","0","0","1","否","[农夫乐事-饮酒作乐]BrewinAndChewin-neoforge-4.5.0+1.21.1.jar","data/brewinandchewin/recipe/cooking/vegetable_omelet.json","补充直接 ID/tag 锚点或人工确认成员","REVIEW"
"brewinandchewin:vegetable_omelet","T2","brewinandchewin:cooking/vegetable_omelet","#c:foods/onion","TAG","brewinandchewin:vegetable_omelet -> #c:foods/onion","3","0","1","否","[农夫乐事-饮酒作乐]BrewinAndChewin-neoforge-4.5.0+1.21.1.jar","data/brewinandchewin/recipe/cooking/vegetable_omelet.json","补充直接 ID/tag 锚点或人工确认成员","REVIEW"
"dungeonsdelight:amethyst_rock_candy","T2","minecraft:cutting/calibrated_sculk_sensor","minecraft:calibrated_sculk_sensor","ITEM","dungeonsdelight:amethyst_rock_candy -> minecraft:amethyst_shard -> minecraft:calibrated_sculk_sensor","0","0","1","否","[农夫乐事-地牢乐事]neoforge-dungeonsdelight-1.21.1-1.5.0.jar","data/minecraft/recipe/cutting/calibrated_sculk_sensor.json","补充直接 ID/tag 锚点或人工确认成员","REVIEW"
"dungeonsdelight:au_rotten_potatoes","T2","dungeonsdelight:monster_cooking/au_rotten_potatoes","#dungeonsdelight:sculk_cheese","TAG","dungeonsdelight:au_rotten_potatoes -> #dungeonsdelight:sculk_cheese","3","0","1","否","[农夫乐事-地牢乐事]neoforge-dungeonsdelight-1.21.1-1.5.0.jar","data/dungeonsdelight/recipe/monster_cooking/au_rotten_potatoes.json","补充直接 ID/tag 锚点或人工确认成员","REVIEW"
"dungeonsdelight:au_rotten_potatoes","T2","dungeonsdelight:monster_cooking/au_rotten_potatoes","#dungeonsdelight:sculk_cheese","TAG","dungeonsdelight:au_rotten_potatoes -> #dungeonsdelight:sculk_cheese","4","0","1","否","[农夫乐事-地牢乐事]neoforge-dungeonsdelight-1.21.1-1.5.0.jar","data/dungeonsdelight/recipe/monster_cooking/au_rotten_potatoes.json","补充直接 ID/tag 锚点或人工确认成员","REVIEW"
"dungeonsdelight:au_rotten_potatoes","T2","minecraft:poisonous_potato_crate","minecraft:poisonous_potato","ITEM","dungeonsdelight:au_rotten_potatoes -> minecraft:poisonous_potato -> dungeonsdelight:poisonous_potato_crate -> minecraft:poisonous_potato","0","0","9","否","[农夫乐事-地牢乐事]neoforge-dungeonsdelight-1.21.1-1.5.0.jar","data/minecraft/recipe/poisonous_potato_crate.json","补充直接 ID/tag 锚点或人工确认成员","REVIEW"
"dungeonsdelight:bloated_baked_potato","T2","dungeonsdelight:cutting/brined_flesh","dungeonsdelight:brined_flesh","ITEM","dungeonsdelight:bloated_baked_potato -> dungeonsdelight:rotten_tripe -> dungeonsdelight:brined_flesh","0","0","1","否","[农夫乐事-地牢乐事]neoforge-dungeonsdelight-1.21.1-1.5.0.jar","data/dungeonsdelight/recipe/cutting/brined_flesh.json","补充直接 ID/tag 锚点或人工确认成员","REVIEW"
"dungeonsdelight:bloated_baked_potato","T2","dungeonsdelight:cutting/gritty_flesh","dungeonsdelight:gritty_flesh","ITEM","dungeonsdelight:bloated_baked_potato -> dungeonsdelight:rotten_tripe -> dungeonsdelight:gritty_flesh","0","0","1","否","[农夫乐事-地牢乐事]neoforge-dungeonsdelight-1.21.1-1.5.0.jar","data/dungeonsdelight/recipe/cutting/gritty_flesh.json","补充直接 ID/tag 锚点或人工确认成员","REVIEW"
"dungeonsdelight:bloated_baked_potato","T2","dungeonsdelight:monster_cooking/bloated_baked_potato","#dungeonsdelight:sculk_cheese","TAG","dungeonsdelight:bloated_baked_potato -> #dungeonsdelight:sculk_cheese","3","0","1","否","[农夫乐事-地牢乐事]neoforge-dungeonsdelight-1.21.1-1.5.0.jar","data/dungeonsdelight/recipe/monster_cooking/bloated_baked_potato.json","补充直接 ID/tag 锚点或人工确认成员","REVIEW"
"dungeonsdelight:bloated_baked_potato","T2","dungeonsdelight:monster_cooking/bloated_baked_potato","#dungeonsdelight:sculk_cheese","TAG","dungeonsdelight:bloated_baked_potato -> #dungeonsdelight:sculk_cheese","4","0","1","否","[农夫乐事-地牢乐事]neoforge-dungeonsdelight-1.21.1-1.5.0.jar","data/dungeonsdelight/recipe/monster_cooking/bloated_baked_potato.json","补充直接 ID/tag 锚点或人工确认成员","REVIEW"
"dungeonsdelight:bloated_baked_potato","T2","minecraft:poisonous_potato_crate","minecraft:poisonous_potato","ITEM","dungeonsdelight:bloated_baked_potato -> minecraft:poisonous_potato -> dungeonsdelight:poisonous_potato_crate -> minecraft:poisonous_potato","0","0","9","否","[农夫乐事-地牢乐事]neoforge-dungeonsdelight-1.21.1-1.5.0.jar","data/minecraft/recipe/poisonous_potato_crate.json","补充直接 ID/tag 锚点或人工确认成员","REVIEW"
"dungeonsdelight:bloated_baked_potato","T2","mynethersdelight:crafting/hoglin_trophy_cure","#mynethersdelight:hoglin_cure","TAG","dungeonsdelight:bloated_baked_potato -> dungeonsdelight:rotten_tripe -> minecraft:rotten_flesh -> mynethersdelight:zoglin_trophy -> mynethersdelight:hoglin_trophy -> #mynethersdelight:hoglin_cure","1","0","1","否","[农夫乐事-下界乐事]MyNethersDelight-1.21.1-1.10.4.jar","data/mynethersdelight/recipe/crafting/hoglin_trophy_cure.json","补充直接 ID/tag 锚点或人工确认成员","REVIEW"
"dungeonsdelight:bloated_baked_potato","T2","mynethersdelight:crafting/hoglin_trophy_cure","mynethersdelight:zoglin_trophy","ITEM","dungeonsdelight:bloated_baked_potato -> dungeonsdelight:rotten_tripe -> minecraft:rotten_flesh -> mynethersdelight:zoglin_trophy -> mynethersdelight:hoglin_trophy -> mynethersdelight:zoglin_trophy","0","0","1","否","[农夫乐事-下界乐事]MyNethersDelight-1.21.1-1.10.4.jar","data/mynethersdelight/recipe/crafting/hoglin_trophy_cure.json","补充直接 ID/tag 锚点或人工确认成员","REVIEW"
"dungeonsdelight:bloated_baked_potato","T2","mynethersdelight:crafting/hoglin_trophy","#minecraft:planks","TAG","dungeonsdelight:bloated_baked_potato -> dungeonsdelight:rotten_tripe -> minecraft:rotten_flesh -> mynethersdelight:zoglin_trophy -> mynethersdelight:hoglin_trophy -> #minecraft:planks","0","0","4","否","[农夫乐事-下界乐事]MyNethersDelight-1.21.1-1.10.4.jar","data/mynethersdelight/recipe/crafting/hoglin_trophy.json","补充直接 ID/tag 锚点或人工确认成员","REVIEW"
"dungeonsdelight:bloated_baked_potato","T2","mynethersdelight:crafting/hoglin_trophy","mynethersdelight:hoglin_hide","ITEM","dungeonsdelight:bloated_baked_potato -> dungeonsdelight:rotten_tripe -> minecraft:rotten_flesh -> mynethersdelight:zoglin_trophy -> mynethersdelight:hoglin_trophy -> mynethersdelight:hoglin_hide","1","0","1","否","[农夫乐事-下界乐事]MyNethersDelight-1.21.1-1.10.4.jar","data/mynethersdelight/recipe/crafting/hoglin_trophy.json","补充直接 ID/tag 锚点或人工确认成员","REVIEW"
"dungeonsdelight:bloated_baked_potato","T2","mynethersdelight:crafting/skoglin_trophy","mynethersdelight:hoglin_hide","ITEM","dungeonsdelight:bloated_baked_potato -> dungeonsdelight:rotten_tripe -> minecraft:rotten_flesh -> mynethersdelight:zoglin_trophy -> mynethersdelight:hoglin_trophy -> mynethersdelight:hoglin_hide","1","0","1","否","[农夫乐事-下界乐事]MyNethersDelight-1.21.1-1.10.4.jar","data/mynethersdelight/recipe/crafting/skoglin_trophy.json","补充直接 ID/tag 锚点或人工确认成员","REVIEW"
"dungeonsdelight:bloated_baked_potato","T2","mynethersdelight:crafting/waxed_hoglin_trophy","#mynethersdelight:hoglin_waxed","TAG","dungeonsdelight:bloated_baked_potato -> dungeonsdelight:rotten_tripe -> minecraft:rotten_flesh -> mynethersdelight:zoglin_trophy -> mynethersdelight:hoglin_trophy -> mynethersdelight:waxed_hoglin_trophy -> #mynethersdelight:hoglin_waxed","1","0","1","否","[农夫乐事-下界乐事]MyNethersDelight-1.21.1-1.10.4.jar","data/mynethersdelight/recipe/crafting/waxed_hoglin_trophy.json","补充直接 ID/tag 锚点或人工确认成员","REVIEW"
"dungeonsdelight:bloated_baked_potato","T2","mynethersdelight:crafting/waxed_hoglin_trophy","mynethersdelight:hoglin_trophy","ITEM","dungeonsdelight:bloated_baked_potato -> dungeonsdelight:rotten_tripe -> minecraft:rotten_flesh -> mynethersdelight:zoglin_trophy -> mynethersdelight:hoglin_trophy -> mynethersdelight:waxed_hoglin_trophy -> mynethersdelight:hoglin_trophy","0","0","1","否","[农夫乐事-下界乐事]MyNethersDelight-1.21.1-1.10.4.jar","data/mynethersdelight/recipe/crafting/waxed_hoglin_trophy.json","补充直接 ID/tag 锚点或人工确认成员","REVIEW"
"dungeonsdelight:bloated_baked_potato","T2","mynethersdelight:crafting/zoglin_trophy","minecraft:rotten_flesh","ITEM","dungeonsdelight:bloated_baked_potato -> dungeonsdelight:rotten_tripe -> minecraft:rotten_flesh -> mynethersdelight:zoglin_trophy -> minecraft:rotten_flesh","1","0","4","否","[农夫乐事-下界乐事]MyNethersDelight-1.21.1-1.10.4.jar","data/mynethersdelight/recipe/crafting/zoglin_trophy.json","补充直接 ID/tag 锚点或人工确认成员","REVIEW"
"dungeonsdelight:bloated_baked_potato","T2","mynethersdelight:cutting/skoglin_trophy_alt","mynethersdelight:zoglin_trophy","ITEM","dungeonsdelight:bloated_baked_potato -> dungeonsdelight:rotten_tripe -> minecraft:rotten_flesh -> mynethersdelight:zoglin_trophy -> mynethersdelight:hoglin_trophy -> mynethersdelight:skoglin_trophy -> mynethersdelight:zoglin_trophy","0","0","1","否","[农夫乐事-下界乐事]MyNethersDelight-1.21.1-1.10.4.jar","data/mynethersdelight/recipe/cutting/skoglin_trophy_alt.json","补充直接 ID/tag 锚点或人工确认成员","REVIEW"
"dungeonsdelight:bloated_baked_potato","T2","mynethersdelight:cutting/skoglin_trophy","mynethersdelight:hoglin_trophy","ITEM","dungeonsdelight:bloated_baked_potato -> dungeonsdelight:rotten_tripe -> minecraft:rotten_flesh -> mynethersdelight:zoglin_trophy -> mynethersdelight:hoglin_trophy -> mynethersdelight:skoglin_trophy -> mynethersdelight:hoglin_trophy","0","0","1","否","[农夫乐事-下界乐事]MyNethersDelight-1.21.1-1.10.4.jar","data/mynethersdelight/recipe/cutting/skoglin_trophy.json","补充直接 ID/tag 锚点或人工确认成员","REVIEW"
"dungeonsdelight:bloated_baked_potato","T2","mynethersdelight:cutting/warped_fungus","mynethersdelight:warped_fungus_colony","ITEM","dungeonsdelight:bloated_baked_potato -> dungeonsdelight:rotten_tripe -> minecraft:rotten_flesh -> mynethersdelight:zoglin_trophy -> minecraft:warped_fungus -> mynethersdelight:warped_fungus_colony","0","0","1","否","[农夫乐事-下界乐事]MyNethersDelight-1.21.1-1.10.4.jar","data/mynethersdelight/recipe/cutting/warped_fungus.json","补充直接 ID/tag 锚点或人工确认成员","REVIEW"
"dungeonsdelight:bloody_mary","T2","dungeonsdelight:monster_cooking/bloody_mary","dungeonsdelight:gritty_flesh","ITEM","dungeonsdelight:bloody_mary -> dungeonsdelight:gritty_flesh","0","0","1","否","[农夫乐事-地牢乐事]neoforge-dungeonsdelight-1.21.1-1.5.0.jar","data/dungeonsdelight/recipe/monster_cooking/bloody_mary.json","补充直接 ID/tag 锚点或人工确认成员","REVIEW"
"dungeonsdelight:bloody_mary","T2","dungeonsdelight:monster_cooking/bloody_mary","dungeonsdelight:gritty_flesh","ITEM","dungeonsdelight:bloody_mary -> dungeonsdelight:gritty_flesh","1","0","1","否","[农夫乐事-地牢乐事]neoforge-dungeonsdelight-1.21.1-1.5.0.jar","data/dungeonsdelight/recipe/monster_cooking/bloody_mary.json","补充直接 ID/tag 锚点或人工确认成员","REVIEW"
"dungeonsdelight:bloody_mary","T2","dungeonsdelight:monster_cooking/bloody_mary","dungeonsdelight:silverfish_abdomen","ITEM","dungeonsdelight:bloody_mary -> dungeonsdelight:silverfish_abdomen","2","0","1","否","[农夫乐事-地牢乐事]neoforge-dungeonsdelight-1.21.1-1.5.0.jar","data/dungeonsdelight/recipe/monster_cooking/bloody_mary.json","补充直接 ID/tag 锚点或人工确认成员","REVIEW"
"dungeonsdelight:brains_in_a_brick","T2","dungeonsdelight:monster_cooking/brains_in_a_brick","#dungeonsdelight:fleshes","TAG","dungeonsdelight:brains_in_a_brick -> #dungeonsdelight:fleshes","2","0","1","否","[农夫乐事-地牢乐事]neoforge-dungeonsdelight-1.21.1-1.5.0.jar","data/dungeonsdelight/recipe/monster_cooking/brains_in_a_brick.json","补充直接 ID/tag 锚点或人工确认成员","REVIEW"
"dungeonsdelight:brains_in_a_brick","T2","dungeonsdelight:monster_cooking/brains_in_a_brick","dungeonsdelight:bogged_brain","ITEM","dungeonsdelight:brains_in_a_brick -> dungeonsdelight:bogged_brain","0","0","1","否","[农夫乐事-地牢乐事]neoforge-dungeonsdelight-1.21.1-1.5.0.jar","data/dungeonsdelight/recipe/monster_cooking/brains_in_a_brick.json","补充直接 ID/tag 锚点或人工确认成员","REVIEW"
"dungeonsdelight:brains_in_a_brick","T2","dungeonsdelight:monster_cooking/brains_in_a_brick","dungeonsdelight:bogged_brain","ITEM","dungeonsdelight:brains_in_a_brick -> dungeonsdelight:bogged_brain","1","0","1","否","[农夫乐事-地牢乐事]neoforge-dungeonsdelight-1.21.1-1.5.0.jar","data/dungeonsdelight/recipe/monster_cooking/brains_in_a_brick.json","补充直接 ID/tag 锚点或人工确认成员","REVIEW"
"dungeonsdelight:breeze_cream_cone","T2","dungeonsdelight:cutting/slime_bar","dungeonsdelight:slime_bar","ITEM","dungeonsdelight:breeze_cream_cone -> dungeonsdelight:slime_bar -> farmersdelight:canvas -> dungeonsdelight:slime_bar","0","0","1","否","[农夫乐事-地牢乐事]neoforge-dungeonsdelight-1.21.1-1.5.0.jar","data/dungeonsdelight/recipe/cutting/slime_bar.json","补充直接 ID/tag 锚点或人工确认成员","REVIEW"
"dungeonsdelight:breeze_cream_cone","T2","dungeonsdelight:monster_cooking/breeze_cream_cone","minecraft:wind_charge","ITEM","dungeonsdelight:breeze_cream_cone -> minecraft:wind_charge","1","0","1","否","[农夫乐事-地牢乐事]neoforge-dungeonsdelight-1.21.1-1.5.0.jar","data/dungeonsdelight/recipe/monster_cooking/breeze_cream_cone.json","补充直接 ID/tag 锚点或人工确认成员","REVIEW"
"dungeonsdelight:breeze_cream_cone","T2","dungeonsdelight:monster_cooking/breeze_cream_cone","minecraft:wind_charge","ITEM","dungeonsdelight:breeze_cream_cone -> minecraft:wind_charge","2","0","1","否","[农夫乐事-地牢乐事]neoforge-dungeonsdelight-1.21.1-1.5.0.jar","data/dungeonsdelight/recipe/monster_cooking/breeze_cream_cone.json","补充直接 ID/tag 锚点或人工确认成员","REVIEW"
"dungeonsdelight:breeze_cream_cone","T2","dungeonsdelight:slime_bar_from_shapeless","#dungeonsdelight:slime_balls","TAG","dungeonsdelight:breeze_cream_cone -> dungeonsdelight:slime_bar -> #dungeonsdelight:slime_balls","0","0","1","否","[农夫乐事-地牢乐事]neoforge-dungeonsdelight-1.21.1-1.5.0.jar","data/dungeonsdelight/recipe/slime_bar_from_shapeless.json","补充直接 ID/tag 锚点或人工确认成员","REVIEW"
"dungeonsdelight:breeze_cream_cone","T2","dungeonsdelight:slime_bar_from_shapeless","#dungeonsdelight:slime_balls","TAG","dungeonsdelight:breeze_cream_cone -> dungeonsdelight:slime_bar -> #dungeonsdelight:slime_balls","1","0","1","否","[农夫乐事-地牢乐事]neoforge-dungeonsdelight-1.21.1-1.5.0.jar","data/dungeonsdelight/recipe/slime_bar_from_shapeless.json","补充直接 ID/tag 锚点或人工确认成员","REVIEW"
"dungeonsdelight:bubblegunk","COMMON","dungeonsdelight:cutting/rotbulb_plant","dungeonsdelight:rotbulb_plant","ITEM","dungeonsdelight:bubblegunk -> dungeonsdelight:gunk -> dungeonsdelight:rotbulb_plant","0","0","1","否","[农夫乐事-地牢乐事]neoforge-dungeonsdelight-1.21.1-1.5.0.jar","data/dungeonsdelight/recipe/cutting/rotbulb_plant.json","补充直接 ID/tag 锚点或人工确认成员","REVIEW"
"dungeonsdelight:bubblegunk","COMMON","dungeonsdelight:wormroot_tendrils_from_wormroot_stalk","dungeonsdelight:wormroot_stalk","ITEM","dungeonsdelight:bubblegunk -> dungeonsdelight:wormroot_tendrils -> dungeonsdelight:wormroot_stalk","0","0","1","否","[农夫乐事-地牢乐事]neoforge-dungeonsdelight-1.21.1-1.5.0.jar","data/dungeonsdelight/recipe/wormroot_tendrils_from_wormroot_stalk.json","补充直接 ID/tag 锚点或人工确认成员","REVIEW"
"dungeonsdelight:bubblegunk","COMMON","dungeonsdelight:wormroots_block","dungeonsdelight:wormroot_tendrils","ITEM","dungeonsdelight:bubblegunk -> dungeonsdelight:wormroot_tendrils -> dungeonsdelight:wormroots_block -> dungeonsdelight:wormroot_tendrils","0","0","9","否","[农夫乐事-地牢乐事]neoforge-dungeonsdelight-1.21.1-1.5.0.jar","data/dungeonsdelight/recipe/wormroots_block.json","补充直接 ID/tag 锚点或人工确认成员","REVIEW"
"dungeonsdelight:bubblegunk","COMMON","minecraft:rotbulb_crate","dungeonsdelight:rotbulb","ITEM","dungeonsdelight:bubblegunk -> dungeonsdelight:gunk -> dungeonsdelight:rotbulb -> dungeonsdelight:rotbulb_crate -> dungeonsdelight:rotbulb","0","0","9","否","[农夫乐事-地牢乐事]neoforge-dungeonsdelight-1.21.1-1.5.0.jar","data/minecraft/recipe/rotbulb_crate.json","补充直接 ID/tag 锚点或人工确认成员","REVIEW"
"dungeonsdelight:chicken_jockey_sandwich","T2","dungeonsdelight:monster_cooking/chicken_jockey_sandwich","#dungeonsdelight:fleshes","TAG","dungeonsdelight:chicken_jockey_sandwich -> #dungeonsdelight:fleshes","2","0","1","否","[农夫乐事-地牢乐事]neoforge-dungeonsdelight-1.21.1-1.5.0.jar","data/dungeonsdelight/recipe/monster_cooking/chicken_jockey_sandwich.json","补充直接 ID/tag 锚点或人工确认成员","REVIEW"
"dungeonsdelight:chicken_jockey_sandwich","T2","dungeonsdelight:monster_cooking/chicken_jockey_sandwich","dungeonsdelight:ancient_egg","ITEM","dungeonsdelight:chicken_jockey_sandwich -> dungeonsdelight:ancient_egg","0","0","1","否","[农夫乐事-地牢乐事]neoforge-dungeonsdelight-1.21.1-1.5.0.jar","data/dungeonsdelight/recipe/monster_cooking/chicken_jockey_sandwich.json","补充直接 ID/tag 锚点或人工确认成员","REVIEW"
"dungeonsdelight:chicken_jockey_sandwich","T2","minecraft:rotten_tomato_crate","farmersdelight:rotten_tomato","ITEM","dungeonsdelight:chicken_jockey_sandwich -> farmersdelight:rotten_tomato -> dungeonsdelight:rotten_tomato_crate -> farmersdelight:rotten_tomato","0","0","9","否","[农夫乐事-地牢乐事]neoforge-dungeonsdelight-1.21.1-1.5.0.jar","data/minecraft/recipe/rotten_tomato_crate.json","补充直接 ID/tag 锚点或人工确认成员","REVIEW"
"dungeonsdelight:chloropasta","T2","dungeonsdelight:cooking/chloropasta","#dungeonsdelight:ancient_flora","TAG","dungeonsdelight:chloropasta -> #dungeonsdelight:ancient_flora","1","0","1","否","[农夫乐事-地牢乐事]neoforge-dungeonsdelight-1.21.1-1.5.0.jar","data/dungeonsdelight/recipe/cooking/chloropasta.json","补充直接 ID/tag 锚点或人工确认成员","REVIEW"
"dungeonsdelight:chloropasta","T2","dungeonsdelight:cooking/chloropasta","#dungeonsdelight:ancient_flora","TAG","dungeonsdelight:chloropasta -> #dungeonsdelight:ancient_flora","2","0","1","否","[农夫乐事-地牢乐事]neoforge-dungeonsdelight-1.21.1-1.5.0.jar","data/dungeonsdelight/recipe/cooking/chloropasta.json","补充直接 ID/tag 锚点或人工确认成员","REVIEW"
"dungeonsdelight:chloropasta","T2","dungeonsdelight:cooking/chloropasta","dungeonsdelight:sniffer_shank","ITEM","dungeonsdelight:chloropasta -> dungeonsdelight:sniffer_shank","0","0","1","否","[农夫乐事-地牢乐事]neoforge-dungeonsdelight-1.21.1-1.5.0.jar","data/dungeonsdelight/recipe/cooking/chloropasta.json","补充直接 ID/tag 锚点或人工确认成员","REVIEW"
"dungeonsdelight:chloropasta","T2","dungeonsdelight:cooking/chloropasta","minecraft:moss_block","ITEM","dungeonsdelight:chloropasta -> minecraft:moss_block","5","0","1","否","[农夫乐事-地牢乐事]neoforge-dungeonsdelight-1.21.1-1.5.0.jar","data/dungeonsdelight/recipe/cooking/chloropasta.json","补充直接 ID/tag 锚点或人工确认成员","REVIEW"
"dungeonsdelight:chloropasta","T2","dungeonsdelight:cutting/slime_bar","dungeonsdelight:slime_bar","ITEM","dungeonsdelight:chloropasta -> dungeonsdelight:slime_noodles -> dungeonsdelight:slime_bar -> farmersdelight:canvas -> dungeonsdelight:slime_bar","0","0","1","否","[农夫乐事-地牢乐事]neoforge-dungeonsdelight-1.21.1-1.5.0.jar","data/dungeonsdelight/recipe/cutting/slime_bar.json","补充直接 ID/tag 锚点或人工确认成员","REVIEW"
"dungeonsdelight:chloropasta","T2","dungeonsdelight:slime_bar_from_shapeless","#dungeonsdelight:slime_balls","TAG","dungeonsdelight:chloropasta -> dungeonsdelight:slime_noodles -> dungeonsdelight:slime_bar -> #dungeonsdelight:slime_balls","0","0","1","否","[农夫乐事-地牢乐事]neoforge-dungeonsdelight-1.21.1-1.5.0.jar","data/dungeonsdelight/recipe/slime_bar_from_shapeless.json","补充直接 ID/tag 锚点或人工确认成员","REVIEW"
"dungeonsdelight:chloropasta","T2","dungeonsdelight:slime_bar_from_shapeless","#dungeonsdelight:slime_balls","TAG","dungeonsdelight:chloropasta -> dungeonsdelight:slime_noodles -> dungeonsdelight:slime_bar -> #dungeonsdelight:slime_balls","1","0","1","否","[农夫乐事-地牢乐事]neoforge-dungeonsdelight-1.21.1-1.5.0.jar","data/dungeonsdelight/recipe/slime_bar_from_shapeless.json","补充直接 ID/tag 锚点或人工确认成员","REVIEW"
"dungeonsdelight:cooked_sniffer_shank","COMMON","dungeonsdelight:cooked_sniffer_shank_from_campfire","dungeonsdelight:sniffer_shank","ITEM","dungeonsdelight:cooked_sniffer_shank -> dungeonsdelight:sniffer_shank","0","0","1","否","[农夫乐事-地牢乐事]neoforge-dungeonsdelight-1.21.1-1.5.0.jar","data/dungeonsdelight/recipe/cooked_sniffer_shank_from_campfire.json","补充直接 ID/tag 锚点或人工确认成员","REVIEW"
"dungeonsdelight:cooked_sniffer_shank","COMMON","dungeonsdelight:cooked_sniffer_shank_from_smelting","dungeonsdelight:sniffer_shank","ITEM","dungeonsdelight:cooked_sniffer_shank -> dungeonsdelight:sniffer_shank","0","0","1","否","[农夫乐事-地牢乐事]neoforge-dungeonsdelight-1.21.1-1.5.0.jar","data/dungeonsdelight/recipe/cooked_sniffer_shank_from_smelting.json","补充直接 ID/tag 锚点或人工确认成员","REVIEW"
"dungeonsdelight:cooked_sniffer_shank","COMMON","dungeonsdelight:cooked_sniffer_shank_from_smoking","dungeonsdelight:sniffer_shank","ITEM","dungeonsdelight:cooked_sniffer_shank -> dungeonsdelight:sniffer_shank","0","0","1","否","[农夫乐事-地牢乐事]neoforge-dungeonsdelight-1.21.1-1.5.0.jar","data/dungeonsdelight/recipe/cooked_sniffer_shank_from_smoking.json","补充直接 ID/tag 锚点或人工确认成员","REVIEW"
"dungeonsdelight:cooked_snifferwurst","COMMON","dungeonsdelight:cooking/snifferwurst","#dungeonsdelight:ancient_flora","TAG","dungeonsdelight:cooked_snifferwurst -> dungeonsdelight:snifferwurst -> #dungeonsdelight:ancient_flora","2","0","1","否","[农夫乐事-地牢乐事]neoforge-dungeonsdelight-1.21.1-1.5.0.jar","data/dungeonsdelight/recipe/cooking/snifferwurst.json","补充直接 ID/tag 锚点或人工确认成员","REVIEW"
"dungeonsdelight:cooked_snifferwurst","COMMON","dungeonsdelight:cooking/snifferwurst","dungeonsdelight:sniffer_shank","ITEM","dungeonsdelight:cooked_snifferwurst -> dungeonsdelight:snifferwurst -> dungeonsdelight:sniffer_shank","0","0","1","否","[农夫乐事-地牢乐事]neoforge-dungeonsdelight-1.21.1-1.5.0.jar","data/dungeonsdelight/recipe/cooking/snifferwurst.json","补充直接 ID/tag 锚点或人工确认成员","REVIEW"
"dungeonsdelight:cooked_snifferwurst","COMMON","dungeonsdelight:cooking/snifferwurst","minecraft:moss_block","ITEM","dungeonsdelight:cooked_snifferwurst -> dungeonsdelight:snifferwurst -> minecraft:moss_block","3","0","1","否","[农夫乐事-地牢乐事]neoforge-dungeonsdelight-1.21.1-1.5.0.jar","data/dungeonsdelight/recipe/cooking/snifferwurst.json","补充直接 ID/tag 锚点或人工确认成员","REVIEW"
"dungeonsdelight:cooked_snifferwurst","COMMON","dungeonsdelight:cutting/slime_bar","dungeonsdelight:slime_bar","ITEM","dungeonsdelight:cooked_snifferwurst -> dungeonsdelight:snifferwurst -> dungeonsdelight:slime_bar -> farmersdelight:canvas -> dungeonsdelight:slime_bar","0","0","1","否","[农夫乐事-地牢乐事]neoforge-dungeonsdelight-1.21.1-1.5.0.jar","data/dungeonsdelight/recipe/cutting/slime_bar.json","补充直接 ID/tag 锚点或人工确认成员","REVIEW"
"dungeonsdelight:cooked_snifferwurst","COMMON","dungeonsdelight:slime_bar_from_shapeless","#dungeonsdelight:slime_balls","TAG","dungeonsdelight:cooked_snifferwurst -> dungeonsdelight:snifferwurst -> dungeonsdelight:slime_bar -> #dungeonsdelight:slime_balls","0","0","1","否","[农夫乐事-地牢乐事]neoforge-dungeonsdelight-1.21.1-1.5.0.jar","data/dungeonsdelight/recipe/slime_bar_from_shapeless.json","补充直接 ID/tag 锚点或人工确认成员","REVIEW"
"dungeonsdelight:cooked_snifferwurst","COMMON","dungeonsdelight:slime_bar_from_shapeless","#dungeonsdelight:slime_balls","TAG","dungeonsdelight:cooked_snifferwurst -> dungeonsdelight:snifferwurst -> dungeonsdelight:slime_bar -> #dungeonsdelight:slime_balls","1","0","1","否","[农夫乐事-地牢乐事]neoforge-dungeonsdelight-1.21.1-1.5.0.jar","data/dungeonsdelight/recipe/slime_bar_from_shapeless.json","补充直接 ID/tag 锚点或人工确认成员","REVIEW"
"dungeonsdelight:croak_monster","T2","dungeonsdelight:monster_cooking/croak_monster","#dungeonsdelight:fleshes","TAG","dungeonsdelight:croak_monster -> #dungeonsdelight:fleshes","1","0","1","否","[农夫乐事-地牢乐事]neoforge-dungeonsdelight-1.21.1-1.5.0.jar","data/dungeonsdelight/recipe/monster_cooking/croak_monster.json","补充直接 ID/tag 锚点或人工确认成员","REVIEW"
"dungeonsdelight:croak_monster","T2","dungeonsdelight:monster_cooking/croak_monster","#dungeonsdelight:sculk_cheese","TAG","dungeonsdelight:croak_monster -> #dungeonsdelight:sculk_cheese","2","0","1","否","[农夫乐事-地牢乐事]neoforge-dungeonsdelight-1.21.1-1.5.0.jar","data/dungeonsdelight/recipe/monster_cooking/croak_monster.json","补充直接 ID/tag 锚点或人工确认成员","REVIEW"
"dungeonsdelight:croak_monster","T2","dungeonsdelight:monster_cooking/croak_monster","dungeonsdelight:bogged_brain","ITEM","dungeonsdelight:croak_monster -> dungeonsdelight:bogged_brain","0","0","1","否","[农夫乐事-地牢乐事]neoforge-dungeonsdelight-1.21.1-1.5.0.jar","data/dungeonsdelight/recipe/monster_cooking/croak_monster.json","补充直接 ID/tag 锚点或人工确认成员","REVIEW"
"dungeonsdelight:devilish_eggs","T2","dungeonsdelight:cutting/ancient_egg","dungeonsdelight:ancient_egg","ITEM","dungeonsdelight:devilish_eggs -> dungeonsdelight:cleaved_ancient_egg -> dungeonsdelight:ancient_egg","0","0","1","否","[农夫乐事-地牢乐事]neoforge-dungeonsdelight-1.21.1-1.5.0.jar","data/dungeonsdelight/recipe/cutting/ancient_egg.json","补充直接 ID/tag 锚点或人工确认成员","REVIEW"
"dungeonsdelight:devilish_eggs","T2","dungeonsdelight:monster_cooking/sculk_mayo","#dungeonsdelight:extracts","TAG","dungeonsdelight:devilish_eggs -> dungeonsdelight:sculk_mayo -> #dungeonsdelight:extracts","2","0","1","否","[农夫乐事-地牢乐事]neoforge-dungeonsdelight-1.21.1-1.5.0.jar","data/dungeonsdelight/recipe/monster_cooking/sculk_mayo.json","补充直接 ID/tag 锚点或人工确认成员","REVIEW"
"dungeonsdelight:devilish_eggs","T2","dungeonsdelight:monster_cooking/sculk_mayo","#dungeonsdelight:extracts","TAG","dungeonsdelight:devilish_eggs -> dungeonsdelight:sculk_mayo -> #dungeonsdelight:extracts","3","0","1","否","[农夫乐事-地牢乐事]neoforge-dungeonsdelight-1.21.1-1.5.0.jar","data/dungeonsdelight/recipe/monster_cooking/sculk_mayo.json","补充直接 ID/tag 锚点或人工确认成员","REVIEW"
"dungeonsdelight:devilish_eggs","T2","dungeonsdelight:monster_cooking/sculk_mayo","dungeonsdelight:ancient_egg","ITEM","dungeonsdelight:devilish_eggs -> dungeonsdelight:sculk_mayo -> dungeonsdelight:ancient_egg","0","0","1","否","[农夫乐事-地牢乐事]neoforge-dungeonsdelight-1.21.1-1.5.0.jar","data/dungeonsdelight/recipe/monster_cooking/sculk_mayo.json","补充直接 ID/tag 锚点或人工确认成员","REVIEW"
"dungeonsdelight:devilish_eggs","T2","dungeonsdelight:monster_cooking/sculk_mayo","dungeonsdelight:ancient_egg","ITEM","dungeonsdelight:devilish_eggs -> dungeonsdelight:sculk_mayo -> dungeonsdelight:ancient_egg","1","0","1","否","[农夫乐事-地牢乐事]neoforge-dungeonsdelight-1.21.1-1.5.0.jar","data/dungeonsdelight/recipe/monster_cooking/sculk_mayo.json","补充直接 ID/tag 锚点或人工确认成员","REVIEW"
"dungeonsdelight:echo_rock_candy","T2","dungeonsdelight:monster_cooking/echo_rock_candy","minecraft:echo_shard","ITEM","dungeonsdelight:echo_rock_candy -> minecraft:echo_shard","0","0","1","否","[农夫乐事-地牢乐事]neoforge-dungeonsdelight-1.21.1-1.5.0.jar","data/dungeonsdelight/recipe/monster_cooking/echo_rock_candy.json","补充直接 ID/tag 锚点或人工确认成员","REVIEW"
"dungeonsdelight:fried_ghast_calamari","COMMON","dungeonsdelight:cutting/ghast_tentacle","dungeonsdelight:ghast_tentacle","ITEM","dungeonsdelight:fried_ghast_calamari -> dungeonsdelight:ghast_calamari -> dungeonsdelight:ghast_tentacle","0","0","1","否","[农夫乐事-地牢乐事]neoforge-dungeonsdelight-1.21.1-1.5.0.jar","data/dungeonsdelight/recipe/cutting/ghast_tentacle.json","补充直接 ID/tag 锚点或人工确认成员","REVIEW"
"dungeonsdelight:gelled_salad","T2","dungeonsdelight:cutting/slime_bar","dungeonsdelight:slime_bar","ITEM","dungeonsdelight:gelled_salad -> dungeonsdelight:slime_noodles -> dungeonsdelight:slime_bar -> farmersdelight:canvas -> dungeonsdelight:slime_bar","0","0","1","否","[农夫乐事-地牢乐事]neoforge-dungeonsdelight-1.21.1-1.5.0.jar","data/dungeonsdelight/recipe/cutting/slime_bar.json","补充直接 ID/tag 锚点或人工确认成员","REVIEW"
"dungeonsdelight:gelled_salad","T2","dungeonsdelight:slime_bar_from_shapeless","#dungeonsdelight:slime_balls","TAG","dungeonsdelight:gelled_salad -> dungeonsdelight:slime_noodles -> dungeonsdelight:slime_bar -> #dungeonsdelight:slime_balls","0","0","1","否","[农夫乐事-地牢乐事]neoforge-dungeonsdelight-1.21.1-1.5.0.jar","data/dungeonsdelight/recipe/slime_bar_from_shapeless.json","补充直接 ID/tag 锚点或人工确认成员","REVIEW"
"dungeonsdelight:gelled_salad","T2","dungeonsdelight:slime_bar_from_shapeless","#dungeonsdelight:slime_balls","TAG","dungeonsdelight:gelled_salad -> dungeonsdelight:slime_noodles -> dungeonsdelight:slime_bar -> #dungeonsdelight:slime_balls","1","0","1","否","[农夫乐事-地牢乐事]neoforge-dungeonsdelight-1.21.1-1.5.0.jar","data/dungeonsdelight/recipe/slime_bar_from_shapeless.json","补充直接 ID/tag 锚点或人工确认成员","REVIEW"
"dungeonsdelight:ghast_roll","T2","dungeonsdelight:cutting/rotgourd","dungeonsdelight:rotgourd","ITEM","dungeonsdelight:ghast_roll -> dungeonsdelight:rotgourd_slice -> dungeonsdelight:rotgourd","0","0","1","否","[农夫乐事-地牢乐事]neoforge-dungeonsdelight-1.21.1-1.5.0.jar","data/dungeonsdelight/recipe/cutting/rotgourd.json","补充直接 ID/tag 锚点或人工确认成员","REVIEW"
"dungeonsdelight:ghast_roll","T2","dungeonsdelight:monster_cooking/ghast_roll","#dungeonsdelight:raw_ghast","TAG","dungeonsdelight:ghast_roll -> #dungeonsdelight:raw_ghast","0","0","1","否","[农夫乐事-地牢乐事]neoforge-dungeonsdelight-1.21.1-1.5.0.jar","data/dungeonsdelight/recipe/monster_cooking/ghast_roll.json","补充直接 ID/tag 锚点或人工确认成员","REVIEW"
"dungeonsdelight:ghast_roll","T2","dungeonsdelight:monster_cooking/ghast_roll","minecraft:twisting_vines","ITEM","dungeonsdelight:ghast_roll -> minecraft:twisting_vines","3","0","1","否","[农夫乐事-地牢乐事]neoforge-dungeonsdelight-1.21.1-1.5.0.jar","data/dungeonsdelight/recipe/monster_cooking/ghast_roll.json","补充直接 ID/tag 锚点或人工确认成员","REVIEW"
"dungeonsdelight:ghastly_spirits","T2","dungeonsdelight:monster_cooking/ghastly_spirits","#dungeonsdelight:raw_ghast","TAG","dungeonsdelight:ghastly_spirits -> #dungeonsdelight:raw_ghast","0","0","1","否","[农夫乐事-地牢乐事]neoforge-dungeonsdelight-1.21.1-1.5.0.jar","data/dungeonsdelight/recipe/monster_cooking/ghastly_spirits.json","补充直接 ID/tag 锚点或人工确认成员","REVIEW"
"dungeonsdelight:ghastly_spirits","T2","dungeonsdelight:monster_cooking/ghastly_spirits","#dungeonsdelight:raw_ghast","TAG","dungeonsdelight:ghastly_spirits -> #dungeonsdelight:raw_ghast","1","0","1","否","[农夫乐事-地牢乐事]neoforge-dungeonsdelight-1.21.1-1.5.0.jar","data/dungeonsdelight/recipe/monster_cooking/ghastly_spirits.json","补充直接 ID/tag 锚点或人工确认成员","REVIEW"
"dungeonsdelight:ghastly_spirits","T2","dungeonsdelight:monster_cooking/ghastly_spirits","minecraft:soul_sand","ITEM","dungeonsdelight:ghastly_spirits -> minecraft:soul_sand","5","0","1","否","[农夫乐事-地牢乐事]neoforge-dungeonsdelight-1.21.1-1.5.0.jar","data/dungeonsdelight/recipe/monster_cooking/ghastly_spirits.json","补充直接 ID/tag 锚点或人工确认成员","REVIEW"
"dungeonsdelight:ghoulash","T2","dungeonsdelight:cutting/slime_bar","dungeonsdelight:slime_bar","ITEM","dungeonsdelight:ghoulash -> dungeonsdelight:slime_noodles -> dungeonsdelight:slime_bar -> farmersdelight:canvas -> dungeonsdelight:slime_bar","0","0","1","否","[农夫乐事-地牢乐事]neoforge-dungeonsdelight-1.21.1-1.5.0.jar","data/dungeonsdelight/recipe/cutting/slime_bar.json","补充直接 ID/tag 锚点或人工确认成员","REVIEW"
"dungeonsdelight:ghoulash","T2","dungeonsdelight:monster_cooking/ghoulash","#dungeonsdelight:fleshes","TAG","dungeonsdelight:ghoulash -> #dungeonsdelight:fleshes","1","0","1","否","[农夫乐事-地牢乐事]neoforge-dungeonsdelight-1.21.1-1.5.0.jar","data/dungeonsdelight/recipe/monster_cooking/ghoulash.json","补充直接 ID/tag 锚点或人工确认成员","REVIEW"
"dungeonsdelight:ghoulash","T2","dungeonsdelight:slime_bar_from_shapeless","#dungeonsdelight:slime_balls","TAG","dungeonsdelight:ghoulash -> dungeonsdelight:slime_noodles -> dungeonsdelight:slime_bar -> #dungeonsdelight:slime_balls","0","0","1","否","[农夫乐事-地牢乐事]neoforge-dungeonsdelight-1.21.1-1.5.0.jar","data/dungeonsdelight/recipe/slime_bar_from_shapeless.json","补充直接 ID/tag 锚点或人工确认成员","REVIEW"
"dungeonsdelight:ghoulash","T2","dungeonsdelight:slime_bar_from_shapeless","#dungeonsdelight:slime_balls","TAG","dungeonsdelight:ghoulash -> dungeonsdelight:slime_noodles -> dungeonsdelight:slime_bar -> #dungeonsdelight:slime_balls","1","0","1","否","[农夫乐事-地牢乐事]neoforge-dungeonsdelight-1.21.1-1.5.0.jar","data/dungeonsdelight/recipe/slime_bar_from_shapeless.json","补充直接 ID/tag 锚点或人工确认成员","REVIEW"
"dungeonsdelight:ghoulash","T2","minecraft:rotten_tomato_crate","farmersdelight:rotten_tomato","ITEM","dungeonsdelight:ghoulash -> farmersdelight:rotten_tomato -> dungeonsdelight:rotten_tomato_crate -> farmersdelight:rotten_tomato","0","0","9","否","[农夫乐事-地牢乐事]neoforge-dungeonsdelight-1.21.1-1.5.0.jar","data/minecraft/recipe/rotten_tomato_crate.json","补充直接 ID/tag 锚点或人工确认成员","REVIEW"
"dungeonsdelight:gyudon","T2","dungeonsdelight:monster_cooking/gyudon","#dungeonsdelight:sculk_cheese","TAG","dungeonsdelight:gyudon -> #dungeonsdelight:sculk_cheese","1","0","1","否","[农夫乐事-地牢乐事]neoforge-dungeonsdelight-1.21.1-1.5.0.jar","data/dungeonsdelight/recipe/monster_cooking/gyudon.json","补充直接 ID/tag 锚点或人工确认成员","REVIEW"
"dungeonsdelight:gyudon","T2","dungeonsdelight:monster_cooking/gyudon","dungeonsdelight:gritty_flesh","ITEM","dungeonsdelight:gyudon -> dungeonsdelight:gritty_flesh","0","0","1","否","[农夫乐事-地牢乐事]neoforge-dungeonsdelight-1.21.1-1.5.0.jar","data/dungeonsdelight/recipe/monster_cooking/gyudon.json","补充直接 ID/tag 锚点或人工确认成员","REVIEW"
"dungeonsdelight:gyudon","T2","dungeonsdelight:monster_cooking/gyudon","farmersdelight:fried_egg","ITEM","dungeonsdelight:gyudon -> farmersdelight:fried_egg","3","0","1","否","[农夫乐事-地牢乐事]neoforge-dungeonsdelight-1.21.1-1.5.0.jar","data/dungeonsdelight/recipe/monster_cooking/gyudon.json","补充直接 ID/tag 锚点或人工确认成员","REVIEW"
"dungeonsdelight:haggis","T2","dungeonsdelight:cutting/rotbulb_plant","dungeonsdelight:rotbulb_plant","ITEM","dungeonsdelight:haggis -> minecraft:slime_ball -> dungeonsdelight:gunk -> dungeonsdelight:rotbulb_plant","0","0","1","否","[农夫乐事-地牢乐事]neoforge-dungeonsdelight-1.21.1-1.5.0.jar","data/dungeonsdelight/recipe/cutting/rotbulb_plant.json","补充直接 ID/tag 锚点或人工确认成员","REVIEW"
"dungeonsdelight:haggis","T2","dungeonsdelight:monster_cooking/haggis","#dungeonsdelight:fleshes","TAG","dungeonsdelight:haggis -> #dungeonsdelight:fleshes","3","0","1","否","[农夫乐事-地牢乐事]neoforge-dungeonsdelight-1.21.1-1.5.0.jar","data/dungeonsdelight/recipe/monster_cooking/haggis.json","补充直接 ID/tag 锚点或人工确认成员","REVIEW"
"dungeonsdelight:haggis","T2","dungeonsdelight:monster_cooking/haggis","#dungeonsdelight:fleshes","TAG","dungeonsdelight:haggis -> #dungeonsdelight:fleshes","4","0","1","否","[农夫乐事-地牢乐事]neoforge-dungeonsdelight-1.21.1-1.5.0.jar","data/dungeonsdelight/recipe/monster_cooking/haggis.json","补充直接 ID/tag 锚点或人工确认成员","REVIEW"
"dungeonsdelight:haggis","T2","dungeonsdelight:monster_cooking/haggis","dungeonsdelight:bogged_brain","ITEM","dungeonsdelight:haggis -> dungeonsdelight:bogged_brain","0","0","1","否","[农夫乐事-地牢乐事]neoforge-dungeonsdelight-1.21.1-1.5.0.jar","data/dungeonsdelight/recipe/monster_cooking/haggis.json","补充直接 ID/tag 锚点或人工确认成员","REVIEW"
"dungeonsdelight:haggis","T2","dungeonsdelight:monster_cooking/haggis","dungeonsdelight:bogged_brain","ITEM","dungeonsdelight:haggis -> dungeonsdelight:bogged_brain","1","0","1","否","[农夫乐事-地牢乐事]neoforge-dungeonsdelight-1.21.1-1.5.0.jar","data/dungeonsdelight/recipe/monster_cooking/haggis.json","补充直接 ID/tag 锚点或人工确认成员","REVIEW"
"dungeonsdelight:haggis","T2","dungeonsdelight:monster_cooking/haggis","dungeonsdelight:bogged_brain","ITEM","dungeonsdelight:haggis -> dungeonsdelight:bogged_brain","2","0","1","否","[农夫乐事-地牢乐事]neoforge-dungeonsdelight-1.21.1-1.5.0.jar","data/dungeonsdelight/recipe/monster_cooking/haggis.json","补充直接 ID/tag 锚点或人工确认成员","REVIEW"
"dungeonsdelight:haggis","T2","minecraft:rotbulb_crate","dungeonsdelight:rotbulb","ITEM","dungeonsdelight:haggis -> minecraft:slime_ball -> dungeonsdelight:gunk -> dungeonsdelight:rotbulb -> dungeonsdelight:rotbulb_crate -> dungeonsdelight:rotbulb","0","0","9","否","[农夫乐事-地牢乐事]neoforge-dungeonsdelight-1.21.1-1.5.0.jar","data/minecraft/recipe/rotbulb_crate.json","补充直接 ID/tag 锚点或人工确认成员","REVIEW"
"dungeonsdelight:jelly_beans","T2","dungeonsdelight:cutting/rotbulb_plant","dungeonsdelight:rotbulb_plant","ITEM","dungeonsdelight:jelly_beans -> dungeonsdelight:gunk -> dungeonsdelight:rotbulb_plant","0","0","1","否","[农夫乐事-地牢乐事]neoforge-dungeonsdelight-1.21.1-1.5.0.jar","data/dungeonsdelight/recipe/cutting/rotbulb_plant.json","补充直接 ID/tag 锚点或人工确认成员","REVIEW"
"dungeonsdelight:jelly_beans","T2","dungeonsdelight:monster_cooking/jelly_beans","#dungeonsdelight:extracts","TAG","dungeonsdelight:jelly_beans -> #dungeonsdelight:extracts","0","0","1","否","[农夫乐事-地牢乐事]neoforge-dungeonsdelight-1.21.1-1.5.0.jar","data/dungeonsdelight/recipe/monster_cooking/jelly_beans.json","补充直接 ID/tag 锚点或人工确认成员","REVIEW"
"dungeonsdelight:jelly_beans","T2","dungeonsdelight:monster_cooking/jelly_beans","minecraft:wind_charge","ITEM","dungeonsdelight:jelly_beans -> minecraft:wind_charge","1","0","1","否","[农夫乐事-地牢乐事]neoforge-dungeonsdelight-1.21.1-1.5.0.jar","data/dungeonsdelight/recipe/monster_cooking/jelly_beans.json","补充直接 ID/tag 锚点或人工确认成员","REVIEW"
"dungeonsdelight:jelly_beans","T2","minecraft:rotbulb_crate","dungeonsdelight:rotbulb","ITEM","dungeonsdelight:jelly_beans -> dungeonsdelight:gunk -> dungeonsdelight:rotbulb -> dungeonsdelight:rotbulb_crate -> dungeonsdelight:rotbulb","0","0","9","否","[农夫乐事-地牢乐事]neoforge-dungeonsdelight-1.21.1-1.5.0.jar","data/minecraft/recipe/rotbulb_crate.json","补充直接 ID/tag 锚点或人工确认成员","REVIEW"
"dungeonsdelight:malicious_sandwich","T2","dungeonsdelight:monster_cooking/malicious_sandwich","#dungeonsdelight:fleshes","TAG","dungeonsdelight:malicious_sandwich -> #dungeonsdelight:fleshes","3","0","1","否","[农夫乐事-地牢乐事]neoforge-dungeonsdelight-1.21.1-1.5.0.jar","data/dungeonsdelight/recipe/monster_cooking/malicious_sandwich.json","补充直接 ID/tag 锚点或人工确认成员","REVIEW"
"dungeonsdelight:malicious_sandwich","T2","dungeonsdelight:monster_cooking/malicious_sandwich","#dungeonsdelight:fleshes","TAG","dungeonsdelight:malicious_sandwich -> #dungeonsdelight:fleshes","4","0","1","否","[农夫乐事-地牢乐事]neoforge-dungeonsdelight-1.21.1-1.5.0.jar","data/dungeonsdelight/recipe/monster_cooking/malicious_sandwich.json","补充直接 ID/tag 锚点或人工确认成员","REVIEW"
"dungeonsdelight:malicious_sandwich","T2","dungeonsdelight:monster_cooking/malicious_sandwich","#dungeonsdelight:sculk_cheese","TAG","dungeonsdelight:malicious_sandwich -> #dungeonsdelight:sculk_cheese","1","0","1","否","[农夫乐事-地牢乐事]neoforge-dungeonsdelight-1.21.1-1.5.0.jar","data/dungeonsdelight/recipe/monster_cooking/malicious_sandwich.json","补充直接 ID/tag 锚点或人工确认成员","REVIEW"
"dungeonsdelight:malicious_sandwich","T2","dungeonsdelight:monster_cooking/sculk_mayo","#dungeonsdelight:extracts","TAG","dungeonsdelight:malicious_sandwich -> dungeonsdelight:sculk_mayo -> #dungeonsdelight:extracts","2","0","1","否","[农夫乐事-地牢乐事]neoforge-dungeonsdelight-1.21.1-1.5.0.jar","data/dungeonsdelight/recipe/monster_cooking/sculk_mayo.json","补充直接 ID/tag 锚点或人工确认成员","REVIEW"
"dungeonsdelight:malicious_sandwich","T2","dungeonsdelight:monster_cooking/sculk_mayo","#dungeonsdelight:extracts","TAG","dungeonsdelight:malicious_sandwich -> dungeonsdelight:sculk_mayo -> #dungeonsdelight:extracts","3","0","1","否","[农夫乐事-地牢乐事]neoforge-dungeonsdelight-1.21.1-1.5.0.jar","data/dungeonsdelight/recipe/monster_cooking/sculk_mayo.json","补充直接 ID/tag 锚点或人工确认成员","REVIEW"
"dungeonsdelight:malicious_sandwich","T2","dungeonsdelight:monster_cooking/sculk_mayo","dungeonsdelight:ancient_egg","ITEM","dungeonsdelight:malicious_sandwich -> dungeonsdelight:sculk_mayo -> dungeonsdelight:ancient_egg","0","0","1","否","[农夫乐事-地牢乐事]neoforge-dungeonsdelight-1.21.1-1.5.0.jar","data/dungeonsdelight/recipe/monster_cooking/sculk_mayo.json","补充直接 ID/tag 锚点或人工确认成员","REVIEW"
"dungeonsdelight:malicious_sandwich","T2","dungeonsdelight:monster_cooking/sculk_mayo","dungeonsdelight:ancient_egg","ITEM","dungeonsdelight:malicious_sandwich -> dungeonsdelight:sculk_mayo -> dungeonsdelight:ancient_egg","1","0","1","否","[农夫乐事-地牢乐事]neoforge-dungeonsdelight-1.21.1-1.5.0.jar","data/dungeonsdelight/recipe/monster_cooking/sculk_mayo.json","补充直接 ID/tag 锚点或人工确认成员","REVIEW"
"dungeonsdelight:marshbellow","T2","dungeonsdelight:cutting/slime_bar","dungeonsdelight:slime_bar","ITEM","dungeonsdelight:marshbellow -> dungeonsdelight:slime_noodles -> dungeonsdelight:slime_bar -> farmersdelight:canvas -> dungeonsdelight:slime_bar","0","0","1","否","[农夫乐事-地牢乐事]neoforge-dungeonsdelight-1.21.1-1.5.0.jar","data/dungeonsdelight/recipe/cutting/slime_bar.json","补充直接 ID/tag 锚点或人工确认成员","REVIEW"
"dungeonsdelight:marshbellow","T2","dungeonsdelight:monster_cooking/marshbellow","minecraft:wind_charge","ITEM","dungeonsdelight:marshbellow -> minecraft:wind_charge","0","0","1","否","[农夫乐事-地牢乐事]neoforge-dungeonsdelight-1.21.1-1.5.0.jar","data/dungeonsdelight/recipe/monster_cooking/marshbellow.json","补充直接 ID/tag 锚点或人工确认成员","REVIEW"
"dungeonsdelight:marshbellow","T2","dungeonsdelight:monster_cooking/marshbellow","minecraft:wind_charge","ITEM","dungeonsdelight:marshbellow -> minecraft:wind_charge","1","0","1","否","[农夫乐事-地牢乐事]neoforge-dungeonsdelight-1.21.1-1.5.0.jar","data/dungeonsdelight/recipe/monster_cooking/marshbellow.json","补充直接 ID/tag 锚点或人工确认成员","REVIEW"
"dungeonsdelight:marshbellow","T2","dungeonsdelight:slime_bar_from_shapeless","#dungeonsdelight:slime_balls","TAG","dungeonsdelight:marshbellow -> dungeonsdelight:slime_noodles -> dungeonsdelight:slime_bar -> #dungeonsdelight:slime_balls","0","0","1","否","[农夫乐事-地牢乐事]neoforge-dungeonsdelight-1.21.1-1.5.0.jar","data/dungeonsdelight/recipe/slime_bar_from_shapeless.json","补充直接 ID/tag 锚点或人工确认成员","REVIEW"
"dungeonsdelight:marshbellow","T2","dungeonsdelight:slime_bar_from_shapeless","#dungeonsdelight:slime_balls","TAG","dungeonsdelight:marshbellow -> dungeonsdelight:slime_noodles -> dungeonsdelight:slime_bar -> #dungeonsdelight:slime_balls","1","0","1","否","[农夫乐事-地牢乐事]neoforge-dungeonsdelight-1.21.1-1.5.0.jar","data/dungeonsdelight/recipe/slime_bar_from_shapeless.json","补充直接 ID/tag 锚点或人工确认成员","REVIEW"
"dungeonsdelight:monster_burger","T2","dungeonsdelight:cutting/rotbulb_plant","dungeonsdelight:rotbulb_plant","ITEM","dungeonsdelight:monster_burger -> dungeonsdelight:rancid_reduction -> dungeonsdelight:gunk -> dungeonsdelight:rotbulb_plant","0","0","1","否","[农夫乐事-地牢乐事]neoforge-dungeonsdelight-1.21.1-1.5.0.jar","data/dungeonsdelight/recipe/cutting/rotbulb_plant.json","补充直接 ID/tag 锚点或人工确认成员","REVIEW"
"dungeonsdelight:monster_burger","T2","dungeonsdelight:cutting/rotgourd","dungeonsdelight:rotgourd","ITEM","dungeonsdelight:monster_burger -> dungeonsdelight:rancid_reduction -> dungeonsdelight:rotgourd_slice -> dungeonsdelight:rotgourd","0","0","1","否","[农夫乐事-地牢乐事]neoforge-dungeonsdelight-1.21.1-1.5.0.jar","data/dungeonsdelight/recipe/cutting/rotgourd.json","补充直接 ID/tag 锚点或人工确认成员","REVIEW"
"dungeonsdelight:monster_burger","T2","dungeonsdelight:cutting/slime_bar","dungeonsdelight:slime_bar","ITEM","dungeonsdelight:monster_burger -> dungeonsdelight:ghoulash -> dungeonsdelight:slime_noodles -> dungeonsdelight:slime_bar -> farmersdelight:canvas -> dungeonsdelight:slime_bar","0","0","1","否","[农夫乐事-地牢乐事]neoforge-dungeonsdelight-1.21.1-1.5.0.jar","data/dungeonsdelight/recipe/cutting/slime_bar.json","补充直接 ID/tag 锚点或人工确认成员","REVIEW"
"dungeonsdelight:monster_burger","T2","dungeonsdelight:monster_cooking/ghoulash","#dungeonsdelight:fleshes","TAG","dungeonsdelight:monster_burger -> dungeonsdelight:ghoulash -> #dungeonsdelight:fleshes","1","0","1","否","[农夫乐事-地牢乐事]neoforge-dungeonsdelight-1.21.1-1.5.0.jar","data/dungeonsdelight/recipe/monster_cooking/ghoulash.json","补充直接 ID/tag 锚点或人工确认成员","REVIEW"
"dungeonsdelight:monster_burger","T2","dungeonsdelight:monster_cooking/malicious_sandwich","#dungeonsdelight:fleshes","TAG","dungeonsdelight:monster_burger -> dungeonsdelight:malicious_sandwich -> #dungeonsdelight:fleshes","3","0","1","否","[农夫乐事-地牢乐事]neoforge-dungeonsdelight-1.21.1-1.5.0.jar","data/dungeonsdelight/recipe/monster_cooking/malicious_sandwich.json","补充直接 ID/tag 锚点或人工确认成员","REVIEW"
"dungeonsdelight:monster_burger","T2","dungeonsdelight:monster_cooking/malicious_sandwich","#dungeonsdelight:fleshes","TAG","dungeonsdelight:monster_burger -> dungeonsdelight:malicious_sandwich -> #dungeonsdelight:fleshes","4","0","1","否","[农夫乐事-地牢乐事]neoforge-dungeonsdelight-1.21.1-1.5.0.jar","data/dungeonsdelight/recipe/monster_cooking/malicious_sandwich.json","补充直接 ID/tag 锚点或人工确认成员","REVIEW"
"dungeonsdelight:monster_burger","T2","dungeonsdelight:monster_cooking/malicious_sandwich","#dungeonsdelight:sculk_cheese","TAG","dungeonsdelight:monster_burger -> dungeonsdelight:malicious_sandwich -> #dungeonsdelight:sculk_cheese","1","0","1","否","[农夫乐事-地牢乐事]neoforge-dungeonsdelight-1.21.1-1.5.0.jar","data/dungeonsdelight/recipe/monster_cooking/malicious_sandwich.json","补充直接 ID/tag 锚点或人工确认成员","REVIEW"
"dungeonsdelight:monster_burger","T2","dungeonsdelight:monster_cooking/monster_burger","dungeonsdelight:candied_vex_sucker","ITEM","dungeonsdelight:monster_burger -> dungeonsdelight:candied_vex_sucker","2","0","1","否","[农夫乐事-地牢乐事]neoforge-dungeonsdelight-1.21.1-1.5.0.jar","data/dungeonsdelight/recipe/monster_cooking/monster_burger.json","补充直接 ID/tag 锚点或人工确认成员","REVIEW"
"dungeonsdelight:monster_burger","T2","dungeonsdelight:monster_cooking/sculk_mayo","#dungeonsdelight:extracts","TAG","dungeonsdelight:monster_burger -> dungeonsdelight:malicious_sandwich -> dungeonsdelight:sculk_mayo -> #dungeonsdelight:extracts","2","0","1","否","[农夫乐事-地牢乐事]neoforge-dungeonsdelight-1.21.1-1.5.0.jar","data/dungeonsdelight/recipe/monster_cooking/sculk_mayo.json","补充直接 ID/tag 锚点或人工确认成员","REVIEW"
"dungeonsdelight:monster_burger","T2","dungeonsdelight:monster_cooking/sculk_mayo","#dungeonsdelight:extracts","TAG","dungeonsdelight:monster_burger -> dungeonsdelight:malicious_sandwich -> dungeonsdelight:sculk_mayo -> #dungeonsdelight:extracts","3","0","1","否","[农夫乐事-地牢乐事]neoforge-dungeonsdelight-1.21.1-1.5.0.jar","data/dungeonsdelight/recipe/monster_cooking/sculk_mayo.json","补充直接 ID/tag 锚点或人工确认成员","REVIEW"
"dungeonsdelight:monster_burger","T2","dungeonsdelight:monster_cooking/sculk_mayo","dungeonsdelight:ancient_egg","ITEM","dungeonsdelight:monster_burger -> dungeonsdelight:malicious_sandwich -> dungeonsdelight:sculk_mayo -> dungeonsdelight:ancient_egg","0","0","1","否","[农夫乐事-地牢乐事]neoforge-dungeonsdelight-1.21.1-1.5.0.jar","data/dungeonsdelight/recipe/monster_cooking/sculk_mayo.json","补充直接 ID/tag 锚点或人工确认成员","REVIEW"
"dungeonsdelight:monster_burger","T2","dungeonsdelight:monster_cooking/sculk_mayo","dungeonsdelight:ancient_egg","ITEM","dungeonsdelight:monster_burger -> dungeonsdelight:malicious_sandwich -> dungeonsdelight:sculk_mayo -> dungeonsdelight:ancient_egg","1","0","1","否","[农夫乐事-地牢乐事]neoforge-dungeonsdelight-1.21.1-1.5.0.jar","data/dungeonsdelight/recipe/monster_cooking/sculk_mayo.json","补充直接 ID/tag 锚点或人工确认成员","REVIEW"
"dungeonsdelight:monster_burger","T2","dungeonsdelight:monster_cooking/silverfish_fried_rice","dungeonsdelight:silverfish_abdomen","ITEM","dungeonsdelight:monster_burger -> dungeonsdelight:silverfish_fried_rice -> dungeonsdelight:silverfish_abdomen","0","0","1","否","[农夫乐事-地牢乐事]neoforge-dungeonsdelight-1.21.1-1.5.0.jar","data/dungeonsdelight/recipe/monster_cooking/silverfish_fried_rice.json","补充直接 ID/tag 锚点或人工确认成员","REVIEW"
"dungeonsdelight:monster_burger","T2","dungeonsdelight:monster_cooking/spider_salmagundi","dungeonsdelight:spider_meat","ITEM","dungeonsdelight:monster_burger -> dungeonsdelight:spider_salmagundi -> dungeonsdelight:spider_meat","1","0","1","否","[农夫乐事-地牢乐事]neoforge-dungeonsdelight-1.21.1-1.5.0.jar","data/dungeonsdelight/recipe/monster_cooking/spider_salmagundi.json","补充直接 ID/tag 锚点或人工确认成员","REVIEW"
"dungeonsdelight:monster_burger","T2","dungeonsdelight:monster_cooking/spider_salmagundi","dungeonsdelight:spider_meat","ITEM","dungeonsdelight:monster_burger -> dungeonsdelight:spider_salmagundi -> dungeonsdelight:spider_meat","2","0","1","否","[农夫乐事-地牢乐事]neoforge-dungeonsdelight-1.21.1-1.5.0.jar","data/dungeonsdelight/recipe/monster_cooking/spider_salmagundi.json","补充直接 ID/tag 锚点或人工确认成员","REVIEW"
"dungeonsdelight:monster_burger","T2","dungeonsdelight:monster_cooking/spider_salmagundi","minecraft:fermented_spider_eye","ITEM","dungeonsdelight:monster_burger -> dungeonsdelight:spider_salmagundi -> minecraft:fermented_spider_eye","0","0","1","否","[农夫乐事-地牢乐事]neoforge-dungeonsdelight-1.21.1-1.5.0.jar","data/dungeonsdelight/recipe/monster_cooking/spider_salmagundi.json","补充直接 ID/tag 锚点或人工确认成员","REVIEW"
"dungeonsdelight:monster_burger","T2","dungeonsdelight:slime_bar_from_shapeless","#dungeonsdelight:slime_balls","TAG","dungeonsdelight:monster_burger -> dungeonsdelight:ghoulash -> dungeonsdelight:slime_noodles -> dungeonsdelight:slime_bar -> #dungeonsdelight:slime_balls","0","0","1","否","[农夫乐事-地牢乐事]neoforge-dungeonsdelight-1.21.1-1.5.0.jar","data/dungeonsdelight/recipe/slime_bar_from_shapeless.json","补充直接 ID/tag 锚点或人工确认成员","REVIEW"
"dungeonsdelight:monster_burger","T2","dungeonsdelight:slime_bar_from_shapeless","#dungeonsdelight:slime_balls","TAG","dungeonsdelight:monster_burger -> dungeonsdelight:ghoulash -> dungeonsdelight:slime_noodles -> dungeonsdelight:slime_bar -> #dungeonsdelight:slime_balls","1","0","1","否","[农夫乐事-地牢乐事]neoforge-dungeonsdelight-1.21.1-1.5.0.jar","data/dungeonsdelight/recipe/slime_bar_from_shapeless.json","补充直接 ID/tag 锚点或人工确认成员","REVIEW"
"dungeonsdelight:monster_burger","T2","minecraft:rotbulb_crate","dungeonsdelight:rotbulb","ITEM","dungeonsdelight:monster_burger -> dungeonsdelight:rancid_reduction -> dungeonsdelight:rotbulb -> dungeonsdelight:rotbulb_crate -> dungeonsdelight:rotbulb","0","0","9","否","[农夫乐事-地牢乐事]neoforge-dungeonsdelight-1.21.1-1.5.0.jar","data/minecraft/recipe/rotbulb_crate.json","补充直接 ID/tag 锚点或人工确认成员","REVIEW"
"dungeonsdelight:monster_burger","T2","minecraft:rotten_tomato_crate","farmersdelight:rotten_tomato","ITEM","dungeonsdelight:monster_burger -> dungeonsdelight:ghoulash -> farmersdelight:rotten_tomato -> dungeonsdelight:rotten_tomato_crate -> farmersdelight:rotten_tomato","0","0","9","否","[农夫乐事-地牢乐事]neoforge-dungeonsdelight-1.21.1-1.5.0.jar","data/minecraft/recipe/rotten_tomato_crate.json","补充直接 ID/tag 锚点或人工确认成员","REVIEW"
"dungeonsdelight:monster_cake_slice","T2","dungeonsdelight:monster_cake","#dungeonsdelight:acidics","TAG","dungeonsdelight:monster_cake_slice -> dungeonsdelight:monster_cake -> #dungeonsdelight:acidics","0","0","3","否","[农夫乐事-地牢乐事]neoforge-dungeonsdelight-1.21.1-1.5.0.jar","data/dungeonsdelight/recipe/monster_cake.json","补充直接 ID/tag 锚点或人工确认成员","REVIEW"
"dungeonsdelight:monster_cake_slice","T2","dungeonsdelight:monster_cake","dungeonsdelight:ancient_egg","ITEM","dungeonsdelight:monster_cake_slice -> dungeonsdelight:monster_cake -> dungeonsdelight:ancient_egg","2","0","1","否","[农夫乐事-地牢乐事]neoforge-dungeonsdelight-1.21.1-1.5.0.jar","data/dungeonsdelight/recipe/monster_cake.json","补充直接 ID/tag 锚点或人工确认成员","REVIEW"
"dungeonsdelight:monster_cake_slice","T2","minecraft:monster_cake_from_slices","dungeonsdelight:monster_cake_slice","ITEM","dungeonsdelight:monster_cake_slice -> dungeonsdelight:monster_cake -> dungeonsdelight:monster_cake_slice","0","0","1","否","[农夫乐事-地牢乐事]neoforge-dungeonsdelight-1.21.1-1.5.0.jar","data/minecraft/recipe/monster_cake_from_slices.json","补充直接 ID/tag 锚点或人工确认成员","REVIEW"
"dungeonsdelight:monster_cake_slice","T2","minecraft:monster_cake_from_slices","dungeonsdelight:monster_cake_slice","ITEM","dungeonsdelight:monster_cake_slice -> dungeonsdelight:monster_cake -> dungeonsdelight:monster_cake_slice","1","0","1","否","[农夫乐事-地牢乐事]neoforge-dungeonsdelight-1.21.1-1.5.0.jar","data/minecraft/recipe/monster_cake_from_slices.json","补充直接 ID/tag 锚点或人工确认成员","REVIEW"
"dungeonsdelight:monster_cake_slice","T2","minecraft:monster_cake_from_slices","dungeonsdelight:monster_cake_slice","ITEM","dungeonsdelight:monster_cake_slice -> dungeonsdelight:monster_cake -> dungeonsdelight:monster_cake_slice","2","0","1","否","[农夫乐事-地牢乐事]neoforge-dungeonsdelight-1.21.1-1.5.0.jar","data/minecraft/recipe/monster_cake_from_slices.json","补充直接 ID/tag 锚点或人工确认成员","REVIEW"
"dungeonsdelight:monster_cake_slice","T2","minecraft:monster_cake_from_slices","dungeonsdelight:monster_cake_slice","ITEM","dungeonsdelight:monster_cake_slice -> dungeonsdelight:monster_cake -> dungeonsdelight:monster_cake_slice","3","0","1","否","[农夫乐事-地牢乐事]neoforge-dungeonsdelight-1.21.1-1.5.0.jar","data/minecraft/recipe/monster_cake_from_slices.json","补充直接 ID/tag 锚点或人工确认成员","REVIEW"
"dungeonsdelight:monster_cake_slice","T2","minecraft:monster_cake_from_slices","dungeonsdelight:monster_cake_slice","ITEM","dungeonsdelight:monster_cake_slice -> dungeonsdelight:monster_cake -> dungeonsdelight:monster_cake_slice","4","0","1","否","[农夫乐事-地牢乐事]neoforge-dungeonsdelight-1.21.1-1.5.0.jar","data/minecraft/recipe/monster_cake_from_slices.json","补充直接 ID/tag 锚点或人工确认成员","REVIEW"
"dungeonsdelight:monster_cake_slice","T2","minecraft:monster_cake_from_slices","dungeonsdelight:monster_cake_slice","ITEM","dungeonsdelight:monster_cake_slice -> dungeonsdelight:monster_cake -> dungeonsdelight:monster_cake_slice","5","0","1","否","[农夫乐事-地牢乐事]neoforge-dungeonsdelight-1.21.1-1.5.0.jar","data/minecraft/recipe/monster_cake_from_slices.json","补充直接 ID/tag 锚点或人工确认成员","REVIEW"
"dungeonsdelight:monster_cake_slice","T2","minecraft:monster_cake_from_slices","dungeonsdelight:monster_cake_slice","ITEM","dungeonsdelight:monster_cake_slice -> dungeonsdelight:monster_cake -> dungeonsdelight:monster_cake_slice","6","0","1","否","[农夫乐事-地牢乐事]neoforge-dungeonsdelight-1.21.1-1.5.0.jar","data/minecraft/recipe/monster_cake_from_slices.json","补充直接 ID/tag 锚点或人工确认成员","REVIEW"
"dungeonsdelight:monster_cake_slice","T2","minecraft:rotbulb_crate","dungeonsdelight:rotbulb","ITEM","dungeonsdelight:monster_cake_slice -> dungeonsdelight:monster_cake -> dungeonsdelight:rotbulb -> dungeonsdelight:rotbulb_crate -> dungeonsdelight:rotbulb","0","0","9","否","[农夫乐事-地牢乐事]neoforge-dungeonsdelight-1.21.1-1.5.0.jar","data/minecraft/recipe/rotbulb_crate.json","补充直接 ID/tag 锚点或人工确认成员","REVIEW"
"dungeonsdelight:monster_muffin","T2","dungeonsdelight:monster_cooking/monster_muffin","#dungeonsdelight:acidics","TAG","dungeonsdelight:monster_muffin -> #dungeonsdelight:acidics","1","0","1","否","[农夫乐事-地牢乐事]neoforge-dungeonsdelight-1.21.1-1.5.0.jar","data/dungeonsdelight/recipe/monster_cooking/monster_muffin.json","补充直接 ID/tag 锚点或人工确认成员","REVIEW"
"dungeonsdelight:monster_muffin","T2","minecraft:rotbulb_crate","dungeonsdelight:rotbulb","ITEM","dungeonsdelight:monster_muffin -> dungeonsdelight:rotbulb -> dungeonsdelight:rotbulb_crate -> dungeonsdelight:rotbulb","0","0","9","否","[农夫乐事-地牢乐事]neoforge-dungeonsdelight-1.21.1-1.5.0.jar","data/minecraft/recipe/rotbulb_crate.json","补充直接 ID/tag 锚点或人工确认成员","REVIEW"
"dungeonsdelight:necronog","T2","dungeonsdelight:cutting/rotbulb_plant","dungeonsdelight:rotbulb_plant","ITEM","dungeonsdelight:necronog -> dungeonsdelight:slicorice -> dungeonsdelight:wormroot_tendrils -> dungeonsdelight:gunk -> dungeonsdelight:rotbulb_plant","0","0","1","否","[农夫乐事-地牢乐事]neoforge-dungeonsdelight-1.21.1-1.5.0.jar","data/dungeonsdelight/recipe/cutting/rotbulb_plant.json","补充直接 ID/tag 锚点或人工确认成员","REVIEW"
"dungeonsdelight:necronog","T2","dungeonsdelight:monster_cooking/necronog","dungeonsdelight:ancient_egg","ITEM","dungeonsdelight:necronog -> dungeonsdelight:ancient_egg","0","0","1","否","[农夫乐事-地牢乐事]neoforge-dungeonsdelight-1.21.1-1.5.0.jar","data/dungeonsdelight/recipe/monster_cooking/necronog.json","补充直接 ID/tag 锚点或人工确认成员","REVIEW"
"dungeonsdelight:necronog","T2","dungeonsdelight:monster_cooking/necronog","dungeonsdelight:ancient_egg","ITEM","dungeonsdelight:necronog -> dungeonsdelight:ancient_egg","1","0","1","否","[农夫乐事-地牢乐事]neoforge-dungeonsdelight-1.21.1-1.5.0.jar","data/dungeonsdelight/recipe/monster_cooking/necronog.json","补充直接 ID/tag 锚点或人工确认成员","REVIEW"
"dungeonsdelight:necronog","T2","dungeonsdelight:wormroot_tendrils_from_wormroot_stalk","dungeonsdelight:wormroot_stalk","ITEM","dungeonsdelight:necronog -> dungeonsdelight:slicorice -> dungeonsdelight:wormroot_tendrils -> dungeonsdelight:wormroot_stalk","0","0","1","否","[农夫乐事-地牢乐事]neoforge-dungeonsdelight-1.21.1-1.5.0.jar","data/dungeonsdelight/recipe/wormroot_tendrils_from_wormroot_stalk.json","补充直接 ID/tag 锚点或人工确认成员","REVIEW"
"dungeonsdelight:necronog","T2","dungeonsdelight:wormroots_block","dungeonsdelight:wormroot_tendrils","ITEM","dungeonsdelight:necronog -> dungeonsdelight:slicorice -> dungeonsdelight:wormroot_tendrils -> dungeonsdelight:wormroots_block -> dungeonsdelight:wormroot_tendrils","0","0","9","否","[农夫乐事-地牢乐事]neoforge-dungeonsdelight-1.21.1-1.5.0.jar","data/dungeonsdelight/recipe/wormroots_block.json","补充直接 ID/tag 锚点或人工确认成员","REVIEW"
"dungeonsdelight:necronog","T2","minecraft:rotbulb_crate","dungeonsdelight:rotbulb","ITEM","dungeonsdelight:necronog -> dungeonsdelight:slicorice -> dungeonsdelight:wormroot_tendrils -> dungeonsdelight:gunk -> dungeonsdelight:rotbulb -> dungeonsdelight:rotbulb_crate -> dungeonsdelight:rotbulb","0","0","9","否","[农夫乐事-地牢乐事]neoforge-dungeonsdelight-1.21.1-1.5.0.jar","data/minecraft/recipe/rotbulb_crate.json","补充直接 ID/tag 锚点或人工确认成员","REVIEW"
"dungeonsdelight:poi","T2","minecraft:rotbulb_crate","dungeonsdelight:rotbulb","ITEM","dungeonsdelight:poi -> dungeonsdelight:rotbulb -> dungeonsdelight:rotbulb_crate -> dungeonsdelight:rotbulb","0","0","9","否","[农夫乐事-地牢乐事]neoforge-dungeonsdelight-1.21.1-1.5.0.jar","data/minecraft/recipe/rotbulb_crate.json","补充直接 ID/tag 锚点或人工确认成员","REVIEW"
"dungeonsdelight:poisonous_poutine","T2","dungeonsdelight:monster_cooking/poisonous_poutine","#dungeonsdelight:sculk_cheese","TAG","dungeonsdelight:poisonous_poutine -> #dungeonsdelight:sculk_cheese","4","0","1","否","[农夫乐事-地牢乐事]neoforge-dungeonsdelight-1.21.1-1.5.0.jar","data/dungeonsdelight/recipe/monster_cooking/poisonous_poutine.json","补充直接 ID/tag 锚点或人工确认成员","REVIEW"
"dungeonsdelight:poisonous_poutine","T2","dungeonsdelight:monster_cooking/poisonous_poutine","#dungeonsdelight:sculk_cheese","TAG","dungeonsdelight:poisonous_poutine -> #dungeonsdelight:sculk_cheese","5","0","1","否","[农夫乐事-地牢乐事]neoforge-dungeonsdelight-1.21.1-1.5.0.jar","data/dungeonsdelight/recipe/monster_cooking/poisonous_poutine.json","补充直接 ID/tag 锚点或人工确认成员","REVIEW"
"dungeonsdelight:poisonous_poutine","T2","dungeonsdelight:monster_cooking/poisonous_poutine","dungeonsdelight:spider_meat","ITEM","dungeonsdelight:poisonous_poutine -> dungeonsdelight:spider_meat","2","0","1","否","[农夫乐事-地牢乐事]neoforge-dungeonsdelight-1.21.1-1.5.0.jar","data/dungeonsdelight/recipe/monster_cooking/poisonous_poutine.json","补充直接 ID/tag 锚点或人工确认成员","REVIEW"
"dungeonsdelight:poisonous_poutine","T2","dungeonsdelight:monster_cooking/poisonous_poutine","dungeonsdelight:spider_meat","ITEM","dungeonsdelight:poisonous_poutine -> dungeonsdelight:spider_meat","3","0","1","否","[农夫乐事-地牢乐事]neoforge-dungeonsdelight-1.21.1-1.5.0.jar","data/dungeonsdelight/recipe/monster_cooking/poisonous_poutine.json","补充直接 ID/tag 锚点或人工确认成员","REVIEW"
"dungeonsdelight:poisonous_poutine","T2","minecraft:poisonous_potato_crate","minecraft:poisonous_potato","ITEM","dungeonsdelight:poisonous_poutine -> minecraft:poisonous_potato -> dungeonsdelight:poisonous_potato_crate -> minecraft:poisonous_potato","0","0","9","否","[农夫乐事-地牢乐事]neoforge-dungeonsdelight-1.21.1-1.5.0.jar","data/minecraft/recipe/poisonous_potato_crate.json","补充直接 ID/tag 锚点或人工确认成员","REVIEW"
"dungeonsdelight:rot_roast","T2","dungeonsdelight:cutting/rotbulb_plant","dungeonsdelight:rotbulb_plant","ITEM","dungeonsdelight:rot_roast -> dungeonsdelight:gunk -> dungeonsdelight:rotbulb_plant","0","0","1","否","[农夫乐事-地牢乐事]neoforge-dungeonsdelight-1.21.1-1.5.0.jar","data/dungeonsdelight/recipe/cutting/rotbulb_plant.json","补充直接 ID/tag 锚点或人工确认成员","REVIEW"
"dungeonsdelight:rot_roast","T2","dungeonsdelight:monster_cooking/rot_roast","#dungeonsdelight:monster_foods","TAG","dungeonsdelight:rot_roast -> #dungeonsdelight:monster_foods","3","0","1","否","[农夫乐事-地牢乐事]neoforge-dungeonsdelight-1.21.1-1.5.0.jar","data/dungeonsdelight/recipe/monster_cooking/rot_roast.json","补充直接 ID/tag 锚点或人工确认成员","REVIEW"
"dungeonsdelight:rot_roast","T2","dungeonsdelight:monster_cooking/rot_roast","dungeonsdelight:carved_rotgourd","CONTAINER","dungeonsdelight:rot_roast -> dungeonsdelight:carved_rotgourd","6","-1","1","否","[农夫乐事-地牢乐事]neoforge-dungeonsdelight-1.21.1-1.5.0.jar","data/dungeonsdelight/recipe/monster_cooking/rot_roast.json","确认容器是否消耗、返还或属于成品","REVIEW"
"dungeonsdelight:rot_roast","T2","dungeonsdelight:monster_cooking/rot_roast","dungeonsdelight:silverfish_abdomen","ITEM","dungeonsdelight:rot_roast -> dungeonsdelight:silverfish_abdomen","0","0","1","否","[农夫乐事-地牢乐事]neoforge-dungeonsdelight-1.21.1-1.5.0.jar","data/dungeonsdelight/recipe/monster_cooking/rot_roast.json","补充直接 ID/tag 锚点或人工确认成员","REVIEW"
"dungeonsdelight:rot_roast","T2","minecraft:rotbulb_crate","dungeonsdelight:rotbulb","ITEM","dungeonsdelight:rot_roast -> dungeonsdelight:gunk -> dungeonsdelight:rotbulb -> dungeonsdelight:rotbulb_crate -> dungeonsdelight:rotbulb","0","0","9","否","[农夫乐事-地牢乐事]neoforge-dungeonsdelight-1.21.1-1.5.0.jar","data/minecraft/recipe/rotbulb_crate.json","补充直接 ID/tag 锚点或人工确认成员","REVIEW"
"dungeonsdelight:rotpop","T2","dungeonsdelight:cutting/rotgourd","dungeonsdelight:rotgourd","ITEM","dungeonsdelight:rotpop -> dungeonsdelight:rotgourd_slice -> dungeonsdelight:rotgourd","0","0","1","否","[农夫乐事-地牢乐事]neoforge-dungeonsdelight-1.21.1-1.5.0.jar","data/dungeonsdelight/recipe/cutting/rotgourd.json","补充直接 ID/tag 锚点或人工确认成员","REVIEW"
"dungeonsdelight:rubaboo","T2","dungeonsdelight:monster_cooking/rubaboo","#dungeonsdelight:rubaboo_ingredients","TAG","dungeonsdelight:rubaboo -> #dungeonsdelight:rubaboo_ingredients","2","0","1","否","[农夫乐事-地牢乐事]neoforge-dungeonsdelight-1.21.1-1.5.0.jar","data/dungeonsdelight/recipe/monster_cooking/rubaboo.json","补充直接 ID/tag 锚点或人工确认成员","REVIEW"
"dungeonsdelight:rubaboo","T2","dungeonsdelight:monster_cooking/rubaboo","dungeonsdelight:gritty_flesh","ITEM","dungeonsdelight:rubaboo -> dungeonsdelight:gritty_flesh","0","0","1","否","[农夫乐事-地牢乐事]neoforge-dungeonsdelight-1.21.1-1.5.0.jar","data/dungeonsdelight/recipe/monster_cooking/rubaboo.json","补充直接 ID/tag 锚点或人工确认成员","REVIEW"
"dungeonsdelight:rubaboo","T2","dungeonsdelight:monster_cooking/rubaboo","dungeonsdelight:gritty_flesh","ITEM","dungeonsdelight:rubaboo -> dungeonsdelight:gritty_flesh","1","0","1","否","[农夫乐事-地牢乐事]neoforge-dungeonsdelight-1.21.1-1.5.0.jar","data/dungeonsdelight/recipe/monster_cooking/rubaboo.json","补充直接 ID/tag 锚点或人工确认成员","REVIEW"
"dungeonsdelight:salt_soaked_stew","T2","dungeonsdelight:monster_cooking/salt_soaked_stew","dungeonsdelight:brined_flesh","ITEM","dungeonsdelight:salt_soaked_stew -> dungeonsdelight:brined_flesh","0","0","1","否","[农夫乐事-地牢乐事]neoforge-dungeonsdelight-1.21.1-1.5.0.jar","data/dungeonsdelight/recipe/monster_cooking/salt_soaked_stew.json","补充直接 ID/tag 锚点或人工确认成员","REVIEW"
"dungeonsdelight:salt_soaked_stew","T2","dungeonsdelight:monster_cooking/salt_soaked_stew","dungeonsdelight:brined_flesh","ITEM","dungeonsdelight:salt_soaked_stew -> dungeonsdelight:brined_flesh","1","0","1","否","[农夫乐事-地牢乐事]neoforge-dungeonsdelight-1.21.1-1.5.0.jar","data/dungeonsdelight/recipe/monster_cooking/salt_soaked_stew.json","补充直接 ID/tag 锚点或人工确认成员","REVIEW"
"dungeonsdelight:sculk_apple","T2","dungeonsdelight:monster_cooking/sculk_mayo","#dungeonsdelight:extracts","TAG","dungeonsdelight:sculk_apple -> dungeonsdelight:sculk_polyp -> dungeonsdelight:sculk_mayo_block -> dungeonsdelight:sculk_mayo -> #dungeonsdelight:extracts","2","0","1","否","[农夫乐事-地牢乐事]neoforge-dungeonsdelight-1.21.1-1.5.0.jar","data/dungeonsdelight/recipe/monster_cooking/sculk_mayo.json","补充直接 ID/tag 锚点或人工确认成员","REVIEW"
"dungeonsdelight:sculk_apple","T2","dungeonsdelight:monster_cooking/sculk_mayo","#dungeonsdelight:extracts","TAG","dungeonsdelight:sculk_apple -> dungeonsdelight:sculk_polyp -> dungeonsdelight:sculk_mayo_block -> dungeonsdelight:sculk_mayo -> #dungeonsdelight:extracts","3","0","1","否","[农夫乐事-地牢乐事]neoforge-dungeonsdelight-1.21.1-1.5.0.jar","data/dungeonsdelight/recipe/monster_cooking/sculk_mayo.json","补充直接 ID/tag 锚点或人工确认成员","REVIEW"
"dungeonsdelight:sculk_apple","T2","dungeonsdelight:monster_cooking/sculk_mayo","dungeonsdelight:ancient_egg","ITEM","dungeonsdelight:sculk_apple -> dungeonsdelight:sculk_polyp -> dungeonsdelight:sculk_mayo_block -> dungeonsdelight:sculk_mayo -> dungeonsdelight:ancient_egg","0","0","1","否","[农夫乐事-地牢乐事]neoforge-dungeonsdelight-1.21.1-1.5.0.jar","data/dungeonsdelight/recipe/monster_cooking/sculk_mayo.json","补充直接 ID/tag 锚点或人工确认成员","REVIEW"
"dungeonsdelight:sculk_apple","T2","dungeonsdelight:monster_cooking/sculk_mayo","dungeonsdelight:ancient_egg","ITEM","dungeonsdelight:sculk_apple -> dungeonsdelight:sculk_polyp -> dungeonsdelight:sculk_mayo_block -> dungeonsdelight:sculk_mayo -> dungeonsdelight:ancient_egg","1","0","1","否","[农夫乐事-地牢乐事]neoforge-dungeonsdelight-1.21.1-1.5.0.jar","data/dungeonsdelight/recipe/monster_cooking/sculk_mayo.json","补充直接 ID/tag 锚点或人工确认成员","REVIEW"
"dungeonsdelight:sculk_apple","T2","minecraft:cutting/calibrated_sculk_sensor","minecraft:calibrated_sculk_sensor","ITEM","dungeonsdelight:sculk_apple -> dungeonsdelight:sculk_polyp -> minecraft:calibrated_sculk_sensor","0","0","1","否","[农夫乐事-地牢乐事]neoforge-dungeonsdelight-1.21.1-1.5.0.jar","data/minecraft/recipe/cutting/calibrated_sculk_sensor.json","补充直接 ID/tag 锚点或人工确认成员","REVIEW"
"dungeonsdelight:shiokara","T2","dungeonsdelight:cutting/brined_flesh","dungeonsdelight:brined_flesh","ITEM","dungeonsdelight:shiokara -> dungeonsdelight:rotten_tripe -> dungeonsdelight:brined_flesh","0","0","1","否","[农夫乐事-地牢乐事]neoforge-dungeonsdelight-1.21.1-1.5.0.jar","data/dungeonsdelight/recipe/cutting/brined_flesh.json","补充直接 ID/tag 锚点或人工确认成员","REVIEW"
"dungeonsdelight:shiokara","T2","dungeonsdelight:cutting/gritty_flesh","dungeonsdelight:gritty_flesh","ITEM","dungeonsdelight:shiokara -> dungeonsdelight:rotten_tripe -> dungeonsdelight:gritty_flesh","0","0","1","否","[农夫乐事-地牢乐事]neoforge-dungeonsdelight-1.21.1-1.5.0.jar","data/dungeonsdelight/recipe/cutting/gritty_flesh.json","补充直接 ID/tag 锚点或人工确认成员","REVIEW"
"dungeonsdelight:shiokara","T2","dungeonsdelight:cutting/rotbulb_plant","dungeonsdelight:rotbulb_plant","ITEM","dungeonsdelight:shiokara -> dungeonsdelight:rancid_reduction -> dungeonsdelight:gunk -> dungeonsdelight:rotbulb_plant","0","0","1","否","[农夫乐事-地牢乐事]neoforge-dungeonsdelight-1.21.1-1.5.0.jar","data/dungeonsdelight/recipe/cutting/rotbulb_plant.json","补充直接 ID/tag 锚点或人工确认成员","REVIEW"
"dungeonsdelight:shiokara","T2","dungeonsdelight:cutting/rotgourd","dungeonsdelight:rotgourd","ITEM","dungeonsdelight:shiokara -> dungeonsdelight:rancid_reduction -> dungeonsdelight:rotgourd_slice -> dungeonsdelight:rotgourd","0","0","1","否","[农夫乐事-地牢乐事]neoforge-dungeonsdelight-1.21.1-1.5.0.jar","data/dungeonsdelight/recipe/cutting/rotgourd.json","补充直接 ID/tag 锚点或人工确认成员","REVIEW"
"dungeonsdelight:shiokara","T2","dungeonsdelight:monster_cooking/shiokara","#dungeonsdelight:raw_ghast","TAG","dungeonsdelight:shiokara -> #dungeonsdelight:raw_ghast","0","0","1","否","[农夫乐事-地牢乐事]neoforge-dungeonsdelight-1.21.1-1.5.0.jar","data/dungeonsdelight/recipe/monster_cooking/shiokara.json","补充直接 ID/tag 锚点或人工确认成员","REVIEW"
"dungeonsdelight:shiokara","T2","minecraft:rotbulb_crate","dungeonsdelight:rotbulb","ITEM","dungeonsdelight:shiokara -> dungeonsdelight:rancid_reduction -> dungeonsdelight:rotbulb -> dungeonsdelight:rotbulb_crate -> dungeonsdelight:rotbulb","0","0","9","否","[农夫乐事-地牢乐事]neoforge-dungeonsdelight-1.21.1-1.5.0.jar","data/minecraft/recipe/rotbulb_crate.json","补充直接 ID/tag 锚点或人工确认成员","REVIEW"
"dungeonsdelight:shiokara","T2","mynethersdelight:crafting/hoglin_trophy_cure","#mynethersdelight:hoglin_cure","TAG","dungeonsdelight:shiokara -> dungeonsdelight:rotten_tripe -> minecraft:rotten_flesh -> mynethersdelight:zoglin_trophy -> mynethersdelight:hoglin_trophy -> #mynethersdelight:hoglin_cure","1","0","1","否","[农夫乐事-下界乐事]MyNethersDelight-1.21.1-1.10.4.jar","data/mynethersdelight/recipe/crafting/hoglin_trophy_cure.json","补充直接 ID/tag 锚点或人工确认成员","REVIEW"
"dungeonsdelight:shiokara","T2","mynethersdelight:crafting/hoglin_trophy_cure","mynethersdelight:zoglin_trophy","ITEM","dungeonsdelight:shiokara -> dungeonsdelight:rotten_tripe -> minecraft:rotten_flesh -> mynethersdelight:zoglin_trophy -> mynethersdelight:hoglin_trophy -> mynethersdelight:zoglin_trophy","0","0","1","否","[农夫乐事-下界乐事]MyNethersDelight-1.21.1-1.10.4.jar","data/mynethersdelight/recipe/crafting/hoglin_trophy_cure.json","补充直接 ID/tag 锚点或人工确认成员","REVIEW"
"dungeonsdelight:shiokara","T2","mynethersdelight:crafting/hoglin_trophy","#minecraft:planks","TAG","dungeonsdelight:shiokara -> dungeonsdelight:rotten_tripe -> minecraft:rotten_flesh -> mynethersdelight:zoglin_trophy -> mynethersdelight:hoglin_trophy -> #minecraft:planks","0","0","4","否","[农夫乐事-下界乐事]MyNethersDelight-1.21.1-1.10.4.jar","data/mynethersdelight/recipe/crafting/hoglin_trophy.json","补充直接 ID/tag 锚点或人工确认成员","REVIEW"
"dungeonsdelight:shiokara","T2","mynethersdelight:crafting/hoglin_trophy","mynethersdelight:hoglin_hide","ITEM","dungeonsdelight:shiokara -> dungeonsdelight:rotten_tripe -> minecraft:rotten_flesh -> mynethersdelight:zoglin_trophy -> mynethersdelight:hoglin_trophy -> mynethersdelight:hoglin_hide","1","0","1","否","[农夫乐事-下界乐事]MyNethersDelight-1.21.1-1.10.4.jar","data/mynethersdelight/recipe/crafting/hoglin_trophy.json","补充直接 ID/tag 锚点或人工确认成员","REVIEW"
"dungeonsdelight:shiokara","T2","mynethersdelight:crafting/skoglin_trophy","mynethersdelight:hoglin_hide","ITEM","dungeonsdelight:shiokara -> dungeonsdelight:rotten_tripe -> minecraft:rotten_flesh -> mynethersdelight:zoglin_trophy -> mynethersdelight:hoglin_trophy -> mynethersdelight:hoglin_hide","1","0","1","否","[农夫乐事-下界乐事]MyNethersDelight-1.21.1-1.10.4.jar","data/mynethersdelight/recipe/crafting/skoglin_trophy.json","补充直接 ID/tag 锚点或人工确认成员","REVIEW"
"dungeonsdelight:shiokara","T2","mynethersdelight:crafting/waxed_hoglin_trophy","#mynethersdelight:hoglin_waxed","TAG","dungeonsdelight:shiokara -> dungeonsdelight:rotten_tripe -> minecraft:rotten_flesh -> mynethersdelight:zoglin_trophy -> mynethersdelight:hoglin_trophy -> mynethersdelight:waxed_hoglin_trophy -> #mynethersdelight:hoglin_waxed","1","0","1","否","[农夫乐事-下界乐事]MyNethersDelight-1.21.1-1.10.4.jar","data/mynethersdelight/recipe/crafting/waxed_hoglin_trophy.json","补充直接 ID/tag 锚点或人工确认成员","REVIEW"
"dungeonsdelight:shiokara","T2","mynethersdelight:crafting/waxed_hoglin_trophy","mynethersdelight:hoglin_trophy","ITEM","dungeonsdelight:shiokara -> dungeonsdelight:rotten_tripe -> minecraft:rotten_flesh -> mynethersdelight:zoglin_trophy -> mynethersdelight:hoglin_trophy -> mynethersdelight:waxed_hoglin_trophy -> mynethersdelight:hoglin_trophy","0","0","1","否","[农夫乐事-下界乐事]MyNethersDelight-1.21.1-1.10.4.jar","data/mynethersdelight/recipe/crafting/waxed_hoglin_trophy.json","补充直接 ID/tag 锚点或人工确认成员","REVIEW"
"dungeonsdelight:shiokara","T2","mynethersdelight:crafting/zoglin_trophy","minecraft:rotten_flesh","ITEM","dungeonsdelight:shiokara -> dungeonsdelight:rotten_tripe -> minecraft:rotten_flesh -> mynethersdelight:zoglin_trophy -> minecraft:rotten_flesh","1","0","4","否","[农夫乐事-下界乐事]MyNethersDelight-1.21.1-1.10.4.jar","data/mynethersdelight/recipe/crafting/zoglin_trophy.json","补充直接 ID/tag 锚点或人工确认成员","REVIEW"
"dungeonsdelight:shiokara","T2","mynethersdelight:cutting/skoglin_trophy_alt","mynethersdelight:zoglin_trophy","ITEM","dungeonsdelight:shiokara -> dungeonsdelight:rotten_tripe -> minecraft:rotten_flesh -> mynethersdelight:zoglin_trophy -> mynethersdelight:hoglin_trophy -> mynethersdelight:skoglin_trophy -> mynethersdelight:zoglin_trophy","0","0","1","否","[农夫乐事-下界乐事]MyNethersDelight-1.21.1-1.10.4.jar","data/mynethersdelight/recipe/cutting/skoglin_trophy_alt.json","补充直接 ID/tag 锚点或人工确认成员","REVIEW"
"dungeonsdelight:shiokara","T2","mynethersdelight:cutting/skoglin_trophy","mynethersdelight:hoglin_trophy","ITEM","dungeonsdelight:shiokara -> dungeonsdelight:rotten_tripe -> minecraft:rotten_flesh -> mynethersdelight:zoglin_trophy -> mynethersdelight:hoglin_trophy -> mynethersdelight:skoglin_trophy -> mynethersdelight:hoglin_trophy","0","0","1","否","[农夫乐事-下界乐事]MyNethersDelight-1.21.1-1.10.4.jar","data/mynethersdelight/recipe/cutting/skoglin_trophy.json","补充直接 ID/tag 锚点或人工确认成员","REVIEW"
"dungeonsdelight:shiokara","T2","mynethersdelight:cutting/warped_fungus","mynethersdelight:warped_fungus_colony","ITEM","dungeonsdelight:shiokara -> dungeonsdelight:rotten_tripe -> minecraft:rotten_flesh -> mynethersdelight:zoglin_trophy -> minecraft:warped_fungus -> mynethersdelight:warped_fungus_colony","0","0","1","否","[农夫乐事-下界乐事]MyNethersDelight-1.21.1-1.10.4.jar","data/mynethersdelight/recipe/cutting/warped_fungus.json","补充直接 ID/tag 锚点或人工确认成员","REVIEW"
"dungeonsdelight:silverfish_fried_rice","T2","dungeonsdelight:monster_cooking/silverfish_fried_rice","dungeonsdelight:silverfish_abdomen","ITEM","dungeonsdelight:silverfish_fried_rice -> dungeonsdelight:silverfish_abdomen","0","0","1","否","[农夫乐事-地牢乐事]neoforge-dungeonsdelight-1.21.1-1.5.0.jar","data/dungeonsdelight/recipe/monster_cooking/silverfish_fried_rice.json","补充直接 ID/tag 锚点或人工确认成员","REVIEW"
"dungeonsdelight:sinigang","T2","dungeonsdelight:monster_cooking/sinigang","#dungeonsdelight:ancient_flora","TAG","dungeonsdelight:sinigang -> #dungeonsdelight:ancient_flora","4","0","1","否","[农夫乐事-地牢乐事]neoforge-dungeonsdelight-1.21.1-1.5.0.jar","data/dungeonsdelight/recipe/monster_cooking/sinigang.json","补充直接 ID/tag 锚点或人工确认成员","REVIEW"
"dungeonsdelight:sinigang","T2","dungeonsdelight:monster_cooking/sinigang","dungeonsdelight:spider_meat","ITEM","dungeonsdelight:sinigang -> dungeonsdelight:spider_meat","0","0","1","否","[农夫乐事-地牢乐事]neoforge-dungeonsdelight-1.21.1-1.5.0.jar","data/dungeonsdelight/recipe/monster_cooking/sinigang.json","补充直接 ID/tag 锚点或人工确认成员","REVIEW"
"dungeonsdelight:sinigang","T2","dungeonsdelight:monster_cooking/spider_extract","dungeonsdelight:spider_meat","ITEM","dungeonsdelight:sinigang -> dungeonsdelight:spider_extract -> dungeonsdelight:spider_meat","0","0","1","否","[农夫乐事-地牢乐事]neoforge-dungeonsdelight-1.21.1-1.5.0.jar","data/dungeonsdelight/recipe/monster_cooking/spider_extract.json","补充直接 ID/tag 锚点或人工确认成员","REVIEW"
"dungeonsdelight:sinigang","T2","minecraft:rotbulb_crate","dungeonsdelight:rotbulb","ITEM","dungeonsdelight:sinigang -> dungeonsdelight:rotbulb -> dungeonsdelight:rotbulb_crate -> dungeonsdelight:rotbulb","0","0","9","否","[农夫乐事-地牢乐事]neoforge-dungeonsdelight-1.21.1-1.5.0.jar","data/minecraft/recipe/rotbulb_crate.json","补充直接 ID/tag 锚点或人工确认成员","REVIEW"
"dungeonsdelight:slicorice","COMMON","dungeonsdelight:cutting/rotbulb_plant","dungeonsdelight:rotbulb_plant","ITEM","dungeonsdelight:slicorice -> dungeonsdelight:wormroot_tendrils -> dungeonsdelight:gunk -> dungeonsdelight:rotbulb_plant","0","0","1","否","[农夫乐事-地牢乐事]neoforge-dungeonsdelight-1.21.1-1.5.0.jar","data/dungeonsdelight/recipe/cutting/rotbulb_plant.json","补充直接 ID/tag 锚点或人工确认成员","REVIEW"
"dungeonsdelight:slicorice","COMMON","dungeonsdelight:wormroot_tendrils_from_wormroot_stalk","dungeonsdelight:wormroot_stalk","ITEM","dungeonsdelight:slicorice -> dungeonsdelight:wormroot_tendrils -> dungeonsdelight:wormroot_stalk","0","0","1","否","[农夫乐事-地牢乐事]neoforge-dungeonsdelight-1.21.1-1.5.0.jar","data/dungeonsdelight/recipe/wormroot_tendrils_from_wormroot_stalk.json","补充直接 ID/tag 锚点或人工确认成员","REVIEW"
"dungeonsdelight:slicorice","COMMON","dungeonsdelight:wormroots_block","dungeonsdelight:wormroot_tendrils","ITEM","dungeonsdelight:slicorice -> dungeonsdelight:wormroot_tendrils -> dungeonsdelight:wormroots_block -> dungeonsdelight:wormroot_tendrils","0","0","9","否","[农夫乐事-地牢乐事]neoforge-dungeonsdelight-1.21.1-1.5.0.jar","data/dungeonsdelight/recipe/wormroots_block.json","补充直接 ID/tag 锚点或人工确认成员","REVIEW"
"dungeonsdelight:slicorice","COMMON","minecraft:rotbulb_crate","dungeonsdelight:rotbulb","ITEM","dungeonsdelight:slicorice -> dungeonsdelight:wormroot_tendrils -> dungeonsdelight:gunk -> dungeonsdelight:rotbulb -> dungeonsdelight:rotbulb_crate -> dungeonsdelight:rotbulb","0","0","9","否","[农夫乐事-地牢乐事]neoforge-dungeonsdelight-1.21.1-1.5.0.jar","data/minecraft/recipe/rotbulb_crate.json","补充直接 ID/tag 锚点或人工确认成员","REVIEW"
"dungeonsdelight:slime_bar","COMMON","dungeonsdelight:cutting/slime_bar","dungeonsdelight:slime_bar","ITEM","dungeonsdelight:slime_bar -> farmersdelight:canvas -> dungeonsdelight:slime_bar","0","0","1","否","[农夫乐事-地牢乐事]neoforge-dungeonsdelight-1.21.1-1.5.0.jar","data/dungeonsdelight/recipe/cutting/slime_bar.json","补充直接 ID/tag 锚点或人工确认成员","REVIEW"
"dungeonsdelight:slime_bar","COMMON","dungeonsdelight:slime_bar_from_shapeless","#dungeonsdelight:slime_balls","TAG","dungeonsdelight:slime_bar -> #dungeonsdelight:slime_balls","0","0","1","否","[农夫乐事-地牢乐事]neoforge-dungeonsdelight-1.21.1-1.5.0.jar","data/dungeonsdelight/recipe/slime_bar_from_shapeless.json","补充直接 ID/tag 锚点或人工确认成员","REVIEW"
"dungeonsdelight:slime_bar","COMMON","dungeonsdelight:slime_bar_from_shapeless","#dungeonsdelight:slime_balls","TAG","dungeonsdelight:slime_bar -> #dungeonsdelight:slime_balls","1","0","1","否","[农夫乐事-地牢乐事]neoforge-dungeonsdelight-1.21.1-1.5.0.jar","data/dungeonsdelight/recipe/slime_bar_from_shapeless.json","补充直接 ID/tag 锚点或人工确认成员","REVIEW"
"dungeonsdelight:slime_noodles","T2","dungeonsdelight:cutting/slime_bar","dungeonsdelight:slime_bar","ITEM","dungeonsdelight:slime_noodles -> dungeonsdelight:slime_bar -> farmersdelight:canvas -> dungeonsdelight:slime_bar","0","0","1","否","[农夫乐事-地牢乐事]neoforge-dungeonsdelight-1.21.1-1.5.0.jar","data/dungeonsdelight/recipe/cutting/slime_bar.json","补充直接 ID/tag 锚点或人工确认成员","REVIEW"
"dungeonsdelight:slime_noodles","T2","dungeonsdelight:slime_bar_from_shapeless","#dungeonsdelight:slime_balls","TAG","dungeonsdelight:slime_noodles -> dungeonsdelight:slime_bar -> #dungeonsdelight:slime_balls","0","0","1","否","[农夫乐事-地牢乐事]neoforge-dungeonsdelight-1.21.1-1.5.0.jar","data/dungeonsdelight/recipe/slime_bar_from_shapeless.json","补充直接 ID/tag 锚点或人工确认成员","REVIEW"
"dungeonsdelight:slime_noodles","T2","dungeonsdelight:slime_bar_from_shapeless","#dungeonsdelight:slime_balls","TAG","dungeonsdelight:slime_noodles -> dungeonsdelight:slime_bar -> #dungeonsdelight:slime_balls","1","0","1","否","[农夫乐事-地牢乐事]neoforge-dungeonsdelight-1.21.1-1.5.0.jar","data/dungeonsdelight/recipe/slime_bar_from_shapeless.json","补充直接 ID/tag 锚点或人工确认成员","REVIEW"
"dungeonsdelight:smoked_spider_meat","COMMON","dungeonsdelight:smoked_spider_meat_from_campfire","dungeonsdelight:spider_meat","ITEM","dungeonsdelight:smoked_spider_meat -> dungeonsdelight:spider_meat","0","0","1","否","[农夫乐事-地牢乐事]neoforge-dungeonsdelight-1.21.1-1.5.0.jar","data/dungeonsdelight/recipe/smoked_spider_meat_from_campfire.json","补充直接 ID/tag 锚点或人工确认成员","REVIEW"
"dungeonsdelight:smoked_spider_meat","COMMON","dungeonsdelight:smoked_spider_meat_from_smelting","dungeonsdelight:spider_meat","ITEM","dungeonsdelight:smoked_spider_meat -> dungeonsdelight:spider_meat","0","0","1","否","[农夫乐事-地牢乐事]neoforge-dungeonsdelight-1.21.1-1.5.0.jar","data/dungeonsdelight/recipe/smoked_spider_meat_from_smelting.json","补充直接 ID/tag 锚点或人工确认成员","REVIEW"
"dungeonsdelight:smoked_spider_meat","COMMON","dungeonsdelight:smoked_spider_meat_from_smoking","dungeonsdelight:spider_meat","ITEM","dungeonsdelight:smoked_spider_meat -> dungeonsdelight:spider_meat","0","0","1","否","[农夫乐事-地牢乐事]neoforge-dungeonsdelight-1.21.1-1.5.0.jar","data/dungeonsdelight/recipe/smoked_spider_meat_from_smoking.json","补充直接 ID/tag 锚点或人工确认成员","REVIEW"
"dungeonsdelight:snifferwurst","T2","dungeonsdelight:cooking/snifferwurst","#dungeonsdelight:ancient_flora","TAG","dungeonsdelight:snifferwurst -> #dungeonsdelight:ancient_flora","2","0","1","否","[农夫乐事-地牢乐事]neoforge-dungeonsdelight-1.21.1-1.5.0.jar","data/dungeonsdelight/recipe/cooking/snifferwurst.json","补充直接 ID/tag 锚点或人工确认成员","REVIEW"
"dungeonsdelight:snifferwurst","T2","dungeonsdelight:cooking/snifferwurst","dungeonsdelight:sniffer_shank","ITEM","dungeonsdelight:snifferwurst -> dungeonsdelight:sniffer_shank","0","0","1","否","[农夫乐事-地牢乐事]neoforge-dungeonsdelight-1.21.1-1.5.0.jar","data/dungeonsdelight/recipe/cooking/snifferwurst.json","补充直接 ID/tag 锚点或人工确认成员","REVIEW"
"dungeonsdelight:snifferwurst","T2","dungeonsdelight:cooking/snifferwurst","minecraft:moss_block","ITEM","dungeonsdelight:snifferwurst -> minecraft:moss_block","3","0","1","否","[农夫乐事-地牢乐事]neoforge-dungeonsdelight-1.21.1-1.5.0.jar","data/dungeonsdelight/recipe/cooking/snifferwurst.json","补充直接 ID/tag 锚点或人工确认成员","REVIEW"
"dungeonsdelight:snifferwurst","T2","dungeonsdelight:cutting/slime_bar","dungeonsdelight:slime_bar","ITEM","dungeonsdelight:snifferwurst -> dungeonsdelight:slime_bar -> farmersdelight:canvas -> dungeonsdelight:slime_bar","0","0","1","否","[农夫乐事-地牢乐事]neoforge-dungeonsdelight-1.21.1-1.5.0.jar","data/dungeonsdelight/recipe/cutting/slime_bar.json","补充直接 ID/tag 锚点或人工确认成员","REVIEW"
"dungeonsdelight:snifferwurst","T2","dungeonsdelight:slime_bar_from_shapeless","#dungeonsdelight:slime_balls","TAG","dungeonsdelight:snifferwurst -> dungeonsdelight:slime_bar -> #dungeonsdelight:slime_balls","0","0","1","否","[农夫乐事-地牢乐事]neoforge-dungeonsdelight-1.21.1-1.5.0.jar","data/dungeonsdelight/recipe/slime_bar_from_shapeless.json","补充直接 ID/tag 锚点或人工确认成员","REVIEW"
"dungeonsdelight:snifferwurst","T2","dungeonsdelight:slime_bar_from_shapeless","#dungeonsdelight:slime_balls","TAG","dungeonsdelight:snifferwurst -> dungeonsdelight:slime_bar -> #dungeonsdelight:slime_balls","1","0","1","否","[农夫乐事-地牢乐事]neoforge-dungeonsdelight-1.21.1-1.5.0.jar","data/dungeonsdelight/recipe/slime_bar_from_shapeless.json","补充直接 ID/tag 锚点或人工确认成员","REVIEW"
"dungeonsdelight:snuffledog","T2","dungeonsdelight:cooking/snifferwurst","#dungeonsdelight:ancient_flora","TAG","dungeonsdelight:snuffledog -> dungeonsdelight:snifferwurst -> #dungeonsdelight:ancient_flora","2","0","1","否","[农夫乐事-地牢乐事]neoforge-dungeonsdelight-1.21.1-1.5.0.jar","data/dungeonsdelight/recipe/cooking/snifferwurst.json","补充直接 ID/tag 锚点或人工确认成员","REVIEW"
"dungeonsdelight:snuffledog","T2","dungeonsdelight:cooking/snifferwurst","dungeonsdelight:sniffer_shank","ITEM","dungeonsdelight:snuffledog -> dungeonsdelight:snifferwurst -> dungeonsdelight:sniffer_shank","0","0","1","否","[农夫乐事-地牢乐事]neoforge-dungeonsdelight-1.21.1-1.5.0.jar","data/dungeonsdelight/recipe/cooking/snifferwurst.json","补充直接 ID/tag 锚点或人工确认成员","REVIEW"
"dungeonsdelight:snuffledog","T2","dungeonsdelight:cooking/snifferwurst","minecraft:moss_block","ITEM","dungeonsdelight:snuffledog -> dungeonsdelight:snifferwurst -> minecraft:moss_block","3","0","1","否","[农夫乐事-地牢乐事]neoforge-dungeonsdelight-1.21.1-1.5.0.jar","data/dungeonsdelight/recipe/cooking/snifferwurst.json","补充直接 ID/tag 锚点或人工确认成员","REVIEW"
"dungeonsdelight:snuffledog","T2","dungeonsdelight:cooking/snuffledog","#dungeonsdelight:ancient_flora","TAG","dungeonsdelight:snuffledog -> #dungeonsdelight:ancient_flora","1","0","1","否","[农夫乐事-地牢乐事]neoforge-dungeonsdelight-1.21.1-1.5.0.jar","data/dungeonsdelight/recipe/cooking/snuffledog.json","补充直接 ID/tag 锚点或人工确认成员","REVIEW"
"dungeonsdelight:snuffledog","T2","dungeonsdelight:cooking/snuffledog","#dungeonsdelight:ancient_flora","TAG","dungeonsdelight:snuffledog -> #dungeonsdelight:ancient_flora","2","0","1","否","[农夫乐事-地牢乐事]neoforge-dungeonsdelight-1.21.1-1.5.0.jar","data/dungeonsdelight/recipe/cooking/snuffledog.json","补充直接 ID/tag 锚点或人工确认成员","REVIEW"
"dungeonsdelight:snuffledog","T2","dungeonsdelight:cooking/snuffledog","minecraft:moss_block","ITEM","dungeonsdelight:snuffledog -> minecraft:moss_block","4","0","1","否","[农夫乐事-地牢乐事]neoforge-dungeonsdelight-1.21.1-1.5.0.jar","data/dungeonsdelight/recipe/cooking/snuffledog.json","补充直接 ID/tag 锚点或人工确认成员","REVIEW"
"dungeonsdelight:snuffledog","T2","dungeonsdelight:cutting/slime_bar","dungeonsdelight:slime_bar","ITEM","dungeonsdelight:snuffledog -> dungeonsdelight:snifferwurst -> dungeonsdelight:slime_bar -> farmersdelight:canvas -> dungeonsdelight:slime_bar","0","0","1","否","[农夫乐事-地牢乐事]neoforge-dungeonsdelight-1.21.1-1.5.0.jar","data/dungeonsdelight/recipe/cutting/slime_bar.json","补充直接 ID/tag 锚点或人工确认成员","REVIEW"
"dungeonsdelight:snuffledog","T2","dungeonsdelight:slime_bar_from_shapeless","#dungeonsdelight:slime_balls","TAG","dungeonsdelight:snuffledog -> dungeonsdelight:snifferwurst -> dungeonsdelight:slime_bar -> #dungeonsdelight:slime_balls","0","0","1","否","[农夫乐事-地牢乐事]neoforge-dungeonsdelight-1.21.1-1.5.0.jar","data/dungeonsdelight/recipe/slime_bar_from_shapeless.json","补充直接 ID/tag 锚点或人工确认成员","REVIEW"
"dungeonsdelight:snuffledog","T2","dungeonsdelight:slime_bar_from_shapeless","#dungeonsdelight:slime_balls","TAG","dungeonsdelight:snuffledog -> dungeonsdelight:snifferwurst -> dungeonsdelight:slime_bar -> #dungeonsdelight:slime_balls","1","0","1","否","[农夫乐事-地牢乐事]neoforge-dungeonsdelight-1.21.1-1.5.0.jar","data/dungeonsdelight/recipe/slime_bar_from_shapeless.json","补充直接 ID/tag 锚点或人工确认成员","REVIEW"
"dungeonsdelight:soaked_skewer","T2","dungeonsdelight:monster_cooking/soaked_skewer","#dungeonsdelight:sea_plants","TAG","dungeonsdelight:soaked_skewer -> #dungeonsdelight:sea_plants","1","0","1","否","[农夫乐事-地牢乐事]neoforge-dungeonsdelight-1.21.1-1.5.0.jar","data/dungeonsdelight/recipe/monster_cooking/soaked_skewer.json","补充直接 ID/tag 锚点或人工确认成员","REVIEW"
"dungeonsdelight:soaked_skewer","T2","dungeonsdelight:monster_cooking/soaked_skewer","#dungeonsdelight:sea_plants","TAG","dungeonsdelight:soaked_skewer -> #dungeonsdelight:sea_plants","2","0","1","否","[农夫乐事-地牢乐事]neoforge-dungeonsdelight-1.21.1-1.5.0.jar","data/dungeonsdelight/recipe/monster_cooking/soaked_skewer.json","补充直接 ID/tag 锚点或人工确认成员","REVIEW"
"dungeonsdelight:soaked_skewer","T2","dungeonsdelight:monster_cooking/soaked_skewer","dungeonsdelight:brined_flesh","ITEM","dungeonsdelight:soaked_skewer -> dungeonsdelight:brined_flesh","0","0","1","否","[农夫乐事-地牢乐事]neoforge-dungeonsdelight-1.21.1-1.5.0.jar","data/dungeonsdelight/recipe/monster_cooking/soaked_skewer.json","补充直接 ID/tag 锚点或人工确认成员","REVIEW"
"dungeonsdelight:soft_serve_sniffer_egg","COMMON","dungeonsdelight:soft_serve_sniffer_egg_from_campfire","minecraft:sniffer_egg","ITEM","dungeonsdelight:soft_serve_sniffer_egg -> minecraft:sniffer_egg","0","0","1","否","[农夫乐事-地牢乐事]neoforge-dungeonsdelight-1.21.1-1.5.0.jar","data/dungeonsdelight/recipe/soft_serve_sniffer_egg_from_campfire.json","补充直接 ID/tag 锚点或人工确认成员","REVIEW"
"dungeonsdelight:spider_bisque","T2","dungeonsdelight:cutting/rotgourd","dungeonsdelight:rotgourd","ITEM","dungeonsdelight:spider_bisque -> dungeonsdelight:rotgourd_slice -> dungeonsdelight:rotgourd","0","0","1","否","[农夫乐事-地牢乐事]neoforge-dungeonsdelight-1.21.1-1.5.0.jar","data/dungeonsdelight/recipe/cutting/rotgourd.json","补充直接 ID/tag 锚点或人工确认成员","REVIEW"
"dungeonsdelight:spider_bisque","T2","dungeonsdelight:monster_cooking/spider_bisque","dungeonsdelight:spider_meat","ITEM","dungeonsdelight:spider_bisque -> dungeonsdelight:spider_meat","0","0","1","否","[农夫乐事-地牢乐事]neoforge-dungeonsdelight-1.21.1-1.5.0.jar","data/dungeonsdelight/recipe/monster_cooking/spider_bisque.json","补充直接 ID/tag 锚点或人工确认成员","REVIEW"
"dungeonsdelight:spider_bisque","T2","dungeonsdelight:monster_cooking/spider_bisque","dungeonsdelight:spider_meat","ITEM","dungeonsdelight:spider_bisque -> dungeonsdelight:spider_meat","1","0","1","否","[农夫乐事-地牢乐事]neoforge-dungeonsdelight-1.21.1-1.5.0.jar","data/dungeonsdelight/recipe/monster_cooking/spider_bisque.json","补充直接 ID/tag 锚点或人工确认成员","REVIEW"
"dungeonsdelight:spider_bisque","T2","dungeonsdelight:monster_cooking/spider_extract","dungeonsdelight:spider_meat","ITEM","dungeonsdelight:spider_bisque -> dungeonsdelight:spider_extract -> dungeonsdelight:spider_meat","0","0","1","否","[农夫乐事-地牢乐事]neoforge-dungeonsdelight-1.21.1-1.5.0.jar","data/dungeonsdelight/recipe/monster_cooking/spider_extract.json","补充直接 ID/tag 锚点或人工确认成员","REVIEW"
"dungeonsdelight:spider_extract","T2","dungeonsdelight:monster_cooking/spider_extract","dungeonsdelight:spider_meat","ITEM","dungeonsdelight:spider_extract -> dungeonsdelight:spider_meat","0","0","1","否","[农夫乐事-地牢乐事]neoforge-dungeonsdelight-1.21.1-1.5.0.jar","data/dungeonsdelight/recipe/monster_cooking/spider_extract.json","补充直接 ID/tag 锚点或人工确认成员","REVIEW"
"dungeonsdelight:spider_pie_slice","T2","dungeonsdelight:spider_pie","#dungeonsdelight:acidics","TAG","dungeonsdelight:spider_pie_slice -> dungeonsdelight:spider_pie -> #dungeonsdelight:acidics","0","0","3","否","[农夫乐事-地牢乐事]neoforge-dungeonsdelight-1.21.1-1.5.0.jar","data/dungeonsdelight/recipe/spider_pie.json","补充直接 ID/tag 锚点或人工确认成员","REVIEW"
"dungeonsdelight:spider_pie_slice","T2","dungeonsdelight:spider_pie","minecraft:fermented_spider_eye","ITEM","dungeonsdelight:spider_pie_slice -> dungeonsdelight:spider_pie -> minecraft:fermented_spider_eye","1","0","3","否","[农夫乐事-地牢乐事]neoforge-dungeonsdelight-1.21.1-1.5.0.jar","data/dungeonsdelight/recipe/spider_pie.json","补充直接 ID/tag 锚点或人工确认成员","REVIEW"
"dungeonsdelight:spider_pie_slice","T2","minecraft:spider_pie_from_slices","dungeonsdelight:spider_pie_slice","ITEM","dungeonsdelight:spider_pie_slice -> dungeonsdelight:spider_pie -> dungeonsdelight:spider_pie_slice","0","0","4","否","[农夫乐事-地牢乐事]neoforge-dungeonsdelight-1.21.1-1.5.0.jar","data/minecraft/recipe/spider_pie_from_slices.json","补充直接 ID/tag 锚点或人工确认成员","REVIEW"
"dungeonsdelight:spider_salmagundi","T2","dungeonsdelight:monster_cooking/spider_salmagundi","dungeonsdelight:spider_meat","ITEM","dungeonsdelight:spider_salmagundi -> dungeonsdelight:spider_meat","1","0","1","否","[农夫乐事-地牢乐事]neoforge-dungeonsdelight-1.21.1-1.5.0.jar","data/dungeonsdelight/recipe/monster_cooking/spider_salmagundi.json","补充直接 ID/tag 锚点或人工确认成员","REVIEW"
"dungeonsdelight:spider_salmagundi","T2","dungeonsdelight:monster_cooking/spider_salmagundi","dungeonsdelight:spider_meat","ITEM","dungeonsdelight:spider_salmagundi -> dungeonsdelight:spider_meat","2","0","1","否","[农夫乐事-地牢乐事]neoforge-dungeonsdelight-1.21.1-1.5.0.jar","data/dungeonsdelight/recipe/monster_cooking/spider_salmagundi.json","补充直接 ID/tag 锚点或人工确认成员","REVIEW"
"dungeonsdelight:spider_salmagundi","T2","dungeonsdelight:monster_cooking/spider_salmagundi","minecraft:fermented_spider_eye","ITEM","dungeonsdelight:spider_salmagundi -> minecraft:fermented_spider_eye","0","0","1","否","[农夫乐事-地牢乐事]neoforge-dungeonsdelight-1.21.1-1.5.0.jar","data/dungeonsdelight/recipe/monster_cooking/spider_salmagundi.json","补充直接 ID/tag 锚点或人工确认成员","REVIEW"
"dungeonsdelight:takoyaki","T2","dungeonsdelight:cutting/rotgourd","dungeonsdelight:rotgourd","ITEM","dungeonsdelight:takoyaki -> dungeonsdelight:rotgourd_slice -> dungeonsdelight:rotgourd","0","0","1","否","[农夫乐事-地牢乐事]neoforge-dungeonsdelight-1.21.1-1.5.0.jar","data/dungeonsdelight/recipe/cutting/rotgourd.json","补充直接 ID/tag 锚点或人工确认成员","REVIEW"
"dungeonsdelight:takoyaki","T2","dungeonsdelight:monster_cooking/sculk_mayo","#dungeonsdelight:extracts","TAG","dungeonsdelight:takoyaki -> dungeonsdelight:sculk_mayo -> #dungeonsdelight:extracts","2","0","1","否","[农夫乐事-地牢乐事]neoforge-dungeonsdelight-1.21.1-1.5.0.jar","data/dungeonsdelight/recipe/monster_cooking/sculk_mayo.json","补充直接 ID/tag 锚点或人工确认成员","REVIEW"
"dungeonsdelight:takoyaki","T2","dungeonsdelight:monster_cooking/sculk_mayo","#dungeonsdelight:extracts","TAG","dungeonsdelight:takoyaki -> dungeonsdelight:sculk_mayo -> #dungeonsdelight:extracts","3","0","1","否","[农夫乐事-地牢乐事]neoforge-dungeonsdelight-1.21.1-1.5.0.jar","data/dungeonsdelight/recipe/monster_cooking/sculk_mayo.json","补充直接 ID/tag 锚点或人工确认成员","REVIEW"
"dungeonsdelight:takoyaki","T2","dungeonsdelight:monster_cooking/sculk_mayo","dungeonsdelight:ancient_egg","ITEM","dungeonsdelight:takoyaki -> dungeonsdelight:sculk_mayo -> dungeonsdelight:ancient_egg","0","0","1","否","[农夫乐事-地牢乐事]neoforge-dungeonsdelight-1.21.1-1.5.0.jar","data/dungeonsdelight/recipe/monster_cooking/sculk_mayo.json","补充直接 ID/tag 锚点或人工确认成员","REVIEW"
"dungeonsdelight:takoyaki","T2","dungeonsdelight:monster_cooking/sculk_mayo","dungeonsdelight:ancient_egg","ITEM","dungeonsdelight:takoyaki -> dungeonsdelight:sculk_mayo -> dungeonsdelight:ancient_egg","1","0","1","否","[农夫乐事-地牢乐事]neoforge-dungeonsdelight-1.21.1-1.5.0.jar","data/dungeonsdelight/recipe/monster_cooking/sculk_mayo.json","补充直接 ID/tag 锚点或人工确认成员","REVIEW"
"dungeonsdelight:takoyaki","T2","dungeonsdelight:monster_cooking/takoyaki","#dungeonsdelight:raw_ghast","TAG","dungeonsdelight:takoyaki -> #dungeonsdelight:raw_ghast","0","0","1","否","[农夫乐事-地牢乐事]neoforge-dungeonsdelight-1.21.1-1.5.0.jar","data/dungeonsdelight/recipe/monster_cooking/takoyaki.json","补充直接 ID/tag 锚点或人工确认成员","REVIEW"
"dungeonsdelight:takoyaki","T2","dungeonsdelight:monster_cooking/takoyaki","#dungeonsdelight:raw_ghast","TAG","dungeonsdelight:takoyaki -> #dungeonsdelight:raw_ghast","1","0","1","否","[农夫乐事-地牢乐事]neoforge-dungeonsdelight-1.21.1-1.5.0.jar","data/dungeonsdelight/recipe/monster_cooking/takoyaki.json","补充直接 ID/tag 锚点或人工确认成员","REVIEW"
"dungeonsdelight:terrine_loaf","T2","dungeonsdelight:cutting/slime_bar","dungeonsdelight:slime_bar","ITEM","dungeonsdelight:terrine_loaf -> dungeonsdelight:slime_noodles -> dungeonsdelight:slime_bar -> farmersdelight:canvas -> dungeonsdelight:slime_bar","0","0","1","否","[农夫乐事-地牢乐事]neoforge-dungeonsdelight-1.21.1-1.5.0.jar","data/dungeonsdelight/recipe/cutting/slime_bar.json","补充直接 ID/tag 锚点或人工确认成员","REVIEW"
"dungeonsdelight:terrine_loaf","T2","dungeonsdelight:monster_cooking/terrine_loaf","dungeonsdelight:ancient_egg","ITEM","dungeonsdelight:terrine_loaf -> dungeonsdelight:ancient_egg","4","0","1","否","[农夫乐事-地牢乐事]neoforge-dungeonsdelight-1.21.1-1.5.0.jar","data/dungeonsdelight/recipe/monster_cooking/terrine_loaf.json","补充直接 ID/tag 锚点或人工确认成员","REVIEW"
"dungeonsdelight:terrine_loaf","T2","dungeonsdelight:monster_cooking/terrine_loaf","dungeonsdelight:brined_flesh","ITEM","dungeonsdelight:terrine_loaf -> dungeonsdelight:brined_flesh","0","0","1","否","[农夫乐事-地牢乐事]neoforge-dungeonsdelight-1.21.1-1.5.0.jar","data/dungeonsdelight/recipe/monster_cooking/terrine_loaf.json","补充直接 ID/tag 锚点或人工确认成员","REVIEW"
"dungeonsdelight:terrine_loaf","T2","dungeonsdelight:monster_cooking/terrine_loaf","dungeonsdelight:brined_flesh","ITEM","dungeonsdelight:terrine_loaf -> dungeonsdelight:brined_flesh","1","0","1","否","[农夫乐事-地牢乐事]neoforge-dungeonsdelight-1.21.1-1.5.0.jar","data/dungeonsdelight/recipe/monster_cooking/terrine_loaf.json","补充直接 ID/tag 锚点或人工确认成员","REVIEW"
"dungeonsdelight:terrine_loaf","T2","dungeonsdelight:slime_bar_from_shapeless","#dungeonsdelight:slime_balls","TAG","dungeonsdelight:terrine_loaf -> dungeonsdelight:slime_noodles -> dungeonsdelight:slime_bar -> #dungeonsdelight:slime_balls","0","0","1","否","[农夫乐事-地牢乐事]neoforge-dungeonsdelight-1.21.1-1.5.0.jar","data/dungeonsdelight/recipe/slime_bar_from_shapeless.json","补充直接 ID/tag 锚点或人工确认成员","REVIEW"
"dungeonsdelight:terrine_loaf","T2","dungeonsdelight:slime_bar_from_shapeless","#dungeonsdelight:slime_balls","TAG","dungeonsdelight:terrine_loaf -> dungeonsdelight:slime_noodles -> dungeonsdelight:slime_bar -> #dungeonsdelight:slime_balls","1","0","1","否","[农夫乐事-地牢乐事]neoforge-dungeonsdelight-1.21.1-1.5.0.jar","data/dungeonsdelight/recipe/slime_bar_from_shapeless.json","补充直接 ID/tag 锚点或人工确认成员","REVIEW"
"dungeonsdelight:terrine_loaf","T2","minecraft:rotbulb_crate","dungeonsdelight:rotbulb","ITEM","dungeonsdelight:terrine_loaf -> dungeonsdelight:rotbulb -> dungeonsdelight:rotbulb_crate -> dungeonsdelight:rotbulb","0","0","9","否","[农夫乐事-地牢乐事]neoforge-dungeonsdelight-1.21.1-1.5.0.jar","data/minecraft/recipe/rotbulb_crate.json","补充直接 ID/tag 锚点或人工确认成员","REVIEW"
"dungeonsdelight:trial_freakshake","T2","dungeonsdelight:cutting/slime_bar","dungeonsdelight:slime_bar","ITEM","dungeonsdelight:trial_freakshake -> dungeonsdelight:slime_noodles -> dungeonsdelight:slime_bar -> farmersdelight:canvas -> dungeonsdelight:slime_bar","0","0","1","否","[农夫乐事-地牢乐事]neoforge-dungeonsdelight-1.21.1-1.5.0.jar","data/dungeonsdelight/recipe/cutting/slime_bar.json","补充直接 ID/tag 锚点或人工确认成员","REVIEW"
"dungeonsdelight:trial_freakshake","T2","dungeonsdelight:monster_cooking/trial_freakshake","minecraft:wind_charge","ITEM","dungeonsdelight:trial_freakshake -> minecraft:wind_charge","1","0","1","否","[农夫乐事-地牢乐事]neoforge-dungeonsdelight-1.21.1-1.5.0.jar","data/dungeonsdelight/recipe/monster_cooking/trial_freakshake.json","补充直接 ID/tag 锚点或人工确认成员","REVIEW"
"dungeonsdelight:trial_freakshake","T2","dungeonsdelight:slime_bar_from_shapeless","#dungeonsdelight:slime_balls","TAG","dungeonsdelight:trial_freakshake -> dungeonsdelight:slime_noodles -> dungeonsdelight:slime_bar -> #dungeonsdelight:slime_balls","0","0","1","否","[农夫乐事-地牢乐事]neoforge-dungeonsdelight-1.21.1-1.5.0.jar","data/dungeonsdelight/recipe/slime_bar_from_shapeless.json","补充直接 ID/tag 锚点或人工确认成员","REVIEW"
"dungeonsdelight:trial_freakshake","T2","dungeonsdelight:slime_bar_from_shapeless","#dungeonsdelight:slime_balls","TAG","dungeonsdelight:trial_freakshake -> dungeonsdelight:slime_noodles -> dungeonsdelight:slime_bar -> #dungeonsdelight:slime_balls","1","0","1","否","[农夫乐事-地牢乐事]neoforge-dungeonsdelight-1.21.1-1.5.0.jar","data/dungeonsdelight/recipe/slime_bar_from_shapeless.json","补充直接 ID/tag 锚点或人工确认成员","REVIEW"
"dungeonsdelight:trial_freakshake","T2","minecraft:cutting/calibrated_sculk_sensor","minecraft:calibrated_sculk_sensor","ITEM","dungeonsdelight:trial_freakshake -> minecraft:amethyst_shard -> minecraft:calibrated_sculk_sensor","0","0","1","否","[农夫乐事-地牢乐事]neoforge-dungeonsdelight-1.21.1-1.5.0.jar","data/minecraft/recipe/cutting/calibrated_sculk_sensor.json","补充直接 ID/tag 锚点或人工确认成员","REVIEW"
"dungeonsdelight:wispy_rice_ball","T2","dungeonsdelight:cutting/slime_bar","dungeonsdelight:slime_bar","ITEM","dungeonsdelight:wispy_rice_ball -> dungeonsdelight:slime_bar -> farmersdelight:canvas -> dungeonsdelight:slime_bar","0","0","1","否","[农夫乐事-地牢乐事]neoforge-dungeonsdelight-1.21.1-1.5.0.jar","data/dungeonsdelight/recipe/cutting/slime_bar.json","补充直接 ID/tag 锚点或人工确认成员","REVIEW"
"dungeonsdelight:wispy_rice_ball","T2","dungeonsdelight:monster_cooking/wispy_rice_ball","minecraft:wind_charge","ITEM","dungeonsdelight:wispy_rice_ball -> minecraft:wind_charge","0","0","1","否","[农夫乐事-地牢乐事]neoforge-dungeonsdelight-1.21.1-1.5.0.jar","data/dungeonsdelight/recipe/monster_cooking/wispy_rice_ball.json","补充直接 ID/tag 锚点或人工确认成员","REVIEW"
"dungeonsdelight:wispy_rice_ball","T2","dungeonsdelight:slime_bar_from_shapeless","#dungeonsdelight:slime_balls","TAG","dungeonsdelight:wispy_rice_ball -> dungeonsdelight:slime_bar -> #dungeonsdelight:slime_balls","0","0","1","否","[农夫乐事-地牢乐事]neoforge-dungeonsdelight-1.21.1-1.5.0.jar","data/dungeonsdelight/recipe/slime_bar_from_shapeless.json","补充直接 ID/tag 锚点或人工确认成员","REVIEW"
"dungeonsdelight:wispy_rice_ball","T2","dungeonsdelight:slime_bar_from_shapeless","#dungeonsdelight:slime_balls","TAG","dungeonsdelight:wispy_rice_ball -> dungeonsdelight:slime_bar -> #dungeonsdelight:slime_balls","1","0","1","否","[农夫乐事-地牢乐事]neoforge-dungeonsdelight-1.21.1-1.5.0.jar","data/dungeonsdelight/recipe/slime_bar_from_shapeless.json","补充直接 ID/tag 锚点或人工确认成员","REVIEW"
"minecraft:bread","COMMON","brewinandchewin:fermenting/ghast_sourdough","mynethersdelight:ghast_dough","ITEM","minecraft:bread -> mynethersdelight:ghast_dough -> mynethersdelight:ghast_sourdough -> mynethersdelight:ghast_dough","0","0","1","否","[农夫乐事-下界乐事]MyNethersDelight-1.21.1-1.10.4.jar","data/brewinandchewin/recipe/fermenting/ghast_sourdough.json","补充直接 ID/tag 锚点或人工确认成员","REVIEW"
"minecraft:bread","COMMON","mynethersdelight:crafting/ghast_sourdough","mynethersdelight:ghast_dough","ITEM","minecraft:bread -> mynethersdelight:ghast_dough -> mynethersdelight:ghast_sourdough -> mynethersdelight:ghast_dough","0","0","1","否","[农夫乐事-下界乐事]MyNethersDelight-1.21.1-1.10.4.jar","data/mynethersdelight/recipe/crafting/ghast_sourdough.json","补充直接 ID/tag 锚点或人工确认成员","REVIEW"
"minecraft:bread","COMMON","mynethersdelight:cutting/ghasmati","mynethersdelight:ghasta","ITEM","minecraft:bread -> mynethersdelight:ghast_dough -> mynethersdelight:ghasmati -> mynethersdelight:ghasta","0","0","1","否","[农夫乐事-下界乐事]MyNethersDelight-1.21.1-1.10.4.jar","data/mynethersdelight/recipe/cutting/ghasmati.json","补充直接 ID/tag 锚点或人工确认成员","REVIEW"
"mynethersdelight:bacon-wrapped_sausage_on_a_stick","T2","dungeonsdelight:cutting/rotbulb_plant","dungeonsdelight:rotbulb_plant","ITEM","mynethersdelight:bacon-wrapped_sausage_on_a_stick -> minecraft:stick -> dungeonsdelight:wormroot_tendrils -> dungeonsdelight:gunk -> dungeonsdelight:rotbulb_plant","0","0","1","否","[农夫乐事-地牢乐事]neoforge-dungeonsdelight-1.21.1-1.5.0.jar","data/dungeonsdelight/recipe/cutting/rotbulb_plant.json","补充直接 ID/tag 锚点或人工确认成员","REVIEW"
"mynethersdelight:bacon-wrapped_sausage_on_a_stick","T2","dungeonsdelight:wormroot_tendrils_from_wormroot_stalk","dungeonsdelight:wormroot_stalk","ITEM","mynethersdelight:bacon-wrapped_sausage_on_a_stick -> minecraft:stick -> dungeonsdelight:wormroot_tendrils -> dungeonsdelight:wormroot_stalk","0","0","1","否","[农夫乐事-地牢乐事]neoforge-dungeonsdelight-1.21.1-1.5.0.jar","data/dungeonsdelight/recipe/wormroot_tendrils_from_wormroot_stalk.json","补充直接 ID/tag 锚点或人工确认成员","REVIEW"
"mynethersdelight:bacon-wrapped_sausage_on_a_stick","T2","dungeonsdelight:wormroots_block","dungeonsdelight:wormroot_tendrils","ITEM","mynethersdelight:bacon-wrapped_sausage_on_a_stick -> minecraft:stick -> dungeonsdelight:wormroot_tendrils -> dungeonsdelight:wormroots_block -> dungeonsdelight:wormroot_tendrils","0","0","9","否","[农夫乐事-地牢乐事]neoforge-dungeonsdelight-1.21.1-1.5.0.jar","data/dungeonsdelight/recipe/wormroots_block.json","补充直接 ID/tag 锚点或人工确认成员","REVIEW"
"mynethersdelight:bacon-wrapped_sausage_on_a_stick","T2","minecraft:rotbulb_crate","dungeonsdelight:rotbulb","ITEM","mynethersdelight:bacon-wrapped_sausage_on_a_stick -> minecraft:stick -> dungeonsdelight:wormroot_tendrils -> dungeonsdelight:gunk -> dungeonsdelight:rotbulb -> dungeonsdelight:rotbulb_crate -> dungeonsdelight:rotbulb","0","0","9","否","[农夫乐事-地牢乐事]neoforge-dungeonsdelight-1.21.1-1.5.0.jar","data/minecraft/recipe/rotbulb_crate.json","补充直接 ID/tag 锚点或人工确认成员","REVIEW"
"mynethersdelight:bacon-wrapped_sausage_on_a_stick","T2","mynethersdelight:cutting/gunpowder_and_stick_cannon","mynethersdelight:powder_cannon","ITEM","mynethersdelight:bacon-wrapped_sausage_on_a_stick -> minecraft:stick -> mynethersdelight:powder_cannon","0","0","1","否","[农夫乐事-下界乐事]MyNethersDelight-1.21.1-1.10.4.jar","data/mynethersdelight/recipe/cutting/gunpowder_and_stick_cannon.json","补充直接 ID/tag 锚点或人工确认成员","REVIEW"
"mynethersdelight:bacon-wrapped_sausage_on_a_stick","T2","mynethersdelight:cutting/hoglin_sausage","mynethersdelight:hoglin_loin","ITEM","mynethersdelight:bacon-wrapped_sausage_on_a_stick -> mynethersdelight:roasted_sausage -> mynethersdelight:hoglin_sausage -> mynethersdelight:hoglin_loin","0","0","1","否","[农夫乐事-下界乐事]MyNethersDelight-1.21.1-1.10.4.jar","data/mynethersdelight/recipe/cutting/hoglin_sausage.json","补充直接 ID/tag 锚点或人工确认成员","REVIEW"
"mynethersdelight:bleeding_tartar","T2","mynethersdelight:cutting/minced_strider","mynethersdelight:strider_slice","ITEM","mynethersdelight:bleeding_tartar -> mynethersdelight:minced_strider -> mynethersdelight:strider_slice","0","0","1","否","[农夫乐事-下界乐事]MyNethersDelight-1.21.1-1.10.4.jar","data/mynethersdelight/recipe/cutting/minced_strider.json","补充直接 ID/tag 锚点或人工确认成员","REVIEW"
"mynethersdelight:blue_tenderloin_steak","T2","dungeonsdelight:cutting/rotbulb_plant","dungeonsdelight:rotbulb_plant","ITEM","mynethersdelight:blue_tenderloin_steak -> farmersdelight:straw -> dungeonsdelight:gunk -> dungeonsdelight:rotbulb_plant","0","0","1","否","[农夫乐事-地牢乐事]neoforge-dungeonsdelight-1.21.1-1.5.0.jar","data/dungeonsdelight/recipe/cutting/rotbulb_plant.json","补充直接 ID/tag 锚点或人工确认成员","REVIEW"
"mynethersdelight:blue_tenderloin_steak","T2","minecraft:rotbulb_crate","dungeonsdelight:rotbulb","ITEM","mynethersdelight:blue_tenderloin_steak -> farmersdelight:straw -> dungeonsdelight:gunk -> dungeonsdelight:rotbulb -> dungeonsdelight:rotbulb_crate -> dungeonsdelight:rotbulb","0","0","9","否","[农夫乐事-地牢乐事]neoforge-dungeonsdelight-1.21.1-1.5.0.jar","data/minecraft/recipe/rotbulb_crate.json","补充直接 ID/tag 锚点或人工确认成员","REVIEW"
"mynethersdelight:blue_tenderloin_steak","T2","mynethersdelight:crafting/block_of_powdery_cannon","mynethersdelight:powder_cannon","ITEM","mynethersdelight:blue_tenderloin_steak -> farmersdelight:straw -> mynethersdelight:powdery_block -> mynethersdelight:powder_cannon","0","0","9","否","[农夫乐事-下界乐事]MyNethersDelight-1.21.1-1.10.4.jar","data/mynethersdelight/recipe/crafting/block_of_powdery_cannon.json","补充直接 ID/tag 锚点或人工确认成员","REVIEW"
"mynethersdelight:blue_tenderloin_steak","T2","mynethersdelight:cutting/warped_fungus","mynethersdelight:warped_fungus_colony","ITEM","mynethersdelight:blue_tenderloin_steak -> minecraft:warped_fungus -> mynethersdelight:warped_fungus_colony","0","0","1","否","[农夫乐事-下界乐事]MyNethersDelight-1.21.1-1.10.4.jar","data/mynethersdelight/recipe/cutting/warped_fungus.json","补充直接 ID/tag 锚点或人工确认成员","REVIEW"
"mynethersdelight:blue_tenderloin_steak","T2","mynethersdelight:hoglin_loin_cooking","mynethersdelight:hoglin_loin","ITEM","mynethersdelight:blue_tenderloin_steak -> mynethersdelight:cooked_loin -> mynethersdelight:hoglin_loin","0","0","1","否","[农夫乐事-下界乐事]MyNethersDelight-1.21.1-1.10.4.jar","data/mynethersdelight/recipe/hoglin_loin_cooking.json","补充直接 ID/tag 锚点或人工确认成员","REVIEW"
"mynethersdelight:blue_tenderloin_steak","T2","mynethersdelight:hoglin_loin_from_campfire_cooking","mynethersdelight:hoglin_loin","ITEM","mynethersdelight:blue_tenderloin_steak -> mynethersdelight:cooked_loin -> mynethersdelight:hoglin_loin","0","0","1","否","[农夫乐事-下界乐事]MyNethersDelight-1.21.1-1.10.4.jar","data/mynethersdelight/recipe/hoglin_loin_from_campfire_cooking.json","补充直接 ID/tag 锚点或人工确认成员","REVIEW"
"mynethersdelight:blue_tenderloin_steak","T2","mynethersdelight:hoglin_loin_from_smoking","mynethersdelight:hoglin_loin","ITEM","mynethersdelight:blue_tenderloin_steak -> mynethersdelight:cooked_loin -> mynethersdelight:hoglin_loin","0","0","1","否","[农夫乐事-下界乐事]MyNethersDelight-1.21.1-1.10.4.jar","data/mynethersdelight/recipe/hoglin_loin_from_smoking.json","补充直接 ID/tag 锚点或人工确认成员","REVIEW"
"mynethersdelight:boiled_egg","COMMON","mynethersdelight:boiled_egg_cooking","#mynethersdelight:boiled_egg_candidate","TAG","mynethersdelight:boiled_egg -> #mynethersdelight:boiled_egg_candidate","0","0","1","否","[农夫乐事-下界乐事]MyNethersDelight-1.21.1-1.10.4.jar","data/mynethersdelight/recipe/boiled_egg_cooking.json","补充直接 ID/tag 锚点或人工确认成员","REVIEW"
"mynethersdelight:boiled_egg","COMMON","mynethersdelight:boiled_egg_from_campfire_cooking","#mynethersdelight:boiled_egg_candidate","TAG","mynethersdelight:boiled_egg -> #mynethersdelight:boiled_egg_candidate","0","0","1","否","[农夫乐事-下界乐事]MyNethersDelight-1.21.1-1.10.4.jar","data/mynethersdelight/recipe/boiled_egg_from_campfire_cooking.json","补充直接 ID/tag 锚点或人工确认成员","REVIEW"
"mynethersdelight:boiled_egg","COMMON","mynethersdelight:boiled_egg_from_smoking","#mynethersdelight:boiled_egg_candidate","TAG","mynethersdelight:boiled_egg -> #mynethersdelight:boiled_egg_candidate","0","0","1","否","[农夫乐事-下界乐事]MyNethersDelight-1.21.1-1.10.4.jar","data/mynethersdelight/recipe/boiled_egg_from_smoking.json","补充直接 ID/tag 锚点或人工确认成员","REVIEW"
"mynethersdelight:boiled_egg","COMMON","mynethersdelight:cooking/boiled_eggs","#mynethersdelight:boiled_egg_candidate","TAG","mynethersdelight:boiled_egg -> #mynethersdelight:boiled_egg_candidate","0","0","1","否","[农夫乐事-下界乐事]MyNethersDelight-1.21.1-1.10.4.jar","data/mynethersdelight/recipe/cooking/boiled_eggs.json","补充直接 ID/tag 锚点或人工确认成员","REVIEW"
"mynethersdelight:boiled_egg","COMMON","mynethersdelight:cooking/boiled_eggs","#mynethersdelight:boiled_egg_candidate","TAG","mynethersdelight:boiled_egg -> #mynethersdelight:boiled_egg_candidate","1","0","1","否","[农夫乐事-下界乐事]MyNethersDelight-1.21.1-1.10.4.jar","data/mynethersdelight/recipe/cooking/boiled_eggs.json","补充直接 ID/tag 锚点或人工确认成员","REVIEW"
"mynethersdelight:boiled_egg","COMMON","mynethersdelight:cooking/boiled_eggs","#mynethersdelight:boiled_egg_candidate","TAG","mynethersdelight:boiled_egg -> #mynethersdelight:boiled_egg_candidate","2","0","1","否","[农夫乐事-下界乐事]MyNethersDelight-1.21.1-1.10.4.jar","data/mynethersdelight/recipe/cooking/boiled_eggs.json","补充直接 ID/tag 锚点或人工确认成员","REVIEW"
"mynethersdelight:boiled_egg","COMMON","mynethersdelight:cooking/boiled_eggs","#mynethersdelight:boiled_egg_candidate","TAG","mynethersdelight:boiled_egg -> #mynethersdelight:boiled_egg_candidate","3","0","1","否","[农夫乐事-下界乐事]MyNethersDelight-1.21.1-1.10.4.jar","data/mynethersdelight/recipe/cooking/boiled_eggs.json","补充直接 ID/tag 锚点或人工确认成员","REVIEW"
"mynethersdelight:breakfast_sampler","T2","mynethersdelight:cutting/hoglin_sausage","mynethersdelight:hoglin_loin","ITEM","mynethersdelight:breakfast_sampler -> mynethersdelight:roasted_sausage -> mynethersdelight:hoglin_sausage -> mynethersdelight:hoglin_loin","0","0","1","否","[农夫乐事-下界乐事]MyNethersDelight-1.21.1-1.10.4.jar","data/mynethersdelight/recipe/cutting/hoglin_sausage.json","补充直接 ID/tag 锚点或人工确认成员","REVIEW"
"mynethersdelight:breakfast_sampler","T2","mynethersdelight:cutting/strider_egg","mynethersdelight:strider_rock","ITEM","mynethersdelight:breakfast_sampler -> mynethersdelight:strider_egg -> mynethersdelight:strider_rock","0","0","1","否","[农夫乐事-下界乐事]MyNethersDelight-1.21.1-1.10.4.jar","data/mynethersdelight/recipe/cutting/strider_egg.json","补充直接 ID/tag 锚点或人工确认成员","REVIEW"
"mynethersdelight:chilidog","T2","farmersrespite:chilidog_alt","farmersrespite:blazing_chili","ITEM","mynethersdelight:chilidog -> farmersrespite:blazing_chili","0","0","1","否","[农夫乐事-下界乐事]MyNethersDelight-1.21.1-1.10.4.jar","data/farmersrespite/recipe/chilidog_alt.json","补充直接 ID/tag 锚点或人工确认成员","REVIEW"
"mynethersdelight:chilidog","T2","mynethersdelight:cooking/chilidog","#mynethersdelight:hot_spice","TAG","mynethersdelight:chilidog -> #mynethersdelight:hot_spice","0","0","1","否","[农夫乐事-下界乐事]MyNethersDelight-1.21.1-1.10.4.jar","data/mynethersdelight/recipe/cooking/chilidog.json","补充直接 ID/tag 锚点或人工确认成员","REVIEW"
"mynethersdelight:chilidog","T2","mynethersdelight:cooking/chilidog","mynethersdelight:hotdog","CONTAINER","mynethersdelight:chilidog -> mynethersdelight:hotdog","3","-1","1","否","[农夫乐事-下界乐事]MyNethersDelight-1.21.1-1.10.4.jar","data/mynethersdelight/recipe/cooking/chilidog.json","确认容器是否消耗、返还或属于成品","REVIEW"
"mynethersdelight:chilidog","T2","mynethersdelight:cutting/hoglin_sausage","mynethersdelight:hoglin_loin","ITEM","mynethersdelight:chilidog -> mynethersdelight:hotdog -> mynethersdelight:roasted_sausage -> mynethersdelight:hoglin_sausage -> mynethersdelight:hoglin_loin","0","0","1","否","[农夫乐事-下界乐事]MyNethersDelight-1.21.1-1.10.4.jar","data/mynethersdelight/recipe/cutting/hoglin_sausage.json","补充直接 ID/tag 锚点或人工确认成员","REVIEW"
"mynethersdelight:chilidog","T2","mynethersdelight:cutting/minced_strider","mynethersdelight:strider_slice","ITEM","mynethersdelight:chilidog -> mynethersdelight:minced_strider -> mynethersdelight:strider_slice","0","0","1","否","[农夫乐事-下界乐事]MyNethersDelight-1.21.1-1.10.4.jar","data/mynethersdelight/recipe/cutting/minced_strider.json","补充直接 ID/tag 锚点或人工确认成员","REVIEW"
"mynethersdelight:cooked_loin","COMMON","mynethersdelight:hoglin_loin_cooking","mynethersdelight:hoglin_loin","ITEM","mynethersdelight:cooked_loin -> mynethersdelight:hoglin_loin","0","0","1","否","[农夫乐事-下界乐事]MyNethersDelight-1.21.1-1.10.4.jar","data/mynethersdelight/recipe/hoglin_loin_cooking.json","补充直接 ID/tag 锚点或人工确认成员","REVIEW"
"mynethersdelight:cooked_loin","COMMON","mynethersdelight:hoglin_loin_from_campfire_cooking","mynethersdelight:hoglin_loin","ITEM","mynethersdelight:cooked_loin -> mynethersdelight:hoglin_loin","0","0","1","否","[农夫乐事-下界乐事]MyNethersDelight-1.21.1-1.10.4.jar","data/mynethersdelight/recipe/hoglin_loin_from_campfire_cooking.json","补充直接 ID/tag 锚点或人工确认成员","REVIEW"
"mynethersdelight:cooked_loin","COMMON","mynethersdelight:hoglin_loin_from_smoking","mynethersdelight:hoglin_loin","ITEM","mynethersdelight:cooked_loin -> mynethersdelight:hoglin_loin","0","0","1","否","[农夫乐事-下界乐事]MyNethersDelight-1.21.1-1.10.4.jar","data/mynethersdelight/recipe/hoglin_loin_from_smoking.json","补充直接 ID/tag 锚点或人工确认成员","REVIEW"
"mynethersdelight:crimson_stroganoff","T2","mynethersdelight:cutting/crimson_fungus","mynethersdelight:crimson_fungus_colony","ITEM","mynethersdelight:crimson_stroganoff -> minecraft:crimson_fungus -> mynethersdelight:crimson_fungus_colony","0","0","1","否","[农夫乐事-下界乐事]MyNethersDelight-1.21.1-1.10.4.jar","data/mynethersdelight/recipe/cutting/crimson_fungus.json","补充直接 ID/tag 锚点或人工确认成员","REVIEW"
"mynethersdelight:crimson_stroganoff","T2","mynethersdelight:cutting/minced_strider","mynethersdelight:strider_slice","ITEM","mynethersdelight:crimson_stroganoff -> mynethersdelight:minced_strider -> mynethersdelight:strider_slice","0","0","1","否","[农夫乐事-下界乐事]MyNethersDelight-1.21.1-1.10.4.jar","data/mynethersdelight/recipe/cutting/minced_strider.json","补充直接 ID/tag 锚点或人工确认成员","REVIEW"
"mynethersdelight:deviled_egg","T2","mynethersdelight:cooking/deviled_egg","#c:foods/boiled_egg","TAG","mynethersdelight:deviled_egg -> #c:foods/boiled_egg","0","0","1","否","[农夫乐事-下界乐事]MyNethersDelight-1.21.1-1.10.4.jar","data/mynethersdelight/recipe/cooking/deviled_egg.json","补充直接 ID/tag 锚点或人工确认成员","REVIEW"
"mynethersdelight:deviled_egg","T2","mynethersdelight:cooking/deviled_egg","#mynethersdelight:hot_spice","TAG","mynethersdelight:deviled_egg -> #mynethersdelight:hot_spice","1","0","1","否","[农夫乐事-下界乐事]MyNethersDelight-1.21.1-1.10.4.jar","data/mynethersdelight/recipe/cooking/deviled_egg.json","补充直接 ID/tag 锚点或人工确认成员","REVIEW"
"mynethersdelight:deviled_egg","T2","mynethersdelight:cutting/hoglin_sausage","mynethersdelight:hoglin_loin","ITEM","mynethersdelight:deviled_egg -> mynethersdelight:hoglin_sausage -> mynethersdelight:hoglin_loin","0","0","1","否","[农夫乐事-下界乐事]MyNethersDelight-1.21.1-1.10.4.jar","data/mynethersdelight/recipe/cutting/hoglin_sausage.json","补充直接 ID/tag 锚点或人工确认成员","REVIEW"
"mynethersdelight:dried_ghast_with_milk","COMMON","mynethersdelight:cutting/ghasmati","mynethersdelight:ghasta","ITEM","mynethersdelight:dried_ghast_with_milk -> mynethersdelight:ghasmati -> mynethersdelight:ghasta","0","0","1","否","[农夫乐事-下界乐事]MyNethersDelight-1.21.1-1.10.4.jar","data/mynethersdelight/recipe/cutting/ghasmati.json","补充直接 ID/tag 锚点或人工确认成员","REVIEW"
"mynethersdelight:egg_soup","T2","mynethersdelight:cooking/egg_soup","#c:foods/boiled_egg","TAG","mynethersdelight:egg_soup -> #c:foods/boiled_egg","0","0","1","否","[农夫乐事-下界乐事]MyNethersDelight-1.21.1-1.10.4.jar","data/mynethersdelight/recipe/cooking/egg_soup.json","补充直接 ID/tag 锚点或人工确认成员","REVIEW"
"mynethersdelight:egg_soup","T2","mynethersdelight:cooking/egg_soup","#c:foods/onion","TAG","mynethersdelight:egg_soup -> #c:foods/onion","3","0","1","否","[农夫乐事-下界乐事]MyNethersDelight-1.21.1-1.10.4.jar","data/mynethersdelight/recipe/cooking/egg_soup.json","补充直接 ID/tag 锚点或人工确认成员","REVIEW"
"mynethersdelight:fried_hoglin_chop","COMMON","mynethersdelight:cooking/fried_hoglin_chop","mynethersdelight:hoglin_loin","ITEM","mynethersdelight:fried_hoglin_chop -> mynethersdelight:hoglin_loin","0","0","1","否","[农夫乐事-下界乐事]MyNethersDelight-1.21.1-1.10.4.jar","data/mynethersdelight/recipe/cooking/fried_hoglin_chop.json","补充直接 ID/tag 锚点或人工确认成员","REVIEW"
"mynethersdelight:fried_hoglin_chop","COMMON","mynethersdelight:crafting/bullet_papper_crate","mynethersdelight:bullet_pepper","ITEM","mynethersdelight:fried_hoglin_chop -> mynethersdelight:bullet_pepper -> mynethersdelight:bullet_pepper_crate -> mynethersdelight:bullet_pepper","0","0","1","否","[农夫乐事-下界乐事]MyNethersDelight-1.21.1-1.10.4.jar","data/mynethersdelight/recipe/crafting/bullet_papper_crate.json","补充直接 ID/tag 锚点或人工确认成员","REVIEW"
"mynethersdelight:fried_hoglin_chop","COMMON","mynethersdelight:crafting/bullet_papper_crate","mynethersdelight:bullet_pepper","ITEM","mynethersdelight:fried_hoglin_chop -> mynethersdelight:bullet_pepper -> mynethersdelight:bullet_pepper_crate -> mynethersdelight:bullet_pepper","1","0","1","否","[农夫乐事-下界乐事]MyNethersDelight-1.21.1-1.10.4.jar","data/mynethersdelight/recipe/crafting/bullet_papper_crate.json","补充直接 ID/tag 锚点或人工确认成员","REVIEW"
"mynethersdelight:fried_hoglin_chop","COMMON","mynethersdelight:crafting/bullet_papper_crate","mynethersdelight:bullet_pepper","ITEM","mynethersdelight:fried_hoglin_chop -> mynethersdelight:bullet_pepper -> mynethersdelight:bullet_pepper_crate -> mynethersdelight:bullet_pepper","2","0","1","否","[农夫乐事-下界乐事]MyNethersDelight-1.21.1-1.10.4.jar","data/mynethersdelight/recipe/crafting/bullet_papper_crate.json","补充直接 ID/tag 锚点或人工确认成员","REVIEW"
"mynethersdelight:fried_hoglin_chop","COMMON","mynethersdelight:crafting/bullet_papper_crate","mynethersdelight:bullet_pepper","ITEM","mynethersdelight:fried_hoglin_chop -> mynethersdelight:bullet_pepper -> mynethersdelight:bullet_pepper_crate -> mynethersdelight:bullet_pepper","3","0","1","否","[农夫乐事-下界乐事]MyNethersDelight-1.21.1-1.10.4.jar","data/mynethersdelight/recipe/crafting/bullet_papper_crate.json","补充直接 ID/tag 锚点或人工确认成员","REVIEW"
"mynethersdelight:fried_hoglin_chop","COMMON","mynethersdelight:crafting/bullet_papper_crate","mynethersdelight:bullet_pepper","ITEM","mynethersdelight:fried_hoglin_chop -> mynethersdelight:bullet_pepper -> mynethersdelight:bullet_pepper_crate -> mynethersdelight:bullet_pepper","4","0","1","否","[农夫乐事-下界乐事]MyNethersDelight-1.21.1-1.10.4.jar","data/mynethersdelight/recipe/crafting/bullet_papper_crate.json","补充直接 ID/tag 锚点或人工确认成员","REVIEW"
"mynethersdelight:fried_hoglin_chop","COMMON","mynethersdelight:crafting/bullet_papper_crate","mynethersdelight:bullet_pepper","ITEM","mynethersdelight:fried_hoglin_chop -> mynethersdelight:bullet_pepper -> mynethersdelight:bullet_pepper_crate -> mynethersdelight:bullet_pepper","5","0","1","否","[农夫乐事-下界乐事]MyNethersDelight-1.21.1-1.10.4.jar","data/mynethersdelight/recipe/crafting/bullet_papper_crate.json","补充直接 ID/tag 锚点或人工确认成员","REVIEW"
"mynethersdelight:fried_hoglin_chop","COMMON","mynethersdelight:crafting/bullet_papper_crate","mynethersdelight:bullet_pepper","ITEM","mynethersdelight:fried_hoglin_chop -> mynethersdelight:bullet_pepper -> mynethersdelight:bullet_pepper_crate -> mynethersdelight:bullet_pepper","6","0","1","否","[农夫乐事-下界乐事]MyNethersDelight-1.21.1-1.10.4.jar","data/mynethersdelight/recipe/crafting/bullet_papper_crate.json","补充直接 ID/tag 锚点或人工确认成员","REVIEW"
"mynethersdelight:fried_hoglin_chop","COMMON","mynethersdelight:crafting/bullet_papper_crate","mynethersdelight:bullet_pepper","ITEM","mynethersdelight:fried_hoglin_chop -> mynethersdelight:bullet_pepper -> mynethersdelight:bullet_pepper_crate -> mynethersdelight:bullet_pepper","7","0","1","否","[农夫乐事-下界乐事]MyNethersDelight-1.21.1-1.10.4.jar","data/mynethersdelight/recipe/crafting/bullet_papper_crate.json","补充直接 ID/tag 锚点或人工确认成员","REVIEW"
"mynethersdelight:fried_hoglin_chop","COMMON","mynethersdelight:crafting/bullet_papper_crate","mynethersdelight:bullet_pepper","ITEM","mynethersdelight:fried_hoglin_chop -> mynethersdelight:bullet_pepper -> mynethersdelight:bullet_pepper_crate -> mynethersdelight:bullet_pepper","8","0","1","否","[农夫乐事-下界乐事]MyNethersDelight-1.21.1-1.10.4.jar","data/mynethersdelight/recipe/crafting/bullet_papper_crate.json","补充直接 ID/tag 锚点或人工确认成员","REVIEW"
"mynethersdelight:fries_ghasta","T2","mynethersdelight:cooking/fries_ghasta","mynethersdelight:ghasta","ITEM","mynethersdelight:fries_ghasta -> mynethersdelight:ghasta","0","0","1","否","[农夫乐事-下界乐事]MyNethersDelight-1.21.1-1.10.4.jar","data/mynethersdelight/recipe/cooking/fries_ghasta.json","补充直接 ID/tag 锚点或人工确认成员","REVIEW"
"mynethersdelight:fries_ghasta","T2","mynethersdelight:cooking/fries_ghasta","mynethersdelight:ghasta","ITEM","mynethersdelight:fries_ghasta -> mynethersdelight:ghasta","1","0","1","否","[农夫乐事-下界乐事]MyNethersDelight-1.21.1-1.10.4.jar","data/mynethersdelight/recipe/cooking/fries_ghasta.json","补充直接 ID/tag 锚点或人工确认成员","REVIEW"
"mynethersdelight:ghast_salad","T2","mynethersdelight:crafting/ghast_salad","#c:foods/raw_ghast","TAG","mynethersdelight:ghast_salad -> #c:foods/raw_ghast","0","0","1","否","[农夫乐事-下界乐事]MyNethersDelight-1.21.1-1.10.4.jar","data/mynethersdelight/recipe/crafting/ghast_salad.json","补充直接 ID/tag 锚点或人工确认成员","REVIEW"
"mynethersdelight:giant_takoyaki","T2","mynethersdelight:cooking/giant_tentacles","#c:foods/giant_tentacles","TAG","mynethersdelight:giant_takoyaki -> #c:foods/giant_tentacles","0","0","1","否","[农夫乐事-下界乐事]MyNethersDelight-1.21.1-1.10.4.jar","data/mynethersdelight/recipe/cooking/giant_tentacles.json","补充直接 ID/tag 锚点或人工确认成员","REVIEW"
"mynethersdelight:giant_takoyaki","T2","mynethersdelight:cooking/giant_tentacles","#c:foods/giant_tentacles","TAG","mynethersdelight:giant_takoyaki -> #c:foods/giant_tentacles","1","0","1","否","[农夫乐事-下界乐事]MyNethersDelight-1.21.1-1.10.4.jar","data/mynethersdelight/recipe/cooking/giant_tentacles.json","补充直接 ID/tag 锚点或人工确认成员","REVIEW"
"mynethersdelight:hoglin_sausage","T2","mynethersdelight:cutting/hoglin_sausage","mynethersdelight:hoglin_loin","ITEM","mynethersdelight:hoglin_sausage -> mynethersdelight:hoglin_loin","0","0","1","否","[农夫乐事-下界乐事]MyNethersDelight-1.21.1-1.10.4.jar","data/mynethersdelight/recipe/cutting/hoglin_sausage.json","补充直接 ID/tag 锚点或人工确认成员","REVIEW"
"mynethersdelight:hot_cream_cone","T2","mynethersdelight:cooking/hotcream","#mynethersdelight:hot_spice","TAG","mynethersdelight:hot_cream_cone -> mynethersdelight:hot_cream -> #mynethersdelight:hot_spice","0","0","1","否","[农夫乐事-下界乐事]MyNethersDelight-1.21.1-1.10.4.jar","data/mynethersdelight/recipe/cooking/hotcream.json","补充直接 ID/tag 锚点或人工确认成员","REVIEW"
"mynethersdelight:hot_cream_cone","T2","mynethersdelight:cooking/hotcream","minecraft:bucket","CONTAINER","mynethersdelight:hot_cream_cone -> mynethersdelight:hot_cream -> minecraft:bucket","6","-1","1","否","[农夫乐事-下界乐事]MyNethersDelight-1.21.1-1.10.4.jar","data/mynethersdelight/recipe/cooking/hotcream.json","确认容器是否消耗、返还或属于成品","REVIEW"
"mynethersdelight:hot_cream_cone","T2","mynethersdelight:cooking/hotcream","minecraft:lava_bucket","ITEM","mynethersdelight:hot_cream_cone -> mynethersdelight:hot_cream -> minecraft:lava_bucket","4","0","1","否","[农夫乐事-下界乐事]MyNethersDelight-1.21.1-1.10.4.jar","data/mynethersdelight/recipe/cooking/hotcream.json","补充直接 ID/tag 锚点或人工确认成员","REVIEW"
"mynethersdelight:hot_cream_cone","T2","mynethersdelight:crafting/bullet_papper_crate","mynethersdelight:bullet_pepper","ITEM","mynethersdelight:hot_cream_cone -> mynethersdelight:hot_cream -> mynethersdelight:bullet_pepper -> mynethersdelight:bullet_pepper_crate -> mynethersdelight:bullet_pepper","0","0","1","否","[农夫乐事-下界乐事]MyNethersDelight-1.21.1-1.10.4.jar","data/mynethersdelight/recipe/crafting/bullet_papper_crate.json","补充直接 ID/tag 锚点或人工确认成员","REVIEW"
"mynethersdelight:hot_cream_cone","T2","mynethersdelight:crafting/bullet_papper_crate","mynethersdelight:bullet_pepper","ITEM","mynethersdelight:hot_cream_cone -> mynethersdelight:hot_cream -> mynethersdelight:bullet_pepper -> mynethersdelight:bullet_pepper_crate -> mynethersdelight:bullet_pepper","1","0","1","否","[农夫乐事-下界乐事]MyNethersDelight-1.21.1-1.10.4.jar","data/mynethersdelight/recipe/crafting/bullet_papper_crate.json","补充直接 ID/tag 锚点或人工确认成员","REVIEW"
"mynethersdelight:hot_cream_cone","T2","mynethersdelight:crafting/bullet_papper_crate","mynethersdelight:bullet_pepper","ITEM","mynethersdelight:hot_cream_cone -> mynethersdelight:hot_cream -> mynethersdelight:bullet_pepper -> mynethersdelight:bullet_pepper_crate -> mynethersdelight:bullet_pepper","2","0","1","否","[农夫乐事-下界乐事]MyNethersDelight-1.21.1-1.10.4.jar","data/mynethersdelight/recipe/crafting/bullet_papper_crate.json","补充直接 ID/tag 锚点或人工确认成员","REVIEW"
"mynethersdelight:hot_cream_cone","T2","mynethersdelight:crafting/bullet_papper_crate","mynethersdelight:bullet_pepper","ITEM","mynethersdelight:hot_cream_cone -> mynethersdelight:hot_cream -> mynethersdelight:bullet_pepper -> mynethersdelight:bullet_pepper_crate -> mynethersdelight:bullet_pepper","3","0","1","否","[农夫乐事-下界乐事]MyNethersDelight-1.21.1-1.10.4.jar","data/mynethersdelight/recipe/crafting/bullet_papper_crate.json","补充直接 ID/tag 锚点或人工确认成员","REVIEW"
"mynethersdelight:hot_cream_cone","T2","mynethersdelight:crafting/bullet_papper_crate","mynethersdelight:bullet_pepper","ITEM","mynethersdelight:hot_cream_cone -> mynethersdelight:hot_cream -> mynethersdelight:bullet_pepper -> mynethersdelight:bullet_pepper_crate -> mynethersdelight:bullet_pepper","4","0","1","否","[农夫乐事-下界乐事]MyNethersDelight-1.21.1-1.10.4.jar","data/mynethersdelight/recipe/crafting/bullet_papper_crate.json","补充直接 ID/tag 锚点或人工确认成员","REVIEW"
"mynethersdelight:hot_cream_cone","T2","mynethersdelight:crafting/bullet_papper_crate","mynethersdelight:bullet_pepper","ITEM","mynethersdelight:hot_cream_cone -> mynethersdelight:hot_cream -> mynethersdelight:bullet_pepper -> mynethersdelight:bullet_pepper_crate -> mynethersdelight:bullet_pepper","5","0","1","否","[农夫乐事-下界乐事]MyNethersDelight-1.21.1-1.10.4.jar","data/mynethersdelight/recipe/crafting/bullet_papper_crate.json","补充直接 ID/tag 锚点或人工确认成员","REVIEW"
"mynethersdelight:hot_cream_cone","T2","mynethersdelight:crafting/bullet_papper_crate","mynethersdelight:bullet_pepper","ITEM","mynethersdelight:hot_cream_cone -> mynethersdelight:hot_cream -> mynethersdelight:bullet_pepper -> mynethersdelight:bullet_pepper_crate -> mynethersdelight:bullet_pepper","6","0","1","否","[农夫乐事-下界乐事]MyNethersDelight-1.21.1-1.10.4.jar","data/mynethersdelight/recipe/crafting/bullet_papper_crate.json","补充直接 ID/tag 锚点或人工确认成员","REVIEW"
"mynethersdelight:hot_cream_cone","T2","mynethersdelight:crafting/bullet_papper_crate","mynethersdelight:bullet_pepper","ITEM","mynethersdelight:hot_cream_cone -> mynethersdelight:hot_cream -> mynethersdelight:bullet_pepper -> mynethersdelight:bullet_pepper_crate -> mynethersdelight:bullet_pepper","7","0","1","否","[农夫乐事-下界乐事]MyNethersDelight-1.21.1-1.10.4.jar","data/mynethersdelight/recipe/crafting/bullet_papper_crate.json","补充直接 ID/tag 锚点或人工确认成员","REVIEW"
"mynethersdelight:hot_cream_cone","T2","mynethersdelight:crafting/bullet_papper_crate","mynethersdelight:bullet_pepper","ITEM","mynethersdelight:hot_cream_cone -> mynethersdelight:hot_cream -> mynethersdelight:bullet_pepper -> mynethersdelight:bullet_pepper_crate -> mynethersdelight:bullet_pepper","8","0","1","否","[农夫乐事-下界乐事]MyNethersDelight-1.21.1-1.10.4.jar","data/mynethersdelight/recipe/crafting/bullet_papper_crate.json","补充直接 ID/tag 锚点或人工确认成员","REVIEW"
"mynethersdelight:hot_cream_cone","T2","mynethersdelight:crafting/hotcream_bucket","minecraft:bucket","ITEM","mynethersdelight:hot_cream_cone -> mynethersdelight:hot_cream -> minecraft:bucket","0","0","1","否","[农夫乐事-下界乐事]MyNethersDelight-1.21.1-1.10.4.jar","data/mynethersdelight/recipe/crafting/hotcream_bucket.json","补充直接 ID/tag 锚点或人工确认成员","REVIEW"
"mynethersdelight:hot_cream_cone","T2","mynethersdelight:crafting/hotcream_bucket","mynethersdelight:hot_cream_cone","ITEM","mynethersdelight:hot_cream_cone -> mynethersdelight:hot_cream -> mynethersdelight:hot_cream_cone","1","0","1","否","[农夫乐事-下界乐事]MyNethersDelight-1.21.1-1.10.4.jar","data/mynethersdelight/recipe/crafting/hotcream_bucket.json","补充直接 ID/tag 锚点或人工确认成员","REVIEW"
"mynethersdelight:hot_cream_cone","T2","mynethersdelight:crafting/hotcream_bucket","mynethersdelight:hot_cream_cone","ITEM","mynethersdelight:hot_cream_cone -> mynethersdelight:hot_cream -> mynethersdelight:hot_cream_cone","2","0","1","否","[农夫乐事-下界乐事]MyNethersDelight-1.21.1-1.10.4.jar","data/mynethersdelight/recipe/crafting/hotcream_bucket.json","补充直接 ID/tag 锚点或人工确认成员","REVIEW"
"mynethersdelight:hot_cream_cone","T2","mynethersdelight:crafting/hotcream_bucket","mynethersdelight:hot_cream_cone","ITEM","mynethersdelight:hot_cream_cone -> mynethersdelight:hot_cream -> mynethersdelight:hot_cream_cone","3","0","1","否","[农夫乐事-下界乐事]MyNethersDelight-1.21.1-1.10.4.jar","data/mynethersdelight/recipe/crafting/hotcream_bucket.json","补充直接 ID/tag 锚点或人工确认成员","REVIEW"
"mynethersdelight:hot_cream_cone","T2","mynethersdelight:crafting/hotcream_cone","mynethersdelight:powder_cannon","ITEM","mynethersdelight:hot_cream_cone -> mynethersdelight:powder_cannon","1","0","1","否","[农夫乐事-下界乐事]MyNethersDelight-1.21.1-1.10.4.jar","data/mynethersdelight/recipe/crafting/hotcream_cone.json","补充直接 ID/tag 锚点或人工确认成员","REVIEW"
"mynethersdelight:hot_cream_cone","T2","mynethersdelight:crafting/hotcream_cone","mynethersdelight:powder_cannon","ITEM","mynethersdelight:hot_cream_cone -> mynethersdelight:powder_cannon","2","0","1","否","[农夫乐事-下界乐事]MyNethersDelight-1.21.1-1.10.4.jar","data/mynethersdelight/recipe/crafting/hotcream_cone.json","补充直接 ID/tag 锚点或人工确认成员","REVIEW"
"mynethersdelight:hot_cream_cone","T2","mynethersdelight:crafting/hotcream_cone","mynethersdelight:powder_cannon","ITEM","mynethersdelight:hot_cream_cone -> mynethersdelight:powder_cannon","3","0","1","否","[农夫乐事-下界乐事]MyNethersDelight-1.21.1-1.10.4.jar","data/mynethersdelight/recipe/crafting/hotcream_cone.json","补充直接 ID/tag 锚点或人工确认成员","REVIEW"
"mynethersdelight:hot_wings_bucket","COMMON","mynethersdelight:cooking/hot_wings","#mynethersdelight:hot_spice","TAG","mynethersdelight:hot_wings_bucket -> mynethersdelight:hot_wings -> #mynethersdelight:hot_spice","1","0","1","否","[农夫乐事-下界乐事]MyNethersDelight-1.21.1-1.10.4.jar","data/mynethersdelight/recipe/cooking/hot_wings.json","补充直接 ID/tag 锚点或人工确认成员","REVIEW"
"mynethersdelight:hot_wings_bucket","COMMON","mynethersdelight:crafting/hot_wings_bucket_alt","mynethersdelight:hot_wings_bucket","ITEM","mynethersdelight:hot_wings_bucket -> mynethersdelight:hot_wings -> mynethersdelight:hot_wings_bucket","0","0","1","否","[农夫乐事-下界乐事]MyNethersDelight-1.21.1-1.10.4.jar","data/mynethersdelight/recipe/crafting/hot_wings_bucket_alt.json","补充直接 ID/tag 锚点或人工确认成员","REVIEW"
"mynethersdelight:hot_wings_bucket","COMMON","mynethersdelight:crafting/hot_wings_bucket","minecraft:bucket","ITEM","mynethersdelight:hot_wings_bucket -> minecraft:bucket","3","0","1","否","[农夫乐事-下界乐事]MyNethersDelight-1.21.1-1.10.4.jar","data/mynethersdelight/recipe/crafting/hot_wings_bucket.json","补充直接 ID/tag 锚点或人工确认成员","REVIEW"
"mynethersdelight:hot_wings","T2","mynethersdelight:cooking/hot_wings","#mynethersdelight:hot_spice","TAG","mynethersdelight:hot_wings -> #mynethersdelight:hot_spice","1","0","1","否","[农夫乐事-下界乐事]MyNethersDelight-1.21.1-1.10.4.jar","data/mynethersdelight/recipe/cooking/hot_wings.json","补充直接 ID/tag 锚点或人工确认成员","REVIEW"
"mynethersdelight:hot_wings","T2","mynethersdelight:crafting/hot_wings_bucket","minecraft:bucket","ITEM","mynethersdelight:hot_wings -> mynethersdelight:hot_wings_bucket -> minecraft:bucket","3","0","1","否","[农夫乐事-下界乐事]MyNethersDelight-1.21.1-1.10.4.jar","data/mynethersdelight/recipe/crafting/hot_wings_bucket.json","补充直接 ID/tag 锚点或人工确认成员","REVIEW"
"mynethersdelight:hot_wings","T2","mynethersdelight:crafting/hot_wings_bucket","mynethersdelight:hot_wings","ITEM","mynethersdelight:hot_wings -> mynethersdelight:hot_wings_bucket -> mynethersdelight:hot_wings","0","0","1","否","[农夫乐事-下界乐事]MyNethersDelight-1.21.1-1.10.4.jar","data/mynethersdelight/recipe/crafting/hot_wings_bucket.json","补充直接 ID/tag 锚点或人工确认成员","REVIEW"
"mynethersdelight:hot_wings","T2","mynethersdelight:crafting/hot_wings_bucket","mynethersdelight:hot_wings","ITEM","mynethersdelight:hot_wings -> mynethersdelight:hot_wings_bucket -> mynethersdelight:hot_wings","1","0","1","否","[农夫乐事-下界乐事]MyNethersDelight-1.21.1-1.10.4.jar","data/mynethersdelight/recipe/crafting/hot_wings_bucket.json","补充直接 ID/tag 锚点或人工确认成员","REVIEW"
"mynethersdelight:hot_wings","T2","mynethersdelight:crafting/hot_wings_bucket","mynethersdelight:hot_wings","ITEM","mynethersdelight:hot_wings -> mynethersdelight:hot_wings_bucket -> mynethersdelight:hot_wings","2","0","1","否","[农夫乐事-下界乐事]MyNethersDelight-1.21.1-1.10.4.jar","data/mynethersdelight/recipe/crafting/hot_wings_bucket.json","补充直接 ID/tag 锚点或人工确认成员","REVIEW"
"mynethersdelight:hotdog_with_mixed_salad","T2","mynethersdelight:cutting/hoglin_sausage","mynethersdelight:hoglin_loin","ITEM","mynethersdelight:hotdog_with_mixed_salad -> mynethersdelight:hotdog -> mynethersdelight:roasted_sausage -> mynethersdelight:hoglin_sausage -> mynethersdelight:hoglin_loin","0","0","1","否","[农夫乐事-下界乐事]MyNethersDelight-1.21.1-1.10.4.jar","data/mynethersdelight/recipe/cutting/hoglin_sausage.json","补充直接 ID/tag 锚点或人工确认成员","REVIEW"
"mynethersdelight:hotdog_with_nether_salad","T2","mynethersdelight:cutting/hoglin_sausage","mynethersdelight:hoglin_loin","ITEM","mynethersdelight:hotdog_with_nether_salad -> mynethersdelight:hotdog -> mynethersdelight:roasted_sausage -> mynethersdelight:hoglin_sausage -> mynethersdelight:hoglin_loin","0","0","1","否","[农夫乐事-下界乐事]MyNethersDelight-1.21.1-1.10.4.jar","data/mynethersdelight/recipe/cutting/hoglin_sausage.json","补充直接 ID/tag 锚点或人工确认成员","REVIEW"
"mynethersdelight:hotdog","COMMON","mynethersdelight:cutting/hoglin_sausage","mynethersdelight:hoglin_loin","ITEM","mynethersdelight:hotdog -> mynethersdelight:roasted_sausage -> mynethersdelight:hoglin_sausage -> mynethersdelight:hoglin_loin","0","0","1","否","[农夫乐事-下界乐事]MyNethersDelight-1.21.1-1.10.4.jar","data/mynethersdelight/recipe/cutting/hoglin_sausage.json","补充直接 ID/tag 锚点或人工确认成员","REVIEW"
"mynethersdelight:magma_cake_slice","T2","dungeonsdelight:cutting/rotbulb_plant","dungeonsdelight:rotbulb_plant","ITEM","mynethersdelight:magma_cake_slice -> mynethersdelight:magma_cake_block -> farmersdelight:straw -> dungeonsdelight:gunk -> dungeonsdelight:rotbulb_plant","0","0","1","否","[农夫乐事-地牢乐事]neoforge-dungeonsdelight-1.21.1-1.5.0.jar","data/dungeonsdelight/recipe/cutting/rotbulb_plant.json","补充直接 ID/tag 锚点或人工确认成员","REVIEW"
"mynethersdelight:magma_cake_slice","T2","minecraft:rotbulb_crate","dungeonsdelight:rotbulb","ITEM","mynethersdelight:magma_cake_slice -> mynethersdelight:magma_cake_block -> farmersdelight:straw -> dungeonsdelight:gunk -> dungeonsdelight:rotbulb -> dungeonsdelight:rotbulb_crate -> dungeonsdelight:rotbulb","0","0","9","否","[农夫乐事-地牢乐事]neoforge-dungeonsdelight-1.21.1-1.5.0.jar","data/minecraft/recipe/rotbulb_crate.json","补充直接 ID/tag 锚点或人工确认成员","REVIEW"
"mynethersdelight:magma_cake_slice","T2","mynethersdelight:cooking/hotcream","#mynethersdelight:hot_spice","TAG","mynethersdelight:magma_cake_slice -> mynethersdelight:magma_cake_block -> mynethersdelight:hot_cream -> #mynethersdelight:hot_spice","0","0","1","否","[农夫乐事-下界乐事]MyNethersDelight-1.21.1-1.10.4.jar","data/mynethersdelight/recipe/cooking/hotcream.json","补充直接 ID/tag 锚点或人工确认成员","REVIEW"
"mynethersdelight:magma_cake_slice","T2","mynethersdelight:cooking/hotcream","minecraft:bucket","CONTAINER","mynethersdelight:magma_cake_slice -> mynethersdelight:magma_cake_block -> mynethersdelight:hot_cream -> minecraft:bucket","6","-1","1","否","[农夫乐事-下界乐事]MyNethersDelight-1.21.1-1.10.4.jar","data/mynethersdelight/recipe/cooking/hotcream.json","确认容器是否消耗、返还或属于成品","REVIEW"
"mynethersdelight:magma_cake_slice","T2","mynethersdelight:cooking/hotcream","minecraft:lava_bucket","ITEM","mynethersdelight:magma_cake_slice -> mynethersdelight:magma_cake_block -> mynethersdelight:hot_cream -> minecraft:lava_bucket","4","0","1","否","[农夫乐事-下界乐事]MyNethersDelight-1.21.1-1.10.4.jar","data/mynethersdelight/recipe/cooking/hotcream.json","补充直接 ID/tag 锚点或人工确认成员","REVIEW"
"mynethersdelight:magma_cake_slice","T2","mynethersdelight:crafting/block_of_powdery_cannon","mynethersdelight:powder_cannon","ITEM","mynethersdelight:magma_cake_slice -> mynethersdelight:magma_cake_block -> farmersdelight:straw -> mynethersdelight:powdery_block -> mynethersdelight:powder_cannon","0","0","9","否","[农夫乐事-下界乐事]MyNethersDelight-1.21.1-1.10.4.jar","data/mynethersdelight/recipe/crafting/block_of_powdery_cannon.json","补充直接 ID/tag 锚点或人工确认成员","REVIEW"
"mynethersdelight:magma_cake_slice","T2","mynethersdelight:crafting/bullet_papper_crate","mynethersdelight:bullet_pepper","ITEM","mynethersdelight:magma_cake_slice -> mynethersdelight:magma_cake_block -> mynethersdelight:pepper_powder -> mynethersdelight:bullet_pepper -> mynethersdelight:bullet_pepper_crate -> mynethersdelight:bullet_pepper","0","0","1","否","[农夫乐事-下界乐事]MyNethersDelight-1.21.1-1.10.4.jar","data/mynethersdelight/recipe/crafting/bullet_papper_crate.json","补充直接 ID/tag 锚点或人工确认成员","REVIEW"
"mynethersdelight:magma_cake_slice","T2","mynethersdelight:crafting/bullet_papper_crate","mynethersdelight:bullet_pepper","ITEM","mynethersdelight:magma_cake_slice -> mynethersdelight:magma_cake_block -> mynethersdelight:pepper_powder -> mynethersdelight:bullet_pepper -> mynethersdelight:bullet_pepper_crate -> mynethersdelight:bullet_pepper","1","0","1","否","[农夫乐事-下界乐事]MyNethersDelight-1.21.1-1.10.4.jar","data/mynethersdelight/recipe/crafting/bullet_papper_crate.json","补充直接 ID/tag 锚点或人工确认成员","REVIEW"
"mynethersdelight:magma_cake_slice","T2","mynethersdelight:crafting/bullet_papper_crate","mynethersdelight:bullet_pepper","ITEM","mynethersdelight:magma_cake_slice -> mynethersdelight:magma_cake_block -> mynethersdelight:pepper_powder -> mynethersdelight:bullet_pepper -> mynethersdelight:bullet_pepper_crate -> mynethersdelight:bullet_pepper","2","0","1","否","[农夫乐事-下界乐事]MyNethersDelight-1.21.1-1.10.4.jar","data/mynethersdelight/recipe/crafting/bullet_papper_crate.json","补充直接 ID/tag 锚点或人工确认成员","REVIEW"
"mynethersdelight:magma_cake_slice","T2","mynethersdelight:crafting/bullet_papper_crate","mynethersdelight:bullet_pepper","ITEM","mynethersdelight:magma_cake_slice -> mynethersdelight:magma_cake_block -> mynethersdelight:pepper_powder -> mynethersdelight:bullet_pepper -> mynethersdelight:bullet_pepper_crate -> mynethersdelight:bullet_pepper","3","0","1","否","[农夫乐事-下界乐事]MyNethersDelight-1.21.1-1.10.4.jar","data/mynethersdelight/recipe/crafting/bullet_papper_crate.json","补充直接 ID/tag 锚点或人工确认成员","REVIEW"
"mynethersdelight:magma_cake_slice","T2","mynethersdelight:crafting/bullet_papper_crate","mynethersdelight:bullet_pepper","ITEM","mynethersdelight:magma_cake_slice -> mynethersdelight:magma_cake_block -> mynethersdelight:pepper_powder -> mynethersdelight:bullet_pepper -> mynethersdelight:bullet_pepper_crate -> mynethersdelight:bullet_pepper","4","0","1","否","[农夫乐事-下界乐事]MyNethersDelight-1.21.1-1.10.4.jar","data/mynethersdelight/recipe/crafting/bullet_papper_crate.json","补充直接 ID/tag 锚点或人工确认成员","REVIEW"
"mynethersdelight:magma_cake_slice","T2","mynethersdelight:crafting/bullet_papper_crate","mynethersdelight:bullet_pepper","ITEM","mynethersdelight:magma_cake_slice -> mynethersdelight:magma_cake_block -> mynethersdelight:pepper_powder -> mynethersdelight:bullet_pepper -> mynethersdelight:bullet_pepper_crate -> mynethersdelight:bullet_pepper","5","0","1","否","[农夫乐事-下界乐事]MyNethersDelight-1.21.1-1.10.4.jar","data/mynethersdelight/recipe/crafting/bullet_papper_crate.json","补充直接 ID/tag 锚点或人工确认成员","REVIEW"
"mynethersdelight:magma_cake_slice","T2","mynethersdelight:crafting/bullet_papper_crate","mynethersdelight:bullet_pepper","ITEM","mynethersdelight:magma_cake_slice -> mynethersdelight:magma_cake_block -> mynethersdelight:pepper_powder -> mynethersdelight:bullet_pepper -> mynethersdelight:bullet_pepper_crate -> mynethersdelight:bullet_pepper","6","0","1","否","[农夫乐事-下界乐事]MyNethersDelight-1.21.1-1.10.4.jar","data/mynethersdelight/recipe/crafting/bullet_papper_crate.json","补充直接 ID/tag 锚点或人工确认成员","REVIEW"
"mynethersdelight:magma_cake_slice","T2","mynethersdelight:crafting/bullet_papper_crate","mynethersdelight:bullet_pepper","ITEM","mynethersdelight:magma_cake_slice -> mynethersdelight:magma_cake_block -> mynethersdelight:pepper_powder -> mynethersdelight:bullet_pepper -> mynethersdelight:bullet_pepper_crate -> mynethersdelight:bullet_pepper","7","0","1","否","[农夫乐事-下界乐事]MyNethersDelight-1.21.1-1.10.4.jar","data/mynethersdelight/recipe/crafting/bullet_papper_crate.json","补充直接 ID/tag 锚点或人工确认成员","REVIEW"
"mynethersdelight:magma_cake_slice","T2","mynethersdelight:crafting/bullet_papper_crate","mynethersdelight:bullet_pepper","ITEM","mynethersdelight:magma_cake_slice -> mynethersdelight:magma_cake_block -> mynethersdelight:pepper_powder -> mynethersdelight:bullet_pepper -> mynethersdelight:bullet_pepper_crate -> mynethersdelight:bullet_pepper","8","0","1","否","[农夫乐事-下界乐事]MyNethersDelight-1.21.1-1.10.4.jar","data/mynethersdelight/recipe/crafting/bullet_papper_crate.json","补充直接 ID/tag 锚点或人工确认成员","REVIEW"
"mynethersdelight:magma_cake_slice","T2","mynethersdelight:crafting/hotcream_bucket","minecraft:bucket","ITEM","mynethersdelight:magma_cake_slice -> mynethersdelight:magma_cake_block -> mynethersdelight:hot_cream -> minecraft:bucket","0","0","1","否","[农夫乐事-下界乐事]MyNethersDelight-1.21.1-1.10.4.jar","data/mynethersdelight/recipe/crafting/hotcream_bucket.json","补充直接 ID/tag 锚点或人工确认成员","REVIEW"
"mynethersdelight:magma_cake_slice","T2","mynethersdelight:crafting/hotcream_cone","mynethersdelight:hot_cream","ITEM","mynethersdelight:magma_cake_slice -> mynethersdelight:magma_cake_block -> mynethersdelight:hot_cream -> mynethersdelight:hot_cream_cone -> mynethersdelight:hot_cream","0","0","1","否","[农夫乐事-下界乐事]MyNethersDelight-1.21.1-1.10.4.jar","data/mynethersdelight/recipe/crafting/hotcream_cone.json","补充直接 ID/tag 锚点或人工确认成员","REVIEW"
"mynethersdelight:magma_cake_slice","T2","mynethersdelight:crafting/hotcream_cone","mynethersdelight:powder_cannon","ITEM","mynethersdelight:magma_cake_slice -> mynethersdelight:magma_cake_block -> mynethersdelight:hot_cream -> mynethersdelight:hot_cream_cone -> mynethersdelight:powder_cannon","1","0","1","否","[农夫乐事-下界乐事]MyNethersDelight-1.21.1-1.10.4.jar","data/mynethersdelight/recipe/crafting/hotcream_cone.json","补充直接 ID/tag 锚点或人工确认成员","REVIEW"
"mynethersdelight:magma_cake_slice","T2","mynethersdelight:crafting/hotcream_cone","mynethersdelight:powder_cannon","ITEM","mynethersdelight:magma_cake_slice -> mynethersdelight:magma_cake_block -> mynethersdelight:hot_cream -> mynethersdelight:hot_cream_cone -> mynethersdelight:powder_cannon","2","0","1","否","[农夫乐事-下界乐事]MyNethersDelight-1.21.1-1.10.4.jar","data/mynethersdelight/recipe/crafting/hotcream_cone.json","补充直接 ID/tag 锚点或人工确认成员","REVIEW"
"mynethersdelight:magma_cake_slice","T2","mynethersdelight:crafting/hotcream_cone","mynethersdelight:powder_cannon","ITEM","mynethersdelight:magma_cake_slice -> mynethersdelight:magma_cake_block -> mynethersdelight:hot_cream -> mynethersdelight:hot_cream_cone -> mynethersdelight:powder_cannon","3","0","1","否","[农夫乐事-下界乐事]MyNethersDelight-1.21.1-1.10.4.jar","data/mynethersdelight/recipe/crafting/hotcream_cone.json","补充直接 ID/tag 锚点或人工确认成员","REVIEW"
"mynethersdelight:magma_cake_slice","T2","mynethersdelight:crafting/magma_cake_alt","mynethersdelight:magma_cake_slice","ITEM","mynethersdelight:magma_cake_slice -> mynethersdelight:magma_cake_block -> mynethersdelight:magma_cake_slice","0","0","1","否","[农夫乐事-下界乐事]MyNethersDelight-1.21.1-1.10.4.jar","data/mynethersdelight/recipe/crafting/magma_cake_alt.json","补充直接 ID/tag 锚点或人工确认成员","REVIEW"
"mynethersdelight:magma_cake_slice","T2","mynethersdelight:crafting/magma_cake_alt","mynethersdelight:magma_cake_slice","ITEM","mynethersdelight:magma_cake_slice -> mynethersdelight:magma_cake_block -> mynethersdelight:magma_cake_slice","1","0","1","否","[农夫乐事-下界乐事]MyNethersDelight-1.21.1-1.10.4.jar","data/mynethersdelight/recipe/crafting/magma_cake_alt.json","补充直接 ID/tag 锚点或人工确认成员","REVIEW"
"mynethersdelight:magma_cake_slice","T2","mynethersdelight:crafting/magma_cake_alt","mynethersdelight:magma_cake_slice","ITEM","mynethersdelight:magma_cake_slice -> mynethersdelight:magma_cake_block -> mynethersdelight:magma_cake_slice","2","0","1","否","[农夫乐事-下界乐事]MyNethersDelight-1.21.1-1.10.4.jar","data/mynethersdelight/recipe/crafting/magma_cake_alt.json","补充直接 ID/tag 锚点或人工确认成员","REVIEW"
"mynethersdelight:magma_cake_slice","T2","mynethersdelight:crafting/magma_cake_alt","mynethersdelight:magma_cake_slice","ITEM","mynethersdelight:magma_cake_slice -> mynethersdelight:magma_cake_block -> mynethersdelight:magma_cake_slice","3","0","1","否","[农夫乐事-下界乐事]MyNethersDelight-1.21.1-1.10.4.jar","data/mynethersdelight/recipe/crafting/magma_cake_alt.json","补充直接 ID/tag 锚点或人工确认成员","REVIEW"
"mynethersdelight:magma_cake_slice","T2","mynethersdelight:crafting/magma_cake_alt","mynethersdelight:magma_cake_slice","ITEM","mynethersdelight:magma_cake_slice -> mynethersdelight:magma_cake_block -> mynethersdelight:magma_cake_slice","4","0","1","否","[农夫乐事-下界乐事]MyNethersDelight-1.21.1-1.10.4.jar","data/mynethersdelight/recipe/crafting/magma_cake_alt.json","补充直接 ID/tag 锚点或人工确认成员","REVIEW"
"mynethersdelight:magma_cake_slice","T2","mynethersdelight:crafting/magma_cake_alt","mynethersdelight:magma_cake_slice","ITEM","mynethersdelight:magma_cake_slice -> mynethersdelight:magma_cake_block -> mynethersdelight:magma_cake_slice","5","0","1","否","[农夫乐事-下界乐事]MyNethersDelight-1.21.1-1.10.4.jar","data/mynethersdelight/recipe/crafting/magma_cake_alt.json","补充直接 ID/tag 锚点或人工确认成员","REVIEW"
"mynethersdelight:magma_cake_slice","T2","mynethersdelight:crafting/magma_cake_alt","mynethersdelight:magma_cake_slice","ITEM","mynethersdelight:magma_cake_slice -> mynethersdelight:magma_cake_block -> mynethersdelight:magma_cake_slice","6","0","1","否","[农夫乐事-下界乐事]MyNethersDelight-1.21.1-1.10.4.jar","data/mynethersdelight/recipe/crafting/magma_cake_alt.json","补充直接 ID/tag 锚点或人工确认成员","REVIEW"
"mynethersdelight:nether_burger","T2","mynethersdelight:crafting/nether_burger","minecraft:twisting_vines","ITEM","mynethersdelight:nether_burger -> minecraft:twisting_vines","2","0","1","否","[农夫乐事-下界乐事]MyNethersDelight-1.21.1-1.10.4.jar","data/mynethersdelight/recipe/crafting/nether_burger.json","补充直接 ID/tag 锚点或人工确认成员","REVIEW"
"mynethersdelight:nether_burger","T2","mynethersdelight:cutting/crimson_fungus","mynethersdelight:crimson_fungus_colony","ITEM","mynethersdelight:nether_burger -> minecraft:crimson_fungus -> mynethersdelight:crimson_fungus_colony","0","0","1","否","[农夫乐事-下界乐事]MyNethersDelight-1.21.1-1.10.4.jar","data/mynethersdelight/recipe/cutting/crimson_fungus.json","补充直接 ID/tag 锚点或人工确认成员","REVIEW"
"mynethersdelight:nether_burger","T2","mynethersdelight:cutting/warped_fungus","mynethersdelight:warped_fungus_colony","ITEM","mynethersdelight:nether_burger -> minecraft:warped_fungus -> mynethersdelight:warped_fungus_colony","0","0","1","否","[农夫乐事-下界乐事]MyNethersDelight-1.21.1-1.10.4.jar","data/mynethersdelight/recipe/cutting/warped_fungus.json","补充直接 ID/tag 锚点或人工确认成员","REVIEW"
"mynethersdelight:nether_burger","T2","mynethersdelight:hoglin_loin_cooking","mynethersdelight:hoglin_loin","ITEM","mynethersdelight:nether_burger -> mynethersdelight:cooked_loin -> mynethersdelight:hoglin_loin","0","0","1","否","[农夫乐事-下界乐事]MyNethersDelight-1.21.1-1.10.4.jar","data/mynethersdelight/recipe/hoglin_loin_cooking.json","补充直接 ID/tag 锚点或人工确认成员","REVIEW"
"mynethersdelight:nether_burger","T2","mynethersdelight:hoglin_loin_from_campfire_cooking","mynethersdelight:hoglin_loin","ITEM","mynethersdelight:nether_burger -> mynethersdelight:cooked_loin -> mynethersdelight:hoglin_loin","0","0","1","否","[农夫乐事-下界乐事]MyNethersDelight-1.21.1-1.10.4.jar","data/mynethersdelight/recipe/hoglin_loin_from_campfire_cooking.json","补充直接 ID/tag 锚点或人工确认成员","REVIEW"
"mynethersdelight:nether_burger","T2","mynethersdelight:hoglin_loin_from_smoking","mynethersdelight:hoglin_loin","ITEM","mynethersdelight:nether_burger -> mynethersdelight:cooked_loin -> mynethersdelight:hoglin_loin","0","0","1","否","[农夫乐事-下界乐事]MyNethersDelight-1.21.1-1.10.4.jar","data/mynethersdelight/recipe/hoglin_loin_from_smoking.json","补充直接 ID/tag 锚点或人工确认成员","REVIEW"
"mynethersdelight:red_loin_on_a_stick","COMMON","dungeonsdelight:cutting/rotbulb_plant","dungeonsdelight:rotbulb_plant","ITEM","mynethersdelight:red_loin_on_a_stick -> minecraft:stick -> dungeonsdelight:wormroot_tendrils -> dungeonsdelight:gunk -> dungeonsdelight:rotbulb_plant","0","0","1","否","[农夫乐事-地牢乐事]neoforge-dungeonsdelight-1.21.1-1.5.0.jar","data/dungeonsdelight/recipe/cutting/rotbulb_plant.json","补充直接 ID/tag 锚点或人工确认成员","REVIEW"
"mynethersdelight:red_loin_on_a_stick","COMMON","dungeonsdelight:wormroot_tendrils_from_wormroot_stalk","dungeonsdelight:wormroot_stalk","ITEM","mynethersdelight:red_loin_on_a_stick -> minecraft:stick -> dungeonsdelight:wormroot_tendrils -> dungeonsdelight:wormroot_stalk","0","0","1","否","[农夫乐事-地牢乐事]neoforge-dungeonsdelight-1.21.1-1.5.0.jar","data/dungeonsdelight/recipe/wormroot_tendrils_from_wormroot_stalk.json","补充直接 ID/tag 锚点或人工确认成员","REVIEW"
"mynethersdelight:red_loin_on_a_stick","COMMON","dungeonsdelight:wormroots_block","dungeonsdelight:wormroot_tendrils","ITEM","mynethersdelight:red_loin_on_a_stick -> minecraft:stick -> dungeonsdelight:wormroot_tendrils -> dungeonsdelight:wormroots_block -> dungeonsdelight:wormroot_tendrils","0","0","9","否","[农夫乐事-地牢乐事]neoforge-dungeonsdelight-1.21.1-1.5.0.jar","data/dungeonsdelight/recipe/wormroots_block.json","补充直接 ID/tag 锚点或人工确认成员","REVIEW"
"mynethersdelight:red_loin_on_a_stick","COMMON","minecraft:rotbulb_crate","dungeonsdelight:rotbulb","ITEM","mynethersdelight:red_loin_on_a_stick -> minecraft:stick -> dungeonsdelight:wormroot_tendrils -> dungeonsdelight:gunk -> dungeonsdelight:rotbulb -> dungeonsdelight:rotbulb_crate -> dungeonsdelight:rotbulb","0","0","9","否","[农夫乐事-地牢乐事]neoforge-dungeonsdelight-1.21.1-1.5.0.jar","data/minecraft/recipe/rotbulb_crate.json","补充直接 ID/tag 锚点或人工确认成员","REVIEW"
"mynethersdelight:red_loin_on_a_stick","COMMON","mynethersdelight:cutting/crimson_fungus","mynethersdelight:crimson_fungus_colony","ITEM","mynethersdelight:red_loin_on_a_stick -> minecraft:crimson_fungus -> mynethersdelight:crimson_fungus_colony","0","0","1","否","[农夫乐事-下界乐事]MyNethersDelight-1.21.1-1.10.4.jar","data/mynethersdelight/recipe/cutting/crimson_fungus.json","补充直接 ID/tag 锚点或人工确认成员","REVIEW"
"mynethersdelight:red_loin_on_a_stick","COMMON","mynethersdelight:cutting/gunpowder_and_stick_cannon","mynethersdelight:powder_cannon","ITEM","mynethersdelight:red_loin_on_a_stick -> minecraft:stick -> mynethersdelight:powder_cannon","0","0","1","否","[农夫乐事-下界乐事]MyNethersDelight-1.21.1-1.10.4.jar","data/mynethersdelight/recipe/cutting/gunpowder_and_stick_cannon.json","补充直接 ID/tag 锚点或人工确认成员","REVIEW"
"mynethersdelight:red_loin_on_a_stick","COMMON","mynethersdelight:hoglin_loin_cooking","mynethersdelight:hoglin_loin","ITEM","mynethersdelight:red_loin_on_a_stick -> mynethersdelight:cooked_loin -> mynethersdelight:hoglin_loin","0","0","1","否","[农夫乐事-下界乐事]MyNethersDelight-1.21.1-1.10.4.jar","data/mynethersdelight/recipe/hoglin_loin_cooking.json","补充直接 ID/tag 锚点或人工确认成员","REVIEW"
"mynethersdelight:red_loin_on_a_stick","COMMON","mynethersdelight:hoglin_loin_from_campfire_cooking","mynethersdelight:hoglin_loin","ITEM","mynethersdelight:red_loin_on_a_stick -> mynethersdelight:cooked_loin -> mynethersdelight:hoglin_loin","0","0","1","否","[农夫乐事-下界乐事]MyNethersDelight-1.21.1-1.10.4.jar","data/mynethersdelight/recipe/hoglin_loin_from_campfire_cooking.json","补充直接 ID/tag 锚点或人工确认成员","REVIEW"
"mynethersdelight:red_loin_on_a_stick","COMMON","mynethersdelight:hoglin_loin_from_smoking","mynethersdelight:hoglin_loin","ITEM","mynethersdelight:red_loin_on_a_stick -> mynethersdelight:cooked_loin -> mynethersdelight:hoglin_loin","0","0","1","否","[农夫乐事-下界乐事]MyNethersDelight-1.21.1-1.10.4.jar","data/mynethersdelight/recipe/hoglin_loin_from_smoking.json","补充直接 ID/tag 锚点或人工确认成员","REVIEW"
"mynethersdelight:roasted_sausage","COMMON","mynethersdelight:cutting/hoglin_sausage","mynethersdelight:hoglin_loin","ITEM","mynethersdelight:roasted_sausage -> mynethersdelight:hoglin_sausage -> mynethersdelight:hoglin_loin","0","0","1","否","[农夫乐事-下界乐事]MyNethersDelight-1.21.1-1.10.4.jar","data/mynethersdelight/recipe/cutting/hoglin_sausage.json","补充直接 ID/tag 锚点或人工确认成员","REVIEW"
"mynethersdelight:rock_soup","T2","mynethersdelight:cutting/strider_egg","mynethersdelight:strider_rock","ITEM","mynethersdelight:rock_soup -> mynethersdelight:strider_egg -> mynethersdelight:strider_rock","0","0","1","否","[农夫乐事-下界乐事]MyNethersDelight-1.21.1-1.10.4.jar","data/mynethersdelight/recipe/cutting/strider_egg.json","补充直接 ID/tag 锚点或人工确认成员","REVIEW"
"mynethersdelight:sausage_and_potatoes","T2","mynethersdelight:cutting/hoglin_sausage","mynethersdelight:hoglin_loin","ITEM","mynethersdelight:sausage_and_potatoes -> mynethersdelight:hoglin_sausage -> mynethersdelight:hoglin_loin","0","0","1","否","[农夫乐事-下界乐事]MyNethersDelight-1.21.1-1.10.4.jar","data/mynethersdelight/recipe/cutting/hoglin_sausage.json","补充直接 ID/tag 锚点或人工确认成员","REVIEW"
"mynethersdelight:scotch_eggs","T2","mynethersdelight:cooking/scotch_eggs","#c:foods/boiled_egg","TAG","mynethersdelight:scotch_eggs -> #c:foods/boiled_egg","0","0","1","否","[农夫乐事-下界乐事]MyNethersDelight-1.21.1-1.10.4.jar","data/mynethersdelight/recipe/cooking/scotch_eggs.json","补充直接 ID/tag 锚点或人工确认成员","REVIEW"
"mynethersdelight:scotch_eggs","T2","mynethersdelight:cooking/scotch_eggs","#c:foods/boiled_egg","TAG","mynethersdelight:scotch_eggs -> #c:foods/boiled_egg","1","0","1","否","[农夫乐事-下界乐事]MyNethersDelight-1.21.1-1.10.4.jar","data/mynethersdelight/recipe/cooking/scotch_eggs.json","补充直接 ID/tag 锚点或人工确认成员","REVIEW"
"mynethersdelight:scotch_eggs","T2","mynethersdelight:cutting/hoglin_sausage","mynethersdelight:hoglin_loin","ITEM","mynethersdelight:scotch_eggs -> mynethersdelight:hoglin_sausage -> mynethersdelight:hoglin_loin","0","0","1","否","[农夫乐事-下界乐事]MyNethersDelight-1.21.1-1.10.4.jar","data/mynethersdelight/recipe/cutting/hoglin_sausage.json","补充直接 ID/tag 锚点或人工确认成员","REVIEW"
"mynethersdelight:sizzling_pudding","T2","mynethersdelight:crafting/blaze_powder_alt","minecraft:blaze_powder","ITEM","mynethersdelight:sizzling_pudding -> minecraft:blaze_powder -> minecraft:blaze_powder","0","0","1","否","[农夫乐事-下界乐事]MyNethersDelight-1.21.1-1.10.4.jar","data/mynethersdelight/recipe/crafting/blaze_powder_alt.json","补充直接 ID/tag 锚点或人工确认成员","REVIEW"
"mynethersdelight:sizzling_pudding","T2","mynethersdelight:crafting/bullet_papper_crate","mynethersdelight:bullet_pepper","ITEM","mynethersdelight:sizzling_pudding -> minecraft:blaze_powder -> mynethersdelight:pepper_powder -> mynethersdelight:bullet_pepper -> mynethersdelight:bullet_pepper_crate -> mynethersdelight:bullet_pepper","0","0","1","否","[农夫乐事-下界乐事]MyNethersDelight-1.21.1-1.10.4.jar","data/mynethersdelight/recipe/crafting/bullet_papper_crate.json","补充直接 ID/tag 锚点或人工确认成员","REVIEW"
"mynethersdelight:sizzling_pudding","T2","mynethersdelight:crafting/bullet_papper_crate","mynethersdelight:bullet_pepper","ITEM","mynethersdelight:sizzling_pudding -> minecraft:blaze_powder -> mynethersdelight:pepper_powder -> mynethersdelight:bullet_pepper -> mynethersdelight:bullet_pepper_crate -> mynethersdelight:bullet_pepper","1","0","1","否","[农夫乐事-下界乐事]MyNethersDelight-1.21.1-1.10.4.jar","data/mynethersdelight/recipe/crafting/bullet_papper_crate.json","补充直接 ID/tag 锚点或人工确认成员","REVIEW"
"mynethersdelight:sizzling_pudding","T2","mynethersdelight:crafting/bullet_papper_crate","mynethersdelight:bullet_pepper","ITEM","mynethersdelight:sizzling_pudding -> minecraft:blaze_powder -> mynethersdelight:pepper_powder -> mynethersdelight:bullet_pepper -> mynethersdelight:bullet_pepper_crate -> mynethersdelight:bullet_pepper","2","0","1","否","[农夫乐事-下界乐事]MyNethersDelight-1.21.1-1.10.4.jar","data/mynethersdelight/recipe/crafting/bullet_papper_crate.json","补充直接 ID/tag 锚点或人工确认成员","REVIEW"
"mynethersdelight:sizzling_pudding","T2","mynethersdelight:crafting/bullet_papper_crate","mynethersdelight:bullet_pepper","ITEM","mynethersdelight:sizzling_pudding -> minecraft:blaze_powder -> mynethersdelight:pepper_powder -> mynethersdelight:bullet_pepper -> mynethersdelight:bullet_pepper_crate -> mynethersdelight:bullet_pepper","3","0","1","否","[农夫乐事-下界乐事]MyNethersDelight-1.21.1-1.10.4.jar","data/mynethersdelight/recipe/crafting/bullet_papper_crate.json","补充直接 ID/tag 锚点或人工确认成员","REVIEW"
"mynethersdelight:sizzling_pudding","T2","mynethersdelight:crafting/bullet_papper_crate","mynethersdelight:bullet_pepper","ITEM","mynethersdelight:sizzling_pudding -> minecraft:blaze_powder -> mynethersdelight:pepper_powder -> mynethersdelight:bullet_pepper -> mynethersdelight:bullet_pepper_crate -> mynethersdelight:bullet_pepper","4","0","1","否","[农夫乐事-下界乐事]MyNethersDelight-1.21.1-1.10.4.jar","data/mynethersdelight/recipe/crafting/bullet_papper_crate.json","补充直接 ID/tag 锚点或人工确认成员","REVIEW"
"mynethersdelight:sizzling_pudding","T2","mynethersdelight:crafting/bullet_papper_crate","mynethersdelight:bullet_pepper","ITEM","mynethersdelight:sizzling_pudding -> minecraft:blaze_powder -> mynethersdelight:pepper_powder -> mynethersdelight:bullet_pepper -> mynethersdelight:bullet_pepper_crate -> mynethersdelight:bullet_pepper","5","0","1","否","[农夫乐事-下界乐事]MyNethersDelight-1.21.1-1.10.4.jar","data/mynethersdelight/recipe/crafting/bullet_papper_crate.json","补充直接 ID/tag 锚点或人工确认成员","REVIEW"
"mynethersdelight:sizzling_pudding","T2","mynethersdelight:crafting/bullet_papper_crate","mynethersdelight:bullet_pepper","ITEM","mynethersdelight:sizzling_pudding -> minecraft:blaze_powder -> mynethersdelight:pepper_powder -> mynethersdelight:bullet_pepper -> mynethersdelight:bullet_pepper_crate -> mynethersdelight:bullet_pepper","6","0","1","否","[农夫乐事-下界乐事]MyNethersDelight-1.21.1-1.10.4.jar","data/mynethersdelight/recipe/crafting/bullet_papper_crate.json","补充直接 ID/tag 锚点或人工确认成员","REVIEW"
"mynethersdelight:sizzling_pudding","T2","mynethersdelight:crafting/bullet_papper_crate","mynethersdelight:bullet_pepper","ITEM","mynethersdelight:sizzling_pudding -> minecraft:blaze_powder -> mynethersdelight:pepper_powder -> mynethersdelight:bullet_pepper -> mynethersdelight:bullet_pepper_crate -> mynethersdelight:bullet_pepper","7","0","1","否","[农夫乐事-下界乐事]MyNethersDelight-1.21.1-1.10.4.jar","data/mynethersdelight/recipe/crafting/bullet_papper_crate.json","补充直接 ID/tag 锚点或人工确认成员","REVIEW"
"mynethersdelight:sizzling_pudding","T2","mynethersdelight:crafting/bullet_papper_crate","mynethersdelight:bullet_pepper","ITEM","mynethersdelight:sizzling_pudding -> minecraft:blaze_powder -> mynethersdelight:pepper_powder -> mynethersdelight:bullet_pepper -> mynethersdelight:bullet_pepper_crate -> mynethersdelight:bullet_pepper","8","0","1","否","[农夫乐事-下界乐事]MyNethersDelight-1.21.1-1.10.4.jar","data/mynethersdelight/recipe/crafting/bullet_papper_crate.json","补充直接 ID/tag 锚点或人工确认成员","REVIEW"
"mynethersdelight:sizzling_pudding","T2","mynethersdelight:cutting/ghasmati","mynethersdelight:ghasta","ITEM","mynethersdelight:sizzling_pudding -> mynethersdelight:ghasmati -> mynethersdelight:ghasta","0","0","1","否","[农夫乐事-下界乐事]MyNethersDelight-1.21.1-1.10.4.jar","data/mynethersdelight/recipe/cutting/ghasmati.json","补充直接 ID/tag 锚点或人工确认成员","REVIEW"
"mynethersdelight:slices_of_bread","T2","mynethersdelight:cutting/ghasmati","mynethersdelight:ghasta","ITEM","mynethersdelight:slices_of_bread -> mynethersdelight:bread_loaf -> mynethersdelight:ghast_sourdough -> mynethersdelight:ghast_dough -> mynethersdelight:ghasmati -> mynethersdelight:ghasta","0","0","1","否","[农夫乐事-下界乐事]MyNethersDelight-1.21.1-1.10.4.jar","data/mynethersdelight/recipe/cutting/ghasmati.json","补充直接 ID/tag 锚点或人工确认成员","REVIEW"
"mynethersdelight:slices_of_bread","T2","mynethersdelight:cutting/ghast_dough","mynethersdelight:ghast_sourdough","ITEM","mynethersdelight:slices_of_bread -> mynethersdelight:bread_loaf -> mynethersdelight:ghast_sourdough -> mynethersdelight:ghast_dough -> mynethersdelight:ghast_sourdough","0","0","1","否","[农夫乐事-下界乐事]MyNethersDelight-1.21.1-1.10.4.jar","data/mynethersdelight/recipe/cutting/ghast_dough.json","补充直接 ID/tag 锚点或人工确认成员","REVIEW"
"mynethersdelight:spicy_cotton","COMMON","mynethersdelight:crafting/spicy_cotton","#mynethersdelight:hot_spice","TAG","mynethersdelight:spicy_cotton -> #mynethersdelight:hot_spice","1","0","1","否","[农夫乐事-下界乐事]MyNethersDelight-1.21.1-1.10.4.jar","data/mynethersdelight/recipe/crafting/spicy_cotton.json","补充直接 ID/tag 锚点或人工确认成员","REVIEW"
"mynethersdelight:spicy_cotton","COMMON","mynethersdelight:crafting/spicy_cotton","mynethersdelight:ghasta","ITEM","mynethersdelight:spicy_cotton -> mynethersdelight:ghasta","0","0","1","否","[农夫乐事-下界乐事]MyNethersDelight-1.21.1-1.10.4.jar","data/mynethersdelight/recipe/crafting/spicy_cotton.json","补充直接 ID/tag 锚点或人工确认成员","REVIEW"
"mynethersdelight:spicy_cotton","COMMON","mynethersdelight:crafting/spicy_cotton","mynethersdelight:ghasta","ITEM","mynethersdelight:spicy_cotton -> mynethersdelight:ghasta","3","0","1","否","[农夫乐事-下界乐事]MyNethersDelight-1.21.1-1.10.4.jar","data/mynethersdelight/recipe/crafting/spicy_cotton.json","补充直接 ID/tag 锚点或人工确认成员","REVIEW"
"mynethersdelight:spicy_curry","T2","mynethersdelight:cooking/spicy_curry","#mynethersdelight:hot_spice","TAG","mynethersdelight:spicy_curry -> #mynethersdelight:hot_spice","2","0","1","否","[农夫乐事-下界乐事]MyNethersDelight-1.21.1-1.10.4.jar","data/mynethersdelight/recipe/cooking/spicy_curry.json","补充直接 ID/tag 锚点或人工确认成员","REVIEW"
"mynethersdelight:spicy_hoglin_stew","T2","mynethersdelight:crafting/bullet_papper_crate","mynethersdelight:bullet_pepper","ITEM","mynethersdelight:spicy_hoglin_stew -> mynethersdelight:bullet_pepper -> mynethersdelight:bullet_pepper_crate -> mynethersdelight:bullet_pepper","0","0","1","否","[农夫乐事-下界乐事]MyNethersDelight-1.21.1-1.10.4.jar","data/mynethersdelight/recipe/crafting/bullet_papper_crate.json","补充直接 ID/tag 锚点或人工确认成员","REVIEW"
"mynethersdelight:spicy_hoglin_stew","T2","mynethersdelight:crafting/bullet_papper_crate","mynethersdelight:bullet_pepper","ITEM","mynethersdelight:spicy_hoglin_stew -> mynethersdelight:bullet_pepper -> mynethersdelight:bullet_pepper_crate -> mynethersdelight:bullet_pepper","1","0","1","否","[农夫乐事-下界乐事]MyNethersDelight-1.21.1-1.10.4.jar","data/mynethersdelight/recipe/crafting/bullet_papper_crate.json","补充直接 ID/tag 锚点或人工确认成员","REVIEW"
"mynethersdelight:spicy_hoglin_stew","T2","mynethersdelight:crafting/bullet_papper_crate","mynethersdelight:bullet_pepper","ITEM","mynethersdelight:spicy_hoglin_stew -> mynethersdelight:bullet_pepper -> mynethersdelight:bullet_pepper_crate -> mynethersdelight:bullet_pepper","2","0","1","否","[农夫乐事-下界乐事]MyNethersDelight-1.21.1-1.10.4.jar","data/mynethersdelight/recipe/crafting/bullet_papper_crate.json","补充直接 ID/tag 锚点或人工确认成员","REVIEW"
"mynethersdelight:spicy_hoglin_stew","T2","mynethersdelight:crafting/bullet_papper_crate","mynethersdelight:bullet_pepper","ITEM","mynethersdelight:spicy_hoglin_stew -> mynethersdelight:bullet_pepper -> mynethersdelight:bullet_pepper_crate -> mynethersdelight:bullet_pepper","3","0","1","否","[农夫乐事-下界乐事]MyNethersDelight-1.21.1-1.10.4.jar","data/mynethersdelight/recipe/crafting/bullet_papper_crate.json","补充直接 ID/tag 锚点或人工确认成员","REVIEW"
"mynethersdelight:spicy_hoglin_stew","T2","mynethersdelight:crafting/bullet_papper_crate","mynethersdelight:bullet_pepper","ITEM","mynethersdelight:spicy_hoglin_stew -> mynethersdelight:bullet_pepper -> mynethersdelight:bullet_pepper_crate -> mynethersdelight:bullet_pepper","4","0","1","否","[农夫乐事-下界乐事]MyNethersDelight-1.21.1-1.10.4.jar","data/mynethersdelight/recipe/crafting/bullet_papper_crate.json","补充直接 ID/tag 锚点或人工确认成员","REVIEW"
"mynethersdelight:spicy_hoglin_stew","T2","mynethersdelight:crafting/bullet_papper_crate","mynethersdelight:bullet_pepper","ITEM","mynethersdelight:spicy_hoglin_stew -> mynethersdelight:bullet_pepper -> mynethersdelight:bullet_pepper_crate -> mynethersdelight:bullet_pepper","5","0","1","否","[农夫乐事-下界乐事]MyNethersDelight-1.21.1-1.10.4.jar","data/mynethersdelight/recipe/crafting/bullet_papper_crate.json","补充直接 ID/tag 锚点或人工确认成员","REVIEW"
"mynethersdelight:spicy_hoglin_stew","T2","mynethersdelight:crafting/bullet_papper_crate","mynethersdelight:bullet_pepper","ITEM","mynethersdelight:spicy_hoglin_stew -> mynethersdelight:bullet_pepper -> mynethersdelight:bullet_pepper_crate -> mynethersdelight:bullet_pepper","6","0","1","否","[农夫乐事-下界乐事]MyNethersDelight-1.21.1-1.10.4.jar","data/mynethersdelight/recipe/crafting/bullet_papper_crate.json","补充直接 ID/tag 锚点或人工确认成员","REVIEW"
"mynethersdelight:spicy_hoglin_stew","T2","mynethersdelight:crafting/bullet_papper_crate","mynethersdelight:bullet_pepper","ITEM","mynethersdelight:spicy_hoglin_stew -> mynethersdelight:bullet_pepper -> mynethersdelight:bullet_pepper_crate -> mynethersdelight:bullet_pepper","7","0","1","否","[农夫乐事-下界乐事]MyNethersDelight-1.21.1-1.10.4.jar","data/mynethersdelight/recipe/crafting/bullet_papper_crate.json","补充直接 ID/tag 锚点或人工确认成员","REVIEW"
"mynethersdelight:spicy_hoglin_stew","T2","mynethersdelight:crafting/bullet_papper_crate","mynethersdelight:bullet_pepper","ITEM","mynethersdelight:spicy_hoglin_stew -> mynethersdelight:bullet_pepper -> mynethersdelight:bullet_pepper_crate -> mynethersdelight:bullet_pepper","8","0","1","否","[农夫乐事-下界乐事]MyNethersDelight-1.21.1-1.10.4.jar","data/mynethersdelight/recipe/crafting/bullet_papper_crate.json","补充直接 ID/tag 锚点或人工确认成员","REVIEW"
"mynethersdelight:spicy_hoglin_stew","T2","mynethersdelight:cutting/hoglin_sausage","mynethersdelight:hoglin_loin","ITEM","mynethersdelight:spicy_hoglin_stew -> mynethersdelight:hoglin_sausage -> mynethersdelight:hoglin_loin","0","0","1","否","[农夫乐事-下界乐事]MyNethersDelight-1.21.1-1.10.4.jar","data/mynethersdelight/recipe/cutting/hoglin_sausage.json","补充直接 ID/tag 锚点或人工确认成员","REVIEW"
"mynethersdelight:spicy_hoglin_stew","T2","mynethersdelight:hoglin_loin_cooking","mynethersdelight:hoglin_loin","ITEM","mynethersdelight:spicy_hoglin_stew -> mynethersdelight:cooked_loin -> mynethersdelight:hoglin_loin","0","0","1","否","[农夫乐事-下界乐事]MyNethersDelight-1.21.1-1.10.4.jar","data/mynethersdelight/recipe/hoglin_loin_cooking.json","补充直接 ID/tag 锚点或人工确认成员","REVIEW"
"mynethersdelight:spicy_hoglin_stew","T2","mynethersdelight:hoglin_loin_from_campfire_cooking","mynethersdelight:hoglin_loin","ITEM","mynethersdelight:spicy_hoglin_stew -> mynethersdelight:cooked_loin -> mynethersdelight:hoglin_loin","0","0","1","否","[农夫乐事-下界乐事]MyNethersDelight-1.21.1-1.10.4.jar","data/mynethersdelight/recipe/hoglin_loin_from_campfire_cooking.json","补充直接 ID/tag 锚点或人工确认成员","REVIEW"
"mynethersdelight:spicy_hoglin_stew","T2","mynethersdelight:hoglin_loin_from_smoking","mynethersdelight:hoglin_loin","ITEM","mynethersdelight:spicy_hoglin_stew -> mynethersdelight:cooked_loin -> mynethersdelight:hoglin_loin","0","0","1","否","[农夫乐事-下界乐事]MyNethersDelight-1.21.1-1.10.4.jar","data/mynethersdelight/recipe/hoglin_loin_from_smoking.json","补充直接 ID/tag 锚点或人工确认成员","REVIEW"
"mynethersdelight:spicy_noodle_soup","T2","mynethersdelight:cooking/spicy_noodle_soup","#c:foods/raw_hoglin","TAG","mynethersdelight:spicy_noodle_soup -> #c:foods/raw_hoglin","3","0","1","否","[农夫乐事-下界乐事]MyNethersDelight-1.21.1-1.10.4.jar","data/mynethersdelight/recipe/cooking/spicy_noodle_soup.json","补充直接 ID/tag 锚点或人工确认成员","REVIEW"
"mynethersdelight:spicy_noodle_soup","T2","mynethersdelight:cooking/spicy_noodle_soup","#c:foods/rice_pasta","TAG","mynethersdelight:spicy_noodle_soup -> #c:foods/rice_pasta","0","0","1","否","[农夫乐事-下界乐事]MyNethersDelight-1.21.1-1.10.4.jar","data/mynethersdelight/recipe/cooking/spicy_noodle_soup.json","补充直接 ID/tag 锚点或人工确认成员","REVIEW"
"mynethersdelight:spicy_noodle_soup","T2","mynethersdelight:cooking/spicy_noodle_soup","#mynethersdelight:hot_spice","TAG","mynethersdelight:spicy_noodle_soup -> #mynethersdelight:hot_spice","2","0","1","否","[农夫乐事-下界乐事]MyNethersDelight-1.21.1-1.10.4.jar","data/mynethersdelight/recipe/cooking/spicy_noodle_soup.json","补充直接 ID/tag 锚点或人工确认成员","REVIEW"
"mynethersdelight:spicy_skewer","T2","mynethersdelight:crafting/bullet_papper_crate","mynethersdelight:bullet_pepper","ITEM","mynethersdelight:spicy_skewer -> mynethersdelight:bullet_pepper -> mynethersdelight:bullet_pepper_crate -> mynethersdelight:bullet_pepper","0","0","1","否","[农夫乐事-下界乐事]MyNethersDelight-1.21.1-1.10.4.jar","data/mynethersdelight/recipe/crafting/bullet_papper_crate.json","补充直接 ID/tag 锚点或人工确认成员","REVIEW"
"mynethersdelight:spicy_skewer","T2","mynethersdelight:crafting/bullet_papper_crate","mynethersdelight:bullet_pepper","ITEM","mynethersdelight:spicy_skewer -> mynethersdelight:bullet_pepper -> mynethersdelight:bullet_pepper_crate -> mynethersdelight:bullet_pepper","1","0","1","否","[农夫乐事-下界乐事]MyNethersDelight-1.21.1-1.10.4.jar","data/mynethersdelight/recipe/crafting/bullet_papper_crate.json","补充直接 ID/tag 锚点或人工确认成员","REVIEW"
"mynethersdelight:spicy_skewer","T2","mynethersdelight:crafting/bullet_papper_crate","mynethersdelight:bullet_pepper","ITEM","mynethersdelight:spicy_skewer -> mynethersdelight:bullet_pepper -> mynethersdelight:bullet_pepper_crate -> mynethersdelight:bullet_pepper","2","0","1","否","[农夫乐事-下界乐事]MyNethersDelight-1.21.1-1.10.4.jar","data/mynethersdelight/recipe/crafting/bullet_papper_crate.json","补充直接 ID/tag 锚点或人工确认成员","REVIEW"
"mynethersdelight:spicy_skewer","T2","mynethersdelight:crafting/bullet_papper_crate","mynethersdelight:bullet_pepper","ITEM","mynethersdelight:spicy_skewer -> mynethersdelight:bullet_pepper -> mynethersdelight:bullet_pepper_crate -> mynethersdelight:bullet_pepper","3","0","1","否","[农夫乐事-下界乐事]MyNethersDelight-1.21.1-1.10.4.jar","data/mynethersdelight/recipe/crafting/bullet_papper_crate.json","补充直接 ID/tag 锚点或人工确认成员","REVIEW"
"mynethersdelight:spicy_skewer","T2","mynethersdelight:crafting/bullet_papper_crate","mynethersdelight:bullet_pepper","ITEM","mynethersdelight:spicy_skewer -> mynethersdelight:bullet_pepper -> mynethersdelight:bullet_pepper_crate -> mynethersdelight:bullet_pepper","4","0","1","否","[农夫乐事-下界乐事]MyNethersDelight-1.21.1-1.10.4.jar","data/mynethersdelight/recipe/crafting/bullet_papper_crate.json","补充直接 ID/tag 锚点或人工确认成员","REVIEW"
"mynethersdelight:spicy_skewer","T2","mynethersdelight:crafting/bullet_papper_crate","mynethersdelight:bullet_pepper","ITEM","mynethersdelight:spicy_skewer -> mynethersdelight:bullet_pepper -> mynethersdelight:bullet_pepper_crate -> mynethersdelight:bullet_pepper","5","0","1","否","[农夫乐事-下界乐事]MyNethersDelight-1.21.1-1.10.4.jar","data/mynethersdelight/recipe/crafting/bullet_papper_crate.json","补充直接 ID/tag 锚点或人工确认成员","REVIEW"
"mynethersdelight:spicy_skewer","T2","mynethersdelight:crafting/bullet_papper_crate","mynethersdelight:bullet_pepper","ITEM","mynethersdelight:spicy_skewer -> mynethersdelight:bullet_pepper -> mynethersdelight:bullet_pepper_crate -> mynethersdelight:bullet_pepper","6","0","1","否","[农夫乐事-下界乐事]MyNethersDelight-1.21.1-1.10.4.jar","data/mynethersdelight/recipe/crafting/bullet_papper_crate.json","补充直接 ID/tag 锚点或人工确认成员","REVIEW"
"mynethersdelight:spicy_skewer","T2","mynethersdelight:crafting/bullet_papper_crate","mynethersdelight:bullet_pepper","ITEM","mynethersdelight:spicy_skewer -> mynethersdelight:bullet_pepper -> mynethersdelight:bullet_pepper_crate -> mynethersdelight:bullet_pepper","7","0","1","否","[农夫乐事-下界乐事]MyNethersDelight-1.21.1-1.10.4.jar","data/mynethersdelight/recipe/crafting/bullet_papper_crate.json","补充直接 ID/tag 锚点或人工确认成员","REVIEW"
"mynethersdelight:spicy_skewer","T2","mynethersdelight:crafting/bullet_papper_crate","mynethersdelight:bullet_pepper","ITEM","mynethersdelight:spicy_skewer -> mynethersdelight:bullet_pepper -> mynethersdelight:bullet_pepper_crate -> mynethersdelight:bullet_pepper","8","0","1","否","[农夫乐事-下界乐事]MyNethersDelight-1.21.1-1.10.4.jar","data/mynethersdelight/recipe/crafting/bullet_papper_crate.json","补充直接 ID/tag 锚点或人工确认成员","REVIEW"
"mynethersdelight:spicy_skewer","T2","mynethersdelight:crafting/spicy_skewer","#c:foods/raw_strider","TAG","mynethersdelight:spicy_skewer -> #c:foods/raw_strider","1","0","1","否","[农夫乐事-下界乐事]MyNethersDelight-1.21.1-1.10.4.jar","data/mynethersdelight/recipe/crafting/spicy_skewer.json","补充直接 ID/tag 锚点或人工确认成员","REVIEW"
"mynethersdelight:strider_stew","T2","dungeonsdelight:cutting/rotbulb_plant","dungeonsdelight:rotbulb_plant","ITEM","mynethersdelight:strider_stew -> farmersdelight:straw -> dungeonsdelight:gunk -> dungeonsdelight:rotbulb_plant","0","0","1","否","[农夫乐事-地牢乐事]neoforge-dungeonsdelight-1.21.1-1.5.0.jar","data/dungeonsdelight/recipe/cutting/rotbulb_plant.json","补充直接 ID/tag 锚点或人工确认成员","REVIEW"
"mynethersdelight:strider_stew","T2","minecraft:rotbulb_crate","dungeonsdelight:rotbulb","ITEM","mynethersdelight:strider_stew -> farmersdelight:straw -> dungeonsdelight:gunk -> dungeonsdelight:rotbulb -> dungeonsdelight:rotbulb_crate -> dungeonsdelight:rotbulb","0","0","9","否","[农夫乐事-地牢乐事]neoforge-dungeonsdelight-1.21.1-1.5.0.jar","data/minecraft/recipe/rotbulb_crate.json","补充直接 ID/tag 锚点或人工确认成员","REVIEW"
"mynethersdelight:strider_stew","T2","mynethersdelight:cooking/strider_stew","#c:foods/raw_strider","TAG","mynethersdelight:strider_stew -> #c:foods/raw_strider","0","0","1","否","[农夫乐事-下界乐事]MyNethersDelight-1.21.1-1.10.4.jar","data/mynethersdelight/recipe/cooking/strider_stew.json","补充直接 ID/tag 锚点或人工确认成员","REVIEW"
"mynethersdelight:strider_stew","T2","mynethersdelight:crafting/block_of_powdery_cannon","mynethersdelight:powder_cannon","ITEM","mynethersdelight:strider_stew -> farmersdelight:straw -> mynethersdelight:powdery_block -> mynethersdelight:powder_cannon","0","0","9","否","[农夫乐事-下界乐事]MyNethersDelight-1.21.1-1.10.4.jar","data/mynethersdelight/recipe/crafting/block_of_powdery_cannon.json","补充直接 ID/tag 锚点或人工确认成员","REVIEW"
"mynethersdelight:strider_stew","T2","mynethersdelight:cutting/crimson_fungus","mynethersdelight:crimson_fungus_colony","ITEM","mynethersdelight:strider_stew -> minecraft:crimson_fungus -> mynethersdelight:crimson_fungus_colony","0","0","1","否","[农夫乐事-下界乐事]MyNethersDelight-1.21.1-1.10.4.jar","data/mynethersdelight/recipe/cutting/crimson_fungus.json","补充直接 ID/tag 锚点或人工确认成员","REVIEW"
"mynethersdelight:strider_stew","T2","mynethersdelight:cutting/warped_fungus","mynethersdelight:warped_fungus_colony","ITEM","mynethersdelight:strider_stew -> minecraft:warped_fungus -> mynethersdelight:warped_fungus_colony","0","0","1","否","[农夫乐事-下界乐事]MyNethersDelight-1.21.1-1.10.4.jar","data/mynethersdelight/recipe/cutting/warped_fungus.json","补充直接 ID/tag 锚点或人工确认成员","REVIEW"
"mynethersdelight:strider_with_grilled_fungus","T2","mynethersdelight:cooking/strider_and_grilled_fungus","mynethersdelight:strider_slice","ITEM","mynethersdelight:strider_with_grilled_fungus -> mynethersdelight:strider_slice","0","0","1","否","[农夫乐事-下界乐事]MyNethersDelight-1.21.1-1.10.4.jar","data/mynethersdelight/recipe/cooking/strider_and_grilled_fungus.json","补充直接 ID/tag 锚点或人工确认成员","REVIEW"
"mynethersdelight:strider_with_grilled_fungus","T2","mynethersdelight:cutting/crimson_fungus","mynethersdelight:crimson_fungus_colony","ITEM","mynethersdelight:strider_with_grilled_fungus -> minecraft:crimson_fungus -> mynethersdelight:crimson_fungus_colony","0","0","1","否","[农夫乐事-下界乐事]MyNethersDelight-1.21.1-1.10.4.jar","data/mynethersdelight/recipe/cutting/crimson_fungus.json","补充直接 ID/tag 锚点或人工确认成员","REVIEW"
"mynethersdelight:strider_with_grilled_fungus","T2","mynethersdelight:cutting/warped_fungus","mynethersdelight:warped_fungus_colony","ITEM","mynethersdelight:strider_with_grilled_fungus -> minecraft:warped_fungus -> mynethersdelight:warped_fungus_colony","0","0","1","否","[农夫乐事-下界乐事]MyNethersDelight-1.21.1-1.10.4.jar","data/mynethersdelight/recipe/cutting/warped_fungus.json","补充直接 ID/tag 锚点或人工确认成员","REVIEW"
"mynethersdelight:stuffed_pepper","T2","mynethersdelight:crafting/bullet_papper_crate","mynethersdelight:bullet_pepper","ITEM","mynethersdelight:stuffed_pepper -> mynethersdelight:bullet_pepper -> mynethersdelight:bullet_pepper_crate -> mynethersdelight:bullet_pepper","0","0","1","否","[农夫乐事-下界乐事]MyNethersDelight-1.21.1-1.10.4.jar","data/mynethersdelight/recipe/crafting/bullet_papper_crate.json","补充直接 ID/tag 锚点或人工确认成员","REVIEW"
"mynethersdelight:stuffed_pepper","T2","mynethersdelight:crafting/bullet_papper_crate","mynethersdelight:bullet_pepper","ITEM","mynethersdelight:stuffed_pepper -> mynethersdelight:bullet_pepper -> mynethersdelight:bullet_pepper_crate -> mynethersdelight:bullet_pepper","1","0","1","否","[农夫乐事-下界乐事]MyNethersDelight-1.21.1-1.10.4.jar","data/mynethersdelight/recipe/crafting/bullet_papper_crate.json","补充直接 ID/tag 锚点或人工确认成员","REVIEW"
"mynethersdelight:stuffed_pepper","T2","mynethersdelight:crafting/bullet_papper_crate","mynethersdelight:bullet_pepper","ITEM","mynethersdelight:stuffed_pepper -> mynethersdelight:bullet_pepper -> mynethersdelight:bullet_pepper_crate -> mynethersdelight:bullet_pepper","2","0","1","否","[农夫乐事-下界乐事]MyNethersDelight-1.21.1-1.10.4.jar","data/mynethersdelight/recipe/crafting/bullet_papper_crate.json","补充直接 ID/tag 锚点或人工确认成员","REVIEW"
"mynethersdelight:stuffed_pepper","T2","mynethersdelight:crafting/bullet_papper_crate","mynethersdelight:bullet_pepper","ITEM","mynethersdelight:stuffed_pepper -> mynethersdelight:bullet_pepper -> mynethersdelight:bullet_pepper_crate -> mynethersdelight:bullet_pepper","3","0","1","否","[农夫乐事-下界乐事]MyNethersDelight-1.21.1-1.10.4.jar","data/mynethersdelight/recipe/crafting/bullet_papper_crate.json","补充直接 ID/tag 锚点或人工确认成员","REVIEW"
"mynethersdelight:stuffed_pepper","T2","mynethersdelight:crafting/bullet_papper_crate","mynethersdelight:bullet_pepper","ITEM","mynethersdelight:stuffed_pepper -> mynethersdelight:bullet_pepper -> mynethersdelight:bullet_pepper_crate -> mynethersdelight:bullet_pepper","4","0","1","否","[农夫乐事-下界乐事]MyNethersDelight-1.21.1-1.10.4.jar","data/mynethersdelight/recipe/crafting/bullet_papper_crate.json","补充直接 ID/tag 锚点或人工确认成员","REVIEW"
"mynethersdelight:stuffed_pepper","T2","mynethersdelight:crafting/bullet_papper_crate","mynethersdelight:bullet_pepper","ITEM","mynethersdelight:stuffed_pepper -> mynethersdelight:bullet_pepper -> mynethersdelight:bullet_pepper_crate -> mynethersdelight:bullet_pepper","5","0","1","否","[农夫乐事-下界乐事]MyNethersDelight-1.21.1-1.10.4.jar","data/mynethersdelight/recipe/crafting/bullet_papper_crate.json","补充直接 ID/tag 锚点或人工确认成员","REVIEW"
"mynethersdelight:stuffed_pepper","T2","mynethersdelight:crafting/bullet_papper_crate","mynethersdelight:bullet_pepper","ITEM","mynethersdelight:stuffed_pepper -> mynethersdelight:bullet_pepper -> mynethersdelight:bullet_pepper_crate -> mynethersdelight:bullet_pepper","6","0","1","否","[农夫乐事-下界乐事]MyNethersDelight-1.21.1-1.10.4.jar","data/mynethersdelight/recipe/crafting/bullet_papper_crate.json","补充直接 ID/tag 锚点或人工确认成员","REVIEW"
"mynethersdelight:stuffed_pepper","T2","mynethersdelight:crafting/bullet_papper_crate","mynethersdelight:bullet_pepper","ITEM","mynethersdelight:stuffed_pepper -> mynethersdelight:bullet_pepper -> mynethersdelight:bullet_pepper_crate -> mynethersdelight:bullet_pepper","7","0","1","否","[农夫乐事-下界乐事]MyNethersDelight-1.21.1-1.10.4.jar","data/mynethersdelight/recipe/crafting/bullet_papper_crate.json","补充直接 ID/tag 锚点或人工确认成员","REVIEW"
"mynethersdelight:stuffed_pepper","T2","mynethersdelight:crafting/bullet_papper_crate","mynethersdelight:bullet_pepper","ITEM","mynethersdelight:stuffed_pepper -> mynethersdelight:bullet_pepper -> mynethersdelight:bullet_pepper_crate -> mynethersdelight:bullet_pepper","8","0","1","否","[农夫乐事-下界乐事]MyNethersDelight-1.21.1-1.10.4.jar","data/mynethersdelight/recipe/crafting/bullet_papper_crate.json","补充直接 ID/tag 锚点或人工确认成员","REVIEW"
"mynethersdelight:tear_popsicle","COMMON","dungeonsdelight:cutting/rotbulb_plant","dungeonsdelight:rotbulb_plant","ITEM","mynethersdelight:tear_popsicle -> minecraft:stick -> dungeonsdelight:wormroot_tendrils -> dungeonsdelight:gunk -> dungeonsdelight:rotbulb_plant","0","0","1","否","[农夫乐事-地牢乐事]neoforge-dungeonsdelight-1.21.1-1.5.0.jar","data/dungeonsdelight/recipe/cutting/rotbulb_plant.json","补充直接 ID/tag 锚点或人工确认成员","REVIEW"
"mynethersdelight:tear_popsicle","COMMON","dungeonsdelight:wormroot_tendrils_from_wormroot_stalk","dungeonsdelight:wormroot_stalk","ITEM","mynethersdelight:tear_popsicle -> minecraft:stick -> dungeonsdelight:wormroot_tendrils -> dungeonsdelight:wormroot_stalk","0","0","1","否","[农夫乐事-地牢乐事]neoforge-dungeonsdelight-1.21.1-1.5.0.jar","data/dungeonsdelight/recipe/wormroot_tendrils_from_wormroot_stalk.json","补充直接 ID/tag 锚点或人工确认成员","REVIEW"
"mynethersdelight:tear_popsicle","COMMON","dungeonsdelight:wormroots_block","dungeonsdelight:wormroot_tendrils","ITEM","mynethersdelight:tear_popsicle -> minecraft:stick -> dungeonsdelight:wormroot_tendrils -> dungeonsdelight:wormroots_block -> dungeonsdelight:wormroot_tendrils","0","0","9","否","[农夫乐事-地牢乐事]neoforge-dungeonsdelight-1.21.1-1.5.0.jar","data/dungeonsdelight/recipe/wormroots_block.json","补充直接 ID/tag 锚点或人工确认成员","REVIEW"
"mynethersdelight:tear_popsicle","COMMON","minecraft:rotbulb_crate","dungeonsdelight:rotbulb","ITEM","mynethersdelight:tear_popsicle -> minecraft:stick -> dungeonsdelight:wormroot_tendrils -> dungeonsdelight:gunk -> dungeonsdelight:rotbulb -> dungeonsdelight:rotbulb_crate -> dungeonsdelight:rotbulb","0","0","9","否","[农夫乐事-地牢乐事]neoforge-dungeonsdelight-1.21.1-1.5.0.jar","data/minecraft/recipe/rotbulb_crate.json","补充直接 ID/tag 锚点或人工确认成员","REVIEW"
"mynethersdelight:tear_popsicle","COMMON","mynethersdelight:cutting/gunpowder_and_stick_cannon","mynethersdelight:powder_cannon","ITEM","mynethersdelight:tear_popsicle -> minecraft:stick -> mynethersdelight:powder_cannon","0","0","1","否","[农夫乐事-下界乐事]MyNethersDelight-1.21.1-1.10.4.jar","data/mynethersdelight/recipe/cutting/gunpowder_and_stick_cannon.json","补充直接 ID/tag 锚点或人工确认成员","REVIEW"
"mynethersdelight:tear_popsicle","COMMON","neapolitan:ice","neapolitan:ice_cubes","ITEM","mynethersdelight:tear_popsicle -> minecraft:ice -> neapolitan:ice_cubes","0","0","1","否","[那不勒斯风味]neapolitan-1.21.1-6.0.1.jar","data/neapolitan/recipe/ice.json","补充直接 ID/tag 锚点或人工确认成员","REVIEW"
"mynethersdelight:tear_popsicle","COMMON","neapolitan:ice","neapolitan:ice_cubes","ITEM","mynethersdelight:tear_popsicle -> minecraft:ice -> neapolitan:ice_cubes","1","0","1","否","[那不勒斯风味]neapolitan-1.21.1-6.0.1.jar","data/neapolitan/recipe/ice.json","补充直接 ID/tag 锚点或人工确认成员","REVIEW"
"mynethersdelight:tear_popsicle","COMMON","neapolitan:ice","neapolitan:ice_cubes","ITEM","mynethersdelight:tear_popsicle -> minecraft:ice -> neapolitan:ice_cubes","2","0","1","否","[那不勒斯风味]neapolitan-1.21.1-6.0.1.jar","data/neapolitan/recipe/ice.json","补充直接 ID/tag 锚点或人工确认成员","REVIEW"
"mynethersdelight:tear_popsicle","COMMON","neapolitan:ice","neapolitan:ice_cubes","ITEM","mynethersdelight:tear_popsicle -> minecraft:ice -> neapolitan:ice_cubes","3","0","1","否","[那不勒斯风味]neapolitan-1.21.1-6.0.1.jar","data/neapolitan/recipe/ice.json","补充直接 ID/tag 锚点或人工确认成员","REVIEW"
"mynethersdelight:tear_popsicle","COMMON","neapolitan:ice","neapolitan:ice_cubes","ITEM","mynethersdelight:tear_popsicle -> minecraft:ice -> neapolitan:ice_cubes","4","0","1","否","[那不勒斯风味]neapolitan-1.21.1-6.0.1.jar","data/neapolitan/recipe/ice.json","补充直接 ID/tag 锚点或人工确认成员","REVIEW"
"mynethersdelight:tear_popsicle","COMMON","neapolitan:ice","neapolitan:ice_cubes","ITEM","mynethersdelight:tear_popsicle -> minecraft:ice -> neapolitan:ice_cubes","5","0","1","否","[那不勒斯风味]neapolitan-1.21.1-6.0.1.jar","data/neapolitan/recipe/ice.json","补充直接 ID/tag 锚点或人工确认成员","REVIEW"
"mynethersdelight:tear_popsicle","COMMON","neapolitan:ice","neapolitan:ice_cubes","ITEM","mynethersdelight:tear_popsicle -> minecraft:ice -> neapolitan:ice_cubes","6","0","1","否","[那不勒斯风味]neapolitan-1.21.1-6.0.1.jar","data/neapolitan/recipe/ice.json","补充直接 ID/tag 锚点或人工确认成员","REVIEW"
"mynethersdelight:tear_popsicle","COMMON","neapolitan:ice","neapolitan:ice_cubes","ITEM","mynethersdelight:tear_popsicle -> minecraft:ice -> neapolitan:ice_cubes","7","0","1","否","[那不勒斯风味]neapolitan-1.21.1-6.0.1.jar","data/neapolitan/recipe/ice.json","补充直接 ID/tag 锚点或人工确认成员","REVIEW"
"mynethersdelight:tear_popsicle","COMMON","neapolitan:ice","neapolitan:ice_cubes","ITEM","mynethersdelight:tear_popsicle -> minecraft:ice -> neapolitan:ice_cubes","8","0","1","否","[那不勒斯风味]neapolitan-1.21.1-6.0.1.jar","data/neapolitan/recipe/ice.json","补充直接 ID/tag 锚点或人工确认成员","REVIEW"
"mynethersdelight:toasts","COMMON","mynethersdelight:cutting/ghasmati","mynethersdelight:ghasta","ITEM","mynethersdelight:toasts -> mynethersdelight:slices_of_bread -> mynethersdelight:bread_loaf -> mynethersdelight:ghast_sourdough -> mynethersdelight:ghast_dough -> mynethersdelight:ghasmati -> mynethersdelight:ghasta","0","0","1","否","[农夫乐事-下界乐事]MyNethersDelight-1.21.1-1.10.4.jar","data/mynethersdelight/recipe/cutting/ghasmati.json","补充直接 ID/tag 锚点或人工确认成员","REVIEW"
"mynethersdelight:toasts","COMMON","mynethersdelight:cutting/ghast_dough","mynethersdelight:ghast_sourdough","ITEM","mynethersdelight:toasts -> mynethersdelight:slices_of_bread -> mynethersdelight:bread_loaf -> mynethersdelight:ghast_sourdough -> mynethersdelight:ghast_dough -> mynethersdelight:ghast_sourdough","0","0","1","否","[农夫乐事-下界乐事]MyNethersDelight-1.21.1-1.10.4.jar","data/mynethersdelight/recipe/cutting/ghast_dough.json","补充直接 ID/tag 锚点或人工确认成员","REVIEW"
"mynethersdelight:twisted_ghasta","T2","mynethersdelight:cooking/twisted_ghasta","mynethersdelight:ghasta","ITEM","mynethersdelight:twisted_ghasta -> mynethersdelight:ghasta","0","0","1","否","[农夫乐事-下界乐事]MyNethersDelight-1.21.1-1.10.4.jar","data/mynethersdelight/recipe/cooking/twisted_ghasta.json","补充直接 ID/tag 锚点或人工确认成员","REVIEW"
"mynethersdelight:twisted_ghasta","T2","mynethersdelight:cutting/warped_fungus","mynethersdelight:warped_fungus_colony","ITEM","mynethersdelight:twisted_ghasta -> minecraft:warped_fungus -> mynethersdelight:warped_fungus_colony","0","0","1","否","[农夫乐事-下界乐事]MyNethersDelight-1.21.1-1.10.4.jar","data/mynethersdelight/recipe/cutting/warped_fungus.json","补充直接 ID/tag 锚点或人工确认成员","REVIEW"
"neapolitan:adzuki_bun","COMMON","neapolitan:adzuki_bun","#c:milk","TAG","neapolitan:adzuki_bun -> #c:milk","2","0","1","否","[那不勒斯风味]neapolitan-1.21.1-6.0.1.jar","data/neapolitan/recipe/adzuki_bun.json","补充直接 ID/tag 锚点或人工确认成员","REVIEW"
"neapolitan:adzuki_bun","COMMON","neapolitan:adzuki_crate","neapolitan:adzuki_beans","ITEM","neapolitan:adzuki_bun -> neapolitan:roasted_adzuki_beans -> neapolitan:adzuki_beans -> neapolitan:adzuki_crate -> neapolitan:adzuki_beans","0","0","9","否","[那不勒斯风味]neapolitan-1.21.1-6.0.1.jar","data/neapolitan/recipe/adzuki_crate.json","补充直接 ID/tag 锚点或人工确认成员","REVIEW"
"neapolitan:adzuki_bun","COMMON","neapolitan:roasted_adzuki_crate","neapolitan:roasted_adzuki_beans","ITEM","neapolitan:adzuki_bun -> neapolitan:roasted_adzuki_beans -> neapolitan:roasted_adzuki_crate -> neapolitan:roasted_adzuki_beans","0","0","9","否","[那不勒斯风味]neapolitan-1.21.1-6.0.1.jar","data/neapolitan/recipe/roasted_adzuki_crate.json","补充直接 ID/tag 锚点或人工确认成员","REVIEW"
"neapolitan:adzuki_curry","T2","neapolitan:adzuki_crate","neapolitan:adzuki_beans","ITEM","neapolitan:adzuki_curry -> neapolitan:roasted_adzuki_beans -> neapolitan:adzuki_beans -> neapolitan:adzuki_crate -> neapolitan:adzuki_beans","0","0","9","否","[那不勒斯风味]neapolitan-1.21.1-6.0.1.jar","data/neapolitan/recipe/adzuki_crate.json","补充直接 ID/tag 锚点或人工确认成员","REVIEW"
"neapolitan:adzuki_curry","T2","neapolitan:adzuki_curry","#c:pumpkins","TAG","neapolitan:adzuki_curry -> #c:pumpkins","3","0","1","否","[那不勒斯风味]neapolitan-1.21.1-6.0.1.jar","data/neapolitan/recipe/adzuki_curry.json","补充直接 ID/tag 锚点或人工确认成员","REVIEW"
"neapolitan:adzuki_curry","T2","neapolitan:dried_banana_from_campfire_cooking","#c:foods/banana","TAG","neapolitan:adzuki_curry -> neapolitan:dried_banana -> #c:foods/banana","0","0","1","否","[那不勒斯风味]neapolitan-1.21.1-6.0.1.jar","data/neapolitan/recipe/dried_banana_from_campfire_cooking.json","补充直接 ID/tag 锚点或人工确认成员","REVIEW"
"neapolitan:adzuki_curry","T2","neapolitan:dried_banana_from_smoking","#c:foods/banana","TAG","neapolitan:adzuki_curry -> neapolitan:dried_banana -> #c:foods/banana","0","0","1","否","[那不勒斯风味]neapolitan-1.21.1-6.0.1.jar","data/neapolitan/recipe/dried_banana_from_smoking.json","补充直接 ID/tag 锚点或人工确认成员","REVIEW"
"neapolitan:adzuki_curry","T2","neapolitan:dried_banana","#c:foods/banana","TAG","neapolitan:adzuki_curry -> neapolitan:dried_banana -> #c:foods/banana","0","0","1","否","[那不勒斯风味]neapolitan-1.21.1-6.0.1.jar","data/neapolitan/recipe/dried_banana.json","补充直接 ID/tag 锚点或人工确认成员","REVIEW"
"neapolitan:adzuki_curry","T2","neapolitan:roasted_adzuki_crate","neapolitan:roasted_adzuki_beans","ITEM","neapolitan:adzuki_curry -> neapolitan:roasted_adzuki_beans -> neapolitan:roasted_adzuki_crate -> neapolitan:roasted_adzuki_beans","0","0","9","否","[那不勒斯风味]neapolitan-1.21.1-6.0.1.jar","data/neapolitan/recipe/roasted_adzuki_crate.json","补充直接 ID/tag 锚点或人工确认成员","REVIEW"
"neapolitan:adzuki_ice_cream","T2","neapolitan:adzuki_crate","neapolitan:adzuki_beans","ITEM","neapolitan:adzuki_ice_cream -> neapolitan:roasted_adzuki_beans -> neapolitan:adzuki_beans -> neapolitan:adzuki_crate -> neapolitan:adzuki_beans","0","0","9","否","[那不勒斯风味]neapolitan-1.21.1-6.0.1.jar","data/neapolitan/recipe/adzuki_crate.json","补充直接 ID/tag 锚点或人工确认成员","REVIEW"
"neapolitan:adzuki_ice_cream","T2","neapolitan:adzuki_ice_cream","#c:milk","TAG","neapolitan:adzuki_ice_cream -> #c:milk","3","0","1","否","[那不勒斯风味]neapolitan-1.21.1-6.0.1.jar","data/neapolitan/recipe/adzuki_ice_cream.json","补充直接 ID/tag 锚点或人工确认成员","REVIEW"
"neapolitan:adzuki_ice_cream","T2","neapolitan:adzuki_ice_cream","neapolitan:ice_cubes","ITEM","neapolitan:adzuki_ice_cream -> neapolitan:ice_cubes","1","0","1","否","[那不勒斯风味]neapolitan-1.21.1-6.0.1.jar","data/neapolitan/recipe/adzuki_ice_cream.json","补充直接 ID/tag 锚点或人工确认成员","REVIEW"
"neapolitan:adzuki_ice_cream","T2","neapolitan:roasted_adzuki_crate","neapolitan:roasted_adzuki_beans","ITEM","neapolitan:adzuki_ice_cream -> neapolitan:roasted_adzuki_beans -> neapolitan:roasted_adzuki_crate -> neapolitan:roasted_adzuki_beans","0","0","9","否","[那不勒斯风味]neapolitan-1.21.1-6.0.1.jar","data/neapolitan/recipe/roasted_adzuki_crate.json","补充直接 ID/tag 锚点或人工确认成员","REVIEW"
"neapolitan:adzuki_stew","T2","neapolitan:adzuki_crate","neapolitan:adzuki_beans","ITEM","neapolitan:adzuki_stew -> neapolitan:roasted_adzuki_beans -> neapolitan:adzuki_beans -> neapolitan:adzuki_crate -> neapolitan:adzuki_beans","0","0","9","否","[那不勒斯风味]neapolitan-1.21.1-6.0.1.jar","data/neapolitan/recipe/adzuki_crate.json","补充直接 ID/tag 锚点或人工确认成员","REVIEW"
"neapolitan:adzuki_stew","T2","neapolitan:roasted_adzuki_crate","neapolitan:roasted_adzuki_beans","ITEM","neapolitan:adzuki_stew -> neapolitan:roasted_adzuki_beans -> neapolitan:roasted_adzuki_crate -> neapolitan:roasted_adzuki_beans","0","0","9","否","[那不勒斯风味]neapolitan-1.21.1-6.0.1.jar","data/neapolitan/recipe/roasted_adzuki_crate.json","补充直接 ID/tag 锚点或人工确认成员","REVIEW"
"neapolitan:banana_bread","T2","neapolitan:banana_bread","#c:foods/banana","TAG","neapolitan:banana_bread -> #c:foods/banana","0","0","1","否","[那不勒斯风味]neapolitan-1.21.1-6.0.1.jar","data/neapolitan/recipe/banana_bread.json","补充直接 ID/tag 锚点或人工确认成员","REVIEW"
"neapolitan:banana_ice_cream","T2","neapolitan:banana_ice_cream","#c:foods/banana","TAG","neapolitan:banana_ice_cream -> #c:foods/banana","0","0","1","否","[那不勒斯风味]neapolitan-1.21.1-6.0.1.jar","data/neapolitan/recipe/banana_ice_cream.json","补充直接 ID/tag 锚点或人工确认成员","REVIEW"
"neapolitan:banana_ice_cream","T2","neapolitan:banana_ice_cream","#c:milk","TAG","neapolitan:banana_ice_cream -> #c:milk","3","0","1","否","[那不勒斯风味]neapolitan-1.21.1-6.0.1.jar","data/neapolitan/recipe/banana_ice_cream.json","补充直接 ID/tag 锚点或人工确认成员","REVIEW"
"neapolitan:banana_ice_cream","T2","neapolitan:banana_ice_cream","neapolitan:ice_cubes","ITEM","neapolitan:banana_ice_cream -> neapolitan:ice_cubes","1","0","1","否","[那不勒斯风味]neapolitan-1.21.1-6.0.1.jar","data/neapolitan/recipe/banana_ice_cream.json","补充直接 ID/tag 锚点或人工确认成员","REVIEW"
"neapolitan:chocolate_bar","COMMON","neapolitan:chocolate_bar","#c:milk","TAG","neapolitan:chocolate_bar -> #c:milk","3","0","1","否","[那不勒斯风味]neapolitan-1.21.1-6.0.1.jar","data/neapolitan/recipe/chocolate_bar.json","补充直接 ID/tag 锚点或人工确认成员","REVIEW"
"neapolitan:chocolate_bar","COMMON","neapolitan:chocolate_block","neapolitan:chocolate_bar","ITEM","neapolitan:chocolate_bar -> neapolitan:chocolate_block -> neapolitan:chocolate_bar","0","0","9","否","[那不勒斯风味]neapolitan-1.21.1-6.0.1.jar","data/neapolitan/recipe/chocolate_block.json","补充直接 ID/tag 锚点或人工确认成员","REVIEW"
"neapolitan:chocolate_ice_cream","T2","neapolitan:chocolate_ice_cream","#c:foods/chocolate_bar","TAG","neapolitan:chocolate_ice_cream -> #c:foods/chocolate_bar","0","0","1","否","[那不勒斯风味]neapolitan-1.21.1-6.0.1.jar","data/neapolitan/recipe/chocolate_ice_cream.json","补充直接 ID/tag 锚点或人工确认成员","REVIEW"
"neapolitan:chocolate_ice_cream","T2","neapolitan:chocolate_ice_cream","#c:milk","TAG","neapolitan:chocolate_ice_cream -> #c:milk","3","0","1","否","[那不勒斯风味]neapolitan-1.21.1-6.0.1.jar","data/neapolitan/recipe/chocolate_ice_cream.json","补充直接 ID/tag 锚点或人工确认成员","REVIEW"
"neapolitan:chocolate_ice_cream","T2","neapolitan:chocolate_ice_cream","neapolitan:ice_cubes","ITEM","neapolitan:chocolate_ice_cream -> neapolitan:ice_cubes","1","0","1","否","[那不勒斯风味]neapolitan-1.21.1-6.0.1.jar","data/neapolitan/recipe/chocolate_ice_cream.json","补充直接 ID/tag 锚点或人工确认成员","REVIEW"
"neapolitan:chocolate_spider_eye","COMMON","neapolitan:chocolate_spider_eye","#c:foods/chocolate_bar","TAG","neapolitan:chocolate_spider_eye -> #c:foods/chocolate_bar","2","0","1","否","[那不勒斯风味]neapolitan-1.21.1-6.0.1.jar","data/neapolitan/recipe/chocolate_spider_eye.json","补充直接 ID/tag 锚点或人工确认成员","REVIEW"
"neapolitan:chocolate_strawberries","COMMON","neapolitan:chocolate_strawberries","#c:foods/chocolate_bar","TAG","neapolitan:chocolate_strawberries -> #c:foods/chocolate_bar","1","0","1","否","[那不勒斯风味]neapolitan-1.21.1-6.0.1.jar","data/neapolitan/recipe/chocolate_strawberries.json","补充直接 ID/tag 锚点或人工确认成员","REVIEW"
"neapolitan:chocolate_strawberries","COMMON","neapolitan:chocolate_strawberries","#c:foods/strawberry","TAG","neapolitan:chocolate_strawberries -> #c:foods/strawberry","0","0","1","否","[那不勒斯风味]neapolitan-1.21.1-6.0.1.jar","data/neapolitan/recipe/chocolate_strawberries.json","补充直接 ID/tag 锚点或人工确认成员","REVIEW"
"neapolitan:cooked_mint_chops","COMMON","neapolitan:mint_basket","neapolitan:mint_leaves","ITEM","neapolitan:cooked_mint_chops -> neapolitan:mint_chops -> neapolitan:mint_leaves -> neapolitan:mint_basket -> neapolitan:mint_leaves","0","0","9","否","[那不勒斯风味]neapolitan-1.21.1-6.0.1.jar","data/neapolitan/recipe/mint_basket.json","补充直接 ID/tag 锚点或人工确认成员","REVIEW"
"neapolitan:dried_banana","COMMON","neapolitan:dried_banana_from_campfire_cooking","#c:foods/banana","TAG","neapolitan:dried_banana -> #c:foods/banana","0","0","1","否","[那不勒斯风味]neapolitan-1.21.1-6.0.1.jar","data/neapolitan/recipe/dried_banana_from_campfire_cooking.json","补充直接 ID/tag 锚点或人工确认成员","REVIEW"
"neapolitan:dried_banana","COMMON","neapolitan:dried_banana_from_smoking","#c:foods/banana","TAG","neapolitan:dried_banana -> #c:foods/banana","0","0","1","否","[那不勒斯风味]neapolitan-1.21.1-6.0.1.jar","data/neapolitan/recipe/dried_banana_from_smoking.json","补充直接 ID/tag 锚点或人工确认成员","REVIEW"
"neapolitan:dried_banana","COMMON","neapolitan:dried_banana","#c:foods/banana","TAG","neapolitan:dried_banana -> #c:foods/banana","0","0","1","否","[那不勒斯风味]neapolitan-1.21.1-6.0.1.jar","data/neapolitan/recipe/dried_banana.json","补充直接 ID/tag 锚点或人工确认成员","REVIEW"
"neapolitan:dried_vanilla_pods","COMMON","neapolitan:dried_vanilla_pod_block","neapolitan:dried_vanilla_pods","ITEM","neapolitan:dried_vanilla_pods -> neapolitan:dried_vanilla_pod_block -> neapolitan:dried_vanilla_pods","0","0","9","否","[那不勒斯风味]neapolitan-1.21.1-6.0.1.jar","data/neapolitan/recipe/dried_vanilla_pod_block.json","补充直接 ID/tag 锚点或人工确认成员","REVIEW"
"neapolitan:dried_vanilla_pods","COMMON","neapolitan:vanilla_pod_block","neapolitan:vanilla_pods","ITEM","neapolitan:dried_vanilla_pods -> neapolitan:vanilla_pods -> neapolitan:vanilla_pod_block -> neapolitan:vanilla_pods","0","0","9","否","[那不勒斯风味]neapolitan-1.21.1-6.0.1.jar","data/neapolitan/recipe/vanilla_pod_block.json","补充直接 ID/tag 锚点或人工确认成员","REVIEW"
"neapolitan:mint_candies","COMMON","neapolitan:mint_basket","neapolitan:mint_leaves","ITEM","neapolitan:mint_candies -> neapolitan:mint_leaves -> neapolitan:mint_basket -> neapolitan:mint_leaves","0","0","9","否","[那不勒斯风味]neapolitan-1.21.1-6.0.1.jar","data/neapolitan/recipe/mint_basket.json","补充直接 ID/tag 锚点或人工确认成员","REVIEW"
"neapolitan:mint_chocolate","COMMON","neapolitan:mint_basket","neapolitan:mint_leaves","ITEM","neapolitan:mint_chocolate -> neapolitan:mint_leaves -> neapolitan:mint_basket -> neapolitan:mint_leaves","0","0","9","否","[那不勒斯风味]neapolitan-1.21.1-6.0.1.jar","data/neapolitan/recipe/mint_basket.json","补充直接 ID/tag 锚点或人工确认成员","REVIEW"
"neapolitan:mint_chocolate","COMMON","neapolitan:mint_chocolate","#c:foods/chocolate_bar","TAG","neapolitan:mint_chocolate -> #c:foods/chocolate_bar","1","0","1","否","[那不勒斯风味]neapolitan-1.21.1-6.0.1.jar","data/neapolitan/recipe/mint_chocolate.json","补充直接 ID/tag 锚点或人工确认成员","REVIEW"
"neapolitan:mint_chops","COMMON","neapolitan:mint_basket","neapolitan:mint_leaves","ITEM","neapolitan:mint_chops -> neapolitan:mint_leaves -> neapolitan:mint_basket -> neapolitan:mint_leaves","0","0","9","否","[那不勒斯风味]neapolitan-1.21.1-6.0.1.jar","data/neapolitan/recipe/mint_basket.json","补充直接 ID/tag 锚点或人工确认成员","REVIEW"
"neapolitan:mint_ice_cream","T2","neapolitan:mint_basket","neapolitan:mint_leaves","ITEM","neapolitan:mint_ice_cream -> neapolitan:mint_leaves -> neapolitan:mint_basket -> neapolitan:mint_leaves","0","0","9","否","[那不勒斯风味]neapolitan-1.21.1-6.0.1.jar","data/neapolitan/recipe/mint_basket.json","补充直接 ID/tag 锚点或人工确认成员","REVIEW"
"neapolitan:mint_ice_cream","T2","neapolitan:mint_ice_cream","#c:milk","TAG","neapolitan:mint_ice_cream -> #c:milk","3","0","1","否","[那不勒斯风味]neapolitan-1.21.1-6.0.1.jar","data/neapolitan/recipe/mint_ice_cream.json","补充直接 ID/tag 锚点或人工确认成员","REVIEW"
"neapolitan:mint_ice_cream","T2","neapolitan:mint_ice_cream","neapolitan:ice_cubes","ITEM","neapolitan:mint_ice_cream -> neapolitan:ice_cubes","1","0","1","否","[那不勒斯风味]neapolitan-1.21.1-6.0.1.jar","data/neapolitan/recipe/mint_ice_cream.json","补充直接 ID/tag 锚点或人工确认成员","REVIEW"
"neapolitan:neapolitan_ice_cream","T2","neapolitan:dried_vanilla_pod_block","neapolitan:dried_vanilla_pods","ITEM","neapolitan:neapolitan_ice_cream -> neapolitan:dried_vanilla_pods -> neapolitan:dried_vanilla_pod_block -> neapolitan:dried_vanilla_pods","0","0","9","否","[那不勒斯风味]neapolitan-1.21.1-6.0.1.jar","data/neapolitan/recipe/dried_vanilla_pod_block.json","补充直接 ID/tag 锚点或人工确认成员","REVIEW"
"neapolitan:neapolitan_ice_cream","T2","neapolitan:neapolitan_ice_cream_from_vanilla_ice_cream","#c:foods/chocolate_bar","TAG","neapolitan:neapolitan_ice_cream -> #c:foods/chocolate_bar","1","0","1","否","[那不勒斯风味]neapolitan-1.21.1-6.0.1.jar","data/neapolitan/recipe/neapolitan_ice_cream_from_vanilla_ice_cream.json","补充直接 ID/tag 锚点或人工确认成员","REVIEW"
"neapolitan:neapolitan_ice_cream","T2","neapolitan:neapolitan_ice_cream_from_vanilla_ice_cream","#c:foods/strawberry","TAG","neapolitan:neapolitan_ice_cream -> #c:foods/strawberry","2","0","1","否","[那不勒斯风味]neapolitan-1.21.1-6.0.1.jar","data/neapolitan/recipe/neapolitan_ice_cream_from_vanilla_ice_cream.json","补充直接 ID/tag 锚点或人工确认成员","REVIEW"
"neapolitan:neapolitan_ice_cream","T2","neapolitan:neapolitan_ice_cream","#c:foods/chocolate_bar","TAG","neapolitan:neapolitan_ice_cream -> #c:foods/chocolate_bar","0","0","1","否","[那不勒斯风味]neapolitan-1.21.1-6.0.1.jar","data/neapolitan/recipe/neapolitan_ice_cream.json","补充直接 ID/tag 锚点或人工确认成员","REVIEW"
"neapolitan:neapolitan_ice_cream","T2","neapolitan:neapolitan_ice_cream","#c:foods/strawberry","TAG","neapolitan:neapolitan_ice_cream -> #c:foods/strawberry","2","0","1","否","[那不勒斯风味]neapolitan-1.21.1-6.0.1.jar","data/neapolitan/recipe/neapolitan_ice_cream.json","补充直接 ID/tag 锚点或人工确认成员","REVIEW"
"neapolitan:neapolitan_ice_cream","T2","neapolitan:neapolitan_ice_cream","#c:milk","TAG","neapolitan:neapolitan_ice_cream -> #c:milk","3","0","1","否","[那不勒斯风味]neapolitan-1.21.1-6.0.1.jar","data/neapolitan/recipe/neapolitan_ice_cream.json","补充直接 ID/tag 锚点或人工确认成员","REVIEW"
"neapolitan:neapolitan_ice_cream","T2","neapolitan:neapolitan_ice_cream","neapolitan:ice_cubes","ITEM","neapolitan:neapolitan_ice_cream -> neapolitan:ice_cubes","5","0","1","否","[那不勒斯风味]neapolitan-1.21.1-6.0.1.jar","data/neapolitan/recipe/neapolitan_ice_cream.json","补充直接 ID/tag 锚点或人工确认成员","REVIEW"
"neapolitan:neapolitan_ice_cream","T2","neapolitan:vanilla_ice_cream","#c:milk","TAG","neapolitan:neapolitan_ice_cream -> neapolitan:vanilla_ice_cream -> #c:milk","3","0","1","否","[那不勒斯风味]neapolitan-1.21.1-6.0.1.jar","data/neapolitan/recipe/vanilla_ice_cream.json","补充直接 ID/tag 锚点或人工确认成员","REVIEW"
"neapolitan:neapolitan_ice_cream","T2","neapolitan:vanilla_ice_cream","neapolitan:ice_cubes","ITEM","neapolitan:neapolitan_ice_cream -> neapolitan:vanilla_ice_cream -> neapolitan:ice_cubes","1","0","1","否","[那不勒斯风味]neapolitan-1.21.1-6.0.1.jar","data/neapolitan/recipe/vanilla_ice_cream.json","补充直接 ID/tag 锚点或人工确认成员","REVIEW"
"neapolitan:neapolitan_ice_cream","T2","neapolitan:vanilla_pod_block","neapolitan:vanilla_pods","ITEM","neapolitan:neapolitan_ice_cream -> neapolitan:dried_vanilla_pods -> neapolitan:vanilla_pods -> neapolitan:vanilla_pod_block -> neapolitan:vanilla_pods","0","0","9","否","[那不勒斯风味]neapolitan-1.21.1-6.0.1.jar","data/neapolitan/recipe/vanilla_pod_block.json","补充直接 ID/tag 锚点或人工确认成员","REVIEW"
"neapolitan:roasted_adzuki_beans","COMMON","neapolitan:adzuki_crate","neapolitan:adzuki_beans","ITEM","neapolitan:roasted_adzuki_beans -> neapolitan:adzuki_beans -> neapolitan:adzuki_crate -> neapolitan:adzuki_beans","0","0","9","否","[那不勒斯风味]neapolitan-1.21.1-6.0.1.jar","data/neapolitan/recipe/adzuki_crate.json","补充直接 ID/tag 锚点或人工确认成员","REVIEW"
"neapolitan:roasted_adzuki_beans","COMMON","neapolitan:roasted_adzuki_crate","neapolitan:roasted_adzuki_beans","ITEM","neapolitan:roasted_adzuki_beans -> neapolitan:roasted_adzuki_crate -> neapolitan:roasted_adzuki_beans","0","0","9","否","[那不勒斯风味]neapolitan-1.21.1-6.0.1.jar","data/neapolitan/recipe/roasted_adzuki_crate.json","补充直接 ID/tag 锚点或人工确认成员","REVIEW"
"neapolitan:strawberry_bean_bonbons","COMMON","neapolitan:adzuki_crate","neapolitan:adzuki_beans","ITEM","neapolitan:strawberry_bean_bonbons -> neapolitan:roasted_adzuki_beans -> neapolitan:adzuki_beans -> neapolitan:adzuki_crate -> neapolitan:adzuki_beans","0","0","9","否","[那不勒斯风味]neapolitan-1.21.1-6.0.1.jar","data/neapolitan/recipe/adzuki_crate.json","补充直接 ID/tag 锚点或人工确认成员","REVIEW"
"neapolitan:strawberry_bean_bonbons","COMMON","neapolitan:roasted_adzuki_crate","neapolitan:roasted_adzuki_beans","ITEM","neapolitan:strawberry_bean_bonbons -> neapolitan:roasted_adzuki_beans -> neapolitan:roasted_adzuki_crate -> neapolitan:roasted_adzuki_beans","0","0","9","否","[那不勒斯风味]neapolitan-1.21.1-6.0.1.jar","data/neapolitan/recipe/roasted_adzuki_crate.json","补充直接 ID/tag 锚点或人工确认成员","REVIEW"
"neapolitan:strawberry_bean_bonbons","COMMON","neapolitan:strawberry_bean_bonbons","#c:foods/strawberry","TAG","neapolitan:strawberry_bean_bonbons -> #c:foods/strawberry","0","0","1","否","[那不勒斯风味]neapolitan-1.21.1-6.0.1.jar","data/neapolitan/recipe/strawberry_bean_bonbons.json","补充直接 ID/tag 锚点或人工确认成员","REVIEW"
"neapolitan:strawberry_ice_cream","T2","neapolitan:strawberry_ice_cream","#c:foods/strawberry","TAG","neapolitan:strawberry_ice_cream -> #c:foods/strawberry","0","0","1","否","[那不勒斯风味]neapolitan-1.21.1-6.0.1.jar","data/neapolitan/recipe/strawberry_ice_cream.json","补充直接 ID/tag 锚点或人工确认成员","REVIEW"
"neapolitan:strawberry_ice_cream","T2","neapolitan:strawberry_ice_cream","#c:milk","TAG","neapolitan:strawberry_ice_cream -> #c:milk","3","0","1","否","[那不勒斯风味]neapolitan-1.21.1-6.0.1.jar","data/neapolitan/recipe/strawberry_ice_cream.json","补充直接 ID/tag 锚点或人工确认成员","REVIEW"
"neapolitan:strawberry_ice_cream","T2","neapolitan:strawberry_ice_cream","neapolitan:ice_cubes","ITEM","neapolitan:strawberry_ice_cream -> neapolitan:ice_cubes","1","0","1","否","[那不勒斯风味]neapolitan-1.21.1-6.0.1.jar","data/neapolitan/recipe/strawberry_ice_cream.json","补充直接 ID/tag 锚点或人工确认成员","REVIEW"
"neapolitan:strawberry_scones","T2","neapolitan:strawberry_scones","#c:foods/strawberry","TAG","neapolitan:strawberry_scones -> #c:foods/strawberry","2","0","1","否","[那不勒斯风味]neapolitan-1.21.1-6.0.1.jar","data/neapolitan/recipe/strawberry_scones.json","补充直接 ID/tag 锚点或人工确认成员","REVIEW"
"neapolitan:vanilla_chocolate_fingers","COMMON","neapolitan:dried_vanilla_pod_block","neapolitan:dried_vanilla_pods","ITEM","neapolitan:vanilla_chocolate_fingers -> neapolitan:dried_vanilla_pods -> neapolitan:dried_vanilla_pod_block -> neapolitan:dried_vanilla_pods","0","0","9","否","[那不勒斯风味]neapolitan-1.21.1-6.0.1.jar","data/neapolitan/recipe/dried_vanilla_pod_block.json","补充直接 ID/tag 锚点或人工确认成员","REVIEW"
"neapolitan:vanilla_chocolate_fingers","COMMON","neapolitan:vanilla_chocolate_fingers","#c:foods/chocolate_bar","TAG","neapolitan:vanilla_chocolate_fingers -> #c:foods/chocolate_bar","0","0","1","否","[那不勒斯风味]neapolitan-1.21.1-6.0.1.jar","data/neapolitan/recipe/vanilla_chocolate_fingers.json","补充直接 ID/tag 锚点或人工确认成员","REVIEW"
"neapolitan:vanilla_chocolate_fingers","COMMON","neapolitan:vanilla_pod_block","neapolitan:vanilla_pods","ITEM","neapolitan:vanilla_chocolate_fingers -> neapolitan:dried_vanilla_pods -> neapolitan:vanilla_pods -> neapolitan:vanilla_pod_block -> neapolitan:vanilla_pods","0","0","9","否","[那不勒斯风味]neapolitan-1.21.1-6.0.1.jar","data/neapolitan/recipe/vanilla_pod_block.json","补充直接 ID/tag 锚点或人工确认成员","REVIEW"
"neapolitan:vanilla_fudge","COMMON","neapolitan:dried_vanilla_pod_block","neapolitan:dried_vanilla_pods","ITEM","neapolitan:vanilla_fudge -> neapolitan:dried_vanilla_pods -> neapolitan:dried_vanilla_pod_block -> neapolitan:dried_vanilla_pods","0","0","9","否","[那不勒斯风味]neapolitan-1.21.1-6.0.1.jar","data/neapolitan/recipe/dried_vanilla_pod_block.json","补充直接 ID/tag 锚点或人工确认成员","REVIEW"
"neapolitan:vanilla_fudge","COMMON","neapolitan:vanilla_fudge","#c:milk","TAG","neapolitan:vanilla_fudge -> #c:milk","3","0","1","否","[那不勒斯风味]neapolitan-1.21.1-6.0.1.jar","data/neapolitan/recipe/vanilla_fudge.json","补充直接 ID/tag 锚点或人工确认成员","REVIEW"
"neapolitan:vanilla_fudge","COMMON","neapolitan:vanilla_pod_block","neapolitan:vanilla_pods","ITEM","neapolitan:vanilla_fudge -> neapolitan:dried_vanilla_pods -> neapolitan:vanilla_pods -> neapolitan:vanilla_pod_block -> neapolitan:vanilla_pods","0","0","9","否","[那不勒斯风味]neapolitan-1.21.1-6.0.1.jar","data/neapolitan/recipe/vanilla_pod_block.json","补充直接 ID/tag 锚点或人工确认成员","REVIEW"
"neapolitan:vanilla_ice_cream","T2","neapolitan:dried_vanilla_pod_block","neapolitan:dried_vanilla_pods","ITEM","neapolitan:vanilla_ice_cream -> neapolitan:dried_vanilla_pods -> neapolitan:dried_vanilla_pod_block -> neapolitan:dried_vanilla_pods","0","0","9","否","[那不勒斯风味]neapolitan-1.21.1-6.0.1.jar","data/neapolitan/recipe/dried_vanilla_pod_block.json","补充直接 ID/tag 锚点或人工确认成员","REVIEW"
"neapolitan:vanilla_ice_cream","T2","neapolitan:vanilla_ice_cream","#c:milk","TAG","neapolitan:vanilla_ice_cream -> #c:milk","3","0","1","否","[那不勒斯风味]neapolitan-1.21.1-6.0.1.jar","data/neapolitan/recipe/vanilla_ice_cream.json","补充直接 ID/tag 锚点或人工确认成员","REVIEW"
"neapolitan:vanilla_ice_cream","T2","neapolitan:vanilla_ice_cream","neapolitan:ice_cubes","ITEM","neapolitan:vanilla_ice_cream -> neapolitan:ice_cubes","1","0","1","否","[那不勒斯风味]neapolitan-1.21.1-6.0.1.jar","data/neapolitan/recipe/vanilla_ice_cream.json","补充直接 ID/tag 锚点或人工确认成员","REVIEW"
"neapolitan:vanilla_ice_cream","T2","neapolitan:vanilla_pod_block","neapolitan:vanilla_pods","ITEM","neapolitan:vanilla_ice_cream -> neapolitan:dried_vanilla_pods -> neapolitan:vanilla_pods -> neapolitan:vanilla_pod_block -> neapolitan:vanilla_pods","0","0","9","否","[那不勒斯风味]neapolitan-1.21.1-6.0.1.jar","data/neapolitan/recipe/vanilla_pod_block.json","补充直接 ID/tag 锚点或人工确认成员","REVIEW"
"neapolitan:vanilla_pudding","T2","neapolitan:dried_vanilla_pod_block","neapolitan:dried_vanilla_pods","ITEM","neapolitan:vanilla_pudding -> neapolitan:dried_vanilla_pods -> neapolitan:dried_vanilla_pod_block -> neapolitan:dried_vanilla_pods","0","0","9","否","[那不勒斯风味]neapolitan-1.21.1-6.0.1.jar","data/neapolitan/recipe/dried_vanilla_pod_block.json","补充直接 ID/tag 锚点或人工确认成员","REVIEW"
"neapolitan:vanilla_pudding","T2","neapolitan:vanilla_pod_block","neapolitan:vanilla_pods","ITEM","neapolitan:vanilla_pudding -> neapolitan:dried_vanilla_pods -> neapolitan:vanilla_pods -> neapolitan:vanilla_pod_block -> neapolitan:vanilla_pods","0","0","9","否","[那不勒斯风味]neapolitan-1.21.1-6.0.1.jar","data/neapolitan/recipe/vanilla_pod_block.json","补充直接 ID/tag 锚点或人工确认成员","REVIEW"
