"产物中文名","产物ID","内容类型","分类证据","分类置信度","是否可食用","饥饿值","饱和度","效果","有效配方数","无效/JAR候选配方数","有效配方ID列表","未加载配方ID列表","序列化类型列表","来源模组","建议厨师档次","建议依据","T3证据","冲突说明","人工复审备注"
"Bagel","bakeries:bagel","DISH","cooking_device=bakeries:oven;food_component","HIGH","是","6","6","","1","0","bakeries:oven/bagel","","bakeries:oven","Bakeries","T2","正餐/甜点名称","","",""
"Bagel Dough","bakeries:bagel_dough","INGREDIENT","ingredient_token=bagel_dough","HIGH","否","","","","2","1","bakeries:compat/create/bagel_dough | bakeries:dough_crafting_table/bagel_dough__fermentation_gameplay","bakeries:dough_crafting_table/bagel_dough","create:cutting | bakeries:dough_crafting_table","Bakeries","不进入厨师","内容类型=INGREDIENT","","",""
"Bagel Filled Sauce","bakeries:bagel_filled_sauce","DISH","manual_override;FOOD nutrition=12 saturation=9.6; recipe id=bakeries:bagel_filled_sauce (shapeless bagel+bearnaise); 夹馅成品","HIGH","是","12","9.6","","1","0","bakeries:bagel_filled_sauce","","minecraft:crafting_shapeless","Bakeries","T2","FOOD nutrition=12 saturation=9.6; recipe id=bakeries:bagel_filled_sauce (shapeless bagel+bearnaise); 夹馅成品","","","Bakeries;6A.3原REVIEW→DISH T2"
"Baguette","bakeries:baguette","DISH","cooking_device=bakeries:oven;food_component","HIGH","是","8","4","","1","0","bakeries:oven/baguette","","bakeries:oven","Bakeries","T2","正餐/甜点名称","","",""
"Baguette Dough","bakeries:baguette_dough","INGREDIENT","ingredient_token=baguette_dough","HIGH","否","","","","2","1","bakeries:compat/create/baguette_dough | bakeries:dough_crafting_table/baguette_dough__fermentation_gameplay","bakeries:dough_crafting_table/baguette_dough","create:cutting | bakeries:dough_crafting_table","Bakeries","不进入厨师","内容类型=INGREDIENT","","",""
"Baguette With Filling","bakeries:baguette_with_filling","DISH","manual_override;FOOD nutrition=13 saturation=10.4; recipe id=bakeries:baguette_with_filling (baguette+tomato+cooked_pork)×2; 夹馅成品","HIGH","是","13","10.400001","","1","0","bakeries:baguette_with_filling","","minecraft:crafting_shapeless","Bakeries","T2","FOOD nutrition=13 saturation=10.4; recipe id=bakeries:baguette_with_filling (baguette+tomato+cooked_pork)×2; 夹馅成品","","","Bakeries;6A.3原REVIEW→DISH T2"
"Bake Sliced Toast","bakeries:bake_sliced_toast","DISH","dish_token;edible=true;type=minecraft:campfire_cooking","HIGH","是","4","3.2","","1","0","bakeries:bake_sliced_toast","","minecraft:campfire_cooking","Bakeries","COMMON","基础熟食或少量常见原料/单步合成","","",""
"Bearnaise","bakeries:bearnaise","NON_FOOD","not_edible","MEDIUM","否","","","","7","0","bakeries:bearnaise | bakeries:integration/create/mixing/bearnaise_1 | bakeries:integration/create/mixing/bearnaise_2 | bakeries:integration/create/mixing/bearnaise_3 | bakeries:integration/create/mixing/bearnaise_4 | bakeries:integration/create/mixing/bearnaise_5 | bakeries:integration/create/mixing/bearnaise_6","","minecraft:crafting_shapeless | create:mixing","Bakeries","不进入厨师","内容类型=NON_FOOD","","",""
"Berry Bagel","bakeries:berry_bagel","DISH","dish_token;edible=true;type=minecraft:crafting_shapeless","HIGH","是","8","10","effect.minecraft.regeneration 1200tick 1级 概率1","1","0","bakeries:berry_bagel","","minecraft:crafting_shapeless","Bakeries","T2","正餐/甜点名称","","",""
"Black White Concrete","bakeries:black_white_concrete","NON_FOOD","not_edible","MEDIUM","否","","","","1","0","bakeries:black_white_concrete","","minecraft:crafting_shaped","Bakeries","不进入厨师","内容类型=NON_FOOD","","",""
"Blender","bakeries:blender","NON_FOOD","not_edible","MEDIUM","否","","","","1","0","bakeries:blender","","minecraft:crafting_shaped","Bakeries","不进入厨师","内容类型=NON_FOOD","","",""
"Bottle Cream","bakeries:bottle_cream","INGREDIENT","explicit_ingredient_id","HIGH","否","","","","3","0","bakeries:blender/bottle_cream | bakeries:compat/create/bottle_cream | bakeries:integration/create/mixing/bottle_cream","","bakeries:blender | create:mixing","Bakeries","不进入厨师","内容类型=INGREDIENT","","",""
"Bottle Milk","bakeries:bottle_milk","NON_FOOD","not_edible","MEDIUM","否","","","","1","0","bakeries:bottle_milk","","minecraft:crafting_shaped","Bakeries","不进入厨师","内容类型=NON_FOOD","","",""
"Bread Basket","bakeries:bread_basket","NON_FOOD","not_edible","MEDIUM","否","","","","1","0","bakeries:bread_basket","","minecraft:crafting_shaped","Bakeries","不进入厨师","内容类型=NON_FOOD","","",""
"Bread Holders","bakeries:bread_holders","NON_FOOD","not_edible","MEDIUM","否","","","","1","0","bakeries:bread_holders","","minecraft:crafting_shaped","Bakeries","不进入厨师","内容类型=NON_FOOD","","",""
"Bread Knife","bakeries:bread_knife","NON_FOOD","non_edible_block_or_tool","HIGH","否","","","","1","0","bakeries:bread_knife","","minecraft:crafting_shaped","Bakeries","不进入厨师","内容类型=NON_FOOD","","",""
"Bread Rack","bakeries:bread_rack","NON_FOOD","not_edible","MEDIUM","否","","","","1","0","bakeries:bread_rack","","minecraft:crafting_shaped","Bakeries","不进入厨师","内容类型=NON_FOOD","","",""
"Brown Sugar Cube","bakeries:brown_sugar_cube","INGREDIENT","ingredient_token=brown_sugar_cube","HIGH","否","","","","1","0","bakeries:brown_sugar_cube","","minecraft:smelting","Bakeries","不进入厨师","内容类型=INGREDIENT","","",""
"Brown Sugar Latte","bakeries:brown_sugar_latte","DRINK","recipe_type=bakeries:drink","HIGH","是","0","0","effect.minecraft.speed 600tick 1级 概率1","1","0","bakeries:drink/brown_sugar_latte","","bakeries:drink","Bakeries","不进入厨师","内容类型=DRINK","","",""
"Brown Sugar Roll","bakeries:brown_sugar_roll","DISH","dish_token;edible=true;type=bakeries:oven","HIGH","是","7","7","effect.bakeries.enjoy 600tick 1级 概率1","1","0","bakeries:oven/brown_sugar_roll","","bakeries:oven","Bakeries","T2","正餐/甜点名称","","",""
"Brown Sugar Roll Dough","bakeries:brown_sugar_roll_dough","INGREDIENT","ingredient_token=brown_sugar_roll_dough","HIGH","否","","","","1","0","bakeries:brown_sugar_roll_dough","","minecraft:crafting_shaped","Bakeries","不进入厨师","内容类型=INGREDIENT","","",""
"Butter Cube","bakeries:butter_cube","INGREDIENT","explicit_ingredient_id","HIGH","否","","","","3","0","bakeries:blender/butter_cube | bakeries:compat/create/butter_cube | bakeries:integration/create/mixing/butter_cube","","bakeries:blender | create:mixing","Bakeries","不进入厨师","内容类型=INGREDIENT","","",""
"Butter Flour Sand","bakeries:butter_flour_sand","INGREDIENT","ingredient_token=butter_flour_sand","HIGH","否","","","","1","0","bakeries:integration/create/mixing/butter_flour_sand","","create:mixing","Bakeries","不进入厨师","内容类型=INGREDIENT","","",""
"Cash Register Computer","bakeries:cash_register_computer","NON_FOOD","not_edible","MEDIUM","否","","","","1","0","bakeries:cash_register_computer","","minecraft:crafting_shaped","Bakeries","不进入厨师","内容类型=NON_FOOD","","",""
"Cheese Cream","bakeries:cheese_cream","INGREDIENT","manual_override;搅拌机奶油中间产物","HIGH","是","1","2","","3","0","bakeries:blender/cheese_cream | bakeries:compat/create/cheese_cream | bakeries:integration/create/mixing/cheese_cream","","bakeries:blender | create:mixing","Bakeries","不进入厨师","搅拌机奶油中间产物","","","保持INGREDIENT"
"Cheese Cream Bread","bakeries:cheese_cream_bread","DISH","dish_token;edible=true;type=minecraft:crafting_shapeless","HIGH","是","6","12","effect.bakeries.cheese_power 1200tick 1级 概率1","1","0","bakeries:cheese_cream_bread","","minecraft:crafting_shapeless","Bakeries","T2","正餐/甜点名称","","",""
"Ciabatta","bakeries:ciabatta","DISH","cooking_device=bakeries:oven;food_component","HIGH","是","4","3.2","","1","0","bakeries:oven/ciabatta","","bakeries:oven","Bakeries","T2","设备或复杂度：type=bakeries:oven;kinds=1","","",""
"Ciabatta Dough","bakeries:ciabatta_dough","INGREDIENT","ingredient_token=ciabatta_dough","HIGH","否","","","","2","1","bakeries:compat/create/ciabatta_dough | bakeries:dough_crafting_table/ciabatta_dough__fermentation_gameplay","bakeries:dough_crafting_table/ciabatta_dough","create:cutting | bakeries:dough_crafting_table","Bakeries","不进入厨师","内容类型=INGREDIENT","","",""
"Cocoa Dough","bakeries:cocoa_dough","INGREDIENT","ingredient_token=cocoa_dough","HIGH","否","","","","2","0","bakeries:blender/cocoa_dough | bakeries:compat/create/cocoa_dough","","bakeries:blender | create:mixing","Bakeries","不进入厨师","内容类型=INGREDIENT","","",""
"Cocoa Dough Fermentation","bakeries:cocoa_dough_fermentation","INGREDIENT","ingredient_token=cocoa_dough_fermentation","HIGH","否","","","","1","0","bakeries:fermentation_box/cocoa_dough_fermentation","","bakeries:fermentation_box","Bakeries","不进入厨师","内容类型=INGREDIENT","","",""
"Cocoa Powder","bakeries:cocoa_powder","INGREDIENT","ingredient_process=bakeries:flour_sieve","MEDIUM","否","","","","2","0","bakeries:flour_sieve/cocoa_powder | bakeries:integration/create/milling/cocoa_beans","","bakeries:flour_sieve | create:milling","Bakeries","不进入厨师","内容类型=INGREDIENT","","",""
"Coffee Bean","bakeries:coffee_bean","DRINK","drink_token=coffee_bean","HIGH","否","","","","2","0","bakeries:coffee_bean | bakeries:oven/coffee_bean","","minecraft:smelting | bakeries:oven","Bakeries","不进入厨师","内容类型=DRINK","","",""
"Coffee Table","bakeries:coffee_table","DRINK","drink_token=coffee_table","HIGH","否","","","","1","0","bakeries:coffee_table","","minecraft:crafting_shaped","Bakeries","不进入厨师","内容类型=DRINK","","",""
"Cooked Taro","bakeries:cooked_taro","DISH","cooking_device=minecraft:smelting;food_component","HIGH","是","6","7.2000003","","3","0","bakeries:cooked_taro | bakeries:cooked_taro_campfire_cooking | bakeries:cooked_taro_smoking","","minecraft:smelting | minecraft:campfire_cooking | minecraft:smoking","Bakeries","COMMON","基础熟食或少量常见原料/单步合成","","",""
"Country Bread","bakeries:country_bread","SERVING_DISH","manual_override;无Item FOOD; javap class=CountryBreadBlock extends AKnifeCutBlock; getSliceItem=COUNTRY_BREAD_SLICE getMaxSlice=4; useItemOn knife cut; recipe id=bakeries:oven/country_bread (dough→country_bread); bread_knife recipe→country_bread_slice×6; 整盘切片非整盘手持料理","HIGH","否","","","","1","0","bakeries:oven/country_bread","","bakeries:oven","Bakeries","不进入厨师","无Item FOOD; javap class=CountryBreadBlock extends AKnifeCutBlock; getSliceItem=COUNTRY_BREAD_SLICE getMaxSlice=4; useItemOn knife cut; recipe id=bakeries:oven/country_bread (dough→country_bread); bread_knife recipe→country_bread_slice×6; 整盘切片非整盘手持料理","","","Bakeries;6A.3原REVIEW→SERVING_DISH; FG仅未来展示意图"
"Country Bread Dough","bakeries:country_bread_dough","INGREDIENT","ingredient_token=country_bread_dough","HIGH","否","","","","2","1","bakeries:compat/create/country_bread_dough | bakeries:dough_crafting_table/country_bread_dough__fermentation_gameplay","bakeries:dough_crafting_table/country_bread_dough","create:cutting | bakeries:dough_crafting_table","Bakeries","不进入厨师","内容类型=INGREDIENT","","",""
"Country Bread Slice","bakeries:country_bread_slice","DISH","dish_token;edible=true;type=bakeries:bread_knife","HIGH","是","4","3.2","","1","0","bakeries:bread_knife/country_bread_slice","","bakeries:bread_knife","Bakeries","T2","正餐/甜点名称","","",""
"Cream Bingle Coffee","bakeries:cream_bingle_coffee","DRINK","recipe_type=bakeries:drink","HIGH","是","1","1","effect.minecraft.speed 600tick 1级 概率1","1","0","bakeries:drink/cream_bingle_coffee","","bakeries:drink","Bakeries","不进入厨师","内容类型=DRINK","","",""
"Croissant","bakeries:croissant","DISH","dish_token;edible=true;type=bakeries:oven","HIGH","是","6","12","effect.bakeries.enjoy 1200tick 1级 概率1","1","0","bakeries:oven/croissant","","bakeries:oven","Bakeries","T2","正餐/甜点名称","","",""
"Croissant Dough","bakeries:croissant_dough","INGREDIENT","ingredient_token=croissant_dough","HIGH","否","","","","2","0","bakeries:compat/create/croissant_dough | bakeries:dough_crafting_table/croissant_dough","","create:cutting | bakeries:dough_crafting_table","Bakeries","不进入厨师","内容类型=INGREDIENT","","",""
"Cupboard","bakeries:cupboard","NON_FOOD","not_edible","MEDIUM","否","","","","1","0","bakeries:cupboard","","minecraft:crafting_shaped","Bakeries","不进入厨师","内容类型=NON_FOOD","","",""
"Dirty Choco Croissant","bakeries:dirty_choco_croissant","DISH","dish_token;edible=true;type=minecraft:crafting_shapeless","HIGH","是","6","12","effect.bakeries.enjoy 1200tick 1级 概率1；effect.bakeries.cocoa_mania 1200tick 1级 概率1","1","0","bakeries:dirty_choco_croissant","","minecraft:crafting_shapeless","Bakeries","T2","正餐/甜点名称","","",""
"Dough Crafting Table","bakeries:dough_crafting_table","INGREDIENT","ingredient_token=dough_crafting_table","HIGH","否","","","","1","0","bakeries:dough_crafting_table","","minecraft:crafting_shaped","Bakeries","不进入厨师","内容类型=INGREDIENT","","",""
"Glass Drink Cup","bakeries:drink_cup","DRINK","drink_token=drink_cup","HIGH","否","","","","1","0","bakeries:drink_cup","","minecraft:crafting_shaped","Bakeries","不进入厨师","内容类型=DRINK","","",""
"Egg Tart","bakeries:egg_tart","DISH","dish_token;edible=true;type=bakeries:oven","HIGH","是","8","8","effect.minecraft.instant_health 1tick 1级 概率1","1","0","bakeries:oven/egg_tart","","bakeries:oven","Bakeries","T2","正餐/甜点名称","","",""
"Egg Tart Shell","bakeries:egg_tart_shell","INGREDIENT","manual_override;蛋挞皮生坯/壳；无FOOD","HIGH","否","","","","2","0","bakeries:compat/create/egg_tart_shell | bakeries:dough_crafting_table/egg_tart_shell","","create:cutting | bakeries:dough_crafting_table","Bakeries","不进入厨师","蛋挞皮生坯/壳；无FOOD","","","禁止dishStrong误判"
"Fermentation Box","bakeries:fermentation_box","NON_FOOD","not_edible","MEDIUM","否","","","","1","0","bakeries:fermentation_box","","minecraft:crafting_shaped","Bakeries","不进入厨师","内容类型=NON_FOOD","","",""
"Fermentation Tank","bakeries:fermentation_tank","NON_FOOD","not_edible","MEDIUM","否","","","","1","0","bakeries:fermentation_tank","","minecraft:crafting_shaped","Bakeries","不进入厨师","内容类型=NON_FOOD","","",""
"Flat Croissant","bakeries:flat_croissant","DISH","dish_token;edible=true;type=create:pressing","HIGH","是","6","12","effect.bakeries.enjoy 600tick 1级 概率1；effect.minecraft.resistance 600tick 1级 概率1","1","0","bakeries:integration/create/pressing/flat_croissant","","create:pressing","Bakeries","T2","正餐/甜点名称","","",""
"Flour","bakeries:flour","INGREDIENT","ingredient_token=flour","HIGH","否","","","","1","0","bakeries:flour_of_flour_bag","","minecraft:crafting_shapeless","Bakeries","不进入厨师","内容类型=INGREDIENT","","",""
"Flour Bag","bakeries:flour_bag","INGREDIENT","ingredient_token=flour_bag","HIGH","否","","","","1","0","bakeries:flour_bag","","minecraft:crafting_shapeless","Bakeries","不进入厨师","内容类型=INGREDIENT","","",""
"Flour Sieve","bakeries:flour_sieve","INGREDIENT","ingredient_token=flour_sieve","HIGH","否","","","","1","0","bakeries:flour_sieve","","minecraft:crafting_shaped","Bakeries","不进入厨师","内容类型=INGREDIENT","","",""
"Foamed Cream","bakeries:foamed_cream","INGREDIENT","manual_override;发泡奶油中间产物","HIGH","是","1","2","","3","0","bakeries:blender/foamed_cream | bakeries:compat/create/foamed_cream | bakeries:integration/create/mixing/foamed_cream","","bakeries:blender | create:mixing","Bakeries","不进入厨师","发泡奶油中间产物","","","保持INGREDIENT"
"Focaccia","bakeries:focaccia","DISH","cooking_device=bakeries:oven;food_component","HIGH","是","8","16","effect.bakeries.enjoy 600tick 2级 概率1","1","0","bakeries:oven/focaccia","","bakeries:oven","Bakeries","T2","设备或复杂度：type=bakeries:oven;kinds=1","","",""
"Focaccia Dough","bakeries:focaccia_dough","INGREDIENT","ingredient_token=focaccia_dough","HIGH","否","","","","1","0","bakeries:focaccia","","minecraft:crafting_shaped","Bakeries","不进入厨师","内容类型=INGREDIENT","","",""
"Fresh Cheese Cube","bakeries:fresh_cheese_cube","INGREDIENT","manual_override;芝士立方中间产物","HIGH","是","1","2","","2","0","bakeries:blender/fresh_cheese_cube | bakeries:compat/create/fresh_cheese_cube","","bakeries:blender | create:mixing","Bakeries","不进入厨师","芝士立方中间产物","","","保持INGREDIENT"
"Glass Bread Rack","bakeries:glass_bread_rack","NON_FOOD","non_edible_block_or_tool","HIGH","否","","","","1","0","bakeries:glass_bread_rack","","minecraft:crafting_shaped","Bakeries","不进入厨师","内容类型=NON_FOOD","","",""
"Glass Cabinet Door","bakeries:glass_cabinet_door","NON_FOOD","decor_or_storage_token","HIGH","否","","","","1","0","bakeries:glass_cabinrt_door","","minecraft:crafting_shaped","Bakeries","不进入厨师","内容类型=NON_FOOD","","",""
"Ground Coffee","bakeries:ground_coffee","DRINK","drink_token=ground_coffee","HIGH","否","","","","2","0","bakeries:ground_coffee | bakeries:integration/create/milling/ground_coffee","","minecraft:crafting_shapeless | create:milling","Bakeries","不进入厨师","内容类型=DRINK","","",""
"Honey Butter","bakeries:honey_butter","INGREDIENT","ingredient_process=bakeries:blender","MEDIUM","否","","","","3","0","bakeries:blender/honey_butter | bakeries:compat/create/honey_butter | bakeries:integration/create/mixing/honey_butter","","bakeries:blender | create:mixing","Bakeries","不进入厨师","内容类型=INGREDIENT","","",""
"Honey Butter Spread Country Bread","bakeries:honey_butter_spread_country_bread","DISH","dish_token;edible=true;type=minecraft:crafting_shapeless","HIGH","是","6","7.7999997","","1","0","bakeries:honey_butter_spread_country_bread","","minecraft:crafting_shapeless","Bakeries","T2","正餐/甜点名称","","",""
"Honey Butter Spread Toast","bakeries:honey_butter_spread_toast","DISH","dish_token;edible=true;type=minecraft:crafting_shapeless","HIGH","是","8","8","","1","0","bakeries:honey_butter_spread_toast","","minecraft:crafting_shapeless","Bakeries","T2","正餐/甜点名称","","",""
"Iced American","bakeries:iced_american","DRINK","recipe_type=bakeries:drink","HIGH","是","0","0","effect.minecraft.speed 600tick 1级 概率1","1","0","bakeries:drink/iced_american","","bakeries:drink","Bakeries","不进入厨师","内容类型=DRINK","","",""
"Iced Latte","bakeries:iced_latte","DRINK","recipe_type=bakeries:drink","HIGH","是","0","0","effect.minecraft.speed 600tick 1级 概率1","1","0","bakeries:drink/iced_latte","","bakeries:drink","Bakeries","不进入厨师","内容类型=DRINK","","",""
"Luminous Light Sign","bakeries:luminous_light_sign","NON_FOOD","decor_or_storage_token","HIGH","否","","","","1","0","bakeries:luminous_light_sign","","minecraft:crafting_shaped","Bakeries","不进入厨师","内容类型=NON_FOOD","","",""
"Mashed Taro","bakeries:mashed_taro","INGREDIENT","manual_override;芋泥馅料","HIGH","是","1","1","","2","0","bakeries:blender/mashed_taro | bakeries:compat/create/mashed_taro","","bakeries:blender | create:mixing","Bakeries","不进入厨师","芋泥馅料","","","保持INGREDIENT"
"Matcha Latte","bakeries:matcha_latte","DRINK","recipe_type=bakeries:drink","HIGH","是","1","1","effect.minecraft.speed 600tick 1级 概率1；effect.minecraft.haste 600tick 1级 概率1","1","0","bakeries:drink/matcha_latte","","bakeries:drink","Bakeries","不进入厨师","内容类型=DRINK","","",""
"Matcha Parfait","bakeries:matcha_parfait","DISH","dish_token;edible=true;type=bakeries:blender","HIGH","是","9","9","effect.minecraft.speed 600tick 1级 概率1；effect.minecraft.haste 600tick 1级 概率1","2","0","bakeries:blender/matcha_parfait | bakeries:compat/create/matcha_parfait","","bakeries:blender | create:mixing","Bakeries","T2","正餐/甜点名称","","",""
"Matcha Powder","bakeries:matcha_powder","INGREDIENT","ingredient_process=bakeries:flour_sieve","MEDIUM","否","","","","2","0","bakeries:flour_sieve/matcha_powder | bakeries:integration/create/milling/matcha_powder","","bakeries:flour_sieve | create:milling","Bakeries","不进入厨师","内容类型=INGREDIENT","","",""
"Meat Floss","bakeries:meat_floss","INGREDIENT","manual_override;肉松馅料","HIGH","是","2","3.2","","3","0","bakeries:blender/meat_floss | bakeries:compat/create/meat_floss | bakeries:integration/create/mixing/meat_floss","","bakeries:blender | create:mixing","Bakeries","不进入厨师","肉松馅料","","","保持INGREDIENT"
"Meat Floss Bread Roll","bakeries:meat_floss_bread_roll","DISH","manual_override;FOOD nutrition=7 saturation=10.5; recipe id=bakeries:meat_floss_bread_roll (sliced_toast×4+meat_floss×4+bearnaise)×4; 多原料点心","HIGH","是","7","10.5","","1","0","bakeries:meat_floss_bread_roll","","minecraft:crafting_shapeless","Bakeries","T2","FOOD nutrition=7 saturation=10.5; recipe id=bakeries:meat_floss_bread_roll (sliced_toast×4+meat_floss×4+bearnaise)×4; 多原料点心","","","Bakeries;6A.3原REVIEW→DISH T2"
"Menu","bakeries:menu","NON_FOOD","not_edible","MEDIUM","否","","","","1","0","bakeries:menu","","minecraft:crafting_shaped","Bakeries","不进入厨师","内容类型=NON_FOOD","","",""
"Moka Pot","bakeries:moka_pot","NON_FOOD","non_edible_block_or_tool","HIGH","否","","","","1","0","bakeries:moka_pot","","minecraft:crafting_shaped","Bakeries","不进入厨师","内容类型=NON_FOOD","","",""
"Mould","bakeries:mould","NON_FOOD","not_edible","MEDIUM","否","","","","1","0","bakeries:mould","","minecraft:crafting_shaped","Bakeries","不进入厨师","内容类型=NON_FOOD","","",""
"Mould Cheese Cocoa Toast","bakeries:mould_cheese_cocoa_toast","INGREDIENT","manual_override;无FOOD; javap class=MouldToastBlock implements IMouldBlock; demould take→cheese_cocoa_toast; recipe id=bakeries:oven/cheese_cocoa_toast; bread_knife ingredient=cheese_cocoa_toast 非mould; 模具中间态","HIGH","否","","","","1","0","bakeries:oven/cheese_cocoa_toast","","bakeries:oven","Bakeries","不进入厨师","无FOOD; javap class=MouldToastBlock implements IMouldBlock; demould take→cheese_cocoa_toast; recipe id=bakeries:oven/cheese_cocoa_toast; bread_knife ingredient=cheese_cocoa_toast 非mould; 模具中间态","","","Bakeries;6A.3原REVIEW→INGREDIENT 不进入普通厨师档"
"Mould Cheese Cocoa Toast Dough","bakeries:mould_cheese_cocoa_toast_dough","INGREDIENT","ingredient_token=mould_cheese_cocoa_toast_dough","HIGH","否","","","","1","0","bakeries:cheese_cocoa_toast_dough","","minecraft:crafting_shaped","Bakeries","不进入厨师","内容类型=INGREDIENT","","",""
"Mould Toast","bakeries:mould_toast","INGREDIENT","manual_override;无FOOD; javap class=MouldToastBlock implements IMouldBlock; demouldItem take()给出脱模内容; recipe id=bakeries:oven/toast dough→mould_toast; bread_knife 切片输入是 bakeries:toast 非本物品; 模具中间态不进入普通厨师档","HIGH","否","","","","1","0","bakeries:oven/toast","","bakeries:oven","Bakeries","不进入厨师","无FOOD; javap class=MouldToastBlock implements IMouldBlock; demouldItem take()给出脱模内容; recipe id=bakeries:oven/toast dough→mould_toast; bread_knife 切片输入是 bakeries:toast 非本物品; 模具中间态不进入普通厨师档","","","Bakeries;6A.3原REVIEW→INGREDIENT 保守不进厨师"
"Mould Toast Dough","bakeries:mould_toast_dough","INGREDIENT","ingredient_token=mould_toast_dough","HIGH","否","","","","2","0","bakeries:integration/create/sequenced_assembly/mould_toast_dough | bakeries:toast_dough","","create:sequenced_assembly | minecraft:crafting_shaped","Bakeries","不进入厨师","内容类型=INGREDIENT","","",""
"Olive Oil","bakeries:olive_oil","INGREDIENT","ingredient_process=bakeries:blender","MEDIUM","否","","","","4","0","bakeries:blender/olive_oil | bakeries:compat/create/olive_oil | bakeries:integration/create/mixing/olive_oil | bakeries:olive_oil","","bakeries:blender | create:mixing | minecraft:crafting_shaped","Bakeries","不进入厨师","内容类型=INGREDIENT","","",""
"Oven","bakeries:oven","NON_FOOD","not_edible","MEDIUM","否","","","","1","0","bakeries:oven","","minecraft:crafting_shaped","Bakeries","不进入厨师","内容类型=NON_FOOD","","",""
"Pastry","bakeries:pastry","NON_FOOD","not_edible","MEDIUM","否","","","","2","0","bakeries:integration/create/mixing/pastry | bakeries:pastry","","create:mixing | minecraft:crafting_shaped","Bakeries","不进入厨师","内容类型=NON_FOOD","","",""
"Pineapple Bun","bakeries:pineapple_bun","DISH","dish_token;edible=true;type=bakeries:oven","HIGH","是","6","18","effect.bakeries.enjoy 1200tick 1级 概率1","1","0","bakeries:oven/pineapple_bun","","bakeries:oven","Bakeries","T2","设备或复杂度：type=bakeries:oven;kinds=1","","",""
"Pineapple Bun Dough","bakeries:pineapple_bun_dough","INGREDIENT","ingredient_token=pineapple_bun_dough","HIGH","否","","","","1","0","bakeries:pineapple_bun_dough","","minecraft:crafting_shaped","Bakeries","不进入厨师","内容类型=INGREDIENT","","",""
"Pineapple Oil","bakeries:pineapple_oil","INGREDIENT","manual_override;油脂原料","HIGH","是","8","24","effect.bakeries.enjoy 1800tick 2级 概率1","1","0","bakeries:pineapple_oil","","minecraft:crafting_shapeless","Bakeries","不进入厨师","油脂原料","","","保持INGREDIENT"
"Raw Egg Tart","bakeries:raw_egg_tart","INGREDIENT","manual_override;未烘焙蛋挞；无FOOD","HIGH","否","","","","1","0","bakeries:raw_egg_tart","","minecraft:crafting_shapeless","Bakeries","不进入厨师","未烘焙蛋挞；无FOOD","","","禁止dishStrong误判"
"Raw Yolk","bakeries:raw_egg_yolk","INGREDIENT","ingredient_token=raw_egg_yolk","HIGH","否","","","","1","0","bakeries:bread_knife/raw_egg_yolk","","bakeries:bread_knife","Bakeries","不进入厨师","内容类型=INGREDIENT","","",""
"Rice Bread","bakeries:rice_bread","DISH","dish_token;edible=true;type=bakeries:oven","HIGH","是","12","9.6","effect.bakeries.enjoy 600tick 1级 概率1","1","0","bakeries:oven/rice_bread","","bakeries:oven","Bakeries","T2","正餐/甜点名称","","",""
"Rice Bread Dough","bakeries:rice_bread_dough","INGREDIENT","ingredient_token=rice_bread_dough","HIGH","否","","","","1","0","bakeries:compat/rice_bread_dough","","minecraft:crafting_shapeless","Bakeries","不进入厨师","内容类型=INGREDIENT","","",""
"Round Bread","bakeries:round_bread","DISH","dish_token;edible=true;type=bakeries:oven","HIGH","是","3","3.6000001","","1","0","bakeries:oven/round_bread","","bakeries:oven","Bakeries","T2","正餐/甜点名称","","",""
"Round Bread Dough","bakeries:round_bread_dough","INGREDIENT","ingredient_token=round_bread_dough","HIGH","否","","","","2","1","bakeries:compat/create/round_bread_dough | bakeries:dough_crafting_table/round_bread_dough__fermentation_gameplay","bakeries:dough_crafting_table/round_bread_dough","create:cutting | bakeries:dough_crafting_table","Bakeries","不进入厨师","内容类型=INGREDIENT","","",""
"Salmon Sandwich","bakeries:salmon_sandwich","DISH","dish_token;edible=true;type=minecraft:crafting_shapeless","HIGH","是","12","9.6","effect.bakeries.enjoy 600tick 1级 概率1","1","0","bakeries:compat/salmon_sandwich","","minecraft:crafting_shapeless","Bakeries","T2","正餐/甜点名称","","",""
"Salt","bakeries:salt","INGREDIENT","ingredient_process=bakeries:flour_sieve","MEDIUM","否","","","","4","0","bakeries:flour_sieve/salt | bakeries:integration/create/milling/salt | bakeries:salt_ore | bakeries:salt_ore_2","","bakeries:flour_sieve | create:milling | minecraft:smelting","Bakeries","不进入厨师","内容类型=INGREDIENT","","",""
"Salt Croissant","bakeries:salt_croissant","DISH","dish_token;edible=true;type=bakeries:oven","HIGH","是","6","12","effect.bakeries.enjoy 600tick 1级 概率1；effect.minecraft.strength 600tick 1级 概率1","1","0","bakeries:oven/salt_croissant","","bakeries:oven","Bakeries","T2","正餐/甜点名称","","",""
"Salt Croissant Dough","bakeries:salt_croissant_dough","INGREDIENT","ingredient_token=salt_croissant_dough","HIGH","否","","","","1","0","bakeries:salt_croissant_dough","","minecraft:crafting_shaped","Bakeries","不进入厨师","内容类型=INGREDIENT","","",""
"Salt Yolk","bakeries:salt_yolk","NON_FOOD","not_edible","MEDIUM","否","","","","1","0","bakeries:salt_yolk","","minecraft:crafting_shapeless","Bakeries","不进入厨师","内容类型=NON_FOOD","","",""
"Salted Dough","bakeries:salted_dough","INGREDIENT","ingredient_token=salted_dough","HIGH","否","","","","3","0","bakeries:blender/salted_dough | bakeries:compat/create/salted_dough | bakeries:integration/create/mixing/salted_dough","","bakeries:blender | create:mixing","Bakeries","不进入厨师","内容类型=INGREDIENT","","",""
"Salted Dough Fermentation","bakeries:salted_dough_fermentation","INGREDIENT","ingredient_token=salted_dough_fermentation","HIGH","否","","","","1","0","bakeries:fermentation_box/salted_dough_fermentation","","bakeries:fermentation_box","Bakeries","不进入厨师","内容类型=INGREDIENT","","",""
"Sliced Cheese Cocoa Toast","bakeries:sliced_cheese_cocoa_toast","DISH","dish_token;edible=true;type=bakeries:bread_knife","HIGH","是","4","6.4","effect.bakeries.cocoa_mania 600tick 1级 概率1；effect.bakeries.cheese_power 600tick 1级 概率1","1","0","bakeries:bread_knife/sliced_cheese_cocoa_toast","","bakeries:bread_knife","Bakeries","T2","正餐/甜点名称","","",""
"Sliced Toast","bakeries:sliced_toast","DISH","dish_token;edible=true;type=bakeries:bread_knife","HIGH","是","4","3.2","","1","0","bakeries:bread_knife/sliced_toast","","bakeries:bread_knife","Bakeries","T2","正餐/甜点名称","","",""
"Sofa Light Gray","bakeries:sofa_light_gray","NON_FOOD","not_edible","MEDIUM","否","","","","1","0","bakeries:sofa_light_gray","","minecraft:crafting_shaped","Bakeries","不进入厨师","内容类型=NON_FOOD","","",""
"Sofa Red","bakeries:sofa_red","NON_FOOD","not_edible","MEDIUM","否","","","","1","0","bakeries:sofa_red","","minecraft:crafting_shaped","Bakeries","不进入厨师","内容类型=NON_FOOD","","",""
"Sofa White","bakeries:sofa_white","NON_FOOD","not_edible","MEDIUM","否","","","","1","0","bakeries:sofa_white","","minecraft:crafting_shaped","Bakeries","不进入厨师","内容类型=NON_FOOD","","",""
"Sweet Dough","bakeries:sweet_dough","INGREDIENT","ingredient_token=sweet_dough","HIGH","否","","","","3","0","bakeries:blender/sweet_dough | bakeries:compat/create/sweet_dough | bakeries:integration/create/mixing/sweet_dough","","bakeries:blender | create:mixing","Bakeries","不进入厨师","内容类型=INGREDIENT","","",""
"Sweet Dough Fermentation","bakeries:sweet_dough_fermentation","INGREDIENT","ingredient_token=sweet_dough_fermentation","HIGH","否","","","","1","0","bakeries:fermentation_box/sweet_dough_fermentation","","bakeries:fermentation_box","Bakeries","不进入厨师","内容类型=INGREDIENT","","",""
"Taro Milk","bakeries:taro_milk","DRINK","recipe_type=bakeries:drink","HIGH","是","9","9","effect.minecraft.speed 600tick 1级 概率1；effect.minecraft.haste 600tick 1级 概率1","1","0","bakeries:drink/taro_milk","","bakeries:drink","Bakeries","不进入厨师","内容类型=DRINK","","",""
"Taro Salt Yolk Bread","bakeries:taro_salt_yolk_bread","DISH","dish_token;edible=true;type=minecraft:crafting_shapeless","HIGH","是","10","20","effect.bakeries.enjoy 1800tick 1级 概率1","1","0","bakeries:taro_salt_yolk_bread","","minecraft:crafting_shapeless","Bakeries","T2","正餐/甜点名称","","",""
"Toaster","bakeries:toaster","NON_FOOD","not_edible","MEDIUM","否","","","","1","0","bakeries:toaster","","minecraft:crafting_shaped","Bakeries","不进入厨师","内容类型=NON_FOOD","","",""
"Tomato Cheese Croissant Sandwich","bakeries:tomato_cheese_croissant_sandwich","DISH","dish_token;edible=true;type=minecraft:crafting_shapeless","HIGH","是","10","18","effect.bakeries.enjoy 6000tick 3级 概率1","1","0","bakeries:tomato_cheese_croissant_sandwich","","minecraft:crafting_shapeless","Bakeries","T2","正餐/甜点名称","","",""
"Whole Egg","bakeries:whole_egg","INGREDIENT","ingredient_process=bakeries:bread_knife","MEDIUM","否","","","","1","0","bakeries:bread_knife/whole_egg","","bakeries:bread_knife","Bakeries","不进入厨师","内容类型=INGREDIENT","","",""
"Whole Wheat Bagel","bakeries:whole_wheat_bagel","DISH","dish_token;edible=true;type=bakeries:oven","HIGH","是","8","5.6","effect.minecraft.saturation 20tick 1级 概率1","1","0","bakeries:oven/whole_wheat_bagel","","bakeries:oven","Bakeries","T2","正餐/甜点名称","","",""
"Whole Wheat Bagel Dough","bakeries:whole_wheat_bagel_dough","INGREDIENT","ingredient_token=whole_wheat_bagel_dough","HIGH","否","","","","2","1","bakeries:compat/create/whole_wheat_bagel_dough | bakeries:dough_crafting_table/whole_wheat_bagel_dough__fermentation_gameplay","bakeries:dough_crafting_table/whole_wheat_bagel_dough","create:cutting | bakeries:dough_crafting_table","Bakeries","不进入厨师","内容类型=INGREDIENT","","",""
"Whole Wheat Dough","bakeries:whole_wheat_dough","INGREDIENT","ingredient_token=whole_wheat_dough","HIGH","否","","","","3","0","bakeries:blender/whole_wheat_dough | bakeries:compat/create/whole_wheat_dough | bakeries:integration/create/mixing/whole_wheat_dough","","bakeries:blender | create:mixing","Bakeries","不进入厨师","内容类型=INGREDIENT","","",""
"Whole Wheat Dough Fermentation","bakeries:whole_wheat_dough_fermentation","INGREDIENT","ingredient_token=whole_wheat_dough_fermentation","HIGH","否","","","","1","0","bakeries:fermentation_box/whole_wheat_dough_fermentation","","bakeries:fermentation_box","Bakeries","不进入厨师","内容类型=INGREDIENT","","",""
"Whole Wheat Flour","bakeries:whole_wheat_flour","INGREDIENT","ingredient_token=whole_wheat_flour","HIGH","否","","","","2","0","bakeries:whole_wheat_flour | bakeries:whole_wheat_flour_of_whole_wheat_flour_bag","","minecraft:crafting_shaped | minecraft:crafting_shapeless","Bakeries","不进入厨师","内容类型=INGREDIENT","","",""
"Whole Wheat Flour Bag","bakeries:whole_wheat_flour_bag","INGREDIENT","ingredient_token=whole_wheat_flour_bag","HIGH","否","","","","1","0","bakeries:whole_wheat_flour_bag","","minecraft:crafting_shapeless","Bakeries","不进入厨师","内容类型=INGREDIENT","","",""
"Wood Counter","bakeries:wood_counter","NON_FOOD","not_edible","MEDIUM","否","","","","1","0","bakeries:wood_counter","","minecraft:crafting_shaped","Bakeries","不进入厨师","内容类型=NON_FOOD","","",""
"Wood Tray","bakeries:wood_tray","NON_FOOD","not_edible","MEDIUM","否","","","","1","0","bakeries:wood_tray","","minecraft:crafting_shaped","Bakeries","不进入厨师","内容类型=NON_FOOD","","",""
"Apple Jelly","brewinandchewin:apple_jelly","DISH","cooking_device=farmersdelight:cooking;food_component","HIGH","是","10","12","","1","0","brewinandchewin:cooking/apple_jelly","","farmersdelight:cooking","Brewin' and Chewin'","T2","设备或复杂度：type=farmersdelight:cooking;kinds=3","","",""
"Beer","brewinandchewin:beer","DRINK","recipe_type=brewinandchewin:fermenting","HIGH","是","0","0","effect.brewinandchewin.tipsy 2400tick 1级 概率1；effect.brewinandchewin.intoxication 1800tick 1级 概率1","2","0","brewinandchewin:fermenting/beer_from_water | brewinandchewin:pouring/beer","","brewinandchewin:fermenting | brewinandchewin:keg_pouring","Brewin' and Chewin'","不进入厨师","内容类型=DRINK","","",""
"Bloody Mary","brewinandchewin:bloody_mary","DRINK","recipe_type=brewinandchewin:fermenting","HIGH","是","0","0","effect.brewinandchewin.tipsy 2400tick 2级 概率1；effect.brewinandchewin.intoxication 1800tick 1级 概率1；effect.brewinandchewin.raging 1200tick 1级 概率1","2","0","brewinandchewin:fermenting/bloody_mary_from_vodka | brewinandchewin:pouring/bloody_mary","","brewinandchewin:fermenting | brewinandchewin:keg_pouring","Brewin' and Chewin'","不进入厨师","内容类型=DRINK","","",""
"Pasta with Cheese","brewinandchewin:cheesy_pasta","DISH","dish_token;edible=true;type=farmersdelight:cooking","HIGH","是","14","21","effect.farmersdelight.nourishment 6000tick 1级 概率1","1","0","brewinandchewin:cooking/cheesy_pasta","","farmersdelight:cooking","Brewin' and Chewin'","T2","正餐/甜点名称","","",""
"Coaster","brewinandchewin:coaster","NON_FOOD","not_edible","MEDIUM","否","","","","1","0","brewinandchewin:item_coaster","","minecraft:crafting_shaped","Brewin' and Chewin'","不进入厨师","内容类型=NON_FOOD","","",""
"Cocoa Fudge","brewinandchewin:cocoa_fudge","DRINK","recipe_type=brewinandchewin:fermenting","HIGH","是","4","6.4","effect.minecraft.speed 800tick 1级 概率1","1","0","brewinandchewin:fermenting/cocoa_fudge_from_milk","","brewinandchewin:fermenting","Brewin' and Chewin'","不进入厨师","内容类型=DRINK","","",""
"Creamy Onion Soup","brewinandchewin:creamy_onion_soup","DISH","explicit_dish_allowlist","HIGH","是","12","19.2","effect.farmersdelight.nourishment 3600tick 1级 概率1","1","0","brewinandchewin:cooking/creamy_onion_soup","","farmersdelight:cooking","Brewin' and Chewin'","T2","正餐/甜点名称","","",""
"Dread Nog","brewinandchewin:dread_nog","DRINK","recipe_type=brewinandchewin:fermenting","HIGH","是","0","0","effect.brewinandchewin.tipsy 4800tick 3级 概率1；effect.brewinandchewin.intoxication 4200tick 1级 概率1；effect.minecraft.bad_omen 72000tick 1级 概率1","2","0","brewinandchewin:fermenting/dread_nog_from_egg_grog | brewinandchewin:pouring/dread_nog","","brewinandchewin:fermenting | brewinandchewin:keg_pouring","Brewin' and Chewin'","不进入厨师","内容类型=DRINK","","",""
"Egg Grog","brewinandchewin:egg_grog","DRINK","recipe_type=brewinandchewin:fermenting","HIGH","是","0","0","effect.brewinandchewin.tipsy 2400tick 1级 概率1；effect.brewinandchewin.intoxication 1800tick 1级 概率1；effect.minecraft.absorption 600tick 1级 概率1","2","0","brewinandchewin:fermenting/egg_grog_from_milk | brewinandchewin:pouring/egg_grog","","brewinandchewin:fermenting | brewinandchewin:keg_pouring","Brewin' and Chewin'","不进入厨师","内容类型=DRINK","","",""
"Pot of Fiery Fondue","brewinandchewin:fiery_fondue_pot","NON_FOOD","non_edible_block_or_tool","HIGH","否","","","","1","0","brewinandchewin:cooking/fiery_fondue_pot","","farmersdelight:cooking","Brewin' and Chewin'","不进入厨师","内容类型=NON_FOOD","","",""
"Flaxen Cheese Wedge","brewinandchewin:flaxen_cheese_wedge","INGREDIENT","manual_override;奶酪楔切割产物","HIGH","是","4","8","","1","0","brewinandchewin:cutting/flaxen_cheese_wheel","","farmersdelight:cutting","Brewin' and Chewin'","不进入厨师","奶酪楔切割产物","","","保持INGREDIENT"
"Flaxen Cheese Wheel","brewinandchewin:flaxen_cheese_wheel","NON_FOOD","not_edible","MEDIUM","否","","","","1","0","brewinandchewin:flaxen_cheese_wheel_from_wedges","","minecraft:crafting_shaped","Brewin' and Chewin'","不进入厨师","内容类型=NON_FOOD","","",""
"Glittering Grenadine","brewinandchewin:glittering_grenadine","DRINK","recipe_type=brewinandchewin:fermenting","HIGH","是","0","0","effect.brewinandchewin.tipsy 2400tick 1级 概率1；effect.brewinandchewin.intoxication 1800tick 1级 概率1；effect.minecraft.glowing 600tick 1级 概率1；effect.minecraft.night_vision 600tick 1级 概率1","2","0","brewinandchewin:fermenting/glittering_grenadine_from_water | brewinandchewin:pouring/glittering_grenadine","","brewinandchewin:fermenting | brewinandchewin:keg_pouring","Brewin' and Chewin'","不进入厨师","内容类型=DRINK","","",""
"Glow Berry Marmalade","brewinandchewin:glow_berry_marmalade","DISH","cooking_device=farmersdelight:cooking;food_component","HIGH","是","6","4.8","","1","0","brewinandchewin:cooking/glow_berry_marmalade","","farmersdelight:cooking","Brewin' and Chewin'","T2","设备或复杂度：type=farmersdelight:cooking;kinds=3","","",""
"Ham and Cheese Sandwich","brewinandchewin:ham_and_cheese_sandwich","DISH","dish_token;edible=true;type=minecraft:crafting_shapeless","HIGH","是","9","18","","1","0","brewinandchewin:ham_and_cheese_sandwich","","minecraft:crafting_shapeless","Brewin' and Chewin'","T2","正餐/甜点名称","","",""
"Heating Cask","brewinandchewin:heating_cask","NON_FOOD","not_edible","MEDIUM","否","","","","1","0","brewinandchewin:heating_cask","","minecraft:crafting_shaped","Brewin' and Chewin'","不进入厨师","内容类型=NON_FOOD","","",""
"Horror Lasagna","brewinandchewin:horror_lasagna","DISH","dish_token;edible=true;type=farmersdelight:cooking","HIGH","是","16","17.6","effect.farmersdelight.nourishment 6000tick 1级 概率1","1","0","brewinandchewin:cooking/horror_lasagna","","farmersdelight:cooking","Brewin' and Chewin'","T2","设备或复杂度：type=farmersdelight:cooking;kinds=6","","",""
"Ice Crate","brewinandchewin:ice_crate","NON_FOOD","decor_or_storage_token","HIGH","否","","","","1","0","brewinandchewin:ice_crate","","minecraft:crafting_shaped","Brewin' and Chewin'","不进入厨师","内容类型=NON_FOOD","","",""
"Jerky","brewinandchewin:jerky","DRINK","recipe_type=brewinandchewin:fermenting","HIGH","是","3","4.2","","1","0","brewinandchewin:fermenting/jerky","","brewinandchewin:fermenting","Brewin' and Chewin'","不进入厨师","内容类型=DRINK","","",""
"Keg","brewinandchewin:keg","NON_FOOD","non_edible_block_or_tool","HIGH","否","","","","1","0","brewinandchewin:keg","","minecraft:crafting_shaped","Brewin' and Chewin'","不进入厨师","内容类型=NON_FOOD","","",""
"Kimchi","brewinandchewin:kimchi","DRINK","recipe_type=brewinandchewin:fermenting","HIGH","是","2","2.4","","1","0","brewinandchewin:fermenting/kimchi","","brewinandchewin:fermenting","Brewin' and Chewin'","不进入厨师","内容类型=DRINK","","",""
"Kippers","brewinandchewin:kippers","DRINK","recipe_type=brewinandchewin:fermenting","HIGH","是","6","6","","1","0","brewinandchewin:fermenting/kippers","","brewinandchewin:fermenting","Brewin' and Chewin'","不进入厨师","内容类型=DRINK","","",""
"Kombucha","brewinandchewin:kombucha","DRINK","recipe_type=brewinandchewin:keg_pouring","HIGH","是","0","0","effect.brewinandchewin.tipsy 2400tick 1级 概率1；effect.brewinandchewin.intoxication 1800tick 1级 概率1；effect.minecraft.haste 1200tick 2级 概率1","1","1","brewinandchewin:pouring/kombucha","brewinandchewin:fermenting/kombucha","brewinandchewin:keg_pouring","Brewin' and Chewin'","不进入厨师","内容类型=DRINK","","",""
"Mead","brewinandchewin:mead","DRINK","recipe_type=brewinandchewin:fermenting","HIGH","是","0","0","effect.brewinandchewin.tipsy 2400tick 1级 概率1；effect.brewinandchewin.intoxication 1800tick 1级 概率1；effect.brewinandchewin.sweet_heart 2400tick 1级 概率1","2","0","brewinandchewin:fermenting/mead_from_honey | brewinandchewin:pouring/mead","","brewinandchewin:fermenting | brewinandchewin:keg_pouring","Brewin' and Chewin'","不进入厨师","内容类型=DRINK","","",""
"Pale Jane","brewinandchewin:pale_jane","DRINK","recipe_type=brewinandchewin:fermenting","HIGH","是","0","0","effect.brewinandchewin.tipsy 3600tick 1级 概率1；effect.brewinandchewin.intoxication 3000tick 1级 概率1；effect.farmersdelight.nourishment 2400tick 1级 概率1","2","0","brewinandchewin:fermenting/pale_jane_from_rice_wine | brewinandchewin:pouring/pale_jane","","brewinandchewin:fermenting | brewinandchewin:keg_pouring","Brewin' and Chewin'","不进入厨师","内容类型=DRINK","","",""
"Pickled Pickles","brewinandchewin:pickled_pickles","DRINK","recipe_type=brewinandchewin:fermenting","HIGH","是","4","2.4","","1","0","brewinandchewin:fermenting/pickled_pickles_from_honey","","brewinandchewin:fermenting","Brewin' and Chewin'","不进入厨师","内容类型=DRINK","","",""
"Pizza","brewinandchewin:pizza","SERVING_DISH","manual_override;PizzaBlock.SERVINGS+useWithoutItem；无FOOD","HIGH","否","","","","2","0","brewinandchewin:pizza | brewinandchewin:pizza_from_slices","","minecraft:crafting_shaped","Brewin' and Chewin'","不进入厨师","PizzaBlock.SERVINGS+useWithoutItem；无FOOD","","","javap:PizzaBlock"
"Pizza Slice","brewinandchewin:pizza_slice","DISH","dish_token;edible=true;type=farmersdelight:cutting","HIGH","是","5","10","","1","0","brewinandchewin:cutting/pizza","","farmersdelight:cutting","Brewin' and Chewin'","T2","正餐/甜点名称","","",""
"Quiche","brewinandchewin:quiche","NON_FOOD","not_edible","MEDIUM","否","","","","3","0","brewinandchewin:quiche_from_bacon | brewinandchewin:quiche_from_mushroom | brewinandchewin:quiche_from_slices","","minecraft:crafting_shaped","Brewin' and Chewin'","不进入厨师","内容类型=NON_FOOD","","",""
"Quiche Slice","brewinandchewin:quiche_slice","DISH","dish_token;edible=true;type=farmersdelight:cutting","HIGH","是","4","6.4","","1","0","brewinandchewin:cutting/quiche","","farmersdelight:cutting","Brewin' and Chewin'","COMMON","简单 DISH 兜底","","",""
"Red Rum","brewinandchewin:red_rum","DRINK","recipe_type=brewinandchewin:fermenting","HIGH","是","0","0","effect.brewinandchewin.tipsy 2400tick 3级 概率1；effect.brewinandchewin.intoxication 1800tick 1级 概率1；effect.brewinandchewin.raging 2400tick 1级 概率1","2","0","brewinandchewin:fermenting/red_rum_from_bloody_mary | brewinandchewin:pouring/red_rum","","brewinandchewin:fermenting | brewinandchewin:keg_pouring","Brewin' and Chewin'","不进入厨师","内容类型=DRINK","","",""
"Rice Wine","brewinandchewin:rice_wine","DRINK","recipe_type=brewinandchewin:fermenting","HIGH","是","0","0","effect.brewinandchewin.tipsy 2400tick 1级 概率1；effect.brewinandchewin.intoxication 1800tick 1级 概率1；effect.farmersdelight.nourishment 1200tick 1级 概率1","2","0","brewinandchewin:fermenting/rice_wine_from_water | brewinandchewin:pouring/rice_wine","","brewinandchewin:fermenting | brewinandchewin:keg_pouring","Brewin' and Chewin'","不进入厨师","内容类型=DRINK","","",""
"Saccharine Rum","brewinandchewin:saccharine_rum","DRINK","recipe_type=brewinandchewin:fermenting","HIGH","是","0","0","effect.brewinandchewin.tipsy 3600tick 2级 概率1；effect.brewinandchewin.intoxication 2400tick 1级 概率1；effect.brewinandchewin.sweet_heart 3600tick 1级 概率1","2","0","brewinandchewin:fermenting/saccharine_rum_from_mead | brewinandchewin:pouring/saccharine_rum","","brewinandchewin:fermenting | brewinandchewin:keg_pouring","Brewin' and Chewin'","不进入厨师","内容类型=DRINK","","",""
"Salty Folly","brewinandchewin:salty_folly","DRINK","recipe_type=brewinandchewin:fermenting","HIGH","是","0","0","effect.brewinandchewin.tipsy 3600tick 2级 概率1；effect.brewinandchewin.intoxication 3000tick 1级 概率1；effect.minecraft.water_breathing 1800tick 1级 概率1","2","0","brewinandchewin:fermenting/salty_folly_from_vodka | brewinandchewin:pouring/salty_folly","","brewinandchewin:fermenting | brewinandchewin:keg_pouring","Brewin' and Chewin'","不进入厨师","内容类型=DRINK","","",""
"Scarlet Cheese Wedge","brewinandchewin:scarlet_cheese_wedge","INGREDIENT","manual_override;奶酪楔切割产物","HIGH","是","4","8","","1","0","brewinandchewin:cutting/scarlet_cheese_wheel","","farmersdelight:cutting","Brewin' and Chewin'","不进入厨师","奶酪楔切割产物","","","保持INGREDIENT"
"Scarlet Cheese Wheel","brewinandchewin:scarlet_cheese_wheel","NON_FOOD","not_edible","MEDIUM","否","","","","1","0","brewinandchewin:scarlet_cheese_wheel_from_wedges","","minecraft:crafting_shaped","Brewin' and Chewin'","不进入厨师","内容类型=NON_FOOD","","",""
"Scarlet Pierogi","brewinandchewin:scarlet_pierogi","DISH","cooking_device=farmersdelight:cooking;food_component","HIGH","是","12","24","effect.farmersdelight.nourishment 8400tick 1级 概率1","1","0","brewinandchewin:cooking/scarlet_pierogi","","farmersdelight:cooking","Brewin' and Chewin'","T2","正餐/甜点名称","","",""
"Steel-Toe Stout","brewinandchewin:steel_toe_stout","DRINK","recipe_type=brewinandchewin:fermenting","HIGH","是","0","0","effect.brewinandchewin.tipsy 2400tick 3级 概率1；effect.brewinandchewin.intoxication 1800tick 1级 概率1；effect.minecraft.resistance 1200tick 1级 概率1","2","0","brewinandchewin:fermenting/steel_toe_stout_from_strongroot_ale | brewinandchewin:pouring/steel_toe_stout","","brewinandchewin:fermenting | brewinandchewin:keg_pouring","Brewin' and Chewin'","不进入厨师","内容类型=DRINK","","",""
"Strongroot Ale","brewinandchewin:strongroot_ale","DRINK","recipe_type=brewinandchewin:fermenting","HIGH","是","0","0","effect.brewinandchewin.tipsy 2400tick 2级 概率1；effect.brewinandchewin.intoxication 1800tick 1级 概率1；effect.minecraft.resistance 600tick 1级 概率1","2","0","brewinandchewin:fermenting/strongroot_ale_from_beer | brewinandchewin:pouring/strongroot_ale","","brewinandchewin:fermenting | brewinandchewin:keg_pouring","Brewin' and Chewin'","不进入厨师","内容类型=DRINK","","",""
"Sweet Berry Jam","brewinandchewin:sweet_berry_jam","DISH","cooking_device=farmersdelight:cooking;food_component","HIGH","是","6","4.8","","1","0","brewinandchewin:cooking/sweet_berry_jam","","farmersdelight:cooking","Brewin' and Chewin'","T2","设备或复杂度：type=farmersdelight:cooking;kinds=3","","",""
"Tankard","brewinandchewin:tankard","NON_FOOD","not_edible","MEDIUM","否","","","","1","0","brewinandchewin:tankard","","minecraft:crafting_shaped","Brewin' and Chewin'","不进入厨师","内容类型=NON_FOOD","","",""
"Unripe Flaxen Cheese Wheel","brewinandchewin:unripe_flaxen_cheese_wheel","DRINK","recipe_type=brewinandchewin:fermenting","HIGH","否","","","","2","0","brewinandchewin:fermenting/flaxen_cheese_from_milk | brewinandchewin:pouring/unripe_flaxen_cheese_wheel","","brewinandchewin:fermenting | brewinandchewin:keg_pouring","Brewin' and Chewin'","不进入厨师","内容类型=DRINK","","",""
"Unripe Scarlet Cheese Wheel","brewinandchewin:unripe_scarlet_cheese_wheel","DRINK","recipe_type=brewinandchewin:fermenting","HIGH","否","","","","2","0","brewinandchewin:fermenting/scarlet_cheese_from_milk | brewinandchewin:pouring/unripe_scarlet_cheese_wheel","","brewinandchewin:fermenting | brewinandchewin:keg_pouring","Brewin' and Chewin'","不进入厨师","内容类型=DRINK","","",""
"Vegetable Omelet","brewinandchewin:vegetable_omelet","DISH","cooking_device=farmersdelight:cooking;food_component","HIGH","是","12","19.2","effect.farmersdelight.nourishment 3600tick 1级 概率1","1","0","brewinandchewin:cooking/vegetable_omelet","","farmersdelight:cooking","Brewin' and Chewin'","T2","设备或复杂度：type=farmersdelight:cooking;kinds=5","","",""
"Vodka","brewinandchewin:vodka","DRINK","recipe_type=brewinandchewin:fermenting","HIGH","是","0","0","effect.brewinandchewin.tipsy 3600tick 1级 概率1；effect.brewinandchewin.intoxication 3000tick 1级 概率1","2","0","brewinandchewin:fermenting/vodka_from_water | brewinandchewin:pouring/vodka","","brewinandchewin:fermenting | brewinandchewin:keg_pouring","Brewin' and Chewin'","不进入厨师","内容类型=DRINK","","",""
"Withering Dross","brewinandchewin:withering_dross","DRINK","recipe_type=brewinandchewin:fermenting","HIGH","是","0","0","effect.brewinandchewin.tipsy 3600tick 3级 概率1；effect.brewinandchewin.intoxication 3000tick 1级 概率1；effect.minecraft.blindness 200tick 1级 概率1；effect.minecraft.weakness 3000tick 1级 概率1；effect.minecraft.slowness 3000tick 1级 概率1；effect.minecraft.wither 1200tick 1级 概率1","2","0","brewinandchewin:fermenting/withering_dross_from_salty_folly | brewinandchewin:pouring/withering_dross","","brewinandchewin:fermenting | brewinandchewin:keg_pouring","Brewin' and Chewin'","不进入厨师","内容类型=DRINK","","",""
"Builder's Tea","create:builders_tea","DRINK","recipe_type=brewinandchewin:keg_pouring","HIGH","是","1","1.2","effect.minecraft.haste 3600tick 1级 概率1","1","0","brewinandchewin:pouring/create/builders_tea","","brewinandchewin:keg_pouring","Brewin' and Chewin'","不进入厨师","内容类型=DRINK","","",""
"Amethyst Rock Candy","dungeonsdelight:amethyst_rock_candy","DISH","cooking_device=farmersdelight:cooking;food_component","HIGH","是","4","4","effect.minecraft.strength 1800tick 1级 概率0.699999988079071","1","0","dungeonsdelight:cooking/amethyst_rock_candy","","farmersdelight:cooking","Dungeon's Delight","T2","设备或复杂度：type=farmersdelight:cooking;kinds=3","","",""
"Au Rotten Potatoes","dungeonsdelight:au_rotten_potatoes","DISH","cooking_device=dungeonsdelight:monster_cooking;food_component","HIGH","是","6","6","effect.dungeonsdelight.tenacity 1800tick 1级 概率1","1","0","dungeonsdelight:monster_cooking/au_rotten_potatoes","","dungeonsdelight:monster_cooking","Dungeon's Delight","T2","设备或复杂度：type=dungeonsdelight:monster_cooking;kinds=3","","",""
"Bloated Baked Potato","dungeonsdelight:bloated_baked_potato","DISH","cooking_device=dungeonsdelight:monster_cooking;food_component","HIGH","是","4","3.2","","1","0","dungeonsdelight:monster_cooking/bloated_baked_potato","","dungeonsdelight:monster_cooking","Dungeon's Delight","T2","正餐/甜点名称","","",""
"Bloody Mary","dungeonsdelight:bloody_mary","DISH","cooking_device=dungeonsdelight:monster_cooking;food_component","HIGH","是","0","0","effect.dungeonsdelight.burrow_gut 3600tick 2级 概率1","1","0","dungeonsdelight:monster_cooking/bloody_mary","","dungeonsdelight:monster_cooking","Dungeon's Delight","T2","设备或复杂度：type=dungeonsdelight:monster_cooking;kinds=3","","",""
"Brains in a Brick","dungeonsdelight:brains_in_a_brick","DISH","cooking_device=dungeonsdelight:monster_cooking;food_component","HIGH","是","5","4","effect.dungeonsdelight.tenacity 1800tick 1级 概率1；effect.dungeonsdelight.voracity 1800tick 1级 概率1","1","0","dungeonsdelight:monster_cooking/brains_in_a_brick","","dungeonsdelight:monster_cooking","Dungeon's Delight","T2","设备或复杂度：type=dungeonsdelight:monster_cooking;kinds=2","","",""
"Breeze Cream Cone","dungeonsdelight:breeze_cream_cone","DISH","explicit_dish_allowlist","HIGH","是","5","6","effect.dungeonsdelight.swift_step 1800tick 2级 概率1","1","0","dungeonsdelight:monster_cooking/breeze_cream_cone","","dungeonsdelight:monster_cooking","Dungeon's Delight","T2","正餐/甜点名称","","",""
"Bubblegunk","dungeonsdelight:bubblegunk","DISH","manual_override;可食用成品小吃；饥饿0但成品；非关键中间料","HIGH","是","0","0","","1","0","dungeonsdelight:bubblegunk_from_shapeless","","minecraft:crafting_shapeless","Dungeon's Delight","COMMON","可食用成品小吃；饥饿0但成品；非关键中间料","","","边界→COMMON小吃"
"Chicken Jockey Sandwich","dungeonsdelight:chicken_jockey_sandwich","DISH","dish_token;edible=true;type=dungeonsdelight:monster_cooking","HIGH","是","7","9.8","","1","0","dungeonsdelight:monster_cooking/chicken_jockey_sandwich","","dungeonsdelight:monster_cooking","Dungeon's Delight","T2","正餐/甜点名称","","",""
"Chiseled Stained Scrap","dungeonsdelight:chiseled_stained_scrap","NON_FOOD","non_edible_block_or_tool","HIGH","否","","","","1","2","dungeonsdelight:chiseled_stained_scrap","minecraft:chiseled_stained_scrap_from_cut_stained_scrap_stonecutting | minecraft:chiseled_stained_scrap_from_stained_scrap_block_stonecutting","minecraft:crafting_shaped","Dungeon's Delight","不进入厨师","内容类型=NON_FOOD","","",""
"Chloropasta","dungeonsdelight:chloropasta","DISH","cooking_device=farmersdelight:cooking;food_component","HIGH","是","12","19.2","effect.farmersdelight.nourishment 2400tick 1级 概率1；effect.minecraft.regeneration 120tick 2级 概率0.5","1","0","dungeonsdelight:cooking/chloropasta","","farmersdelight:cooking","Dungeon's Delight","T2","正餐/甜点名称","","",""
"Cleaved Ancient Egg","dungeonsdelight:cleaved_ancient_egg","INGREDIENT","manual_override;切割中间产物","HIGH","是","2","1.6","","1","0","dungeonsdelight:cutting/ancient_egg","","farmersdelight:cutting","Dungeon's Delight","不进入厨师","切割中间产物","","","保持INGREDIENT"
"Cob n' Candy","dungeonsdelight:cob_n_candy","DISH","cooking_device=dungeonsdelight:monster_cooking;food_component","HIGH","是","4","3.2","effect.dungeonsdelight.decisive 900tick 1级 概率1；effect.dungeonsdelight.pouncing 900tick 1级 概率1","1","0","dungeonsdelight:monster_cooking/cob_n_candy","","dungeonsdelight:monster_cooking","Dungeon's Delight","T2","设备或复杂度：type=dungeonsdelight:monster_cooking;kinds=2","","",""
"Cooked Sniffer Shank","dungeonsdelight:cooked_sniffer_shank","DISH","cooking_device=minecraft:campfire_cooking;food_component","HIGH","是","8","12.8","","3","0","dungeonsdelight:cooked_sniffer_shank_from_campfire | dungeonsdelight:cooked_sniffer_shank_from_smelting | dungeonsdelight:cooked_sniffer_shank_from_smoking","","minecraft:campfire_cooking | minecraft:smelting | minecraft:smoking","Dungeon's Delight","COMMON","基础熟食或少量常见原料/单步合成","","",""
"Cooked Snifferwurst","dungeonsdelight:cooked_snifferwurst","DISH","cooking_device=minecraft:campfire_cooking;food_component","HIGH","是","10","16","","3","0","dungeonsdelight:cooked_snifferwurst_from_campfire | dungeonsdelight:cooked_snifferwurst_from_smelting | dungeonsdelight:cooked_snifferwurst_from_smoking","","minecraft:campfire_cooking | minecraft:smelting | minecraft:smoking","Dungeon's Delight","COMMON","基础熟食或少量常见原料/单步合成","","",""
"Creeperilla Squib","dungeonsdelight:creeperilla_squib","INGREDIENT","manual_override;切割中间产物","HIGH","是","1","0.4","","1","0","dungeonsdelight:cutting/creeperilla","","farmersdelight:cutting","Dungeon's Delight","不进入厨师","切割中间产物","","","保持INGREDIENT"
"Croak Monster","dungeonsdelight:croak_monster","DISH","cooking_device=dungeonsdelight:monster_cooking;food_component","HIGH","是","8","16","","1","0","dungeonsdelight:monster_cooking/croak_monster","","dungeonsdelight:monster_cooking","Dungeon's Delight","T2","设备或复杂度：type=dungeonsdelight:monster_cooking;kinds=5","","",""
"Cut Stained Scrap","dungeonsdelight:cut_stained_scrap","NON_FOOD","non_edible_block_or_tool","HIGH","否","","","","1","1","dungeonsdelight:cut_stained_scrap","minecraft:cut_stained_scrap_from_stained_scrap_block_stonecutting","minecraft:crafting_shaped","Dungeon's Delight","不进入厨师","内容类型=NON_FOOD","","",""
"Cut Stained Scrap Slab","dungeonsdelight:cut_stained_scrap_slab","NON_FOOD","non_edible_block_or_tool","HIGH","否","","","","1","1","dungeonsdelight:cut_stained_scrap_slab","minecraft:cut_stained_scrap_slab_from_cut_stained_scrap_stonecutting","minecraft:crafting_shaped","Dungeon's Delight","不进入厨师","内容类型=NON_FOOD","","",""
"Cut Stained Scrap Stairs","dungeonsdelight:cut_stained_scrap_stairs","NON_FOOD","non_edible_block_or_tool","HIGH","否","","","","1","1","dungeonsdelight:cut_stained_scrap_stairs","minecraft:cut_stained_scrap_stairs_from_cut_stained_scrap_stonecutting","minecraft:crafting_shaped","Dungeon's Delight","不进入厨师","内容类型=NON_FOOD","","",""
"Devilish Eggs","dungeonsdelight:devilish_eggs","DISH","cooking_device=dungeonsdelight:monster_cooking;food_component","HIGH","是","6","8.4","","1","0","dungeonsdelight:monster_cooking/devilish_eggs","","dungeonsdelight:monster_cooking","Dungeon's Delight","T2","设备或复杂度：type=dungeonsdelight:monster_cooking;kinds=2","","",""
"Diamond Cleaver","dungeonsdelight:diamond_cleaver","NON_FOOD","not_edible","MEDIUM","否","","","","1","0","dungeonsdelight:diamond_cleaver","","minecraft:crafting_shaped","Dungeon's Delight","不进入厨师","内容类型=NON_FOOD","","",""
"Dungeon Stove","dungeonsdelight:dungeon_stove","NON_FOOD","non_edible_block_or_tool","HIGH","否","","","","1","0","dungeonsdelight:dungeon_stove","","minecraft:crafting_shaped","Dungeon's Delight","不进入厨师","内容类型=NON_FOOD","","",""
"Echo Rock Candy","dungeonsdelight:echo_rock_candy","DISH","cooking_device=dungeonsdelight:monster_cooking;food_component","HIGH","是","8","12.8","effect.minecraft.strength 900tick 2级 概率1","1","0","dungeonsdelight:monster_cooking/echo_rock_candy","","dungeonsdelight:monster_cooking","Dungeon's Delight","T2","设备或复杂度：type=dungeonsdelight:monster_cooking;kinds=3","","",""
"Embedded Eggs","dungeonsdelight:embedded_eggs","NON_FOOD","not_edible","MEDIUM","否","","","","1","0","dungeonsdelight:embedded_eggs","","minecraft:crafting_shaped","Dungeon's Delight","不进入厨师","内容类型=NON_FOOD","","",""
"Flint Cleaver","dungeonsdelight:flint_cleaver","NON_FOOD","not_edible","MEDIUM","否","","","","1","0","dungeonsdelight:flint_cleaver","","minecraft:crafting_shaped","Dungeon's Delight","不进入厨师","内容类型=NON_FOOD","","",""
"Fried Ghast Calamari","dungeonsdelight:fried_ghast_calamari","DISH","cooking_device=minecraft:campfire_cooking;food_component","HIGH","是","4","4.8","","3","0","dungeonsdelight:fried_ghast_calamari_from_campfire | dungeonsdelight:fried_ghast_calamari_from_smelting | dungeonsdelight:fried_ghast_calamari_from_smoking","","minecraft:campfire_cooking | minecraft:smelting | minecraft:smoking","Dungeon's Delight","COMMON","基础熟食或少量常见原料/单步合成","","",""
"Gelled Salad","dungeonsdelight:gelled_salad","DISH","dish_token;edible=true;type=dungeonsdelight:monster_cooking","HIGH","是","8","9.6","effect.dungeonsdelight.tenacity 2400tick 1级 概率1","1","0","dungeonsdelight:monster_cooking/gelled_salad","","dungeonsdelight:monster_cooking","Dungeon's Delight","T2","正餐/甜点名称","","",""
"Ghast Calamari","dungeonsdelight:ghast_calamari","INGREDIENT","manual_override;切割中间产物","HIGH","是","2","1.2","","1","0","dungeonsdelight:cutting/ghast_tentacle","","farmersdelight:cutting","Dungeon's Delight","不进入厨师","切割中间产物","","","保持INGREDIENT"
"Ghast Roll","dungeonsdelight:ghast_roll","DISH","dish_token;edible=true;type=dungeonsdelight:monster_cooking","HIGH","是","6","7.2000003","effect.dungeonsdelight.rotgut 2400tick 2级 概率1","1","0","dungeonsdelight:monster_cooking/ghast_roll","","dungeonsdelight:monster_cooking","Dungeon's Delight","T2","正餐/甜点名称","","",""
"Ghastly Spirits","dungeonsdelight:ghastly_spirits","DISH","cooking_device=dungeonsdelight:monster_cooking;food_component","HIGH","是","0","0","effect.minecraft.levitation 300tick 1级 概率1；effect.minecraft.regeneration 240tick 3级 概率1；effect.minecraft.slow_falling 400tick 1级 概率1","1","0","dungeonsdelight:monster_cooking/ghastly_spirits","","dungeonsdelight:monster_cooking","Dungeon's Delight","T2","设备或复杂度：type=dungeonsdelight:monster_cooking;kinds=5","","",""
"Ghoulash","dungeonsdelight:ghoulash","DISH","cooking_device=dungeonsdelight:monster_cooking;food_component","HIGH","是","8","9.6","effect.dungeonsdelight.voracity 4800tick 1级 概率1","1","0","dungeonsdelight:monster_cooking/ghoulash","","dungeonsdelight:monster_cooking","Dungeon's Delight","T2","设备或复杂度：type=dungeonsdelight:monster_cooking;kinds=3","","",""
"Golden Cleaver","dungeonsdelight:golden_cleaver","NON_FOOD","not_edible","MEDIUM","否","","","","1","0","dungeonsdelight:golden_cleaver","","minecraft:crafting_shaped","Dungeon's Delight","不进入厨师","内容类型=NON_FOOD","","",""
"Guardian Angel","dungeonsdelight:guardian_angel_block","NON_FOOD","non_edible_block_or_tool","HIGH","否","","","","1","0","dungeonsdelight:monster_cooking/guardian_angel_block","","dungeonsdelight:monster_cooking","Dungeon's Delight","不进入厨师","内容类型=NON_FOOD","","",""
"Gunk","dungeonsdelight:gunk","INGREDIENT","ingredient_process=farmersdelight:cutting","MEDIUM","否","","","","2","0","dungeonsdelight:cutting/rotbulb | dungeonsdelight:cutting/rotbulb_plant","","farmersdelight:cutting","Dungeon's Delight","不进入厨师","内容类型=INGREDIENT","","",""
"Gunk Arrow","dungeonsdelight:gunk_arrow","NON_FOOD","not_edible","MEDIUM","否","","","","1","0","dungeonsdelight:gunk_arrow","","minecraft:crafting_shaped","Dungeon's Delight","不进入厨师","内容类型=NON_FOOD","","",""
"Gyudon","dungeonsdelight:gyudon","DISH","cooking_device=dungeonsdelight:monster_cooking;food_component","HIGH","是","9","12.599999","effect.dungeonsdelight.voracity 3600tick 2级 概率1；effect.minecraft.fire_resistance 1800tick 1级 概率1","1","0","dungeonsdelight:monster_cooking/gyudon","","dungeonsdelight:monster_cooking","Dungeon's Delight","T2","设备或复杂度：type=dungeonsdelight:monster_cooking;kinds=5","","",""
"Haggis","dungeonsdelight:haggis","DISH","cooking_device=dungeonsdelight:monster_cooking;food_component","HIGH","是","10","14","","1","0","dungeonsdelight:monster_cooking/haggis","","dungeonsdelight:monster_cooking","Dungeon's Delight","T2","设备或复杂度：type=dungeonsdelight:monster_cooking;kinds=3","","",""
"Iron Cleaver","dungeonsdelight:iron_cleaver","NON_FOOD","not_edible","MEDIUM","否","","","","1","0","dungeonsdelight:iron_cleaver","","minecraft:crafting_shaped","Dungeon's Delight","不进入厨师","内容类型=NON_FOOD","","",""
"Jelly Beans","dungeonsdelight:jelly_beans","DISH","cooking_device=dungeonsdelight:monster_cooking;food_component","HIGH","是","2","0.4","","1","0","dungeonsdelight:monster_cooking/jelly_beans","","dungeonsdelight:monster_cooking","Dungeon's Delight","T2","设备或复杂度：type=dungeonsdelight:monster_cooking;kinds=3","","",""
"Living Campfire","dungeonsdelight:living_campfire","NON_FOOD","not_edible","MEDIUM","否","","","","1","0","dungeonsdelight:living_campfire","","minecraft:crafting_shaped","Dungeon's Delight","不进入厨师","内容类型=NON_FOOD","","",""
"Living Candle","dungeonsdelight:living_candle","NON_FOOD","not_edible","MEDIUM","否","","","","1","0","dungeonsdelight:living_candle","","minecraft:crafting_shaped","Dungeon's Delight","不进入厨师","内容类型=NON_FOOD","","",""
"Living Jack o'Lantern","dungeonsdelight:living_jack_o_lantern","NON_FOOD","non_edible_block_or_tool","HIGH","否","","","","1","0","dungeonsdelight:living_jack_o_lantern","","minecraft:crafting_shapeless","Dungeon's Delight","不进入厨师","内容类型=NON_FOOD","","",""
"Living Lantern","dungeonsdelight:living_lantern","NON_FOOD","non_edible_block_or_tool","HIGH","否","","","","1","0","dungeonsdelight:living_lantern","","minecraft:crafting_shaped","Dungeon's Delight","不进入厨师","内容类型=NON_FOOD","","",""
"Living Torch","dungeonsdelight:living_torch","NON_FOOD","non_edible_block_or_tool","HIGH","否","","","","1","0","dungeonsdelight:living_torch","","minecraft:crafting_shaped","Dungeon's Delight","不进入厨师","内容类型=NON_FOOD","","",""
"Malicious Sandwich","dungeonsdelight:malicious_sandwich","DISH","dish_token;edible=true;type=dungeonsdelight:monster_cooking","HIGH","是","9","16.199999","","1","0","dungeonsdelight:monster_cooking/malicious_sandwich","","dungeonsdelight:monster_cooking","Dungeon's Delight","T2","正餐/甜点名称","","",""
"Marshbellow","dungeonsdelight:marshbellow","DISH","cooking_device=dungeonsdelight:monster_cooking;food_component","HIGH","是","4","3.2","effect.dungeonsdelight.swift_step 1800tick 1级 概率1","1","0","dungeonsdelight:monster_cooking/marshbellow","","dungeonsdelight:monster_cooking","Dungeon's Delight","T2","设备或复杂度：type=dungeonsdelight:monster_cooking;kinds=2","","",""
"Monster Burger","dungeonsdelight:monster_burger","DISH","dish_token;edible=true;type=dungeonsdelight:monster_cooking","HIGH","是","20","40","effect.dungeonsdelight.tenacity 30tick 1级 概率1；effect.dungeonsdelight.burrow_gut 30tick 1级 概率1；effect.dungeonsdelight.decisive 30tick 1级 概率1；effect.dungeonsdelight.exudation 30tick 1级 概率1；effect.dungeonsdelight.pouncing 30tick 1级 概率1；effect.dungeonsdelight.voracity 30tick 1级 概率1","1","0","dungeonsdelight:monster_cooking/monster_burger","","dungeonsdelight:monster_cooking","Dungeon's Delight","T2","正餐/甜点名称","","",""
"Monster Cake","dungeonsdelight:monster_cake","SERVING_DISH","manual_override;可放置蛋糕类；无FOOD","HIGH","否","","","","1","1","dungeonsdelight:monster_cake","minecraft:monster_cake_from_slices","minecraft:crafting_shaped","Dungeon's Delight","不进入厨师","可放置蛋糕类；无FOOD","","","整盘蛋糕"
"Slice of Monster Cake","dungeonsdelight:monster_cake_slice","DISH","dish_token;edible=true;type=farmersdelight:cutting","HIGH","是","3","3","effect.dungeonsdelight.exudation 2400tick 2级 概率1；effect.dungeonsdelight.pouncing 1200tick 2级 概率1","1","0","dungeonsdelight:cutting/monster_cake","","farmersdelight:cutting","Dungeon's Delight","T2","正餐/甜点名称","","",""
"Monster Mousse","dungeonsdelight:monster_mousse_block","NON_FOOD","non_edible_block_or_tool","HIGH","否","","","","1","0","dungeonsdelight:monster_cooking/monster_mousse_block","","dungeonsdelight:monster_cooking","Dungeon's Delight","不进入厨师","内容类型=NON_FOOD","","",""
"Monster Muffin","dungeonsdelight:monster_muffin","DISH","dish_token;edible=true;type=dungeonsdelight:monster_cooking","HIGH","是","5","5","effect.dungeonsdelight.exudation 2400tick 1级 概率1","1","0","dungeonsdelight:monster_cooking/monster_muffin","","dungeonsdelight:monster_cooking","Dungeon's Delight","T2","正餐/甜点名称","","",""
"Monster Pot","dungeonsdelight:monster_pot","NON_FOOD","non_edible_block_or_tool","HIGH","否","","","","1","0","dungeonsdelight:monster_pot","","minecraft:crafting_shaped","Dungeon's Delight","不进入厨师","内容类型=NON_FOOD","","",""
"Necronog","dungeonsdelight:necronog","DISH","cooking_device=dungeonsdelight:monster_cooking;food_component","HIGH","是","0","0","","1","0","dungeonsdelight:monster_cooking/necronog","","dungeonsdelight:monster_cooking","Dungeon's Delight","T2","设备或复杂度：type=dungeonsdelight:monster_cooking;kinds=5","","",""
"Ossobuco","dungeonsdelight:ossobuco_block","NON_FOOD","non_edible_block_or_tool","HIGH","否","","","","1","0","dungeonsdelight:monster_cooking/ossobuco_block","","dungeonsdelight:monster_cooking","Dungeon's Delight","不进入厨师","内容类型=NON_FOOD","","",""
"Poi","dungeonsdelight:poi","DISH","cooking_device=dungeonsdelight:monster_cooking;food_component","HIGH","是","6","6","effect.dungeonsdelight.tenacity 3600tick 1级 概率1；effect.dungeonsdelight.exudation 6000tick 1级 概率1","2","0","dungeonsdelight:monster_cooking/poi | dungeonsdelight:poi","","dungeonsdelight:monster_cooking | minecraft:crafting_shapeless","Dungeon's Delight","T2","设备或复杂度：type=dungeonsdelight:monster_cooking;kinds=1","","",""
"Poisonous Poutine","dungeonsdelight:poisonous_poutine","DISH","cooking_device=dungeonsdelight:monster_cooking;food_component","HIGH","是","8","11.2","effect.dungeonsdelight.voracity 2400tick 1级 概率1；effect.dungeonsdelight.pouncing 3600tick 1级 概率1","1","0","dungeonsdelight:monster_cooking/poisonous_poutine","","dungeonsdelight:monster_cooking","Dungeon's Delight","T2","设备或复杂度：type=dungeonsdelight:monster_cooking;kinds=3","","",""
"Polterghast Pizza","dungeonsdelight:polterghast_pizza","SERVING_DISH","manual_override;PolterghastPizzaBlock整盘分食；无FOOD","HIGH","否","","","","1","0","dungeonsdelight:monster_cooking/polterghast_pizza","","dungeonsdelight:monster_cooking","Dungeon's Delight","不进入厨师","PolterghastPizzaBlock整盘分食；无FOOD","","","整盘披萨"
"Putrid Spice Latte","dungeonsdelight:putrid_spice_latte","DRINK","drink_token=putrid_spice_latte","HIGH","是","0","0","effect.dungeonsdelight.rotgut 3000tick 3级 概率1","1","0","dungeonsdelight:monster_cooking/putrid_spice_latte","","dungeonsdelight:monster_cooking","Dungeon's Delight","不进入厨师","内容类型=DRINK","","",""
"Rancid Reduction","dungeonsdelight:rancid_reduction","NON_FOOD","not_edible","MEDIUM","否","","","","2","0","dungeonsdelight:monster_cooking/rancid_reduction_from_rotbulb | dungeonsdelight:monster_cooking/rotgourd_slice_from_rotgourd_slice","","dungeonsdelight:monster_cooking","Dungeon's Delight","不进入厨师","内容类型=NON_FOOD","","",""
"Rot and Steel","dungeonsdelight:rot_and_steel","NON_FOOD","not_edible","MEDIUM","否","","","","1","0","dungeonsdelight:rot_and_steel","","minecraft:crafting_shapeless","Dungeon's Delight","不进入厨师","内容类型=NON_FOOD","","",""
"Rot Roast","dungeonsdelight:rot_roast","DISH","cooking_device=dungeonsdelight:monster_cooking;food_component","HIGH","是","6","7.2000003","effect.dungeonsdelight.rotgut 1800tick 2级 概率1；effect.dungeonsdelight.burrow_gut 1800tick 2级 概率1；effect.dungeonsdelight.ravenous_rush 200tick 1级 概率0.75","1","0","dungeonsdelight:monster_cooking/rot_roast","","dungeonsdelight:monster_cooking","Dungeon's Delight","T2","正餐/甜点名称","","",""
"Rotbulb","dungeonsdelight:rotbulb","NON_FOOD","not_edible","MEDIUM","否","","","","1","0","dungeonsdelight:rotbulb_from_rotbulb_crate","","minecraft:crafting_shapeless","Dungeon's Delight","不进入厨师","内容类型=NON_FOOD","","",""
"Rotgourd Slice","dungeonsdelight:rotgourd_slice","INGREDIENT","manual_override;切割中间产物","HIGH","是","3","1.8000001","","1","0","dungeonsdelight:cutting/rotgourd","","farmersdelight:cutting","Dungeon's Delight","不进入厨师","切割中间产物","","","保持INGREDIENT"
"Rotpop","dungeonsdelight:rotpop","DISH","cooking_device=dungeonsdelight:monster_cooking;food_component","HIGH","是","4","3.2","effect.dungeonsdelight.rotgut 1800tick 1级 概率1；effect.dungeonsdelight.decisive 1800tick 1级 概率1","1","0","dungeonsdelight:monster_cooking/rotpop","","dungeonsdelight:monster_cooking","Dungeon's Delight","T2","设备或复杂度：type=dungeonsdelight:monster_cooking;kinds=1","","",""
"Rotten Tripe","dungeonsdelight:rotten_tripe","INGREDIENT","manual_override;切割中间产物","HIGH","是","2","0.2","effect.minecraft.hunger 200tick 1级 概率0.20000000298023224","2","1","dungeonsdelight:cutting/brined_flesh | dungeonsdelight:cutting/gritty_flesh","minecraft:cutting/rotten_flesh","farmersdelight:cutting","Dungeon's Delight","不进入厨师","切割中间产物","","","保持INGREDIENT"
"Rubaboo","dungeonsdelight:rubaboo","DISH","cooking_device=dungeonsdelight:monster_cooking;food_component","HIGH","是","5","5","effect.dungeonsdelight.tenacity 600tick 1级 概率1；effect.minecraft.fire_resistance 1200tick 1级 概率1","1","0","dungeonsdelight:monster_cooking/rubaboo","","dungeonsdelight:monster_cooking","Dungeon's Delight","T2","设备或复杂度：type=dungeonsdelight:monster_cooking;kinds=2","","",""
"Salt Soaked Stew","dungeonsdelight:salt_soaked_stew","DISH","dish_token;edible=true;type=dungeonsdelight:monster_cooking","HIGH","是","10","16","effect.minecraft.water_breathing 1200tick 1级 概率1；effect.dungeonsdelight.tenacity 3600tick 1级 概率1","1","0","dungeonsdelight:monster_cooking/salt_soaked_stew","","dungeonsdelight:monster_cooking","Dungeon's Delight","T2","正餐/甜点名称","","",""
"Sculk Apple","dungeonsdelight:sculk_apple","DISH","manual_override;FOOD nutrition=5 saturation=5; recipe id=dungeonsdelight:sculk_apple (apple+sculk_polyp×2+honey_bottle); 加工特殊料理","HIGH","是","5","5","","1","0","dungeonsdelight:sculk_apple","","minecraft:crafting_shapeless","Dungeon's Delight","T2","FOOD nutrition=5 saturation=5; recipe id=dungeonsdelight:sculk_apple (apple+sculk_polyp×2+honey_bottle); 加工特殊料理","","","Dungeon's Delight;6A.3原REVIEW→DISH T2"
"Sculk Mayo","dungeonsdelight:sculk_mayo","INGREDIENT","manual_override;饥饿1/饱和0.4/虚弱副作用；被devilish_eggs等后续使用；酱料非宴席","HIGH","是","1","0.4","effect.minecraft.weakness 2400tick 1级 概率0.20000000298023224","1","0","dungeonsdelight:monster_cooking/sculk_mayo","","dungeonsdelight:monster_cooking","Dungeon's Delight","不进入厨师","饥饿1/饱和0.4/虚弱副作用；被devilish_eggs等后续使用；酱料非宴席","","","6A.2驳回T3候选"
"Block of Sculk Mayo","dungeonsdelight:sculk_mayo_block","NON_FOOD","non_edible_block_or_tool","HIGH","否","","","","1","0","dungeonsdelight:sculk_mayo_block","","minecraft:crafting_shaped","Dungeon's Delight","不进入厨师","内容类型=NON_FOOD","","",""
"Sculk Polyp","dungeonsdelight:sculk_polyp","INGREDIENT","ingredient_process=farmersdelight:cutting","MEDIUM","否","","","","1","2","dungeonsdelight:cutting/sculk_mayo_block","minecraft:cutting/calibrated_sculk_sensor | minecraft:cutting/sculk","farmersdelight:cutting","Dungeon's Delight","不进入厨师","内容类型=INGREDIENT","","",""
"Sculk Tart","dungeonsdelight:sculk_tart","NON_FOOD","not_edible","MEDIUM","否","","","","1","1","dungeonsdelight:sculk_tart","minecraft:sculk_tart_from_slices","minecraft:crafting_shaped","Dungeon's Delight","不进入厨师","内容类型=NON_FOOD","","",""
"Slice of Sculk Tart","dungeonsdelight:sculk_tart_slice","INGREDIENT","ingredient_process=farmersdelight:cutting","MEDIUM","是","3","1.8000001","effect.minecraft.speed 600tick 1级 概率1","1","0","dungeonsdelight:cutting/sculk_tart","","farmersdelight:cutting","Dungeon's Delight","不进入厨师","内容类型=INGREDIENT","","",""
"Shiokara","dungeonsdelight:shiokara","DISH","cooking_device=dungeonsdelight:monster_cooking;food_component","HIGH","是","7","7","effect.dungeonsdelight.tenacity 3600tick 1级 概率1；effect.minecraft.regeneration 140tick 2级 概率1；effect.dungeonsdelight.putrid_scent 140tick 1级 概率1","1","0","dungeonsdelight:monster_cooking/shiokara","","dungeonsdelight:monster_cooking","Dungeon's Delight","T2","设备或复杂度：type=dungeonsdelight:monster_cooking;kinds=4","","",""
"Silverfish and Chips","dungeonsdelight:silverfish_and_chips_block","NON_FOOD","non_edible_block_or_tool","HIGH","否","","","","1","0","dungeonsdelight:monster_cooking/silverfish_and_chips_block","","dungeonsdelight:monster_cooking","Dungeon's Delight","不进入厨师","内容类型=NON_FOOD","","",""
"Silverfish Fried Rice","dungeonsdelight:silverfish_fried_rice","DISH","cooking_device=dungeonsdelight:monster_cooking;food_component","HIGH","是","12","21.599998","effect.dungeonsdelight.burrow_gut 3600tick 1级 概率1；effect.dungeonsdelight.tenacity 4800tick 1级 概率1","1","0","dungeonsdelight:monster_cooking/silverfish_fried_rice","","dungeonsdelight:monster_cooking","Dungeon's Delight","T2","正餐/甜点名称","","",""
"Sinigang","dungeonsdelight:sinigang","DISH","cooking_device=dungeonsdelight:monster_cooking;food_component","HIGH","是","6","7.2000003","effect.dungeonsdelight.tenacity 2400tick 1级 概率1；effect.dungeonsdelight.pouncing 3600tick 1级 概率1；effect.dungeonsdelight.exudation 3600tick 2级 概率1","1","0","dungeonsdelight:monster_cooking/sinigang","","dungeonsdelight:monster_cooking","Dungeon's Delight","T2","设备或复杂度：type=dungeonsdelight:monster_cooking;kinds=5","","",""
"Slicorice","dungeonsdelight:slicorice","DISH","manual_override;可食用成品零食","HIGH","是","3","2.4","","1","0","dungeonsdelight:slicorice","","minecraft:crafting_shapeless","Dungeon's Delight","COMMON","可食用成品零食","","","边界→COMMON小吃"
"Slime Slab","dungeonsdelight:slime_bar","DISH","manual_override;可食用成品零食","HIGH","是","2","1.2","","1","0","dungeonsdelight:slime_bar_from_shapeless","","minecraft:crafting_shapeless","Dungeon's Delight","COMMON","可食用成品零食","","","边界→COMMON小吃"
"Slime Noodles","dungeonsdelight:slime_noodles","DISH","dish_token;edible=true;type=farmersdelight:cutting","HIGH","是","1","0.4","","1","0","dungeonsdelight:cutting/slime_bar","","farmersdelight:cutting","Dungeon's Delight","T2","正餐/甜点名称","","",""
"Smoked Spider Meat","dungeonsdelight:smoked_spider_meat","DISH","cooking_device=minecraft:campfire_cooking;food_component","HIGH","是","5","7","","3","0","dungeonsdelight:smoked_spider_meat_from_campfire | dungeonsdelight:smoked_spider_meat_from_smelting | dungeonsdelight:smoked_spider_meat_from_smoking","","minecraft:campfire_cooking | minecraft:smelting | minecraft:smoking","Dungeon's Delight","COMMON","基础熟食或少量常见原料/单步合成","","",""
"Raw Snifferwurst","dungeonsdelight:snifferwurst","DISH","cooking_device=farmersdelight:cooking;food_component","HIGH","是","6","7.2000003","","1","0","dungeonsdelight:cooking/snifferwurst","","farmersdelight:cooking","Dungeon's Delight","T2","设备或复杂度：type=farmersdelight:cooking;kinds=4","","",""
"Snuffledog","dungeonsdelight:snuffledog","DISH","cooking_device=farmersdelight:cooking;food_component","HIGH","是","14","28","effect.minecraft.regeneration 120tick 1级 概率1","1","0","dungeonsdelight:cooking/snuffledog","","farmersdelight:cooking","Dungeon's Delight","T2","设备或复杂度：type=farmersdelight:cooking;kinds=5","","",""
"Soaked Skewer","dungeonsdelight:soaked_skewer","DISH","dish_token;edible=true;type=dungeonsdelight:monster_cooking","HIGH","是","7","8.400001","effect.minecraft.water_breathing 2400tick 1级 概率1；effect.dungeonsdelight.decisive 2400tick 1级 概率1","1","0","dungeonsdelight:monster_cooking/soaked_skewer","","dungeonsdelight:monster_cooking","Dungeon's Delight","T2","正餐/甜点名称","","",""
"Soft Serve Sniffer Egg","dungeonsdelight:soft_serve_sniffer_egg","DISH","cooking_device=minecraft:campfire_cooking;food_component","HIGH","是","4","4.8","effect.minecraft.regeneration 100tick 1级 概率0.75","1","0","dungeonsdelight:soft_serve_sniffer_egg_from_campfire","","minecraft:campfire_cooking","Dungeon's Delight","COMMON","基础熟食或少量常见原料/单步合成","","",""
"Spider Bisque","dungeonsdelight:spider_bisque","DISH","dish_token;edible=true;type=dungeonsdelight:monster_cooking","HIGH","是","7","11.2","effect.dungeonsdelight.rotgut 2400tick 1级 概率1；effect.dungeonsdelight.pouncing 2400tick 1级 概率1","1","0","dungeonsdelight:monster_cooking/spider_bisque","","dungeonsdelight:monster_cooking","Dungeon's Delight","T2","设备或复杂度：type=dungeonsdelight:monster_cooking;kinds=3","","",""
"Spider Bubble Tea","dungeonsdelight:spider_bubble_tea","DRINK","drink_token=spider_bubble_tea","HIGH","是","0","0","","1","0","dungeonsdelight:monster_cooking/spider_bubble_tea","","dungeonsdelight:monster_cooking","Dungeon's Delight","不进入厨师","内容类型=DRINK","","",""
"Spider Donut","dungeonsdelight:spider_donut","SERVING_DISH","manual_override;无Item FOOD; javap class=SpiderDonutBlock DONUTS property getMaxServings=4; useWithoutItem→eat() FoodData.eat(3","HIGH","否","","","","1","0","dungeonsdelight:monster_cooking/spider_donut","","dungeonsdelight:monster_cooking","Dungeon's Delight","不进入厨师","无Item FOOD; javap class=SpiderDonutBlock DONUTS property getMaxServings=4; useWithoutItem→eat() FoodData.eat(3","","","是"
"Spider Extract","dungeonsdelight:spider_extract","DISH","cooking_device=dungeonsdelight:monster_cooking;food_component","HIGH","是","0","0","effect.minecraft.poison 600tick 1级 概率1","1","0","dungeonsdelight:monster_cooking/spider_extract","","dungeonsdelight:monster_cooking","Dungeon's Delight","T2","设备或复杂度：type=dungeonsdelight:monster_cooking;kinds=2","","",""
"Spider Pie","dungeonsdelight:spider_pie","SERVING_DISH","manual_override;无Item FOOD; javap class=EXPPieBlock extends vectorwing.farmersdelight.common.block.PieBlock; consumeBite+EXP; DDBlocks.SPIDER_PIE; recipe id=dungeonsdelight:spider_pie; cutting recipe→spider_pie_slice×4; 可分食PieBlock","HIGH","否","","","","1","1","dungeonsdelight:spider_pie","minecraft:spider_pie_from_slices","minecraft:crafting_shaped","Dungeon's Delight","不进入厨师","无Item FOOD; javap class=EXPPieBlock extends vectorwing.farmersdelight.common.block.PieBlock; consumeBite+EXP; DDBlocks.SPIDER_PIE; recipe id=dungeonsdelight:spider_pie; cutting recipe→spider_pie_slice×4; 可分食PieBlock","","","Dungeon's Delight;6A.3原REVIEW→SERVING_DISH; FG仅未来意图"
"Slice of Spider Pie","dungeonsdelight:spider_pie_slice","DISH","dish_token;edible=true;type=farmersdelight:cutting","HIGH","是","3","1.8000001","effect.dungeonsdelight.pouncing 600tick 2级 概率1","1","0","dungeonsdelight:cutting/spider_pie","","farmersdelight:cutting","Dungeon's Delight","T2","正餐/甜点名称","","",""
"Spider Salmagundi","dungeonsdelight:spider_salmagundi","DISH","cooking_device=dungeonsdelight:monster_cooking;food_component","HIGH","是","7","12.599999","effect.dungeonsdelight.tenacity 900tick 1级 概率1；effect.dungeonsdelight.pouncing 900tick 2级 概率1","1","0","dungeonsdelight:monster_cooking/spider_salmagundi","","dungeonsdelight:monster_cooking","Dungeon's Delight","T2","设备或复杂度：type=dungeonsdelight:monster_cooking;kinds=3","","",""
"Spider Tanghulu","dungeonsdelight:spider_tanghulu","DISH","cooking_device=dungeonsdelight:monster_cooking;food_component","HIGH","是","5","7","effect.dungeonsdelight.pouncing 6000tick 1级 概率1；effect.dungeonsdelight.decisive 2400tick 1级 概率1","1","0","dungeonsdelight:monster_cooking/spider_tanghulu","","dungeonsdelight:monster_cooking","Dungeon's Delight","T2","设备或复杂度：type=dungeonsdelight:monster_cooking;kinds=3","","",""
"Stained Lantern","dungeonsdelight:stained_lantern","NON_FOOD","non_edible_block_or_tool","HIGH","否","","","","1","0","dungeonsdelight:stained_lantern","","minecraft:crafting_shaped","Dungeon's Delight","不进入厨师","内容类型=NON_FOOD","","",""
"Stained Scrap Bars","dungeonsdelight:stained_scrap_bars","NON_FOOD","non_edible_block_or_tool","HIGH","否","","","","1","0","dungeonsdelight:stained_scrap_bars","","minecraft:crafting_shaped","Dungeon's Delight","不进入厨师","内容类型=NON_FOOD","","",""
"Block of Stained Scrap","dungeonsdelight:stained_scrap_block","NON_FOOD","non_edible_block_or_tool","HIGH","否","","","","1","0","dungeonsdelight:stained_scrap_block","","minecraft:crafting_shaped","Dungeon's Delight","不进入厨师","内容类型=NON_FOOD","","",""
"Stained Scrap Door","dungeonsdelight:stained_scrap_door","NON_FOOD","non_edible_block_or_tool","HIGH","否","","","","1","0","dungeonsdelight:stained_scrap_door","","minecraft:crafting_shaped","Dungeon's Delight","不进入厨师","内容类型=NON_FOOD","","",""
"Stained Scrap Fragment","dungeonsdelight:stained_scrap_fragment","NON_FOOD","non_edible_block_or_tool","HIGH","否","","","","1","0","dungeonsdelight:stained_scrap_from_stained_scrap","","minecraft:crafting_shapeless","Dungeon's Delight","不进入厨师","内容类型=NON_FOOD","","",""
"Stained Scrap Grate","dungeonsdelight:stained_scrap_grate","NON_FOOD","non_edible_block_or_tool","HIGH","否","","","","1","1","dungeonsdelight:stained_scrap_grate","minecraft:stained_scrap_grate_from_stained_scrap_block_stonecutting","minecraft:crafting_shaped","Dungeon's Delight","不进入厨师","内容类型=NON_FOOD","","",""
"Stained Scrap Pillar","dungeonsdelight:stained_scrap_pillar","NON_FOOD","non_edible_block_or_tool","HIGH","否","","","","1","1","dungeonsdelight:stained_scrap_pillar","minecraft:stained_scrap_pillar_from_stained_scrap_block_stonecutting","minecraft:crafting_shaped","Dungeon's Delight","不进入厨师","内容类型=NON_FOOD","","",""
"Stained Scrap Trapdoor","dungeonsdelight:stained_scrap_trapdoor","NON_FOOD","non_edible_block_or_tool","HIGH","否","","","","1","0","dungeonsdelight:stained_scrap_trapdoor","","minecraft:crafting_shaped","Dungeon's Delight","不进入厨师","内容类型=NON_FOOD","","",""
"Takoyaki","dungeonsdelight:takoyaki","DISH","cooking_device=dungeonsdelight:monster_cooking;food_component","HIGH","是","9","12.599999","effect.dungeonsdelight.voracity 2400tick 1级 概率1；effect.dungeonsdelight.rotgut 2400tick 1级 概率1","1","0","dungeonsdelight:monster_cooking/takoyaki","","dungeonsdelight:monster_cooking","Dungeon's Delight","T2","设备或复杂度：type=dungeonsdelight:monster_cooking;kinds=3","","",""
"Taro Milk Tea","dungeonsdelight:taro_milk_tea","DRINK","drink_token=taro_milk_tea","HIGH","是","0","0","effect.dungeonsdelight.exudation 6000tick 3级 概率1","1","0","dungeonsdelight:monster_cooking/taro_milk_tea","","dungeonsdelight:monster_cooking","Dungeon's Delight","不进入厨师","内容类型=DRINK","","",""
"Terrine Loaf","dungeonsdelight:terrine_loaf","DISH","cooking_device=dungeonsdelight:monster_cooking;food_component","HIGH","是","7","12.599999","effect.dungeonsdelight.exudation 3600tick 2级 概率1；effect.minecraft.water_breathing 1800tick 1级 概率1","1","0","dungeonsdelight:monster_cooking/terrine_loaf","","dungeonsdelight:monster_cooking","Dungeon's Delight","T2","设备或复杂度：type=dungeonsdelight:monster_cooking;kinds=4","","",""
"Trial Freakshake","dungeonsdelight:trial_freakshake","DISH","cooking_device=dungeonsdelight:monster_cooking;food_component","HIGH","是","5","2","effect.dungeonsdelight.swift_step 900tick 1级 概率1；effect.dungeonsdelight.pouncing 900tick 2级 概率1","1","0","dungeonsdelight:monster_cooking/trial_freakshake","","dungeonsdelight:monster_cooking","Dungeon's Delight","T2","设备或复杂度：type=dungeonsdelight:monster_cooking;kinds=5","","",""
"Wardenzola","dungeonsdelight:wardenzola","INGREDIENT","manual_override;仅sculk_polyp×2+milk；被polterghast_pizza使用；奶酪中间产物","HIGH","是","4","4.8","","1","0","dungeonsdelight:monster_cooking/wardenzola","","dungeonsdelight:monster_cooking","Dungeon's Delight","不进入厨师","仅sculk_polyp×2+milk；被polterghast_pizza使用；奶酪中间产物","","","6A.2驳回T3候选"
"Wardenzola Crumbles","dungeonsdelight:wardenzola_crumbles","INGREDIENT","manual_override;奶酪碎屑切割产物","HIGH","是","2","1.2","","1","0","dungeonsdelight:cutting/wardenzola","","farmersdelight:cutting","Dungeon's Delight","不进入厨师","奶酪碎屑切割产物","","","保持INGREDIENT"
"Wispy Rice Ball","dungeonsdelight:wispy_rice_ball","DISH","cooking_device=dungeonsdelight:monster_cooking;food_component","HIGH","是","7","11.2","effect.dungeonsdelight.swift_step 3600tick 1级 概率1","1","0","dungeonsdelight:monster_cooking/wispy_rice_ball","","dungeonsdelight:monster_cooking","Dungeon's Delight","T2","设备或复杂度：type=dungeonsdelight:monster_cooking;kinds=3","","",""
"Wormroot Tendrils","dungeonsdelight:wormroot_tendrils","NON_FOOD","not_edible","MEDIUM","否","","","","2","0","dungeonsdelight:wormroot_tendrils_from_wormroot_stalk | dungeonsdelight:wormroot_tendrils_from_wormroots_block","","minecraft:crafting_shapeless","Dungeon's Delight","不进入厨师","内容类型=NON_FOOD","","",""
"Block of Wormroots","dungeonsdelight:wormroots_block","NON_FOOD","non_edible_block_or_tool","HIGH","否","","","","1","0","dungeonsdelight:wormroots_block","","minecraft:crafting_shaped","Dungeon's Delight","不进入厨师","内容类型=NON_FOOD","","",""
"Wormwood Boat","dungeonsdelight:wormwood_boat","NON_FOOD","not_edible","MEDIUM","否","","","","1","0","dungeonsdelight:wormwood_boat","","minecraft:crafting_shaped","Dungeon's Delight","不进入厨师","内容类型=NON_FOOD","","",""
"Wormwood Button","dungeonsdelight:wormwood_button","NON_FOOD","non_edible_block_or_tool","HIGH","否","","","","1","0","dungeonsdelight:wormwood_button","","minecraft:crafting_shapeless","Dungeon's Delight","不进入厨师","内容类型=NON_FOOD","","",""
"Wormwood Cabinet","dungeonsdelight:wormwood_cabinet","NON_FOOD","decor_or_storage_token","HIGH","否","","","","1","0","dungeonsdelight:wormwood_cabinet","","minecraft:crafting_shaped","Dungeon's Delight","不进入厨师","内容类型=NON_FOOD","","",""
"Wormwood Boat with Chest","dungeonsdelight:wormwood_chest_boat","NON_FOOD","not_edible","MEDIUM","否","","","","1","0","dungeonsdelight:wormwood_chest_boat","","minecraft:crafting_shapeless","Dungeon's Delight","不进入厨师","内容类型=NON_FOOD","","",""
"Wormwood Door","dungeonsdelight:wormwood_door","NON_FOOD","non_edible_block_or_tool","HIGH","否","","","","1","0","dungeonsdelight:wormwood_door","","minecraft:crafting_shaped","Dungeon's Delight","不进入厨师","内容类型=NON_FOOD","","",""
"Wormwood Fence","dungeonsdelight:wormwood_fence","NON_FOOD","non_edible_block_or_tool","HIGH","否","","","","1","0","dungeonsdelight:wormwood_fence","","minecraft:crafting_shaped","Dungeon's Delight","不进入厨师","内容类型=NON_FOOD","","",""
"Wormwood Fence Gate","dungeonsdelight:wormwood_fence_gate","NON_FOOD","non_edible_block_or_tool","HIGH","否","","","","1","0","dungeonsdelight:wormwood_fence_gate","","minecraft:crafting_shaped","Dungeon's Delight","不进入厨师","内容类型=NON_FOOD","","",""
"Wormwood Mosaic","dungeonsdelight:wormwood_mosaic","NON_FOOD","not_edible","MEDIUM","否","","","","1","0","dungeonsdelight:wormwood_mosaic","","minecraft:crafting_shaped","Dungeon's Delight","不进入厨师","内容类型=NON_FOOD","","",""
"Wormwood Mosaic Slab","dungeonsdelight:wormwood_mosaic_slab","NON_FOOD","non_edible_block_or_tool","HIGH","否","","","","1","0","dungeonsdelight:wormwood_mosaic_slab","","minecraft:crafting_shaped","Dungeon's Delight","不进入厨师","内容类型=NON_FOOD","","",""
"Wormwood Mosaic Stairs","dungeonsdelight:wormwood_mosaic_stairs","NON_FOOD","non_edible_block_or_tool","HIGH","否","","","","1","0","dungeonsdelight:wormwood_mosaic_stairs","","minecraft:crafting_shaped","Dungeon's Delight","不进入厨师","内容类型=NON_FOOD","","",""
"Wormwood Planks","dungeonsdelight:wormwood_planks","NON_FOOD","non_edible_block_or_tool","HIGH","否","","","","1","0","dungeonsdelight:wormwood_planks_from_wormroots","","minecraft:crafting_shaped","Dungeon's Delight","不进入厨师","内容类型=NON_FOOD","","",""
"Wormwood Pressure Plate","dungeonsdelight:wormwood_pressure_plate","NON_FOOD","non_edible_block_or_tool","HIGH","否","","","","1","0","dungeonsdelight:wormwood_pressure_plate","","minecraft:crafting_shaped","Dungeon's Delight","不进入厨师","内容类型=NON_FOOD","","",""
"Wormwood Slab","dungeonsdelight:wormwood_slab","NON_FOOD","non_edible_block_or_tool","HIGH","否","","","","1","0","dungeonsdelight:wormwood_slab","","minecraft:crafting_shaped","Dungeon's Delight","不进入厨师","内容类型=NON_FOOD","","",""
"Wormwood Stairs","dungeonsdelight:wormwood_stairs","NON_FOOD","non_edible_block_or_tool","HIGH","否","","","","1","0","dungeonsdelight:wormwood_stairs","","minecraft:crafting_shaped","Dungeon's Delight","不进入厨师","内容类型=NON_FOOD","","",""
"Wormwood Trapdoor","dungeonsdelight:wormwood_trapdoor","NON_FOOD","not_edible","MEDIUM","否","","","","1","0","dungeonsdelight:wormwood_trapdoor","","minecraft:crafting_shaped","Dungeon's Delight","不进入厨师","内容类型=NON_FOOD","","",""
"Bamboo Basket","farmersdelight:bamboo_basket","NON_FOOD","not_edible","MEDIUM","否","","","","1","0","mynethersdelight:crafting/basket_alt","","minecraft:crafting_shaped","My Nether's Delight","不进入厨师","内容类型=NON_FOOD","","",""
"Milk Bottle","farmersdelight:milk_bottle","DRINK","recipe_type=brewinandchewin:keg_pouring","HIGH","否","","","","1","0","brewinandchewin:pouring/milk_bottle","","brewinandchewin:keg_pouring","Brewin' and Chewin'","不进入厨师","内容类型=DRINK","","",""
"Pumpkin Slice","farmersdelight:pumpkin_slice","INGREDIENT","manual_override;南瓜片原料","HIGH","是","3","1.8000001","","1","0","farmersdelight:cutting/pumpkin_slice_alt","","farmersdelight:cutting","My Nether's Delight","不进入厨师","南瓜片原料","","","保持INGREDIENT"
"Rotten Tomato","farmersdelight:rotten_tomato","NON_FOOD","not_edible","MEDIUM","否","","","","1","0","dungeonsdelight:rotten_tomato_from_rotten_tomato_crate","","minecraft:crafting_shapeless","Dungeon's Delight","不进入厨师","内容类型=NON_FOOD","","",""
"Straw","farmersdelight:straw","INGREDIENT","ingredient_process=farmersdelight:cutting","MEDIUM","否","","","","1","0","dungeonsdelight:cutting/gunk","","farmersdelight:cutting","Dungeon's Delight","不进入厨师","内容类型=INGREDIENT","","",""
"Scarecrow","fowlplay:scarecrow","NON_FOOD","fowlplay_scarecrow_only","HIGH","否","","","","1","0","fowlplay:scarecrow","","minecraft:crafting_shaped","Fowl Play","不进入厨师","内容类型=NON_FOOD","","",""
"Flour","kaleidoscope_cookery:flour","INGREDIENT","ingredient_token=flour","HIGH","否","","","","2","0","bakeries:flour_sieve/flour | bakeries:integration/create/milling/flour","","bakeries:flour_sieve | create:milling","Bakeries","不进入厨师","内容类型=INGREDIENT","","",""
"Allium Garden","kaleidoscope_tavern:allium_garden","DRINK","recipe_type=kaleidoscope_tavern:shaker","HIGH","否","","","","1","0","kaleidoscope_tavern:shaker/allium_garden","","kaleidoscope_tavern:shaker","Kaleidoscope Tavern","不进入厨师","内容类型=DRINK","","",""
"Sandwich Board","kaleidoscope_tavern:allium_sandwich_board","NON_FOOD","manual_override;装饰三明治板","HIGH","否","","","","1","0","kaleidoscope_tavern:allium_sandwich_board_from_allium","","minecraft:crafting_shapeless","Kaleidoscope Tavern","不进入厨师","装饰三明治板","","",""
"Sandwich Board","kaleidoscope_tavern:azure_bluet_sandwich_board","NON_FOOD","manual_override;装饰三明治板","HIGH","否","","","","3","0","kaleidoscope_tavern:azure_bluet_sandwich_board_from_azure_bluet | kaleidoscope_tavern:azure_bluet_sandwich_board_from_lily_of_the_valley | kaleidoscope_tavern:azure_bluet_sandwich_board_from_oxeye_daisy","","minecraft:crafting_shapeless","Kaleidoscope Tavern","不进入厨师","装饰三明治板","","",""
"Bar Cabinet","kaleidoscope_tavern:bar_cabinet","NON_FOOD","decor_or_storage_token","HIGH","否","","","","1","0","kaleidoscope_tavern:bar_cabinet","","minecraft:crafting_shaped","Kaleidoscope Tavern","不进入厨师","内容类型=NON_FOOD","","",""
"Bar Counter","kaleidoscope_tavern:bar_counter","NON_FOOD","not_edible","MEDIUM","否","","","","1","0","kaleidoscope_tavern:bar_counter","","minecraft:crafting_shaped","Kaleidoscope Tavern","不进入厨师","内容类型=NON_FOOD","","",""
"Barrel","kaleidoscope_tavern:barrel","NON_FOOD","not_edible","MEDIUM","否","","","","1","0","kaleidoscope_tavern:barrel","","minecraft:crafting_shaped","Kaleidoscope Tavern","不进入厨师","内容类型=NON_FOOD","","",""
"Sandwich Board","kaleidoscope_tavern:base_sandwich_board","NON_FOOD","manual_override;SandwichBoardBlock装饰/花变换；无分食SERVINGS","HIGH","否","","","","1","0","kaleidoscope_tavern:base_sandwich_board","","minecraft:crafting_shaped","Kaleidoscope Tavern","不进入厨师","SandwichBoardBlock装饰/花变换；无分食SERVINGS","","","javap:deco非整盘料理"
"Bell Pendant Lamp","kaleidoscope_tavern:bell_pendant_lamp","NON_FOOD","not_edible","MEDIUM","否","","","","1","0","kaleidoscope_tavern:bell_pendant_lamp","","minecraft:crafting_shaped","Kaleidoscope Tavern","不进入厨师","内容类型=NON_FOOD","","",""
"Black Bar Stool","kaleidoscope_tavern:black_bar_stool","NON_FOOD","not_edible","MEDIUM","否","","","","1","0","kaleidoscope_tavern:black_bar_stool","","minecraft:crafting_shaped","Kaleidoscope Tavern","不进入厨师","内容类型=NON_FOOD","","",""
"Black Sofa","kaleidoscope_tavern:black_sofa","NON_FOOD","not_edible","MEDIUM","否","","","","1","0","kaleidoscope_tavern:black_sofa","","minecraft:crafting_shaped","Kaleidoscope Tavern","不进入厨师","内容类型=NON_FOOD","","",""
"Bloody Mary","kaleidoscope_tavern:bloody_mary","DRINK","recipe_type=kaleidoscope_tavern:shaker","HIGH","否","","","","1","0","kaleidoscope_tavern:shaker/bloody_mary","","kaleidoscope_tavern:shaker","Kaleidoscope Tavern","不进入厨师","内容类型=DRINK","","",""
"Blue Bar Stool","kaleidoscope_tavern:blue_bar_stool","NON_FOOD","not_edible","MEDIUM","否","","","","1","0","kaleidoscope_tavern:blue_bar_stool","","minecraft:crafting_shaped","Kaleidoscope Tavern","不进入厨师","内容类型=NON_FOOD","","",""
"Blue Pendant Lamp","kaleidoscope_tavern:blue_pendant_lamp","NON_FOOD","not_edible","MEDIUM","否","","","","1","0","kaleidoscope_tavern:blue_pendant_lamp","","minecraft:crafting_shaped","Kaleidoscope Tavern","不进入厨师","内容类型=NON_FOOD","","",""
"Blue Sofa","kaleidoscope_tavern:blue_sofa","NON_FOOD","not_edible","MEDIUM","否","","","","1","0","kaleidoscope_tavern:blue_sofa","","minecraft:crafting_shaped","Kaleidoscope Tavern","不进入厨师","内容类型=NON_FOOD","","",""
"Brandy","kaleidoscope_tavern:brandy","DRINK","recipe_type=kaleidoscope_tavern:barrel","HIGH","否","","","","1","0","kaleidoscope_tavern:barrel/brandy","","kaleidoscope_tavern:barrel","Kaleidoscope Tavern","不进入厨师","内容类型=DRINK","","",""
"Brass Heart","kaleidoscope_tavern:brass_heart","DRINK","recipe_type=kaleidoscope_tavern:shaker","HIGH","否","","","","1","0","kaleidoscope_tavern:shaker/brass_heart","","kaleidoscope_tavern:shaker","Kaleidoscope Tavern","不进入厨师","内容类型=DRINK","","",""
"Brown Bar Stool","kaleidoscope_tavern:brown_bar_stool","NON_FOOD","not_edible","MEDIUM","否","","","","1","0","kaleidoscope_tavern:brown_bar_stool","","minecraft:crafting_shaped","Kaleidoscope Tavern","不进入厨师","内容类型=NON_FOOD","","",""
"Brown Sofa","kaleidoscope_tavern:brown_sofa","NON_FOOD","not_edible","MEDIUM","否","","","","1","0","kaleidoscope_tavern:brown_sofa","","minecraft:crafting_shaped","Kaleidoscope Tavern","不进入厨师","内容类型=NON_FOOD","","",""
"Butterfly Incense","kaleidoscope_tavern:butterfly_incense","NON_FOOD","not_edible","MEDIUM","否","","","","1","0","kaleidoscope_tavern:butterfly_incense","","minecraft:crafting_shaped","Kaleidoscope Tavern","不进入厨师","内容类型=NON_FOOD","","",""
"Carignan","kaleidoscope_tavern:carignan","DRINK","recipe_type=kaleidoscope_tavern:barrel","HIGH","否","","","","1","0","kaleidoscope_tavern:barrel/carignan","","kaleidoscope_tavern:barrel","Kaleidoscope Tavern","不进入厨师","内容类型=DRINK","","",""
"Catnip Incense","kaleidoscope_tavern:catnip_incense","NON_FOOD","not_edible","MEDIUM","否","","","","1","0","kaleidoscope_tavern:catnip_incense","","minecraft:crafting_shaped","Kaleidoscope Tavern","不进入厨师","内容类型=NON_FOOD","","",""
"Cellar Cabinet","kaleidoscope_tavern:cellar_cabinet","NON_FOOD","decor_or_storage_token","HIGH","否","","","","1","0","kaleidoscope_tavern:cellar_cabinet","","minecraft:crafting_shaped","Kaleidoscope Tavern","不进入厨师","内容类型=NON_FOOD","","",""
"Chalkboard","kaleidoscope_tavern:chalkboard","NON_FOOD","not_edible","MEDIUM","否","","","","1","0","kaleidoscope_tavern:chalkboard","","minecraft:crafting_shaped","Kaleidoscope Tavern","不进入厨师","内容类型=NON_FOOD","","",""
"Champagne","kaleidoscope_tavern:champagne","DRINK","recipe_type=kaleidoscope_tavern:barrel","HIGH","否","","","","1","0","kaleidoscope_tavern:barrel/champagne","","kaleidoscope_tavern:barrel","Kaleidoscope Tavern","不进入厨师","内容类型=DRINK","","",""
"Circular Rack","kaleidoscope_tavern:circular_rack","NON_FOOD","not_edible","MEDIUM","否","","","","1","0","kaleidoscope_tavern:circular_rack","","minecraft:crafting_shaped","Kaleidoscope Tavern","不进入厨师","内容类型=NON_FOOD","","",""
"Sandwich Board","kaleidoscope_tavern:cornflower_sandwich_board","NON_FOOD","manual_override;装饰三明治板","HIGH","否","","","","1","0","kaleidoscope_tavern:cornflower_sandwich_board_from_cornflower","","minecraft:crafting_shapeless","Kaleidoscope Tavern","不进入厨师","装饰三明治板","","",""
"Painting","kaleidoscope_tavern:cr019_painting","NON_FOOD","decor_or_storage_token","HIGH","否","","","","1","0","kaleidoscope_tavern:cr019_painting","","minecraft:crafting_shapeless","Kaleidoscope Tavern","不进入厨师","内容类型=NON_FOOD","","",""
"Cyan Bar Stool","kaleidoscope_tavern:cyan_bar_stool","NON_FOOD","not_edible","MEDIUM","否","","","","1","0","kaleidoscope_tavern:cyan_bar_stool","","minecraft:crafting_shaped","Kaleidoscope Tavern","不进入厨师","内容类型=NON_FOOD","","",""
"Cyan Sofa","kaleidoscope_tavern:cyan_sofa","NON_FOOD","not_edible","MEDIUM","否","","","","1","0","kaleidoscope_tavern:cyan_sofa","","minecraft:crafting_shaped","Kaleidoscope Tavern","不进入厨师","内容类型=NON_FOOD","","",""
"Painting","kaleidoscope_tavern:david_painting","NON_FOOD","decor_or_storage_token","HIGH","否","","","","1","0","kaleidoscope_tavern:david_painting","","minecraft:crafting_shapeless","Kaleidoscope Tavern","不进入厨师","内容类型=NON_FOOD","","",""
"Depth Charge","kaleidoscope_tavern:depth_charge","DRINK","recipe_type=kaleidoscope_tavern:shaker","HIGH","否","","","","1","0","kaleidoscope_tavern:shaker/depth_charge","","kaleidoscope_tavern:shaker","Kaleidoscope Tavern","不进入厨师","内容类型=DRINK","","",""
"Emerald","kaleidoscope_tavern:emerald","DRINK","recipe_type=kaleidoscope_tavern:shaker","HIGH","否","","","","1","0","kaleidoscope_tavern:shaker/emerald","","kaleidoscope_tavern:shaker","Kaleidoscope Tavern","不进入厨师","内容类型=DRINK","","",""
"Empty Bottle","kaleidoscope_tavern:empty_bottle","NON_FOOD","not_edible","MEDIUM","否","","","","1","0","kaleidoscope_tavern:empty_bottle","","minecraft:crafting_shapeless","Kaleidoscope Tavern","不进入厨师","内容类型=NON_FOOD","","",""
"Empty Glassware","kaleidoscope_tavern:empty_glassware","NON_FOOD","not_edible","MEDIUM","否","","","","1","0","kaleidoscope_tavern:empty_glassware","","minecraft:crafting_shaped","Kaleidoscope Tavern","不进入厨师","内容类型=NON_FOOD","","",""
"Painting","kaleidoscope_tavern:father_painting","NON_FOOD","decor_or_storage_token","HIGH","否","","","","1","0","kaleidoscope_tavern:father_painting","","minecraft:crafting_shapeless","Kaleidoscope Tavern","不进入厨师","内容类型=NON_FOOD","","",""
"Firefly Incense","kaleidoscope_tavern:firefly_incense","NON_FOOD","not_edible","MEDIUM","否","","","","1","0","kaleidoscope_tavern:firefly_incense","","minecraft:crafting_shaped","Kaleidoscope Tavern","不进入厨师","内容类型=NON_FOOD","","",""
"Ginkgo Incense","kaleidoscope_tavern:ginkgo_incense","NON_FOOD","not_edible","MEDIUM","否","","","","1","0","kaleidoscope_tavern:ginkgo_incense","","minecraft:crafting_shaped","Kaleidoscope Tavern","不进入厨师","内容类型=NON_FOOD","","",""
"Painting","kaleidoscope_tavern:girl_with_pearl_earring_painting","NON_FOOD","decor_or_storage_token","HIGH","否","","","","1","0","kaleidoscope_tavern:girl_with_pearl_earring_painting","","minecraft:crafting_shapeless","Kaleidoscope Tavern","不进入厨师","内容类型=NON_FOOD","","",""
"Glass Bar Cabinet","kaleidoscope_tavern:glass_bar_cabinet","NON_FOOD","decor_or_storage_token","HIGH","否","","","","1","0","kaleidoscope_tavern:glass_bar_cabinet","","minecraft:crafting_shaped","Kaleidoscope Tavern","不进入厨师","内容类型=NON_FOOD","","",""
"Glassware Holder","kaleidoscope_tavern:glassware_holder","NON_FOOD","not_edible","MEDIUM","否","","","","1","0","kaleidoscope_tavern:glassware_holder","","minecraft:crafting_shaped","Kaleidoscope Tavern","不进入厨师","内容类型=NON_FOOD","","",""
"Glow Berries Bucket","kaleidoscope_tavern:glow_berries_bucket","INGREDIENT","fluid_only_pressing_tub_or_no_item_result","HIGH","否","","","","1","0","kaleidoscope_tavern:pressing_tub/glow_berries_bucket","","kaleidoscope_tavern:pressing_tub","Kaleidoscope Tavern","不进入厨师","内容类型=INGREDIENT","","",""
"Glowflower Brew","kaleidoscope_tavern:glowflower_brew","DRINK","recipe_type=kaleidoscope_tavern:barrel","HIGH","否","","","","1","0","kaleidoscope_tavern:barrel/glowflower_brew","","kaleidoscope_tavern:barrel","Kaleidoscope Tavern","不进入厨师","内容类型=DRINK","","",""
"Godfather","kaleidoscope_tavern:godfather","DRINK","recipe_type=kaleidoscope_tavern:shaker","HIGH","否","","","","1","0","kaleidoscope_tavern:shaker/godfather","","kaleidoscope_tavern:shaker","Kaleidoscope Tavern","不进入厨师","内容类型=DRINK","","",""
"Gold Grape Bucket","kaleidoscope_tavern:gold_grape_bucket","INGREDIENT","fluid_only_pressing_tub_or_no_item_result","HIGH","否","","","","1","0","kaleidoscope_tavern:pressing_tub/gold_grape_bucket","","kaleidoscope_tavern:pressing_tub","Kaleidoscope Tavern","不进入厨师","内容类型=INGREDIENT","","",""
"Grape Bucket","kaleidoscope_tavern:grape_bucket","INGREDIENT","fluid_only_pressing_tub_or_no_item_result","HIGH","否","","","","1","0","kaleidoscope_tavern:pressing_tub/grape_bucket","","kaleidoscope_tavern:pressing_tub","Kaleidoscope Tavern","不进入厨师","内容类型=INGREDIENT","","",""
"Sandwich Board","kaleidoscope_tavern:grass_sandwich_board","NON_FOOD","manual_override;装饰三明治板","HIGH","否","","","","1","0","kaleidoscope_tavern:grass_sandwich_board_from_short_grass","","minecraft:crafting_shapeless","Kaleidoscope Tavern","不进入厨师","装饰三明治板","","",""
"Grasshopper","kaleidoscope_tavern:grasshopper","DRINK","recipe_type=kaleidoscope_tavern:shaker","HIGH","否","","","","1","0","kaleidoscope_tavern:shaker/grasshopper","","kaleidoscope_tavern:shaker","Kaleidoscope Tavern","不进入厨师","内容类型=DRINK","","",""
"Gray Bar Stool","kaleidoscope_tavern:gray_bar_stool","NON_FOOD","not_edible","MEDIUM","否","","","","1","0","kaleidoscope_tavern:gray_bar_stool","","minecraft:crafting_shaped","Kaleidoscope Tavern","不进入厨师","内容类型=NON_FOOD","","",""
"Gray Sofa","kaleidoscope_tavern:gray_sofa","NON_FOOD","not_edible","MEDIUM","否","","","","1","0","kaleidoscope_tavern:gray_sofa","","minecraft:crafting_shaped","Kaleidoscope Tavern","不进入厨师","内容类型=NON_FOOD","","",""
"Painting","kaleidoscope_tavern:great_wave_painting","NON_FOOD","decor_or_storage_token","HIGH","否","","","","1","0","kaleidoscope_tavern:great_wave_painting","","minecraft:crafting_shapeless","Kaleidoscope Tavern","不进入厨师","内容类型=NON_FOOD","","",""
"Green Bar Stool","kaleidoscope_tavern:green_bar_stool","NON_FOOD","not_edible","MEDIUM","否","","","","1","0","kaleidoscope_tavern:green_bar_stool","","minecraft:crafting_shaped","Kaleidoscope Tavern","不进入厨师","内容类型=NON_FOOD","","",""
"Green Grape Bucket","kaleidoscope_tavern:green_grape_bucket","INGREDIENT","fluid_only_pressing_tub_or_no_item_result","HIGH","否","","","","1","0","kaleidoscope_tavern:pressing_tub/green_grape_bucket","","kaleidoscope_tavern:pressing_tub","Kaleidoscope Tavern","不进入厨师","内容类型=INGREDIENT","","",""
"Green Sofa","kaleidoscope_tavern:green_sofa","NON_FOOD","not_edible","MEDIUM","否","","","","1","0","kaleidoscope_tavern:green_sofa","","minecraft:crafting_shaped","Kaleidoscope Tavern","不进入厨师","内容类型=NON_FOOD","","",""
"Bottle Holder","kaleidoscope_tavern:holder","NON_FOOD","not_edible","MEDIUM","否","","","","1","0","kaleidoscope_tavern:holder","","minecraft:crafting_shaped","Kaleidoscope Tavern","不进入厨师","内容类型=NON_FOOD","","",""
"Honey Wine","kaleidoscope_tavern:honey_wine","DRINK","recipe_type=kaleidoscope_tavern:barrel","HIGH","否","","","","1","0","kaleidoscope_tavern:barrel/honey_wine","","kaleidoscope_tavern:barrel","Kaleidoscope Tavern","不进入厨师","内容类型=DRINK","","",""
"Ice Grape Bucket","kaleidoscope_tavern:ice_grape_bucket","INGREDIENT","fluid_only_pressing_tub_or_no_item_result","HIGH","否","","","","1","0","kaleidoscope_tavern:pressing_tub/ice_grape_bucket","","kaleidoscope_tavern:pressing_tub","Kaleidoscope Tavern","不进入厨师","内容类型=INGREDIENT","","",""
"Ice Wine","kaleidoscope_tavern:ice_wine","DRINK","recipe_type=kaleidoscope_tavern:barrel","HIGH","否","","","","1","0","kaleidoscope_tavern:barrel/ice_wine","","kaleidoscope_tavern:barrel","Kaleidoscope Tavern","不进入厨师","内容类型=DRINK","","",""
"Light Blue Bar Stool","kaleidoscope_tavern:light_blue_bar_stool","NON_FOOD","not_edible","MEDIUM","否","","","","1","0","kaleidoscope_tavern:light_blue_bar_stool","","minecraft:crafting_shaped","Kaleidoscope Tavern","不进入厨师","内容类型=NON_FOOD","","",""
"Light Blue Sofa","kaleidoscope_tavern:light_blue_sofa","NON_FOOD","not_edible","MEDIUM","否","","","","1","0","kaleidoscope_tavern:light_blue_sofa","","minecraft:crafting_shaped","Kaleidoscope Tavern","不进入厨师","内容类型=NON_FOOD","","",""
"Light Gray Bar Stool","kaleidoscope_tavern:light_gray_bar_stool","NON_FOOD","not_edible","MEDIUM","否","","","","1","0","kaleidoscope_tavern:light_gray_bar_stool","","minecraft:crafting_shaped","Kaleidoscope Tavern","不进入厨师","内容类型=NON_FOOD","","",""
"Light Gray Sofa","kaleidoscope_tavern:light_gray_sofa","NON_FOOD","not_edible","MEDIUM","否","","","","1","0","kaleidoscope_tavern:light_gray_sofa","","minecraft:crafting_shaped","Kaleidoscope Tavern","不进入厨师","内容类型=NON_FOOD","","",""
"Lime Bar Stool","kaleidoscope_tavern:lime_bar_stool","NON_FOOD","not_edible","MEDIUM","否","","","","1","0","kaleidoscope_tavern:lime_bar_stool","","minecraft:crafting_shaped","Kaleidoscope Tavern","不进入厨师","内容类型=NON_FOOD","","",""
"Lime Sofa","kaleidoscope_tavern:lime_sofa","NON_FOOD","not_edible","MEDIUM","否","","","","1","0","kaleidoscope_tavern:lime_sofa","","minecraft:crafting_shaped","Kaleidoscope Tavern","不进入厨师","内容类型=NON_FOOD","","",""
"Luminous Bride","kaleidoscope_tavern:luminous_bride","DRINK","recipe_type=kaleidoscope_tavern:barrel","HIGH","否","","","","1","0","kaleidoscope_tavern:barrel/luminous_bride","","kaleidoscope_tavern:barrel","Kaleidoscope Tavern","不进入厨师","内容类型=DRINK","","",""
"Madame Shexiang","kaleidoscope_tavern:madame_shexiang","DRINK","recipe_type=kaleidoscope_tavern:barrel","HIGH","否","","","","1","0","kaleidoscope_tavern:barrel/madame_shexiang","","kaleidoscope_tavern:barrel","Kaleidoscope Tavern","不进入厨师","内容类型=DRINK","","",""
"Magenta Bar Stool","kaleidoscope_tavern:magenta_bar_stool","NON_FOOD","not_edible","MEDIUM","否","","","","1","0","kaleidoscope_tavern:magenta_bar_stool","","minecraft:crafting_shaped","Kaleidoscope Tavern","不进入厨师","内容类型=NON_FOOD","","",""
"Magenta Sofa","kaleidoscope_tavern:magenta_sofa","NON_FOOD","not_edible","MEDIUM","否","","","","1","0","kaleidoscope_tavern:magenta_sofa","","minecraft:crafting_shaped","Kaleidoscope Tavern","不进入厨师","内容类型=NON_FOOD","","",""
"Painting","kaleidoscope_tavern:master_marisa_painting","NON_FOOD","decor_or_storage_token","HIGH","否","","","","1","0","kaleidoscope_tavern:master_marisa_painting","","minecraft:crafting_shapeless","Kaleidoscope Tavern","不进入厨师","内容类型=NON_FOOD","","",""
"Miner's Star","kaleidoscope_tavern:miners_star","DRINK","recipe_type=kaleidoscope_tavern:barrel","HIGH","否","","","","1","0","kaleidoscope_tavern:barrel/miners_star","","kaleidoscope_tavern:barrel","Kaleidoscope Tavern","不进入厨师","内容类型=DRINK","","",""
"Mojito","kaleidoscope_tavern:mojito","DRINK","recipe_type=kaleidoscope_tavern:shaker","HIGH","否","","","","1","0","kaleidoscope_tavern:shaker/mojito","","kaleidoscope_tavern:shaker","Kaleidoscope Tavern","不进入厨师","内容类型=DRINK","","",""
"Molotov Cocktail","kaleidoscope_tavern:molotov","DRINK","recipe_type=kaleidoscope_tavern:barrel","HIGH","否","","","","1","0","kaleidoscope_tavern:barrel/molotov","","kaleidoscope_tavern:barrel","Kaleidoscope Tavern","不进入厨师","内容类型=DRINK","","",""
"Painting","kaleidoscope_tavern:mona_lisa_painting","NON_FOOD","decor_or_storage_token","HIGH","否","","","","1","0","kaleidoscope_tavern:mona_lisa_painting","","minecraft:crafting_shapeless","Kaleidoscope Tavern","不进入厨师","内容类型=NON_FOOD","","",""
"Painting","kaleidoscope_tavern:mondrian_painting","NON_FOOD","decor_or_storage_token","HIGH","否","","","","1","0","kaleidoscope_tavern:mondrian_painting","","minecraft:crafting_shaped","Kaleidoscope Tavern","不进入厨师","内容类型=NON_FOOD","","",""
"Mother Snow","kaleidoscope_tavern:mother_snow","DRINK","recipe_type=kaleidoscope_tavern:barrel","HIGH","否","","","","1","0","kaleidoscope_tavern:barrel/mother_snow","","kaleidoscope_tavern:barrel","Kaleidoscope Tavern","不进入厨师","内容类型=DRINK","","",""
"Nether Special","kaleidoscope_tavern:nether_special","DRINK","recipe_type=kaleidoscope_tavern:shaker","HIGH","否","","","","1","0","kaleidoscope_tavern:shaker/nether_special","","kaleidoscope_tavern:shaker","Kaleidoscope Tavern","不进入厨师","内容类型=DRINK","","",""
"Orange Bar Stool","kaleidoscope_tavern:orange_bar_stool","NON_FOOD","not_edible","MEDIUM","否","","","","1","0","kaleidoscope_tavern:orange_bar_stool","","minecraft:crafting_shaped","Kaleidoscope Tavern","不进入厨师","内容类型=NON_FOOD","","",""
"Orange Sofa","kaleidoscope_tavern:orange_sofa","NON_FOOD","not_edible","MEDIUM","否","","","","1","0","kaleidoscope_tavern:orange_sofa","","minecraft:crafting_shaped","Kaleidoscope Tavern","不进入厨师","内容类型=NON_FOOD","","",""
"Sandwich Board","kaleidoscope_tavern:orchid_sandwich_board","NON_FOOD","manual_override;装饰三明治板","HIGH","否","","","","1","0","kaleidoscope_tavern:orchid_sandwich_board_from_blue_orchid","","minecraft:crafting_shapeless","Kaleidoscope Tavern","不进入厨师","装饰三明治板","","",""
"Sandwich Board","kaleidoscope_tavern:peony_sandwich_board","NON_FOOD","manual_override;装饰三明治板","HIGH","否","","","","2","0","kaleidoscope_tavern:peony_sandwich_board_from_lilac | kaleidoscope_tavern:peony_sandwich_board_from_peony","","minecraft:crafting_shapeless","Kaleidoscope Tavern","不进入厨师","装饰三明治板","","",""
"Pine Incense","kaleidoscope_tavern:pine_incense","NON_FOOD","not_edible","MEDIUM","否","","","","1","0","kaleidoscope_tavern:pine_incense","","minecraft:crafting_shaped","Kaleidoscope Tavern","不进入厨师","内容类型=NON_FOOD","","",""
"Pink Bar Stool","kaleidoscope_tavern:pink_bar_stool","NON_FOOD","not_edible","MEDIUM","否","","","","1","0","kaleidoscope_tavern:pink_bar_stool","","minecraft:crafting_shaped","Kaleidoscope Tavern","不进入厨师","内容类型=NON_FOOD","","",""
"Sandwich Board","kaleidoscope_tavern:pink_petals_sandwich_board","NON_FOOD","manual_override;装饰三明治板","HIGH","否","","","","1","0","kaleidoscope_tavern:pink_petals_sandwich_board_from_pink_petals","","minecraft:crafting_shapeless","Kaleidoscope Tavern","不进入厨师","装饰三明治板","","",""
"Pink Sofa","kaleidoscope_tavern:pink_sofa","NON_FOOD","not_edible","MEDIUM","否","","","","1","0","kaleidoscope_tavern:pink_sofa","","minecraft:crafting_shaped","Kaleidoscope Tavern","不进入厨师","内容类型=NON_FOOD","","",""
"Sandwich Board","kaleidoscope_tavern:pitcher_plant_sandwich_board","NON_FOOD","manual_override;装饰三明治板","HIGH","否","","","","1","0","kaleidoscope_tavern:pitcher_plant_sandwich_board_from_pitcher_plant","","minecraft:crafting_shapeless","Kaleidoscope Tavern","不进入厨师","装饰三明治板","","",""
"Plum Wine","kaleidoscope_tavern:plum_wine","DRINK","recipe_type=kaleidoscope_tavern:barrel","HIGH","否","","","","1","0","kaleidoscope_tavern:barrel/plum_wine","","kaleidoscope_tavern:barrel","Kaleidoscope Tavern","不进入厨师","内容类型=DRINK","","",""
"Polaris Sweet White","kaleidoscope_tavern:polaris_sweet_white","DRINK","recipe_type=kaleidoscope_tavern:barrel","HIGH","否","","","","1","0","kaleidoscope_tavern:barrel/polaris_sweet_white","","kaleidoscope_tavern:barrel","Kaleidoscope Tavern","不进入厨师","内容类型=DRINK","","",""
"Sandwich Board","kaleidoscope_tavern:poppy_sandwich_board","NON_FOOD","manual_override;装饰三明治板","HIGH","否","","","","2","0","kaleidoscope_tavern:poppy_sandwich_board_from_poppy | kaleidoscope_tavern:poppy_sandwich_board_from_rose_bush","","minecraft:crafting_shapeless","Kaleidoscope Tavern","不进入厨师","装饰三明治板","","",""
"Pressing Tub","kaleidoscope_tavern:pressing_tub","NON_FOOD","not_edible","MEDIUM","否","","","","1","0","kaleidoscope_tavern:pressing_tub","","minecraft:crafting_shapeless","Kaleidoscope Tavern","不进入厨师","内容类型=NON_FOOD","","",""
"Purple Bar Stool","kaleidoscope_tavern:purple_bar_stool","NON_FOOD","not_edible","MEDIUM","否","","","","1","0","kaleidoscope_tavern:purple_bar_stool","","minecraft:crafting_shaped","Kaleidoscope Tavern","不进入厨师","内容类型=NON_FOOD","","",""
"Purple Sofa","kaleidoscope_tavern:purple_sofa","NON_FOOD","not_edible","MEDIUM","否","","","","1","0","kaleidoscope_tavern:purple_sofa","","minecraft:crafting_shaped","Kaleidoscope Tavern","不进入厨师","内容类型=NON_FOOD","","",""
"Red Bar Stool","kaleidoscope_tavern:red_bar_stool","NON_FOOD","not_edible","MEDIUM","否","","","","1","0","kaleidoscope_tavern:red_bar_stool","","minecraft:crafting_shaped","Kaleidoscope Tavern","不进入厨师","内容类型=NON_FOOD","","",""
"Red Queen","kaleidoscope_tavern:red_queen","DRINK","recipe_type=kaleidoscope_tavern:barrel","HIGH","否","","","","1","0","kaleidoscope_tavern:barrel/red_queen","","kaleidoscope_tavern:barrel","Kaleidoscope Tavern","不进入厨师","内容类型=DRINK","","",""
"Red Sofa","kaleidoscope_tavern:red_sofa","NON_FOOD","not_edible","MEDIUM","否","","","","1","0","kaleidoscope_tavern:red_sofa","","minecraft:crafting_shaped","Kaleidoscope Tavern","不进入厨师","内容类型=NON_FOOD","","",""
"Riesling Dry White","kaleidoscope_tavern:riesling_dry_white","DRINK","recipe_type=kaleidoscope_tavern:barrel","HIGH","否","","","","1","0","kaleidoscope_tavern:barrel/riesling_dry_white","","kaleidoscope_tavern:barrel","Kaleidoscope Tavern","不进入厨师","内容类型=DRINK","","",""
"Rum","kaleidoscope_tavern:rum","DRINK","recipe_type=kaleidoscope_tavern:barrel","HIGH","否","","","","1","0","kaleidoscope_tavern:barrel/rum","","kaleidoscope_tavern:barrel","Kaleidoscope Tavern","不进入厨师","内容类型=DRINK","","",""
"Sakura Incense","kaleidoscope_tavern:sakura_incense","NON_FOOD","not_edible","MEDIUM","否","","","","1","0","kaleidoscope_tavern:sakura_incense","","minecraft:crafting_shaped","Kaleidoscope Tavern","不进入厨师","内容类型=NON_FOOD","","",""
"Sakura Wine","kaleidoscope_tavern:sakura_wine","DRINK","recipe_type=kaleidoscope_tavern:barrel","HIGH","否","","","","1","0","kaleidoscope_tavern:barrel/sakura_wine","","kaleidoscope_tavern:barrel","Kaleidoscope Tavern","不进入厨师","内容类型=DRINK","","",""
"Sauvignon Blanc Dry White","kaleidoscope_tavern:sauvignon_blanc_dry_white","DRINK","recipe_type=kaleidoscope_tavern:barrel","HIGH","否","","","","1","0","kaleidoscope_tavern:barrel/sauvignon_blanc_dry_white","","kaleidoscope_tavern:barrel","Kaleidoscope Tavern","不进入厨师","内容类型=DRINK","","",""
"Screwdriver","kaleidoscope_tavern:screwdriver","DRINK","recipe_type=kaleidoscope_tavern:shaker","HIGH","否","","","","1","0","kaleidoscope_tavern:shaker/screwdriver","","kaleidoscope_tavern:shaker","Kaleidoscope Tavern","不进入厨师","内容类型=DRINK","","",""
"Sculk Special","kaleidoscope_tavern:sculk_special","DRINK","recipe_type=kaleidoscope_tavern:shaker","HIGH","否","","","","1","0","kaleidoscope_tavern:shaker/sculk_special","","kaleidoscope_tavern:shaker","Kaleidoscope Tavern","不进入厨师","内容类型=DRINK","","",""
"Shaker","kaleidoscope_tavern:shaker","NON_FOOD","not_edible","MEDIUM","否","","","","1","0","kaleidoscope_tavern:shaker","","minecraft:crafting_shaped","Kaleidoscope Tavern","不进入厨师","内容类型=NON_FOOD","","",""
"Sherry","kaleidoscope_tavern:sherry","DRINK","recipe_type=kaleidoscope_tavern:barrel","HIGH","否","","","","1","0","kaleidoscope_tavern:barrel/sherry","","kaleidoscope_tavern:barrel","Kaleidoscope Tavern","不进入厨师","内容类型=DRINK","","",""
"Snow Incense","kaleidoscope_tavern:snow_incense","NON_FOOD","not_edible","MEDIUM","否","","","","1","0","kaleidoscope_tavern:snow_incense","","minecraft:crafting_shaped","Kaleidoscope Tavern","不进入厨师","内容类型=NON_FOOD","","",""
"Painting","kaleidoscope_tavern:son_of_man_painting","NON_FOOD","decor_or_storage_token","HIGH","否","","","","1","0","kaleidoscope_tavern:son_of_man_painting","","minecraft:crafting_shapeless","Kaleidoscope Tavern","不进入厨师","内容类型=NON_FOOD","","",""
"Spore Incense","kaleidoscope_tavern:spore_incense","NON_FOOD","not_edible","MEDIUM","否","","","","1","0","kaleidoscope_tavern:spore_incense","","minecraft:crafting_shaped","Kaleidoscope Tavern","不进入厨师","内容类型=NON_FOOD","","",""
"Painting","kaleidoscope_tavern:starry_night_painting","NON_FOOD","decor_or_storage_token","HIGH","否","","","","1","0","kaleidoscope_tavern:starry_night_painting","","minecraft:crafting_shapeless","Kaleidoscope Tavern","不进入厨师","内容类型=NON_FOOD","","",""
"Stepladder","kaleidoscope_tavern:stepladder","NON_FOOD","not_edible","MEDIUM","否","","","","1","0","kaleidoscope_tavern:stepladder","","minecraft:crafting_shaped","Kaleidoscope Tavern","不进入厨师","内容类型=NON_FOOD","","",""
"String Lights (Black)","kaleidoscope_tavern:string_lights_black","NON_FOOD","not_edible","MEDIUM","否","","","","1","0","kaleidoscope_tavern:string_lights_black","","minecraft:crafting_shaped","Kaleidoscope Tavern","不进入厨师","内容类型=NON_FOOD","","",""
"String Lights (Blue)","kaleidoscope_tavern:string_lights_blue","NON_FOOD","not_edible","MEDIUM","否","","","","1","0","kaleidoscope_tavern:string_lights_blue","","minecraft:crafting_shaped","Kaleidoscope Tavern","不进入厨师","内容类型=NON_FOOD","","",""
"String Lights (Brown)","kaleidoscope_tavern:string_lights_brown","NON_FOOD","not_edible","MEDIUM","否","","","","1","0","kaleidoscope_tavern:string_lights_brown","","minecraft:crafting_shaped","Kaleidoscope Tavern","不进入厨师","内容类型=NON_FOOD","","",""
"String Lights (Colorless)","kaleidoscope_tavern:string_lights_colorless","NON_FOOD","not_edible","MEDIUM","否","","","","1","0","kaleidoscope_tavern:string_lights_colorless","","minecraft:crafting_shaped","Kaleidoscope Tavern","不进入厨师","内容类型=NON_FOOD","","",""
"String Lights (Cyan)","kaleidoscope_tavern:string_lights_cyan","NON_FOOD","not_edible","MEDIUM","否","","","","1","0","kaleidoscope_tavern:string_lights_cyan","","minecraft:crafting_shaped","Kaleidoscope Tavern","不进入厨师","内容类型=NON_FOOD","","",""
"String Lights (Gray)","kaleidoscope_tavern:string_lights_gray","NON_FOOD","not_edible","MEDIUM","否","","","","1","0","kaleidoscope_tavern:string_lights_gray","","minecraft:crafting_shaped","Kaleidoscope Tavern","不进入厨师","内容类型=NON_FOOD","","",""
"String Lights (Green)","kaleidoscope_tavern:string_lights_green","NON_FOOD","not_edible","MEDIUM","否","","","","1","0","kaleidoscope_tavern:string_lights_green","","minecraft:crafting_shaped","Kaleidoscope Tavern","不进入厨师","内容类型=NON_FOOD","","",""
"String Lights (Light Blue)","kaleidoscope_tavern:string_lights_light_blue","NON_FOOD","not_edible","MEDIUM","否","","","","1","0","kaleidoscope_tavern:string_lights_light_blue","","minecraft:crafting_shaped","Kaleidoscope Tavern","不进入厨师","内容类型=NON_FOOD","","",""
"String Lights (Light Gray)","kaleidoscope_tavern:string_lights_light_gray","NON_FOOD","not_edible","MEDIUM","否","","","","1","0","kaleidoscope_tavern:string_lights_light_gray","","minecraft:crafting_shaped","Kaleidoscope Tavern","不进入厨师","内容类型=NON_FOOD","","",""
"String Lights (Lime)","kaleidoscope_tavern:string_lights_lime","NON_FOOD","not_edible","MEDIUM","否","","","","1","0","kaleidoscope_tavern:string_lights_lime","","minecraft:crafting_shaped","Kaleidoscope Tavern","不进入厨师","内容类型=NON_FOOD","","",""
"String Lights (Magenta)","kaleidoscope_tavern:string_lights_magenta","NON_FOOD","not_edible","MEDIUM","否","","","","1","0","kaleidoscope_tavern:string_lights_magenta","","minecraft:crafting_shaped","Kaleidoscope Tavern","不进入厨师","内容类型=NON_FOOD","","",""
"String Lights (Orange)","kaleidoscope_tavern:string_lights_orange","NON_FOOD","not_edible","MEDIUM","否","","","","1","0","kaleidoscope_tavern:string_lights_orange","","minecraft:crafting_shaped","Kaleidoscope Tavern","不进入厨师","内容类型=NON_FOOD","","",""
"String Lights (Pink)","kaleidoscope_tavern:string_lights_pink","NON_FOOD","not_edible","MEDIUM","否","","","","1","0","kaleidoscope_tavern:string_lights_pink","","minecraft:crafting_shaped","Kaleidoscope Tavern","不进入厨师","内容类型=NON_FOOD","","",""
"String Lights (Purple)","kaleidoscope_tavern:string_lights_purple","NON_FOOD","not_edible","MEDIUM","否","","","","1","0","kaleidoscope_tavern:string_lights_purple","","minecraft:crafting_shaped","Kaleidoscope Tavern","不进入厨师","内容类型=NON_FOOD","","",""
"String Lights (Red)","kaleidoscope_tavern:string_lights_red","NON_FOOD","not_edible","MEDIUM","否","","","","1","0","kaleidoscope_tavern:string_lights_red","","minecraft:crafting_shaped","Kaleidoscope Tavern","不进入厨师","内容类型=NON_FOOD","","",""
"String Lights (White)","kaleidoscope_tavern:string_lights_white","NON_FOOD","not_edible","MEDIUM","否","","","","1","0","kaleidoscope_tavern:string_lights_white","","minecraft:crafting_shaped","Kaleidoscope Tavern","不进入厨师","内容类型=NON_FOOD","","",""
"String Lights (Yellow)","kaleidoscope_tavern:string_lights_yellow","NON_FOOD","not_edible","MEDIUM","否","","","","1","0","kaleidoscope_tavern:string_lights_yellow","","minecraft:crafting_shaped","Kaleidoscope Tavern","不进入厨师","内容类型=NON_FOOD","","",""
"Sandwich Board","kaleidoscope_tavern:sunflower_sandwich_board","NON_FOOD","manual_override;装饰三明治板","HIGH","否","","","","2","0","kaleidoscope_tavern:sunflower_sandwich_board_from_dandelion | kaleidoscope_tavern:sunflower_sandwich_board_from_sunflower","","minecraft:crafting_shapeless","Kaleidoscope Tavern","不进入厨师","装饰三明治板","","",""
"Sunset Glow","kaleidoscope_tavern:sunset_glow","DRINK","recipe_type=kaleidoscope_tavern:barrel","HIGH","否","","","","1","0","kaleidoscope_tavern:barrel/sunset_glow","","kaleidoscope_tavern:barrel","Kaleidoscope Tavern","不进入厨师","内容类型=DRINK","","",""
"Sweet Berries Bucket","kaleidoscope_tavern:sweet_berries_bucket","INGREDIENT","fluid_only_pressing_tub_or_no_item_result","HIGH","否","","","","1","0","kaleidoscope_tavern:pressing_tub/sweet_berries_bucket","","kaleidoscope_tavern:pressing_tub","Kaleidoscope Tavern","不进入厨师","内容类型=INGREDIENT","","",""
"Sweet Berry Wine","kaleidoscope_tavern:sweet_berry_wine","DRINK","recipe_type=kaleidoscope_tavern:barrel","HIGH","否","","","","1","0","kaleidoscope_tavern:barrel/sweet_berry_wine","","kaleidoscope_tavern:barrel","Kaleidoscope Tavern","不进入厨师","内容类型=DRINK","","",""
"Table","kaleidoscope_tavern:table","NON_FOOD","not_edible","MEDIUM","否","","","","1","0","kaleidoscope_tavern:table","","minecraft:crafting_shaped","Kaleidoscope Tavern","不进入厨师","内容类型=NON_FOOD","","",""
"Tap","kaleidoscope_tavern:tap","NON_FOOD","not_edible","MEDIUM","否","","","","1","0","kaleidoscope_tavern:tap","","minecraft:crafting_shaped","Kaleidoscope Tavern","不进入厨师","内容类型=NON_FOOD","","",""
"Painting","kaleidoscope_tavern:tartaric_acid_painting","NON_FOOD","manual_override;装饰画；tart误匹配已修复","HIGH","否","","","","1","0","kaleidoscope_tavern:tartaric_acid_painting","","minecraft:crafting_shapeless","Kaleidoscope Tavern","不进入厨师","装饰画；tart误匹配已修复","","","禁止substring tart"
"Tilted Rack","kaleidoscope_tavern:tilted_rack","NON_FOOD","not_edible","MEDIUM","否","","","","1","0","kaleidoscope_tavern:tilted_rack","","minecraft:crafting_shaped","Kaleidoscope Tavern","不进入厨师","内容类型=NON_FOOD","","",""
"Sandwich Board","kaleidoscope_tavern:torchflower_sandwich_board","NON_FOOD","manual_override;装饰三明治板","HIGH","否","","","","1","0","kaleidoscope_tavern:torchflower_sandwich_board_from_torchflower","","minecraft:crafting_shapeless","Kaleidoscope Tavern","不进入厨师","装饰三明治板","","",""
"Trellis","kaleidoscope_tavern:trellis","NON_FOOD","not_edible","MEDIUM","否","","","","1","0","kaleidoscope_tavern:trellis","","minecraft:crafting_shaped","Kaleidoscope Tavern","不进入厨师","内容类型=NON_FOOD","","",""
"Sandwich Board","kaleidoscope_tavern:tulip_sandwich_board","NON_FOOD","manual_override;装饰三明治板","HIGH","否","","","","4","0","kaleidoscope_tavern:tulip_sandwich_board_from_orange_tulip | kaleidoscope_tavern:tulip_sandwich_board_from_pink_tulip | kaleidoscope_tavern:tulip_sandwich_board_from_red_tulip | kaleidoscope_tavern:tulip_sandwich_board_from_white_tulip","","minecraft:crafting_shapeless","Kaleidoscope Tavern","不进入厨师","装饰三明治板","","",""
"Painting","kaleidoscope_tavern:unknown_painting","NON_FOOD","decor_or_storage_token","HIGH","否","","","","1","0","kaleidoscope_tavern:unknown_painting","","minecraft:crafting_shapeless","Kaleidoscope Tavern","不进入厨师","内容类型=NON_FOOD","","",""
"Painting","kaleidoscope_tavern:van_gogh_self_portrait_painting","NON_FOOD","decor_or_storage_token","HIGH","否","","","","1","0","kaleidoscope_tavern:van_gogh_self_portrait_painting","","minecraft:crafting_shapeless","Kaleidoscope Tavern","不进入厨师","内容类型=NON_FOOD","","",""
"Vodka","kaleidoscope_tavern:vodka","DRINK","recipe_type=kaleidoscope_tavern:barrel","HIGH","否","","","","1","0","kaleidoscope_tavern:barrel/vodka","","kaleidoscope_tavern:barrel","Kaleidoscope Tavern","不进入厨师","内容类型=DRINK","","",""
"Whiskey","kaleidoscope_tavern:whiskey","DRINK","recipe_type=kaleidoscope_tavern:barrel","HIGH","否","","","","1","0","kaleidoscope_tavern:barrel/whiskey","","kaleidoscope_tavern:barrel","Kaleidoscope Tavern","不进入厨师","内容类型=DRINK","","",""
"White Bar Stool","kaleidoscope_tavern:white_bar_stool","NON_FOOD","not_edible","MEDIUM","否","","","","1","0","kaleidoscope_tavern:white_bar_stool","","minecraft:crafting_shaped","Kaleidoscope Tavern","不进入厨师","内容类型=NON_FOOD","","",""
"White Lady","kaleidoscope_tavern:white_lady","DRINK","recipe_type=kaleidoscope_tavern:shaker","HIGH","否","","","","1","0","kaleidoscope_tavern:shaker/white_lady","","kaleidoscope_tavern:shaker","Kaleidoscope Tavern","不进入厨师","内容类型=DRINK","","",""
"White Sofa","kaleidoscope_tavern:white_sofa","NON_FOOD","not_edible","MEDIUM","否","","","","1","0","kaleidoscope_tavern:white_sofa","","minecraft:crafting_shaped","Kaleidoscope Tavern","不进入厨师","内容类型=NON_FOOD","","",""
"Wine","kaleidoscope_tavern:wine","DRINK","recipe_type=kaleidoscope_tavern:barrel","HIGH","否","","","","1","0","kaleidoscope_tavern:barrel/wine","","kaleidoscope_tavern:barrel","Kaleidoscope Tavern","不进入厨师","内容类型=DRINK","","",""
"Sandwich Board","kaleidoscope_tavern:wither_rose_sandwich_board","NON_FOOD","manual_override;装饰三明治板","HIGH","否","","","","1","0","kaleidoscope_tavern:wither_rose_sandwich_board_from_wither_rose","","minecraft:crafting_shapeless","Kaleidoscope Tavern","不进入厨师","装饰三明治板","","",""
"Yellow Bar Stool","kaleidoscope_tavern:yellow_bar_stool","NON_FOOD","not_edible","MEDIUM","否","","","","1","0","kaleidoscope_tavern:yellow_bar_stool","","minecraft:crafting_shaped","Kaleidoscope Tavern","不进入厨师","内容类型=NON_FOOD","","",""
"Yellow Pendant Lamp","kaleidoscope_tavern:yellow_pendant_lamp","NON_FOOD","not_edible","MEDIUM","否","","","","1","0","kaleidoscope_tavern:yellow_pendant_lamp","","minecraft:crafting_shaped","Kaleidoscope Tavern","不进入厨师","内容类型=NON_FOOD","","",""
"Yellow Sofa","kaleidoscope_tavern:yellow_sofa","NON_FOOD","not_edible","MEDIUM","否","","","","1","0","kaleidoscope_tavern:yellow_sofa","","minecraft:crafting_shaped","Kaleidoscope Tavern","不进入厨师","内容类型=NON_FOOD","","",""
"Painting","kaleidoscope_tavern:ysbb_painting","NON_FOOD","decor_or_storage_token","HIGH","否","","","","1","0","kaleidoscope_tavern:ysbb_painting","","minecraft:crafting_shapeless","Kaleidoscope Tavern","不进入厨师","内容类型=NON_FOOD","","",""
"Blaze Powder","minecraft:blaze_powder","INGREDIENT","ingredient_process=farmersdelight:cutting","MEDIUM","否","","","","2","0","mynethersdelight:crafting/blaze_powder_alt | mynethersdelight:cutting/balze_rod","","minecraft:crafting_shapeless | farmersdelight:cutting","My Nether's Delight","不进入厨师","内容类型=INGREDIENT","","",""
"Bread","minecraft:bread","DISH","cooking_device=minecraft:smelting;food_component","HIGH","是","5","6","","2","0","mynethersdelight:bread_from_smelting | mynethersdelight:bread_from_smoking","","minecraft:smelting | minecraft:smoking","My Nether's Delight","COMMON","基础熟食或少量常见原料/单步合成","","",""
"Brown Dye","minecraft:brown_dye","INGREDIENT","ingredient_process=create:milling","MEDIUM","否","","","","1","0","bakeries:integration/create/milling/brown_dye","","create:milling","Bakeries","不进入厨师","内容类型=INGREDIENT","","",""
"Cake","minecraft:cake","SERVING_DISH","manual_override;原版CakeBlock分食；无Item FOOD","HIGH","否","","","","1","0","neapolitan:cake","","minecraft:crafting_shaped","Neapolitan","不进入厨师","原版CakeBlock分食；无Item FOOD","","","原版蛋糕"
"Crimson Fungus","minecraft:crimson_fungus","INGREDIENT","ingredient_process=farmersdelight:cutting","MEDIUM","否","","","","1","0","mynethersdelight:cutting/crimson_fungus","","farmersdelight:cutting","My Nether's Delight","不进入厨师","内容类型=INGREDIENT","","",""
"Honey Bottle","minecraft:honey_bottle","DRINK","recipe_type=brewinandchewin:keg_pouring","HIGH","是","6","1.2","","1","0","brewinandchewin:pouring/honey_bottle","","brewinandchewin:keg_pouring","Brewin' and Chewin'","不进入厨师","内容类型=DRINK","","",""
"Ice","minecraft:ice","NON_FOOD","not_edible","MEDIUM","否","","","","1","0","neapolitan:ice","","minecraft:crafting_shapeless","Neapolitan","不进入厨师","内容类型=NON_FOOD","","",""
"Iron Chestplate","minecraft:iron_chestplate","NON_FOOD","not_edible","MEDIUM","否","","","","1","0","neapolitan:primal_armor_trim_smithing_template_smithing_trim","","minecraft:smithing_trim","Neapolitan","不进入厨师","内容类型=NON_FOOD","","",""
"Leather","minecraft:leather","INGREDIENT","ingredient_process=farmersdelight:cutting","MEDIUM","否","","","","1","0","mynethersdelight:cutting/hoglin_hide","","farmersdelight:cutting","My Nether's Delight","不进入厨师","内容类型=INGREDIENT","","",""
"Milk Bucket","minecraft:milk_bucket","DRINK","recipe_type=brewinandchewin:keg_pouring","HIGH","否","","","","2","0","brewinandchewin:pouring/milk_bucket | neapolitan:milk_bucket","","brewinandchewin:keg_pouring | minecraft:crafting_shapeless","Brewin' and Chewin' | Neapolitan","不进入厨师","内容类型=DRINK","","",""
"Paper","minecraft:paper","NON_FOOD","not_edible","MEDIUM","否","","","","1","0","neapolitan:paper_from_banana_frond","","minecraft:crafting_shapeless","Neapolitan","不进入厨师","内容类型=NON_FOOD","","",""
"Poisonous Potato","minecraft:poisonous_potato","RAW_FOOD","edible_rawish_token","MEDIUM","是","2","1.2","effect.minecraft.poison 100tick 1级 概率0.6000000238418579","1","0","dungeonsdelight:poisonous_potato_from_poisonous_potato_crate","","minecraft:crafting_shapeless","Dungeon's Delight","不进入厨师","内容类型=RAW_FOOD","","",""
"Uncraftable Potion","minecraft:potion","DRINK","recipe_type=brewinandchewin:create_potion_pouring","HIGH","否","","","","2","0","brewinandchewin:pouring/create/potion | brewinandchewin:pouring/potion","","brewinandchewin:create_potion_pouring | brewinandchewin:keg_pouring","Brewin' and Chewin'","不进入厨师","内容类型=DRINK","","",""
"Bamboo Scaffolding","minecraft:scaffolding","NON_FOOD","not_edible","MEDIUM","否","","","","1","0","mynethersdelight:crafting/scaffolding_alt","","minecraft:crafting_shaped","My Nether's Delight","不进入厨师","内容类型=NON_FOOD","","",""
"Stick","minecraft:stick","INGREDIENT","ingredient_process=farmersdelight:cutting","MEDIUM","否","","","","4","0","dungeonsdelight:stick_from_wormroots | mynethersdelight:crafting/stick_alt | mynethersdelight:cutting/gunpowder_and_stick_cannon | mynethersdelight:cutting/stick_bamboo","","minecraft:crafting_shaped | farmersdelight:cutting","Dungeon's Delight | My Nether's Delight","不进入厨师","内容类型=INGREDIENT","","",""
"Sugar","minecraft:sugar","NON_FOOD","not_edible","MEDIUM","否","","","","1","0","mynethersdelight:crafting/sugar_alt","","minecraft:crafting_shapeless","My Nether's Delight","不进入厨师","内容类型=NON_FOOD","","",""
"Warped Fungus","minecraft:warped_fungus","INGREDIENT","ingredient_process=farmersdelight:cutting","MEDIUM","否","","","","1","0","mynethersdelight:cutting/warped_fungus","","farmersdelight:cutting","My Nether's Delight","不进入厨师","内容类型=INGREDIENT","","",""
"Water Bucket","minecraft:water_bucket","DRINK","recipe_type=brewinandchewin:keg_pouring","HIGH","否","","","","1","0","brewinandchewin:pouring/water_bucket","","brewinandchewin:keg_pouring","Brewin' and Chewin'","不进入厨师","内容类型=DRINK","","",""
"Bacon-wrapped Sausage on a Stick","mynethersdelight:bacon-wrapped_sausage_on_a_stick","DISH","dish_token;edible=true;type=minecraft:crafting_shapeless","HIGH","是","10","12","","1","0","mynethersdelight:crafting/bacon_wrapped_sausage_stick","","minecraft:crafting_shapeless","My Nether's Delight","T2","正餐/甜点名称","","",""
"Blackstone Brick Cabinet","mynethersdelight:blackstone_bricks_cabinet","NON_FOOD","decor_or_storage_token","HIGH","否","","","","1","0","mynethersdelight:stonecutting/blackstone_bricks_cabinet","","minecraft:stonecutting","My Nether's Delight","不进入厨师","内容类型=NON_FOOD","","",""
"Blazier","mynethersdelight:blazier","NON_FOOD","not_edible","MEDIUM","否","","","","1","0","mynethersdelight:crafting/blazefire","","minecraft:crafting_shaped","My Nether's Delight","不进入厨师","内容类型=NON_FOOD","","",""
"Bleeding Tartar","mynethersdelight:bleeding_tartar","DISH","manual_override;FOOD nutrition=6 saturation=9 effects=fire_resistance+nourishment; recipe id=mynethersdelight:crafting/bleeding_tartar (minced_strider×2+egg+bowl); 碗装复合","HIGH","是","6","9","effect.minecraft.fire_resistance 200tick 1级 概率1；effect.farmersdelight.nourishment 600tick 1级 概率1","1","0","mynethersdelight:crafting/bleeding_tartar","","minecraft:crafting_shapeless","My Nether's Delight","T2","FOOD nutrition=6 saturation=9 effects=fire_resistance+nourishment; recipe id=mynethersdelight:crafting/bleeding_tartar (minced_strider×2+egg+bowl); 碗装复合","","","My Nether's Delight;6A.3原REVIEW→DISH T2"
"Blue Tenderloin Steak","mynethersdelight:blue_tenderloin_steak","DISH","dish_token;edible=true;type=minecraft:crafting_shapeless","HIGH","是","9","14.400001","effect.minecraft.nausea 300tick 1级 概率1；effect.farmersdelight.nourishment 1200tick 1级 概率1","1","0","mynethersdelight:crafting/blue_tenderloin_steak","","minecraft:crafting_shapeless","My Nether's Delight","T2","正餐/甜点名称","","",""
"Boiled Egg","mynethersdelight:boiled_egg","DISH","cooking_device=minecraft:smelting;food_component","HIGH","是","4","5.6","","4","0","mynethersdelight:boiled_egg_cooking | mynethersdelight:boiled_egg_from_campfire_cooking | mynethersdelight:boiled_egg_from_smoking | mynethersdelight:cooking/boiled_eggs","","minecraft:smelting | minecraft:campfire_cooking | minecraft:smoking | farmersdelight:cooking","My Nether's Delight","COMMON","基础熟食或少量常见原料/单步合成","","多路径 COMMON/T2 → 最低 COMMON",""
"Bread Loaf","mynethersdelight:bread_loaf","NON_FOOD","not_edible","MEDIUM","否","","","","2","0","mynethersdelight:bread_loaf_from_smelting | mynethersdelight:bread_loaf_from_smoking","","minecraft:smelting | minecraft:smoking","My Nether's Delight","不进入厨师","内容类型=NON_FOOD","","",""
"Breakfast Sampler","mynethersdelight:breakfast_sampler","DISH","dish_token;edible=true;type=minecraft:crafting_shapeless","HIGH","是","15","22.5","effect.farmersdelight.nourishment 2400tick 1级 概率1","1","0","mynethersdelight:crafting/breakfast_sampler","","minecraft:crafting_shapeless","My Nether's Delight","T2","正餐/甜点名称","","",""
"Bullet Pepper","mynethersdelight:bullet_pepper","RAW_FOOD","manual_override;可食用原料辣椒","HIGH","是","2","2","effect.mynethersdelight.b_pungent 100tick 3级 概率1","1","0","mynethersdelight:crafting/bullet_papper_crate_alt","","minecraft:crafting_shapeless","My Nether's Delight","不进入厨师","可食用原料辣椒","","","边界产物"
"Bullet Pepper Crate","mynethersdelight:bullet_pepper_crate","NON_FOOD","decor_or_storage_token","HIGH","否","","","","1","0","mynethersdelight:crafting/bullet_papper_crate","","minecraft:crafting_shapeless","My Nether's Delight","不进入厨师","内容类型=NON_FOOD","","",""
"Burnt Roll","mynethersdelight:burnt_roll","DISH","dish_token;edible=true;type=farmersdelight:cooking","HIGH","是","10","12","effect.mynethersdelight.b_pungent 600tick 2级 概率1","2","0","mynethersdelight:cooking/burn_roll | mynethersdelight:crafting/burnt_roll","","farmersdelight:cooking | minecraft:crafting_shapeless","My Nether's Delight","COMMON","正餐/甜点名称","","多路径 T2/COMMON → 最低 COMMON",""
"Chilidog","mynethersdelight:chilidog","DISH","cooking_device=farmersdelight:cooking;food_component","HIGH","是","11","11","effect.mynethersdelight.g_pungent 600tick 1级 概率1；effect.minecraft.fire_resistance 300tick 1级 概率1","1","1","mynethersdelight:cooking/chilidog","farmersrespite:chilidog_alt","farmersdelight:cooking","My Nether's Delight","T2","设备或复杂度：type=farmersdelight:cooking;kinds=3","","",""
"Cooked Loin","mynethersdelight:cooked_loin","DISH","cooking_device=minecraft:smelting;food_component","HIGH","是","7","10.5","","3","0","mynethersdelight:hoglin_loin_cooking | mynethersdelight:hoglin_loin_from_campfire_cooking | mynethersdelight:hoglin_loin_from_smoking","","minecraft:smelting | minecraft:campfire_cooking | minecraft:smoking","My Nether's Delight","COMMON","基础熟食或少量常见原料/单步合成","","",""
"Crimson Stroganoff","mynethersdelight:crimson_stroganoff","DISH","cooking_device=farmersdelight:cooking;food_component","HIGH","是","11","16.5","effect.minecraft.fire_resistance 600tick 1级 概率1；effect.farmersdelight.nourishment 3600tick 1级 概率1","1","0","mynethersdelight:cooking/crimson_stroganoff","","farmersdelight:cooking","My Nether's Delight","T2","设备或复杂度：type=farmersdelight:cooking;kinds=4","","",""
"Deviled Egg","mynethersdelight:deviled_egg","DISH","cooking_device=farmersdelight:cooking;food_component","HIGH","是","5","7","effect.mynethersdelight.b_pungent 200tick 1级 概率1","1","0","mynethersdelight:cooking/deviled_egg","","farmersdelight:cooking","My Nether's Delight","T2","设备或复杂度：type=farmersdelight:cooking;kinds=2","","",""
"Dried Ghast with Milk","mynethersdelight:dried_ghast_with_milk","DISH","manual_override;最终可食用餐食；饥饿6；简单合成","HIGH","是","6","5.3999996","","1","0","mynethersdelight:crafting/dried_ghast_with_milk","","minecraft:crafting_shapeless","My Nether's Delight","COMMON","最终可食用餐食；饥饿6；简单合成","","","边界→COMMON"
"Egg Soup","mynethersdelight:egg_soup","DISH","dish_token;edible=true;type=farmersdelight:cooking","HIGH","是","10","14","effect.farmersdelight.nourishment 2400tick 1级 概率1","1","0","mynethersdelight:cooking/egg_soup","","farmersdelight:cooking","My Nether's Delight","T2","正餐/甜点名称","","",""
"Fried Hoglin Chop","mynethersdelight:fried_hoglin_chop","DISH","cooking_device=farmersdelight:cooking;food_component","HIGH","是","12","21.599998","effect.mynethersdelight.b_pungent 1200tick 1级 概率1；effect.farmersdelight.nourishment 3600tick 1级 概率1","1","0","mynethersdelight:cooking/fried_hoglin_chop","","farmersdelight:cooking","My Nether's Delight","COMMON","基础熟食或少量常见原料/单步合成","","",""
"Fries Ghasta","mynethersdelight:fries_ghasta","DISH","cooking_device=farmersdelight:cooking;food_component","HIGH","是","8","9.6","","1","0","mynethersdelight:cooking/fries_ghasta","","farmersdelight:cooking","My Nether's Delight","T2","设备或复杂度：type=farmersdelight:cooking;kinds=2","","",""
"Ghasmati","mynethersdelight:ghasmati","INGREDIENT","ingredient_process=farmersdelight:cutting","MEDIUM","否","","","","1","0","mynethersdelight:cutting/ghasmati","","farmersdelight:cutting","My Nether's Delight","不进入厨师","内容类型=INGREDIENT","","",""
"Ghast Dough","mynethersdelight:ghast_dough","INGREDIENT","manual_override;面团中间产物","HIGH","是","3","6","effect.minecraft.hunger 600tick 1级 概率0.30000001192092896","2","0","mynethersdelight:crafting/ghast_dough | mynethersdelight:cutting/ghast_dough","","minecraft:crafting_shapeless | farmersdelight:cutting","My Nether's Delight","不进入厨师","面团中间产物","","","保持INGREDIENT"
"Ghast Salad","mynethersdelight:ghast_salad","DISH","dish_token;edible=true;type=minecraft:crafting_shapeless","HIGH","是","8","13.6","effect.minecraft.regeneration 300tick 1级 概率1","1","0","mynethersdelight:crafting/ghast_salad","","minecraft:crafting_shapeless","My Nether's Delight","T2","正餐/甜点名称","","",""
"Ghast Sourdough","mynethersdelight:ghast_sourdough","DRINK","recipe_type=brewinandchewin:fermenting","HIGH","是","3","6","effect.minecraft.hunger 600tick 1级 概率0.30000001192092896","2","0","brewinandchewin:fermenting/ghast_sourdough | mynethersdelight:crafting/ghast_sourdough","","brewinandchewin:fermenting | minecraft:crafting_shapeless","My Nether's Delight","不进入厨师","内容类型=DRINK","","",""
"Ghasta With Cream","mynethersdelight:ghasta_with_cream","INGREDIENT","ingredient_token=ghasta_with_cream","HIGH","否","","","","1","0","mynethersdelight:crafting/ghasta_with_cream","","minecraft:crafting_shaped","My Nether's Delight","不进入厨师","内容类型=INGREDIENT","","",""
"Giant Takoyaki","mynethersdelight:giant_takoyaki","DISH","cooking_device=farmersdelight:cooking;food_component","HIGH","是","12","18","","1","0","mynethersdelight:cooking/giant_tentacles","","farmersdelight:cooking","My Nether's Delight","T2","设备或复杂度：type=farmersdelight:cooking;kinds=3","","",""
"Golden Egg","mynethersdelight:golden_egg","RAW_FOOD","edible_rawish_token","MEDIUM","是","4","8","effect.minecraft.resistance 600tick 1级 概率1；effect.minecraft.absorption 600tick 1级 概率1","1","0","mynethersdelight:crafting/golden_egg","","minecraft:crafting_shaped","My Nether's Delight","不进入厨师","内容类型=RAW_FOOD","","",""
"Golden Trophy","mynethersdelight:golden_trophy","NON_FOOD","decor_or_storage_token","HIGH","否","","","","1","0","mynethersdelight:crafting/golden_trophy","","minecraft:crafting_shaped","My Nether's Delight","不进入厨师","内容类型=NON_FOOD","","",""
"Hoglin Sausage","mynethersdelight:hoglin_sausage","DISH","dish_token;edible=true;type=farmersdelight:cutting","HIGH","是","2","1","effect.minecraft.nausea 300tick 1级 概率0.4000000059604645","1","0","mynethersdelight:cutting/hoglin_sausage","","farmersdelight:cutting","My Nether's Delight","T2","正餐/甜点名称","","",""
"Hoglin Trophy","mynethersdelight:hoglin_trophy","NON_FOOD","decor_or_storage_token","HIGH","否","","","","4","0","mynethersdelight:crafting/hoglin_trophy | mynethersdelight:crafting/hoglin_trophy_cure | mynethersdelight:crafting/skoglin_trophy | mynethersdelight:cutting/hoglin_trophy","","minecraft:crafting_shaped | minecraft:crafting_shapeless | farmersdelight:cutting","My Nether's Delight","不进入厨师","内容类型=NON_FOOD","","",""
"Hot Cream","mynethersdelight:hot_cream","INGREDIENT","manual_override;奶油酱料","HIGH","是","1","16","effect.mynethersdelight.g_pungent 600tick 3级 概率1；effect.minecraft.fire_resistance 600tick 1级 概率1","2","0","mynethersdelight:cooking/hotcream | mynethersdelight:crafting/hotcream_bucket","","farmersdelight:cooking | minecraft:crafting_shapeless","My Nether's Delight","不进入厨师","奶油酱料","","","保持INGREDIENT"
"Hot Cream Cone","mynethersdelight:hot_cream_cone","DISH","manual_override;FOOD nutrition=4 saturation=8 effects=g_pungent+fire_resistance; recipe id=mynethersdelight:crafting/hotcream_cone (hot_cream+powder_cannon×3)×3; HotCreamConeItem; 复合甜品","HIGH","是","4","8","effect.mynethersdelight.g_pungent 200tick 1级 概率1；effect.minecraft.fire_resistance 200tick 1级 概率1","1","0","mynethersdelight:crafting/hotcream_cone","","minecraft:crafting_shapeless","My Nether's Delight","T2","FOOD nutrition=4 saturation=8 effects=g_pungent+fire_resistance; recipe id=mynethersdelight:crafting/hotcream_cone (hot_cream+powder_cannon×3)×3; HotCreamConeItem; 复合甜品","","","My Nether's Delight;6A.3原REVIEW→DISH T2"
"Hot Wings","mynethersdelight:hot_wings","DISH","cooking_device=farmersdelight:cooking;food_component","HIGH","是","6","5.3999996","effect.mynethersdelight.b_pungent 1200tick 1级 概率1；effect.farmersdelight.nourishment 1200tick 1级 概率1","2","0","mynethersdelight:cooking/hot_wings | mynethersdelight:crafting/hot_wings_bucket_alt","","farmersdelight:cooking | minecraft:crafting_shapeless","My Nether's Delight","T2","设备或复杂度：type=farmersdelight:cooking;kinds=3","","",""
"Hot Wings Bucket","mynethersdelight:hot_wings_bucket","DISH","dish_token;edible=true;type=minecraft:crafting_shapeless","HIGH","是","18","16.199999","effect.mynethersdelight.b_pungent 3600tick 1级 概率1；effect.farmersdelight.nourishment 3600tick 1级 概率1","1","0","mynethersdelight:crafting/hot_wings_bucket","","minecraft:crafting_shapeless","My Nether's Delight","COMMON","简单 DISH 兜底","","",""
"Hotdog","mynethersdelight:hotdog","DISH","dish_token;edible=true;type=minecraft:crafting_shapeless","HIGH","是","8","7.2","","1","0","mynethersdelight:crafting/hotdog","","minecraft:crafting_shapeless","My Nether's Delight","COMMON","基础熟食或少量常见原料/单步合成","","",""
"Hotdog with Mixed Salad","mynethersdelight:hotdog_with_mixed_salad","DISH","dish_token;edible=true;type=minecraft:crafting_shapeless","HIGH","是","10","10","effect.minecraft.regeneration 100tick 1级 概率1","1","0","mynethersdelight:crafting/hotdog_with_mixed_salad","","minecraft:crafting_shapeless","My Nether's Delight","T2","正餐/甜点名称","","",""
"Hotdog with Nether Salad","mynethersdelight:hotdog_with_nether_salad","DISH","dish_token;edible=true;type=minecraft:crafting_shapeless","HIGH","是","10","10","effect.minecraft.nausea 240tick 1级 概率0.30000001192092896","1","0","mynethersdelight:crafting/hotdog_with_nether_salad","","minecraft:crafting_shapeless","My Nether's Delight","T2","正餐/甜点名称","","",""
"Leteos Compost","mynethersdelight:letios_compost","NON_FOOD","not_edible","MEDIUM","否","","","","2","0","mynethersdelight:crafting/letios_compost_from_bone_alt | mynethersdelight:crafting/letios_compost_from_rotten_flesh","","minecraft:crafting_shapeless","My Nether's Delight","不进入厨师","内容类型=NON_FOOD","","",""
"Magma Cake","mynethersdelight:magma_cake_block","SERVING_DISH","manual_override;岩浆蛋糕方块；无FOOD","HIGH","否","","","","2","0","mynethersdelight:crafting/magma_cake | mynethersdelight:crafting/magma_cake_alt","","minecraft:crafting_shaped | minecraft:crafting_shapeless","My Nether's Delight","不进入厨师","岩浆蛋糕方块；无FOOD","","",""
"Magma Cake Slice","mynethersdelight:magma_cake_slice","DISH","dish_token;edible=true;type=farmersdelight:cutting","HIGH","是","2","4","effect.mynethersdelight.g_pungent 400tick 3级 概率1；effect.minecraft.speed 400tick 1级 概率1；effect.minecraft.fire_resistance 200tick 1级 概率1","1","0","mynethersdelight:cutting/magma_cake","","farmersdelight:cutting","My Nether's Delight","T2","正餐/甜点名称","","",""
"Minced Strider","mynethersdelight:minced_strider","INGREDIENT","manual_override;绞肉中间产物","HIGH","是","2","3","","1","0","mynethersdelight:cutting/minced_strider","","farmersdelight:cutting","My Nether's Delight","不进入厨师","绞肉中间产物","","","保持INGREDIENT"
"Nether Brick Cabinet","mynethersdelight:nether_bricks_cabinet","NON_FOOD","decor_or_storage_token","HIGH","否","","","","1","0","mynethersdelight:stonecutting/nether_bricks_cabinet","","minecraft:stonecutting","My Nether's Delight","不进入厨师","内容类型=NON_FOOD","","",""
"Nether Stove","mynethersdelight:nether_bricks_soul_stove","NON_FOOD","non_edible_block_or_tool","HIGH","否","","","","2","0","mynethersdelight:crafting/soul_nethers_stove | mynethersdelight:crafting/soul_nethers_stove_alt0","","minecraft:crafting_shaped | minecraft:crafting_shapeless","My Nether's Delight","不进入厨师","内容类型=NON_FOOD","","",""
"Nether Stove","mynethersdelight:nether_bricks_stove","NON_FOOD","non_edible_block_or_tool","HIGH","否","","","","2","0","mynethersdelight:crafting/nethers_stove | mynethersdelight:crafting/nethers_stove_alt0","","minecraft:crafting_shaped | minecraft:crafting_shapeless","My Nether's Delight","不进入厨师","内容类型=NON_FOOD","","",""
"Nether Burger","mynethersdelight:nether_burger","DISH","dish_token;edible=true;type=minecraft:crafting_shapeless","HIGH","是","12","18","","1","0","mynethersdelight:crafting/nether_burger","","minecraft:crafting_shapeless","My Nether's Delight","T2","正餐/甜点名称","","",""
"Pepper Powder","mynethersdelight:pepper_powder","INGREDIENT","ingredient_process=farmersdelight:cutting","MEDIUM","否","","","","1","0","mynethersdelight:cutting/bullet_pepper","","farmersdelight:cutting","My Nether's Delight","不进入厨师","内容类型=INGREDIENT","","",""
"Block of Powdery Cannon","mynethersdelight:powdery_block","NON_FOOD","non_edible_block_or_tool","HIGH","否","","","","1","0","mynethersdelight:crafting/block_of_powdery_cannon","","minecraft:crafting_shaped","My Nether's Delight","不进入厨师","内容类型=NON_FOOD","","",""
"Powdery Button","mynethersdelight:powdery_button","NON_FOOD","non_edible_block_or_tool","HIGH","否","","","","1","0","mynethersdelight:crafting/powdery_button","","minecraft:crafting_shapeless","My Nether's Delight","不进入厨师","内容类型=NON_FOOD","","",""
"Powdery Cabinet","mynethersdelight:powdery_cabinet","NON_FOOD","decor_or_storage_token","HIGH","否","","","","1","0","mynethersdelight:crafting/block_of_powdery_cabinet","","minecraft:crafting_shaped","My Nether's Delight","不进入厨师","内容类型=NON_FOOD","","",""
"Powdery Door","mynethersdelight:powdery_door","NON_FOOD","non_edible_block_or_tool","HIGH","否","","","","1","0","mynethersdelight:crafting/powdery_door","","minecraft:crafting_shaped","My Nether's Delight","不进入厨师","内容类型=NON_FOOD","","",""
"Powdery Fence","mynethersdelight:powdery_fence","NON_FOOD","non_edible_block_or_tool","HIGH","否","","","","1","0","mynethersdelight:crafting/powdery_fence","","minecraft:crafting_shaped","My Nether's Delight","不进入厨师","内容类型=NON_FOOD","","",""
"Powdery Fence Gate","mynethersdelight:powdery_fence_gate","NON_FOOD","non_edible_block_or_tool","HIGH","否","","","","1","0","mynethersdelight:crafting/powdery_fence_gate","","minecraft:crafting_shaped","My Nether's Delight","不进入厨师","内容类型=NON_FOOD","","",""
"Powdery Hanging Sign","mynethersdelight:powdery_hanging_sign","NON_FOOD","decor_or_storage_token","HIGH","否","","","","1","0","mynethersdelight:crafting/powdery_hanging_sign","","minecraft:crafting_shaped","My Nether's Delight","不进入厨师","内容类型=NON_FOOD","","",""
"Powdery Mosaic","mynethersdelight:powdery_mosaic","NON_FOOD","not_edible","MEDIUM","否","","","","1","0","mynethersdelight:crafting/powdery_mosaic","","minecraft:crafting_shaped","My Nether's Delight","不进入厨师","内容类型=NON_FOOD","","",""
"Powdery Mosaic Slab","mynethersdelight:powdery_mosaic_slab","NON_FOOD","non_edible_block_or_tool","HIGH","否","","","","1","0","mynethersdelight:crafting/powdery_mosaic_slab","","minecraft:crafting_shaped","My Nether's Delight","不进入厨师","内容类型=NON_FOOD","","",""
"Powdery Mosaic Stairs","mynethersdelight:powdery_mosaic_stairs","NON_FOOD","non_edible_block_or_tool","HIGH","否","","","","1","0","mynethersdelight:crafting/powdery_mosaic_stairs","","minecraft:crafting_shaped","My Nether's Delight","不进入厨师","内容类型=NON_FOOD","","",""
"Powdery Planks","mynethersdelight:powdery_planks","INGREDIENT","ingredient_process=farmersdelight:cutting","MEDIUM","否","","","","2","0","mynethersdelight:crafting/powdery_plank | mynethersdelight:salvaging/powdery_furniture","","minecraft:crafting_shapeless | farmersdelight:cutting","My Nether's Delight","不进入厨师","内容类型=INGREDIENT","","",""
"Powdery Pressure Plate","mynethersdelight:powdery_pressure_plate","NON_FOOD","non_edible_block_or_tool","HIGH","否","","","","1","0","mynethersdelight:crafting/powdery_pressure_plate","","minecraft:crafting_shaped","My Nether's Delight","不进入厨师","内容类型=NON_FOOD","","",""
"Powdery Sign","mynethersdelight:powdery_sign","NON_FOOD","decor_or_storage_token","HIGH","否","","","","1","0","mynethersdelight:crafting/powdery_sign","","minecraft:crafting_shaped","My Nether's Delight","不进入厨师","内容类型=NON_FOOD","","",""
"Powdery Slab","mynethersdelight:powdery_slab","NON_FOOD","non_edible_block_or_tool","HIGH","否","","","","1","0","mynethersdelight:crafting/powdery_slab","","minecraft:crafting_shaped","My Nether's Delight","不进入厨师","内容类型=NON_FOOD","","",""
"Powdery Stairs","mynethersdelight:powdery_stairs","NON_FOOD","non_edible_block_or_tool","HIGH","否","","","","1","0","mynethersdelight:crafting/powdery_stairs","","minecraft:crafting_shaped","My Nether's Delight","不进入厨师","内容类型=NON_FOOD","","",""
"Powdery Torch","mynethersdelight:powdery_torch","NON_FOOD","non_edible_block_or_tool","HIGH","否","","","","1","0","mynethersdelight:crafting/powdery_torch","","minecraft:crafting_shaped","My Nether's Delight","不进入厨师","内容类型=NON_FOOD","","",""
"Powdery Trapdoor","mynethersdelight:powdery_trapdoor","NON_FOOD","not_edible","MEDIUM","否","","","","1","0","mynethersdelight:crafting/powdery_trapdoor","","minecraft:crafting_shaped","My Nether's Delight","不进入厨师","内容类型=NON_FOOD","","",""
"Raw Stuffed Hoglin","mynethersdelight:raw_stuffed_hoglin","INGREDIENT","manual_override;整盘生坯；无FOOD；需烹饪","HIGH","否","","","","1","0","mynethersdelight:crafting/raw_stuffed_hoglin","","minecraft:crafting_shaped","My Nether's Delight","不进入厨师","整盘生坯；无FOOD；需烹饪","","","生坯非SERVING_DISH"
"Red Loin on a Stick","mynethersdelight:red_loin_on_a_stick","DISH","dish_token;edible=true;type=minecraft:crafting_shapeless","HIGH","是","10","14","","1","0","mynethersdelight:crafting/red_loin_on_a_stick","","minecraft:crafting_shapeless","My Nether's Delight","COMMON","简单 DISH 兜底","","",""
"Red Nether Brick Cabinet","mynethersdelight:red_nether_bricks_cabinet","NON_FOOD","decor_or_storage_token","HIGH","否","","","","1","0","mynethersdelight:stonecutting/red_nether_bricks_cabinet","","minecraft:stonecutting","My Nether's Delight","不进入厨师","内容类型=NON_FOOD","","",""
"Stuffed Hoglin","mynethersdelight:roast_stuffed_hoglin","SERVING_DISH","manual_override;StuffedHoglinBlock.SERVINGS+useItemOn分食；无FOOD组件","HIGH","否","","","","1","0","mynethersdelight:cooking/roast_stuffed_hoglin","","farmersdelight:cooking","My Nether's Delight","不进入厨师","StuffedHoglinBlock.SERVINGS+useItemOn分食；无FOOD组件","","","javap:SERVINGS分食；防双算待6B"
"Roasted Sausage","mynethersdelight:roasted_sausage","DISH","dish_token;edible=true;type=minecraft:smelting","HIGH","是","4","2.8","","3","0","mynethersdelight:hoglin_sausage_cooking | mynethersdelight:hoglin_sausage_from_campfire_cooking | mynethersdelight:hoglin_sausage_from_smoking","","minecraft:smelting | minecraft:campfire_cooking | minecraft:smoking","My Nether's Delight","COMMON","基础熟食或少量常见原料/单步合成","","",""
"Rock Soup","mynethersdelight:rock_soup","DISH","dish_token;edible=true;type=farmersdelight:cooking","HIGH","是","7","10.5","effect.mynethersdelight.b_pungent 1200tick 3级 概率1；effect.farmersdelight.nourishment 3600tick 1级 概率1","2","0","mynethersdelight:cooking/rock_soup | mynethersdelight:crafting/rock_soup","","farmersdelight:cooking | minecraft:crafting_shapeless","My Nether's Delight","T2","正餐/甜点名称","","",""
"Sausage and Potatoes","mynethersdelight:sausage_and_potatoes","DISH","dish_token;edible=true;type=farmersdelight:cooking","HIGH","是","11","12.1","","1","0","mynethersdelight:cooking/sausage_and_potatoes","","farmersdelight:cooking","My Nether's Delight","T2","正餐/甜点名称","","",""
"Scotch Eggs","mynethersdelight:scotch_eggs","DISH","cooking_device=farmersdelight:cooking;food_component","HIGH","是","12","19.2","effect.farmersdelight.nourishment 3600tick 1级 概率1","1","0","mynethersdelight:cooking/scotch_eggs","","farmersdelight:cooking","My Nether's Delight","T2","设备或复杂度：type=farmersdelight:cooking;kinds=2","","",""
"Sizzling Pudding","mynethersdelight:sizzling_pudding","DISH","dish_token;edible=true;type=minecraft:crafting_shapeless","HIGH","是","9","11.7","effect.mynethersdelight.b_pungent 100tick 1级 概率1","1","0","mynethersdelight:crafting/sizzling_pudding","","minecraft:crafting_shapeless","My Nether's Delight","T2","正餐/甜点名称","","",""
"Skoglin Trophy","mynethersdelight:skoglin_trophy","NON_FOOD","decor_or_storage_token","HIGH","否","","","","2","0","mynethersdelight:cutting/skoglin_trophy | mynethersdelight:cutting/skoglin_trophy_alt","","farmersdelight:cutting","My Nether's Delight","不进入厨师","内容类型=NON_FOOD","","",""
"Slices of Bread","mynethersdelight:slices_of_bread","DISH","dish_token;edible=true;type=farmersdelight:cutting","HIGH","是","5","6","","1","0","mynethersdelight:cutting/slices_of_bread","","farmersdelight:cutting","My Nether's Delight","T2","正餐/甜点名称","","",""
"Spicy Cotton","mynethersdelight:spicy_cotton","DISH","manual_override;可食用成品；火焰抗性buff；非中间料","HIGH","是","3","13.5","effect.minecraft.fire_resistance 300tick 1级 概率1","1","0","mynethersdelight:crafting/spicy_cotton","","minecraft:crafting_shapeless","My Nether's Delight","COMMON","可食用成品；火焰抗性buff；非中间料","","","边界→COMMON小吃"
"Spicy Curry","mynethersdelight:spicy_curry","DISH","dish_token;edible=true;type=farmersdelight:cooking","HIGH","是","15","19.5","effect.mynethersdelight.b_pungent 6000tick 2级 概率1；effect.farmersdelight.nourishment 3600tick 1级 概率1","1","0","mynethersdelight:cooking/spicy_curry","","farmersdelight:cooking","My Nether's Delight","T2","正餐/甜点名称","","",""
"Spicy Hoglin Stew","mynethersdelight:spicy_hoglin_stew","DISH","dish_token;edible=true;type=farmersdelight:cooking","HIGH","是","12","19.2","effect.mynethersdelight.b_pungent 1200tick 2级 概率1；effect.farmersdelight.nourishment 3600tick 1级 概率1","1","0","mynethersdelight:cooking/spicy_hoglin_stew","","farmersdelight:cooking","My Nether's Delight","T2","正餐/甜点名称","","",""
"Spicy Noodle Soup","mynethersdelight:spicy_noodle_soup","DISH","dish_token;edible=true;type=farmersdelight:cooking","HIGH","是","16","20.8","effect.farmersdelight.nourishment 6000tick 1级 概率1；effect.mynethersdelight.b_pungent 1200tick 2级 概率1","1","0","mynethersdelight:cooking/spicy_noodle_soup","","farmersdelight:cooking","My Nether's Delight","T2","正餐/甜点名称","","",""
"Spicy Skewer","mynethersdelight:spicy_skewer","DISH","dish_token;edible=true;type=minecraft:crafting_shapeless","HIGH","是","7","12.599999","effect.mynethersdelight.b_pungent 1200tick 1级 概率1","1","0","mynethersdelight:crafting/spicy_skewer","","minecraft:crafting_shapeless","My Nether's Delight","T2","正餐/甜点名称","","",""
"Strider Egg","mynethersdelight:strider_egg","INGREDIENT","manual_override;切割/原料蛋","HIGH","是","3","1.8000001","","1","0","mynethersdelight:cutting/strider_egg","","farmersdelight:cutting","My Nether's Delight","不进入厨师","切割/原料蛋","","","保持INGREDIENT"
"Strider Stew","mynethersdelight:strider_stew","DISH","dish_token;edible=true;type=farmersdelight:cooking","HIGH","是","8","9.6","effect.minecraft.fire_resistance 800tick 1级 概率1；effect.farmersdelight.nourishment 1200tick 1级 概率1","1","0","mynethersdelight:cooking/strider_stew","","farmersdelight:cooking","My Nether's Delight","T2","正餐/甜点名称","","",""
"Strider with Grilled Fungus","mynethersdelight:strider_with_grilled_fungus","DISH","cooking_device=farmersdelight:cooking;food_component","HIGH","是","10","18","effect.farmersdelight.nourishment 1200tick 1级 概率1","1","0","mynethersdelight:cooking/strider_and_grilled_fungus","","farmersdelight:cooking","My Nether's Delight","T2","正餐/甜点名称","","",""
"Striderloaf","mynethersdelight:striderloaf","NON_FOOD","not_edible","MEDIUM","否","","","","1","0","mynethersdelight:crafting/striderloaf","","minecraft:crafting_shapeless","My Nether's Delight","不进入厨师","内容类型=NON_FOOD","","",""
"Block of Stripped Powdery Cannon","mynethersdelight:stripped_powdery_block","INGREDIENT","ingredient_process=farmersdelight:cutting","MEDIUM","否","","","","1","0","farmersdelight:cutting/powdery_block","","farmersdelight:cutting","My Nether's Delight","不进入厨师","内容类型=INGREDIENT","","",""
"Stuffed Pepper","mynethersdelight:stuffed_pepper","DISH","manual_override;FOOD nutrition=8 saturation=12.8 effect=b_pungent; recipe id=mynethersdelight:crafting/stuffed_pepper (bullet_pepper+cooked_pork+milk); 复合正餐","HIGH","是","8","12.8","effect.mynethersdelight.b_pungent 300tick 3级 概率1","1","0","mynethersdelight:crafting/stuffed_pepper","","minecraft:crafting_shapeless","My Nether's Delight","T2","FOOD nutrition=8 saturation=12.8 effect=b_pungent; recipe id=mynethersdelight:crafting/stuffed_pepper (bullet_pepper+cooked_pork+milk); 复合正餐","","","My Nether's Delight;6A.3原REVIEW→DISH T2"
"Tear Popsicle","mynethersdelight:tear_popsicle","DISH","dish_token;edible=true;type=minecraft:crafting_shaped","HIGH","是","3","1.2","effect.minecraft.regeneration 100tick 2级 概率1","1","0","mynethersdelight:crafting/tear_popsicle","","minecraft:crafting_shaped","My Nether's Delight","COMMON","简单 DISH 兜底","","",""
"Toasts","mynethersdelight:toasts","DISH","cooking_device=minecraft:smelting;food_component","HIGH","是","7","8.400001","","3","0","mynethersdelight:toast_cooking | mynethersdelight:toast_from_campfire_cooking | mynethersdelight:toast_from_smoking","","minecraft:smelting | minecraft:campfire_cooking | minecraft:smoking","My Nether's Delight","COMMON","基础熟食或少量常见原料/单步合成","","",""
"Twisted Ghasta","mynethersdelight:twisted_ghasta","DISH","cooking_device=farmersdelight:cooking;food_component","HIGH","是","10","13","effect.farmersdelight.nourishment 2400tick 1级 概率1","1","0","mynethersdelight:cooking/twisted_ghasta","","farmersdelight:cooking","My Nether's Delight","T2","设备或复杂度：type=farmersdelight:cooking;kinds=1","","",""
"Waxed Hoglin Trophy","mynethersdelight:waxed_hoglin_trophy","NON_FOOD","decor_or_storage_token","HIGH","否","","","","1","0","mynethersdelight:crafting/waxed_hoglin_trophy","","minecraft:crafting_shapeless","My Nether's Delight","不进入厨师","内容类型=NON_FOOD","","",""
"Zoglin Trophy","mynethersdelight:zoglin_trophy","NON_FOOD","decor_or_storage_token","HIGH","否","","","","1","0","mynethersdelight:crafting/zoglin_trophy","","minecraft:crafting_shaped","My Nether's Delight","不进入厨师","内容类型=NON_FOOD","","",""
"Adzuki Beans","neapolitan:adzuki_beans","NON_FOOD","not_edible","MEDIUM","否","","","","1","0","neapolitan:adzuki_beans_from_adzuki_crate","","minecraft:crafting_shapeless","Neapolitan","不进入厨师","内容类型=NON_FOOD","","",""
"Adzuki Bun","neapolitan:adzuki_bun","DISH","dish_token;edible=true;type=minecraft:crafting_shapeless","HIGH","是","5","3","effect.neapolitan.harmony 300tick 1级 概率1","1","0","neapolitan:adzuki_bun","","minecraft:crafting_shapeless","Neapolitan","COMMON","简单 DISH 兜底","","",""
"Adzuki Cake","neapolitan:adzuki_cake","SERVING_DISH","manual_override;FlavoredCakeBlock.eatSlice；无Item FOOD","HIGH","否","","","","1","0","neapolitan:adzuki_cake","","minecraft:crafting_shaped","Neapolitan","不进入厨师","FlavoredCakeBlock.eatSlice；无Item FOOD","","","javap:FlavoredCakeBlock"
"Crate of Adzuki Beans","neapolitan:adzuki_crate","NON_FOOD","decor_or_storage_token","HIGH","否","","","","1","0","neapolitan:adzuki_crate","","minecraft:crafting_shaped","Neapolitan","不进入厨师","内容类型=NON_FOOD","","",""
"Adzuki Curry","neapolitan:adzuki_curry","DISH","dish_token;edible=true;type=minecraft:crafting_shapeless","HIGH","是","6","14.400001","effect.neapolitan.harmony 300tick 1级 概率1；effect.neapolitan.agility 300tick 1级 概率1","1","0","neapolitan:adzuki_curry","","minecraft:crafting_shapeless","Neapolitan","T2","正餐/甜点名称","","",""
"Adzuki Ice Cream","neapolitan:adzuki_ice_cream","DISH","explicit_dish_allowlist","HIGH","是","6","3.6000001","effect.neapolitan.harmony 600tick 1级 概率1","1","0","neapolitan:adzuki_ice_cream","","minecraft:crafting_shapeless","Neapolitan","T2","正餐/甜点名称","","",""
"Adzuki Ice Cream Block","neapolitan:adzuki_ice_cream_block","SERVING_DISH","manual_override;冰淇淋方块可放置分食；无FOOD","HIGH","否","","","","1","0","neapolitan:adzuki_ice_cream_block","","minecraft:crafting_shaped","Neapolitan","不进入厨师","冰淇淋方块可放置分食；无FOOD","","",""
"Adzuki Milkshake","neapolitan:adzuki_milkshake","DRINK","drink_token=adzuki_milkshake","HIGH","是","2","6","effect.neapolitan.harmony 300tick 1级 概率1","1","0","neapolitan:adzuki_milkshake","","minecraft:crafting_shapeless","Neapolitan","不进入厨师","内容类型=DRINK","","",""
"Adzuki Stew","neapolitan:adzuki_stew","DISH","dish_token;edible=true;type=minecraft:crafting_shapeless","HIGH","是","8","9.6","effect.neapolitan.harmony 400tick 1级 概率1","1","0","neapolitan:adzuki_stew","","minecraft:crafting_shapeless","Neapolitan","T2","正餐/甜点名称","","",""
"Banana","neapolitan:banana","RAW_FOOD","manual_override;可食用原料香蕉","HIGH","是","2","1.2","effect.neapolitan.agility 300tick 1级 概率1","1","0","neapolitan:banana","","minecraft:crafting_shapeless","Neapolitan","不进入厨师","可食用原料香蕉","","","边界产物"
"Banana Bread","neapolitan:banana_bread","DISH","dish_token;edible=true;type=minecraft:crafting_shapeless","HIGH","是","5","6","effect.neapolitan.agility 600tick 1级 概率1","1","0","neapolitan:banana_bread","","minecraft:crafting_shapeless","Neapolitan","T2","正餐/甜点名称","","",""
"Banana Bundle","neapolitan:banana_bundle","NON_FOOD","not_edible","MEDIUM","否","","","","1","0","neapolitan:banana_bundle","","minecraft:crafting_shapeless","Neapolitan","不进入厨师","内容类型=NON_FOOD","","",""
"Banana Cake","neapolitan:banana_cake","SERVING_DISH","manual_override;FlavoredCakeBlock.eatSlice","HIGH","否","","","","1","0","neapolitan:banana_cake","","minecraft:crafting_shaped","Neapolitan","不进入厨师","FlavoredCakeBlock.eatSlice","","",""
"Crate of Bananas","neapolitan:banana_crate","NON_FOOD","decor_or_storage_token","HIGH","否","","","","1","0","neapolitan:banana_crate","","minecraft:crafting_shaped","Neapolitan","不进入厨师","内容类型=NON_FOOD","","",""
"Banana Ice Cream","neapolitan:banana_ice_cream","DISH","explicit_dish_allowlist","HIGH","是","6","3.6000001","effect.neapolitan.agility 1200tick 1级 概率1","1","0","neapolitan:banana_ice_cream","","minecraft:crafting_shapeless","Neapolitan","T2","正餐/甜点名称","","",""
"Banana Ice Cream Block","neapolitan:banana_ice_cream_block","SERVING_DISH","manual_override;冰淇淋方块","HIGH","否","","","","1","0","neapolitan:banana_ice_cream_block","","minecraft:crafting_shaped","Neapolitan","不进入厨师","冰淇淋方块","","",""
"Banana Milkshake","neapolitan:banana_milkshake","DRINK","drink_token=banana_milkshake","HIGH","是","2","6","effect.neapolitan.agility 600tick 1级 概率1","1","0","neapolitan:banana_milkshake","","minecraft:crafting_shapeless","Neapolitan","不进入厨师","内容类型=DRINK","","",""
"Banana Stalk","neapolitan:banana_stalk","NON_FOOD","not_edible","MEDIUM","否","","","","1","0","neapolitan:banana_stalk","","minecraft:crafting_shapeless","Neapolitan","不进入厨师","内容类型=NON_FOOD","","",""
"Bananarrow","neapolitan:bananarrow","NON_FOOD","not_edible","MEDIUM","否","","","","1","0","neapolitan:bananarrow","","minecraft:crafting_shapeless","Neapolitan","不进入厨师","内容类型=NON_FOOD","","",""
"Carved Banana Stalk","neapolitan:carved_banana_stalk","NON_FOOD","not_edible","MEDIUM","否","","","","1","0","neapolitan:carved_banana_stalk","","minecraft:crafting_shaped","Neapolitan","不进入厨师","内容类型=NON_FOOD","","",""
"Banner Pattern","neapolitan:chimpanzee_banner_pattern","NON_FOOD","not_edible","MEDIUM","否","","","","1","0","neapolitan:chimpanzee_banner_pattern","","minecraft:crafting_shapeless","Neapolitan","不进入厨师","内容类型=NON_FOOD","","",""
"Chiseled Chocolate Bricks","neapolitan:chiseled_chocolate_bricks","NON_FOOD","not_edible","MEDIUM","否","","","","2","0","neapolitan:chiseled_chocolate_bricks | neapolitan:chiseled_chocolate_bricks_from_chocolate_bricks_stonecutting","","minecraft:crafting_shaped | minecraft:stonecutting","Neapolitan","不进入厨师","内容类型=NON_FOOD","","",""
"Chocolate Bar","neapolitan:chocolate_bar","DISH","dish_token;edible=true;type=minecraft:crafting_shapeless","HIGH","是","4","2.4","effect.neapolitan.sugar_rush 400tick 2级 概率1","2","0","neapolitan:chocolate_bar | neapolitan:chocolate_bar_from_chocolate_block","","minecraft:crafting_shapeless","Neapolitan","COMMON","简单 DISH 兜底","","",""
"Chocolate Block","neapolitan:chocolate_block","NON_FOOD","non_edible_block_or_tool","HIGH","否","","","","1","0","neapolitan:chocolate_block","","minecraft:crafting_shaped","Neapolitan","不进入厨师","内容类型=NON_FOOD","","",""
"Chocolate Brick Slab","neapolitan:chocolate_brick_slab","NON_FOOD","non_edible_block_or_tool","HIGH","否","","","","2","0","neapolitan:chocolate_brick_slab | neapolitan:chocolate_brick_slab_from_chocolate_bricks_stonecutting","","minecraft:crafting_shaped | minecraft:stonecutting","Neapolitan","不进入厨师","内容类型=NON_FOOD","","",""
"Chocolate Brick Stairs","neapolitan:chocolate_brick_stairs","NON_FOOD","non_edible_block_or_tool","HIGH","否","","","","2","0","neapolitan:chocolate_brick_stairs | neapolitan:chocolate_brick_stairs_from_chocolate_bricks_stonecutting","","minecraft:crafting_shaped | minecraft:stonecutting","Neapolitan","不进入厨师","内容类型=NON_FOOD","","",""
"Chocolate Brick Wall","neapolitan:chocolate_brick_wall","NON_FOOD","non_edible_block_or_tool","HIGH","否","","","","2","0","neapolitan:chocolate_brick_wall | neapolitan:chocolate_brick_wall_from_chocolate_bricks_stonecutting","","minecraft:crafting_shaped | minecraft:stonecutting","Neapolitan","不进入厨师","内容类型=NON_FOOD","","",""
"Chocolate Bricks","neapolitan:chocolate_bricks","NON_FOOD","not_edible","MEDIUM","否","","","","1","0","neapolitan:chocolate_bricks","","minecraft:crafting_shaped","Neapolitan","不进入厨师","内容类型=NON_FOOD","","",""
"Chocolate Cake","neapolitan:chocolate_cake","SERVING_DISH","manual_override;FlavoredCakeBlock.eatSlice","HIGH","否","","","","1","0","neapolitan:chocolate_cake","","minecraft:crafting_shaped","Neapolitan","不进入厨师","FlavoredCakeBlock.eatSlice","","",""
"Chocolate Ice Cream","neapolitan:chocolate_ice_cream","DISH","explicit_dish_allowlist","HIGH","是","6","3.6000001","effect.neapolitan.sugar_rush 600tick 3级 概率1","1","0","neapolitan:chocolate_ice_cream","","minecraft:crafting_shapeless","Neapolitan","T2","正餐/甜点名称","","",""
"Chocolate Ice Cream Block","neapolitan:chocolate_ice_cream_block","SERVING_DISH","manual_override;冰淇淋方块","HIGH","否","","","","1","0","neapolitan:chocolate_ice_cream_block","","minecraft:crafting_shaped","Neapolitan","不进入厨师","冰淇淋方块","","",""
"Chocolate Milkshake","neapolitan:chocolate_milkshake","DRINK","drink_token=chocolate_milkshake","HIGH","是","2","6","effect.neapolitan.sugar_rush 300tick 3级 概率1","1","0","neapolitan:chocolate_milkshake","","minecraft:crafting_shapeless","Neapolitan","不进入厨师","内容类型=DRINK","","",""
"Chocolate Spider Eye","neapolitan:chocolate_spider_eye","DISH","manual_override;可食用成品；sugar_rush效果；简单合成","HIGH","是","2","1.2","effect.neapolitan.sugar_rush 800tick 1级 概率1；effect.minecraft.poison 80tick 1级 概率1","1","0","neapolitan:chocolate_spider_eye","","minecraft:crafting_shapeless","Neapolitan","COMMON","可食用成品；sugar_rush效果；简单合成","","","边界→COMMON"
"Chocolate Strawberries","neapolitan:chocolate_strawberries","DISH","manual_override;FOOD nutrition=4 saturation=0.8 effect=sugar_rush; recipe id=neapolitan:chocolate_strawberries (strawberry+chocolate_bar); 简单加工甜点","HIGH","是","4","0.8","effect.neapolitan.sugar_rush 200tick 1级 概率1","1","0","neapolitan:chocolate_strawberries","","minecraft:crafting_shapeless","Neapolitan","COMMON","FOOD nutrition=4 saturation=0.8 effect=sugar_rush; recipe id=neapolitan:chocolate_strawberries (strawberry+chocolate_bar); 简单加工甜点","","","Neapolitan;6A.3原REVIEW→DISH COMMON"
"Chocolate Tile Slab","neapolitan:chocolate_tile_slab","NON_FOOD","non_edible_block_or_tool","HIGH","否","","","","3","0","neapolitan:chocolate_tile_slab | neapolitan:chocolate_tile_slab_from_chocolate_bricks_stonecutting | neapolitan:chocolate_tile_slab_from_chocolate_tiles_stonecutting","","minecraft:crafting_shaped | minecraft:stonecutting","Neapolitan","不进入厨师","内容类型=NON_FOOD","","",""
"Chocolate Tile Stairs","neapolitan:chocolate_tile_stairs","NON_FOOD","non_edible_block_or_tool","HIGH","否","","","","3","0","neapolitan:chocolate_tile_stairs | neapolitan:chocolate_tile_stairs_from_chocolate_bricks_stonecutting | neapolitan:chocolate_tile_stairs_from_chocolate_tiles_stonecutting","","minecraft:crafting_shaped | minecraft:stonecutting","Neapolitan","不进入厨师","内容类型=NON_FOOD","","",""
"Chocolate Tile Wall","neapolitan:chocolate_tile_wall","NON_FOOD","not_edible","MEDIUM","否","","","","3","0","neapolitan:chocolate_tile_wall | neapolitan:chocolate_tile_wall_from_chocolate_bricks_stonecutting | neapolitan:chocolate_tile_wall_from_chocolate_tiles_stonecutting","","minecraft:crafting_shaped | minecraft:stonecutting","Neapolitan","不进入厨师","内容类型=NON_FOOD","","",""
"Chocolate Tiles","neapolitan:chocolate_tiles","NON_FOOD","not_edible","MEDIUM","否","","","","2","0","neapolitan:chocolate_tiles | neapolitan:chocolate_tiles_from_chocolate_bricks_stonecutting","","minecraft:crafting_shaped | minecraft:stonecutting","Neapolitan","不进入厨师","内容类型=NON_FOOD","","",""
"Cooked Mint Chops","neapolitan:cooked_mint_chops","DISH","cooking_device=minecraft:smelting;food_component","HIGH","是","7","16.800001","effect.neapolitan.berserking 1200tick 1级 概率1","3","0","neapolitan:cooked_mint_chops | neapolitan:cooked_mint_chops_from_campfire_cooking | neapolitan:cooked_mint_chops_from_smoking","","minecraft:smelting | minecraft:campfire_cooking | minecraft:smoking","Neapolitan","COMMON","基础熟食或少量常见原料/单步合成","","",""
"Dried Banana","neapolitan:dried_banana","DISH","cooking_device=minecraft:smelting;food_component","HIGH","是","4","2.4","effect.neapolitan.agility 200tick 1级 概率1","3","0","neapolitan:dried_banana | neapolitan:dried_banana_from_campfire_cooking | neapolitan:dried_banana_from_smoking","","minecraft:smelting | minecraft:campfire_cooking | minecraft:smoking","Neapolitan","COMMON","基础熟食或少量常见原料/单步合成","","",""
"Dried Vanilla Pod Block","neapolitan:dried_vanilla_pod_block","NON_FOOD","non_edible_block_or_tool","HIGH","否","","","","1","0","neapolitan:dried_vanilla_pod_block","","minecraft:crafting_shaped","Neapolitan","不进入厨师","内容类型=NON_FOOD","","",""
"Dried Vanilla Pods","neapolitan:dried_vanilla_pods","DISH","cooking_device=minecraft:smelting;food_component","HIGH","是","1","0.2","effect.neapolitan.vanilla_scent 200tick 1级 概率1","4","0","neapolitan:dried_vanilla_pods | neapolitan:dried_vanilla_pods_from_campfire_cooking | neapolitan:dried_vanilla_pods_from_dried_vanilla_pod_block | neapolitan:dried_vanilla_pods_from_smoking","","minecraft:smelting | minecraft:campfire_cooking | minecraft:crafting_shapeless | minecraft:smoking","Neapolitan","COMMON","基础熟食或少量常见原料/单步合成","","",""
"Frond Thatch","neapolitan:frond_thatch","NON_FOOD","not_edible","MEDIUM","否","","","","1","0","neapolitan:frond_thatch","","minecraft:crafting_shaped","Neapolitan","不进入厨师","内容类型=NON_FOOD","","",""
"Frond Thatch Slab","neapolitan:frond_thatch_slab","NON_FOOD","non_edible_block_or_tool","HIGH","否","","","","1","0","neapolitan:frond_thatch_slab","","minecraft:crafting_shaped","Neapolitan","不进入厨师","内容类型=NON_FOOD","","",""
"Frond Thatch Stairs","neapolitan:frond_thatch_stairs","NON_FOOD","non_edible_block_or_tool","HIGH","否","","","","1","0","neapolitan:frond_thatch_stairs","","minecraft:crafting_shaped","Neapolitan","不进入厨师","内容类型=NON_FOOD","","",""
"Magic Beans","neapolitan:magic_beans","NON_FOOD","not_edible","MEDIUM","否","","","","1","0","neapolitan:magic_beans","","minecraft:crafting_shapeless","Neapolitan","不进入厨师","内容类型=NON_FOOD","","",""
"Milk Bottle","neapolitan:milk_bottle","NON_FOOD","not_edible","MEDIUM","否","","","","1","0","neapolitan:milk_bottle","","minecraft:crafting_shapeless","Neapolitan","不进入厨师","内容类型=NON_FOOD","","",""
"Basket of Mint","neapolitan:mint_basket","NON_FOOD","not_edible","MEDIUM","否","","","","1","0","neapolitan:mint_basket","","minecraft:crafting_shaped","Neapolitan","不进入厨师","内容类型=NON_FOOD","","",""
"Mint Cake","neapolitan:mint_cake","SERVING_DISH","manual_override;FlavoredCakeBlock.eatSlice","HIGH","否","","","","1","0","neapolitan:mint_cake","","minecraft:crafting_shaped","Neapolitan","不进入厨师","FlavoredCakeBlock.eatSlice","","",""
"Mint Candies","neapolitan:mint_candies","DISH","dish_token;edible=true;type=minecraft:crafting_shapeless","HIGH","是","3","3.6000001","effect.neapolitan.berserking 2400tick 1级 概率1","1","0","neapolitan:mint_candies","","minecraft:crafting_shapeless","Neapolitan","COMMON","简单 DISH 兜底","","",""
"Mint Chocolate","neapolitan:mint_chocolate","DISH","dish_token;edible=true;type=minecraft:crafting_shapeless","HIGH","是","6","7.2000003","effect.neapolitan.sugar_rush 200tick 1级 概率1；effect.neapolitan.berserking 1200tick 1级 概率1","1","0","neapolitan:mint_chocolate","","minecraft:crafting_shapeless","Neapolitan","COMMON","基础熟食或少量常见原料/单步合成","","",""
"Raw Mint Chops","neapolitan:mint_chops","DISH","manual_override;简单烹饪肉类；berserking效果；复杂度低","HIGH","是","3","3.6000001","effect.neapolitan.berserking 900tick 1级 概率1","1","0","neapolitan:mint_chops","","minecraft:crafting_shapeless","Neapolitan","COMMON","简单烹饪肉类；berserking效果；复杂度低","","","边界→COMMON"
"Mint Ice Cream","neapolitan:mint_ice_cream","DISH","explicit_dish_allowlist","HIGH","是","6","3.6000001","effect.neapolitan.berserking 1600tick 1级 概率1","1","0","neapolitan:mint_ice_cream","","minecraft:crafting_shapeless","Neapolitan","T2","正餐/甜点名称","","",""
"Mint Ice Cream Block","neapolitan:mint_ice_cream_block","SERVING_DISH","manual_override;冰淇淋方块","HIGH","否","","","","1","0","neapolitan:mint_ice_cream_block","","minecraft:crafting_shaped","Neapolitan","不进入厨师","冰淇淋方块","","",""
"Mint Leaves","neapolitan:mint_leaves","RAW_FOOD","manual_override;薄荷叶原料","HIGH","是","2","1.2","effect.neapolitan.berserking 600tick 1级 概率1","1","0","neapolitan:mint_leaves","","minecraft:crafting_shapeless","Neapolitan","不进入厨师","薄荷叶原料","","","边界产物"
"Mint Milkshake","neapolitan:mint_milkshake","DRINK","drink_token=mint_milkshake","HIGH","是","2","6","effect.neapolitan.berserking 800tick 1级 概率1","1","0","neapolitan:mint_milkshake","","minecraft:crafting_shapeless","Neapolitan","不进入厨师","内容类型=DRINK","","",""
"Mint Sprout","neapolitan:mint_sprout","NON_FOOD","not_edible","MEDIUM","否","","","","1","0","neapolitan:mint_sprout_from_mint_leaves","","minecraft:crafting_shapeless","Neapolitan","不进入厨师","内容类型=NON_FOOD","","",""
"Neapolitan Ice Cream","neapolitan:neapolitan_ice_cream","DISH","explicit_dish_allowlist","HIGH","是","12","7.2000003","effect.neapolitan.sugar_rush 400tick 2级 概率1；effect.neapolitan.vanilla_scent 200tick 1级 概率1","2","0","neapolitan:neapolitan_ice_cream | neapolitan:neapolitan_ice_cream_from_vanilla_ice_cream","","minecraft:crafting_shapeless","Neapolitan","T2","正餐/甜点名称","","",""
"Smithing Template","neapolitan:primal_armor_trim_smithing_template","NON_FOOD","not_edible","MEDIUM","否","","","","1","0","neapolitan:primal_armor_trim_smithing_template","","minecraft:crafting_shaped","Neapolitan","不进入厨师","内容类型=NON_FOOD","","",""
"Roasted Adzuki Beans","neapolitan:roasted_adzuki_beans","DISH","cooking_device=minecraft:smelting;food_component","HIGH","是","3","1.8000001","effect.neapolitan.harmony 100tick 1级 概率1","4","0","neapolitan:roasted_adzuki_beans | neapolitan:roasted_adzuki_beans_from_campfire_cooking | neapolitan:roasted_adzuki_beans_from_roasted_adzuki_crate | neapolitan:roasted_adzuki_beans_from_smoking","","minecraft:smelting | minecraft:campfire_cooking | minecraft:crafting_shapeless | minecraft:smoking","Neapolitan","COMMON","基础熟食或少量常见原料/单步合成","","",""
"Crate of Roasted Adzuki Beans","neapolitan:roasted_adzuki_crate","NON_FOOD","manual_override;箱装方块；roast误匹配已修复","HIGH","否","","","","1","0","neapolitan:roasted_adzuki_crate","","minecraft:crafting_shaped","Neapolitan","不进入厨师","箱装方块；roast误匹配已修复","","","禁止substring roast"
"Strawberries","neapolitan:strawberries","RAW_FOOD","manual_override;FOOD nutrition=3; recipe id=neapolitan:strawberries 拆 basket×1→strawberries×9; 原始水果非厨师料理","HIGH","是","3","0.6","","1","0","neapolitan:strawberries","","minecraft:crafting_shapeless","Neapolitan","不进入厨师","FOOD nutrition=3; recipe id=neapolitan:strawberries 拆 basket×1→strawberries×9; 原始水果非厨师料理","","","Neapolitan;6A.3原REVIEW→RAW_FOOD"
"Strawberry Banana Smoothie","neapolitan:strawberry_banana_smoothie","DRINK","drink_token=strawberry_banana_smoothie","HIGH","是","3","0.6","effect.neapolitan.agility 600tick 1级 概率1","1","0","neapolitan:strawberry_banana_smoothie","","minecraft:crafting_shapeless","Neapolitan","不进入厨师","内容类型=DRINK","","",""
"Basket of Strawberries","neapolitan:strawberry_basket","NON_FOOD","not_edible","MEDIUM","否","","","","1","0","neapolitan:strawberry_basket","","minecraft:crafting_shaped","Neapolitan","不进入厨师","内容类型=NON_FOOD","","",""
"Strawberry Bean Bonbons","neapolitan:strawberry_bean_bonbons","DISH","dish_token;edible=true;type=minecraft:crafting_shapeless","HIGH","是","4","0.8","effect.neapolitan.harmony 100tick 1级 概率1","1","0","neapolitan:strawberry_bean_bonbons","","minecraft:crafting_shapeless","Neapolitan","COMMON","简单 DISH 兜底","","",""
"Strawberry Cake","neapolitan:strawberry_cake","SERVING_DISH","manual_override;FlavoredCakeBlock.eatSlice","HIGH","否","","","","1","0","neapolitan:strawberry_cake","","minecraft:crafting_shaped","Neapolitan","不进入厨师","FlavoredCakeBlock.eatSlice","","",""
"Strawberry Ice Cream","neapolitan:strawberry_ice_cream","DISH","explicit_dish_allowlist","HIGH","是","6","3.6000001","","1","0","neapolitan:strawberry_ice_cream","","minecraft:crafting_shapeless","Neapolitan","T2","正餐/甜点名称","","",""
"Strawberry Ice Cream Block","neapolitan:strawberry_ice_cream_block","SERVING_DISH","manual_override;冰淇淋方块","HIGH","否","","","","1","0","neapolitan:strawberry_ice_cream_block","","minecraft:crafting_shaped","Neapolitan","不进入厨师","冰淇淋方块","","",""
"Strawberry Milkshake","neapolitan:strawberry_milkshake","DRINK","drink_token=strawberry_milkshake","HIGH","是","2","4.8","","1","0","neapolitan:strawberry_milkshake","","minecraft:crafting_shapeless","Neapolitan","不进入厨师","内容类型=DRINK","","",""
"Strawberry Pips","neapolitan:strawberry_pips","NON_FOOD","not_edible","MEDIUM","否","","","","2","0","neapolitan:strawberry_pips_from_strawberries | neapolitan:strawberry_pips_from_white_strawberries","","minecraft:crafting_shapeless","Neapolitan","不进入厨师","内容类型=NON_FOOD","","",""
"Strawberry Scones","neapolitan:strawberry_scones","DISH","manual_override;FOOD nutrition=5 saturation=1; recipe id=neapolitan:strawberry_scones (wheat×2+strawberry+sugar)×2; 烘焙点心","HIGH","是","5","1","","1","0","neapolitan:strawberry_scones","","minecraft:crafting_shapeless","Neapolitan","T2","FOOD nutrition=5 saturation=1; recipe id=neapolitan:strawberry_scones (wheat×2+strawberry+sugar)×2; 烘焙点心","","","Neapolitan;6A.3原REVIEW→DISH T2"
"Vanilla Cake","neapolitan:vanilla_cake","SERVING_DISH","manual_override;FlavoredCakeBlock.eatSlice","HIGH","否","","","","1","0","neapolitan:vanilla_cake","","minecraft:crafting_shaped","Neapolitan","不进入厨师","FlavoredCakeBlock.eatSlice","","",""
"Vanilla Chocolate Fingers","neapolitan:vanilla_chocolate_fingers","DISH","dish_token;edible=true;type=minecraft:crafting_shapeless","HIGH","是","6","7.2000003","effect.neapolitan.sugar_rush 200tick 1级 概率1；effect.neapolitan.vanilla_scent 100tick 1级 概率1","1","0","neapolitan:vanilla_chocolate_fingers","","minecraft:crafting_shapeless","Neapolitan","COMMON","基础熟食或少量常见原料/单步合成","","",""
"Vanilla Fudge","neapolitan:vanilla_fudge","DISH","dish_token;edible=true;type=minecraft:crafting_shapeless","HIGH","是","3","1.8000001","effect.neapolitan.vanilla_scent 100tick 1级 概率1","1","0","neapolitan:vanilla_fudge","","minecraft:crafting_shapeless","Neapolitan","COMMON","简单 DISH 兜底","","",""
"Vanilla Ice Cream","neapolitan:vanilla_ice_cream","DISH","explicit_dish_allowlist","HIGH","是","6","3.6000001","effect.neapolitan.vanilla_scent 400tick 1级 概率1","1","0","neapolitan:vanilla_ice_cream","","minecraft:crafting_shapeless","Neapolitan","T2","正餐/甜点名称","","",""
"Vanilla Ice Cream Block","neapolitan:vanilla_ice_cream_block","SERVING_DISH","manual_override;冰淇淋方块","HIGH","否","","","","1","0","neapolitan:vanilla_ice_cream_block","","minecraft:crafting_shaped","Neapolitan","不进入厨师","冰淇淋方块","","",""
"Vanilla Milkshake","neapolitan:vanilla_milkshake","DRINK","drink_token=vanilla_milkshake","HIGH","是","2","6","effect.neapolitan.vanilla_scent 200tick 1级 概率1","1","0","neapolitan:vanilla_milkshake","","minecraft:crafting_shapeless","Neapolitan","不进入厨师","内容类型=DRINK","","",""
"Vanilla Pod Block","neapolitan:vanilla_pod_block","NON_FOOD","non_edible_block_or_tool","HIGH","否","","","","1","0","neapolitan:vanilla_pod_block","","minecraft:crafting_shaped","Neapolitan","不进入厨师","内容类型=NON_FOOD","","",""
"Vanilla Pods","neapolitan:vanilla_pods","NON_FOOD","not_edible","MEDIUM","否","","","","1","0","neapolitan:vanilla_pods_from_vanilla_pod_block","","minecraft:crafting_shapeless","Neapolitan","不进入厨师","内容类型=NON_FOOD","","",""
"Vanilla Pudding","neapolitan:vanilla_pudding","DISH","dish_token;edible=true;type=minecraft:crafting_shapeless","HIGH","是","6","14.400001","effect.neapolitan.vanilla_scent 300tick 1级 概率1","1","0","neapolitan:vanilla_pudding","","minecraft:crafting_shapeless","Neapolitan","T2","正餐/甜点名称","","",""
"White Strawberries","neapolitan:white_strawberries","RAW_FOOD","manual_override;FOOD nutrition=5; recipe id=neapolitan:white_strawberries 拆 white_strawberry_basket→×9; 原始水果","HIGH","是","5","1","","1","0","neapolitan:white_strawberries","","minecraft:crafting_shapeless","Neapolitan","不进入厨师","FOOD nutrition=5; recipe id=neapolitan:white_strawberries 拆 white_strawberry_basket→×9; 原始水果","","","Neapolitan;6A.3原REVIEW→RAW_FOOD"
"Basket of White Strawberries","neapolitan:white_strawberry_basket","NON_FOOD","not_edible","MEDIUM","否","","","","1","0","neapolitan:white_strawberry_basket","","minecraft:crafting_shaped","Neapolitan","不进入厨师","内容类型=NON_FOOD","","",""
