"模组显示名","实际JAR文件","JAR版本","JAR原始来源命名空间","运行时配方ID","配方序列化类型","机器/工序","产物中文名","产物ID","数量","是否可食用","饥饿值","饱和度","效果","内容类型","分类证据","分类置信度","原料种类数","原料槽位数","稀有原料","中间产物","容器/载体","流体","烹饪时间","设备温度","UNITE状态","提供者包列表","是否为最终有效配方","建议厨师档次","建议依据","T3证据","是否需要料理完成事件适配","建议CookingDevice","设备覆盖说明","人工复审备注"
"Bakeries","[烘焙坊]bakeries-1.21.1-NeoForge-1.0.1.jar","1.0.1","bakeries","bakeries:bagel_filled_sauce","minecraft:crafting_shapeless","工作台（无序）","Bagel Filled Sauce","bakeries:bagel_filled_sauce","1","是","12","9.6","","DISH","manual_override;FOOD nutrition=12 saturation=9.6; recipe id=bakeries:bagel_filled_sauce (shapeless bagel+bearnaise); 夹馅成品","HIGH","2","2","否","否","","","","","无","(base)","是","T2","FOOD nutrition=12 saturation=9.6; recipe id=bakeries:bagel_filled_sauce (shapeless bagel+bearnaise); 夹馅成品","","已覆盖","CRAFTING","ItemCraftedEvent","人工覆盖优先；Bakeries;6A.3原REVIEW→DISH T2"
"Bakeries","[烘焙坊]bakeries-1.21.1-NeoForge-1.0.1.jar","1.0.1","bakeries","bakeries:baguette_with_filling","minecraft:crafting_shapeless","工作台（无序）","Baguette With Filling","bakeries:baguette_with_filling","2","是","13","10.400001","","DISH","manual_override;FOOD nutrition=13 saturation=10.4; recipe id=bakeries:baguette_with_filling (baguette+tomato+cooked_pork)×2; 夹馅成品","HIGH","3","3","否","否","","","","","无","(base)","是","T2","FOOD nutrition=13 saturation=10.4; recipe id=bakeries:baguette_with_filling (baguette+tomato+cooked_pork)×2; 夹馅成品","","已覆盖","CRAFTING","ItemCraftedEvent","人工覆盖优先；Bakeries;6A.3原REVIEW→DISH T2"
"Bakeries","[烘焙坊]bakeries-1.21.1-NeoForge-1.0.1.jar","1.0.1","bakeries","bakeries:bake_sliced_toast","minecraft:campfire_cooking","营火（无事件检测）","Bake Sliced Toast","bakeries:bake_sliced_toast","1","是","4","3.2","","DISH","dish_token;edible=true;type=minecraft:campfire_cooking","HIGH","1","1","否","否","","","600","","无","(base)","是","COMMON","基础熟食或少量常见原料/单步合成","","未覆盖","CAMPFIRE（仅枚举）","无营火取餐检测，不会产生 DishCookedEvent","营火：TCTH 当前无 DishCookedEvent 检测"
"Bakeries","[烘焙坊]bakeries-1.21.1-NeoForge-1.0.1.jar","1.0.1","bakeries","bakeries:bearnaise","minecraft:crafting_shapeless","工作台（无序）","Bearnaise","bakeries:bearnaise","1","否","","","","NON_FOOD","not_edible","MEDIUM","4","4","否","否","","","","","无","(base)","是","不进入厨师","内容类型=NON_FOOD","","已覆盖","CRAFTING","ItemCraftedEvent",""
"Bakeries","[烘焙坊]bakeries-1.21.1-NeoForge-1.0.1.jar","1.0.1","bakeries","bakeries:berry_bagel","minecraft:crafting_shapeless","工作台（无序）","Berry Bagel","bakeries:berry_bagel","1","是","8","10","effect.minecraft.regeneration 1200tick 1级 概率1","DISH","dish_token;edible=true;type=minecraft:crafting_shapeless","HIGH","3","3","否","否","","","","","无","(base)","是","T2","正餐/甜点名称","","已覆盖","CRAFTING","ItemCraftedEvent",""
"Bakeries","[烘焙坊]bakeries-1.21.1-NeoForge-1.0.1.jar","1.0.1","bakeries","bakeries:black_white_concrete","minecraft:crafting_shaped","工作台（有序）","Black White Concrete","bakeries:black_white_concrete","4","否","","","","NON_FOOD","not_edible","MEDIUM","2","2","否","否","","","","","无","(base)","是","不进入厨师","内容类型=NON_FOOD","","已覆盖","CRAFTING","ItemCraftedEvent",""
"Bakeries","[烘焙坊]bakeries-1.21.1-NeoForge-1.0.1.jar","1.0.1","bakeries","bakeries:blender","minecraft:crafting_shaped","工作台（有序）","Blender","bakeries:blender","1","否","","","","NON_FOOD","not_edible","MEDIUM","5","5","否","否","","","","","无","(base)","是","不进入厨师","内容类型=NON_FOOD","","已覆盖","CRAFTING","ItemCraftedEvent",""
"Bakeries","[烘焙坊]bakeries-1.21.1-NeoForge-1.0.1.jar","1.0.1","bakeries","bakeries:blender/bottle_cream","bakeries:blender","烘焙坊搅拌机","Bottle Cream","bakeries:bottle_cream","1","否","","","","INGREDIENT","explicit_ingredient_id","HIGH","2","1","否","是","minecraft:glass_bottle","","","","无","(base)","是","不进入厨师","内容类型=INGREDIENT","","需适配","BAKERIES_BLENDER（建议）","多数为原料",""
"Bakeries","[烘焙坊]bakeries-1.21.1-NeoForge-1.0.1.jar","1.0.1","bakeries","bakeries:blender/butter_cube","bakeries:blender","烘焙坊搅拌机","Butter Cube","bakeries:butter_cube","1","否","","","","INGREDIENT","explicit_ingredient_id","HIGH","1","1","否","是","","","","","无","(base)","是","不进入厨师","内容类型=INGREDIENT","","需适配","BAKERIES_BLENDER（建议）","多数为原料",""
"Bakeries","[烘焙坊]bakeries-1.21.1-NeoForge-1.0.1.jar","1.0.1","bakeries","bakeries:blender/cheese_cream","bakeries:blender","烘焙坊搅拌机","Cheese Cream","bakeries:cheese_cream","2","是","1","2","","INGREDIENT","manual_override;搅拌机奶油中间产物","HIGH","2","2","否","是","","","","","无","(base)","是","不进入厨师","搅拌机奶油中间产物","","需适配","BAKERIES_BLENDER（建议）","多数为原料","人工覆盖优先；保持INGREDIENT"
"Bakeries","[烘焙坊]bakeries-1.21.1-NeoForge-1.0.1.jar","1.0.1","bakeries","bakeries:blender/cocoa_dough","bakeries:blender","烘焙坊搅拌机","Cocoa Dough","bakeries:cocoa_dough","1","否","","","","INGREDIENT","ingredient_token=cocoa_dough","HIGH","7","9","否","是","","","","","always包","(base)|always","是","不进入厨师","内容类型=INGREDIENT","","需适配","BAKERIES_BLENDER（建议）","多数为原料",""
"Bakeries","[烘焙坊]bakeries-1.21.1-NeoForge-1.0.1.jar","1.0.1","bakeries","bakeries:blender/foamed_cream","bakeries:blender","烘焙坊搅拌机","Foamed Cream","bakeries:foamed_cream","4","是","1","2","","INGREDIENT","manual_override;发泡奶油中间产物","HIGH","2","3","否","是","","","","","无","(base)","是","不进入厨师","发泡奶油中间产物","","需适配","BAKERIES_BLENDER（建议）","多数为原料","人工覆盖优先；保持INGREDIENT"
"Bakeries","[烘焙坊]bakeries-1.21.1-NeoForge-1.0.1.jar","1.0.1","bakeries","bakeries:blender/fresh_cheese_cube","bakeries:blender","烘焙坊搅拌机","Fresh Cheese Cube","bakeries:fresh_cheese_cube","4","是","1","2","","INGREDIENT","manual_override;芝士立方中间产物","HIGH","2","5","否","是","","","","","无","(base)","是","不进入厨师","芝士立方中间产物","","需适配","BAKERIES_BLENDER（建议）","多数为原料","人工覆盖优先；保持INGREDIENT"
"Bakeries","[烘焙坊]bakeries-1.21.1-NeoForge-1.0.1.jar","1.0.1","bakeries","bakeries:blender/honey_butter","bakeries:blender","烘焙坊搅拌机","Honey Butter","bakeries:honey_butter","4","否","","","","INGREDIENT","ingredient_process=bakeries:blender","MEDIUM","2","3","否","是","","","","","无","(base)","是","不进入厨师","内容类型=INGREDIENT","","需适配","BAKERIES_BLENDER（建议）","多数为原料",""
"Bakeries","[烘焙坊]bakeries-1.21.1-NeoForge-1.0.1.jar","1.0.1","bakeries","bakeries:blender/mashed_taro","bakeries:blender","烘焙坊搅拌机","Mashed Taro","bakeries:mashed_taro","4","是","1","1","","INGREDIENT","manual_override;芋泥馅料","HIGH","3","3","否","是","","","","","无","(base)","是","不进入厨师","芋泥馅料","","需适配","BAKERIES_BLENDER（建议）","多数为原料","人工覆盖优先；保持INGREDIENT"
"Bakeries","[烘焙坊]bakeries-1.21.1-NeoForge-1.0.1.jar","1.0.1","bakeries","bakeries:blender/matcha_parfait","bakeries:blender","烘焙坊搅拌机","Matcha Parfait","bakeries:matcha_parfait","1","是","9","9","effect.minecraft.speed 600tick 1级 概率1；effect.minecraft.haste 600tick 1级 概率1","DISH","dish_token;edible=true;type=bakeries:blender","HIGH","5","4","否","否","minecraft:glass_bottle","","","","无","(base)","是","T2","正餐/甜点名称","","需适配","BAKERIES_BLENDER（建议）","多数为原料",""
"Bakeries","[烘焙坊]bakeries-1.21.1-NeoForge-1.0.1.jar","1.0.1","bakeries","bakeries:blender/meat_floss","bakeries:blender","烘焙坊搅拌机","Meat Floss","bakeries:meat_floss","4","是","2","3.2","","INGREDIENT","manual_override;肉松馅料","HIGH","1","1","否","是","","","","","无","(base)","是","不进入厨师","肉松馅料","","需适配","BAKERIES_BLENDER（建议）","多数为原料","人工覆盖优先；保持INGREDIENT"
"Bakeries","[烘焙坊]bakeries-1.21.1-NeoForge-1.0.1.jar","1.0.1","bakeries","bakeries:blender/olive_oil","bakeries:blender","烘焙坊搅拌机","Olive Oil","bakeries:olive_oil","1","否","","","","INGREDIENT","ingredient_process=bakeries:blender","MEDIUM","2","4","否","是","minecraft:glass_bottle","","","","无","(base)","是","不进入厨师","内容类型=INGREDIENT","","需适配","BAKERIES_BLENDER（建议）","多数为原料",""
"Bakeries","[烘焙坊]bakeries-1.21.1-NeoForge-1.0.1.jar","1.0.1","bakeries","bakeries:blender/salted_dough","bakeries:blender","烘焙坊搅拌机","Salted Dough","bakeries:salted_dough","1","否","","","","INGREDIENT","ingredient_token=salted_dough","HIGH","4","7","否","是","","","","","always包","(base)|always","是","不进入厨师","内容类型=INGREDIENT","","需适配","BAKERIES_BLENDER（建议）","多数为原料",""
"Bakeries","[烘焙坊]bakeries-1.21.1-NeoForge-1.0.1.jar","1.0.1","bakeries","bakeries:blender/sweet_dough","bakeries:blender","烘焙坊搅拌机","Sweet Dough","bakeries:sweet_dough","1","否","","","","INGREDIENT","ingredient_token=sweet_dough","HIGH","6","9","否","是","","","","","always包","(base)|always","是","不进入厨师","内容类型=INGREDIENT","","需适配","BAKERIES_BLENDER（建议）","多数为原料",""
"Bakeries","[烘焙坊]bakeries-1.21.1-NeoForge-1.0.1.jar","1.0.1","bakeries","bakeries:blender/whole_wheat_dough","bakeries:blender","烘焙坊搅拌机","Whole Wheat Dough","bakeries:whole_wheat_dough","1","否","","","","INGREDIENT","ingredient_token=whole_wheat_dough","HIGH","4","7","否","是","","","","","无","(base)","是","不进入厨师","内容类型=INGREDIENT","","需适配","BAKERIES_BLENDER（建议）","多数为原料",""
"Bakeries","[烘焙坊]bakeries-1.21.1-NeoForge-1.0.1.jar","1.0.1","bakeries","bakeries:bottle_milk","minecraft:crafting_shaped","工作台（有序）","Bottle Milk","bakeries:bottle_milk","3","否","","","","NON_FOOD","not_edible","MEDIUM","2","2","否","否","","","","","无","(base)","是","不进入厨师","内容类型=NON_FOOD","","已覆盖","CRAFTING","ItemCraftedEvent",""
"Bakeries","[烘焙坊]bakeries-1.21.1-NeoForge-1.0.1.jar","1.0.1","bakeries","bakeries:bread_basket","minecraft:crafting_shaped","工作台（有序）","Bread Basket","bakeries:bread_basket","1","否","","","","NON_FOOD","not_edible","MEDIUM","1","1","否","否","","","","","无","(base)","是","不进入厨师","内容类型=NON_FOOD","","已覆盖","CRAFTING","ItemCraftedEvent",""
"Bakeries","[烘焙坊]bakeries-1.21.1-NeoForge-1.0.1.jar","1.0.1","bakeries","bakeries:bread_holders","minecraft:crafting_shaped","工作台（有序）","Bread Holders","bakeries:bread_holders","1","否","","","","NON_FOOD","not_edible","MEDIUM","3","3","否","否","","","","","无","(base)","是","不进入厨师","内容类型=NON_FOOD","","已覆盖","CRAFTING","ItemCraftedEvent",""
"Bakeries","[烘焙坊]bakeries-1.21.1-NeoForge-1.0.1.jar","1.0.1","bakeries","bakeries:bread_knife","minecraft:crafting_shaped","工作台（有序）","Bread Knife","bakeries:bread_knife","1","否","","","","NON_FOOD","non_edible_block_or_tool","HIGH","3","3","否","否","","","","","无","(base)","是","不进入厨师","内容类型=NON_FOOD","","已覆盖","CRAFTING","ItemCraftedEvent",""
"Bakeries","[烘焙坊]bakeries-1.21.1-NeoForge-1.0.1.jar","1.0.1","bakeries","bakeries:bread_knife/country_bread_slice","bakeries:bread_knife","烘焙坊面包刀","Country Bread Slice","bakeries:country_bread_slice","6","是","4","3.2","","DISH","dish_token;edible=true;type=bakeries:bread_knife","HIGH","1","1","否","否","","","","","无","(base)","是","T2","正餐/甜点名称","","待评估","OTHER","",""
"Bakeries","[烘焙坊]bakeries-1.21.1-NeoForge-1.0.1.jar","1.0.1","bakeries","bakeries:bread_knife/raw_egg_yolk","bakeries:bread_knife","烘焙坊面包刀","Raw Yolk","bakeries:raw_egg_yolk","1","否","","","","INGREDIENT","ingredient_token=raw_egg_yolk","HIGH","1","1","否","是","","","","","无","(base)","是","不进入厨师","内容类型=INGREDIENT","","待评估","OTHER","",""
"Bakeries","[烘焙坊]bakeries-1.21.1-NeoForge-1.0.1.jar","1.0.1","bakeries","bakeries:bread_knife/sliced_cheese_cocoa_toast","bakeries:bread_knife","烘焙坊面包刀","Sliced Cheese Cocoa Toast","bakeries:sliced_cheese_cocoa_toast","4","是","4","6.4","effect.bakeries.cocoa_mania 600tick 1级 概率1；effect.bakeries.cheese_power 600tick 1级 概率1","DISH","dish_token;edible=true;type=bakeries:bread_knife","HIGH","1","1","否","否","","","","","无","(base)","是","T2","正餐/甜点名称","","待评估","OTHER","",""
"Bakeries","[烘焙坊]bakeries-1.21.1-NeoForge-1.0.1.jar","1.0.1","bakeries","bakeries:bread_knife/sliced_toast","bakeries:bread_knife","烘焙坊面包刀","Sliced Toast","bakeries:sliced_toast","4","是","4","3.2","","DISH","dish_token;edible=true;type=bakeries:bread_knife","HIGH","1","1","否","否","","","","","无","(base)","是","T2","正餐/甜点名称","","待评估","OTHER","",""
"Bakeries","[烘焙坊]bakeries-1.21.1-NeoForge-1.0.1.jar","1.0.1","bakeries","bakeries:bread_knife/whole_egg","bakeries:bread_knife","烘焙坊面包刀","Whole Egg","bakeries:whole_egg","1","否","","","","INGREDIENT","ingredient_process=bakeries:bread_knife","MEDIUM","1","1","否","是","","","","","无","(base)","是","不进入厨师","内容类型=INGREDIENT","","待评估","OTHER","",""
"Bakeries","[烘焙坊]bakeries-1.21.1-NeoForge-1.0.1.jar","1.0.1","bakeries","bakeries:bread_rack","minecraft:crafting_shaped","工作台（有序）","Bread Rack","bakeries:bread_rack","1","否","","","","NON_FOOD","not_edible","MEDIUM","2","2","否","否","","","","","无","(base)","是","不进入厨师","内容类型=NON_FOOD","","已覆盖","CRAFTING","ItemCraftedEvent",""
"Bakeries","[烘焙坊]bakeries-1.21.1-NeoForge-1.0.1.jar","1.0.1","bakeries","bakeries:brown_sugar_cube","minecraft:smelting","熔炉","Brown Sugar Cube","bakeries:brown_sugar_cube","1","否","","","","INGREDIENT","ingredient_token=brown_sugar_cube","HIGH","1","1","否","是","","","200","","无","(base)","是","不进入厨师","内容类型=INGREDIENT","","已覆盖","FURNACE","ItemSmeltedEvent（菜单启发）",""
"Bakeries","[烘焙坊]bakeries-1.21.1-NeoForge-1.0.1.jar","1.0.1","bakeries","bakeries:brown_sugar_roll_dough","minecraft:crafting_shaped","工作台（有序）","Brown Sugar Roll Dough","bakeries:brown_sugar_roll_dough","4","否","","","","INGREDIENT","ingredient_token=brown_sugar_roll_dough","HIGH","3","3","否","是","","","","","无","(base)","是","不进入厨师","内容类型=INGREDIENT","","已覆盖","CRAFTING","ItemCraftedEvent",""
"Bakeries","[烘焙坊]bakeries-1.21.1-NeoForge-1.0.1.jar","1.0.1","bakeries","bakeries:cash_register_computer","minecraft:crafting_shaped","工作台（有序）","Cash Register Computer","bakeries:cash_register_computer","1","否","","","","NON_FOOD","not_edible","MEDIUM","4","4","否","否","","","","","无","(base)","是","不进入厨师","内容类型=NON_FOOD","","已覆盖","CRAFTING","ItemCraftedEvent",""
"Bakeries","[烘焙坊]bakeries-1.21.1-NeoForge-1.0.1.jar","1.0.1","bakeries","bakeries:cheese_cocoa_toast_dough","minecraft:crafting_shaped","工作台（有序）","Mould Cheese Cocoa Toast Dough","bakeries:mould_cheese_cocoa_toast_dough","1","否","","","","INGREDIENT","ingredient_token=mould_cheese_cocoa_toast_dough","HIGH","4","4","否","是","","","","","无","(base)","是","不进入厨师","内容类型=INGREDIENT","","已覆盖","CRAFTING","ItemCraftedEvent",""
"Bakeries","[烘焙坊]bakeries-1.21.1-NeoForge-1.0.1.jar","1.0.1","bakeries","bakeries:cheese_cream_bread","minecraft:crafting_shapeless","工作台（无序）","Cheese Cream Bread","bakeries:cheese_cream_bread","2","是","6","12","effect.bakeries.cheese_power 1200tick 1级 概率1","DISH","dish_token;edible=true;type=minecraft:crafting_shapeless","HIGH","2","3","否","否","","","","","无","(base)","是","T2","正餐/甜点名称","","已覆盖","CRAFTING","ItemCraftedEvent",""
"Bakeries","[烘焙坊]bakeries-1.21.1-NeoForge-1.0.1.jar","1.0.1","bakeries","bakeries:coffee_bean","minecraft:smelting","熔炉","Coffee Bean","bakeries:coffee_bean","1","否","","","","DRINK","drink_token=coffee_bean","HIGH","1","1","否","否","","","100","","无","(base)","是","不进入厨师","内容类型=DRINK","","已覆盖","FURNACE","ItemSmeltedEvent（菜单启发）",""
"Bakeries","[烘焙坊]bakeries-1.21.1-NeoForge-1.0.1.jar","1.0.1","bakeries","bakeries:coffee_table","minecraft:crafting_shaped","工作台（有序）","Coffee Table","bakeries:coffee_table","2","否","","","","DRINK","drink_token=coffee_table","HIGH","2","2","否","否","","","","","无","(base)","是","不进入厨师","内容类型=DRINK","","已覆盖","CRAFTING","ItemCraftedEvent",""
"Bakeries","[烘焙坊]bakeries-1.21.1-NeoForge-1.0.1.jar","1.0.1","bakeries","bakeries:compat/create/bagel_dough","create:cutting","Create 切割（自动化）","Bagel Dough","bakeries:bagel_dough","4","否","","","","INGREDIENT","ingredient_token=bagel_dough","HIGH","1","1","否","是","","","50","","无","(base)","是","不进入厨师","内容类型=INGREDIENT","","不接入玩家事件","—","Create 自动化","Create 自动化不得记玩家厨技"
"Bakeries","[烘焙坊]bakeries-1.21.1-NeoForge-1.0.1.jar","1.0.1","bakeries","bakeries:compat/create/baguette_dough","create:cutting","Create 切割（自动化）","Baguette Dough","bakeries:baguette_dough","2","否","","","","INGREDIENT","ingredient_token=baguette_dough","HIGH","1","1","否","是","","","50","","无","(base)","是","不进入厨师","内容类型=INGREDIENT","","不接入玩家事件","—","Create 自动化","Create 自动化不得记玩家厨技"
"Bakeries","[烘焙坊]bakeries-1.21.1-NeoForge-1.0.1.jar","1.0.1","bakeries","bakeries:compat/create/bottle_cream","create:mixing","Create 搅拌（自动化）","Bottle Cream","bakeries:bottle_cream","1","否","","","","INGREDIENT","explicit_ingredient_id","HIGH","1","1","否","是","","","","","无","(base)","是","不进入厨师","内容类型=INGREDIENT","","不接入玩家事件","—","Create 自动化不得记玩家厨技","Create 自动化不得记玩家厨技"
"Bakeries","[烘焙坊]bakeries-1.21.1-NeoForge-1.0.1.jar","1.0.1","bakeries","bakeries:compat/create/butter_cube","create:mixing","Create 搅拌（自动化）","Butter Cube","bakeries:butter_cube","1","否","","","","INGREDIENT","explicit_ingredient_id","HIGH","1","1","否","是","","","","","无","(base)","是","不进入厨师","内容类型=INGREDIENT","","不接入玩家事件","—","Create 自动化不得记玩家厨技","Create 自动化不得记玩家厨技"
"Bakeries","[烘焙坊]bakeries-1.21.1-NeoForge-1.0.1.jar","1.0.1","bakeries","bakeries:compat/create/cheese_cream","create:mixing","Create 搅拌（自动化）","Cheese Cream","bakeries:cheese_cream","2","是","1","2","","INGREDIENT","manual_override;搅拌机奶油中间产物","HIGH","2","2","否","是","","","","","无","(base)","是","不进入厨师","搅拌机奶油中间产物","","不接入玩家事件","—","Create 自动化不得记玩家厨技","人工覆盖优先；Create 自动化不得记玩家厨技；保持INGREDIENT"
"Bakeries","[烘焙坊]bakeries-1.21.1-NeoForge-1.0.1.jar","1.0.1","bakeries","bakeries:compat/create/ciabatta_dough","create:cutting","Create 切割（自动化）","Ciabatta Dough","bakeries:ciabatta_dough","4","否","","","","INGREDIENT","ingredient_token=ciabatta_dough","HIGH","1","1","否","是","","","50","","无","(base)","是","不进入厨师","内容类型=INGREDIENT","","不接入玩家事件","—","Create 自动化","Create 自动化不得记玩家厨技"
"Bakeries","[烘焙坊]bakeries-1.21.1-NeoForge-1.0.1.jar","1.0.1","bakeries","bakeries:compat/create/cocoa_dough","create:mixing","Create 搅拌（自动化）","Cocoa Dough","bakeries:cocoa_dough","1","否","","","","INGREDIENT","ingredient_token=cocoa_dough","HIGH","7","9","否","是","","","","","always包","(base)|always","是","不进入厨师","内容类型=INGREDIENT","","不接入玩家事件","—","Create 自动化不得记玩家厨技","Create 自动化不得记玩家厨技"
"Bakeries","[烘焙坊]bakeries-1.21.1-NeoForge-1.0.1.jar","1.0.1","bakeries","bakeries:compat/create/country_bread_dough","create:cutting","Create 切割（自动化）","Country Bread Dough","bakeries:country_bread_dough","1","否","","","","INGREDIENT","ingredient_token=country_bread_dough","HIGH","1","1","否","是","","","50","","无","(base)","是","不进入厨师","内容类型=INGREDIENT","","不接入玩家事件","—","Create 自动化","Create 自动化不得记玩家厨技"
"Bakeries","[烘焙坊]bakeries-1.21.1-NeoForge-1.0.1.jar","1.0.1","bakeries","bakeries:compat/create/croissant_dough","create:cutting","Create 切割（自动化）","Croissant Dough","bakeries:croissant_dough","2","否","","","","INGREDIENT","ingredient_token=croissant_dough","HIGH","1","1","否","是","","","50","","无","(base)","是","不进入厨师","内容类型=INGREDIENT","","不接入玩家事件","—","Create 自动化","Create 自动化不得记玩家厨技"
"Bakeries","[烘焙坊]bakeries-1.21.1-NeoForge-1.0.1.jar","1.0.1","bakeries","bakeries:compat/create/egg_tart_shell","create:cutting","Create 切割（自动化）","Egg Tart Shell","bakeries:egg_tart_shell","3","否","","","","INGREDIENT","manual_override;蛋挞皮生坯/壳；无FOOD","HIGH","1","1","否","是","","","50","","无","(base)","是","不进入厨师","蛋挞皮生坯/壳；无FOOD","","不接入玩家事件","—","Create 自动化","人工覆盖优先；Create 自动化不得记玩家厨技；禁止dishStrong误判"
"Bakeries","[烘焙坊]bakeries-1.21.1-NeoForge-1.0.1.jar","1.0.1","bakeries","bakeries:compat/create/foamed_cream","create:mixing","Create 搅拌（自动化）","Foamed Cream","bakeries:foamed_cream","4","是","1","2","","INGREDIENT","manual_override;发泡奶油中间产物","HIGH","2","3","否","是","","","","","无","(base)","是","不进入厨师","发泡奶油中间产物","","不接入玩家事件","—","Create 自动化不得记玩家厨技","人工覆盖优先；Create 自动化不得记玩家厨技；保持INGREDIENT"
"Bakeries","[烘焙坊]bakeries-1.21.1-NeoForge-1.0.1.jar","1.0.1","bakeries","bakeries:compat/create/fresh_cheese_cube","create:mixing","Create 搅拌（自动化）","Fresh Cheese Cube","bakeries:fresh_cheese_cube","4","是","1","2","","INGREDIENT","manual_override;芝士立方中间产物","HIGH","2","5","否","是","","","","","无","(base)","是","不进入厨师","芝士立方中间产物","","不接入玩家事件","—","Create 自动化不得记玩家厨技","人工覆盖优先；Create 自动化不得记玩家厨技；保持INGREDIENT"
"Bakeries","[烘焙坊]bakeries-1.21.1-NeoForge-1.0.1.jar","1.0.1","bakeries","bakeries:compat/create/honey_butter","create:mixing","Create 搅拌（自动化）","Honey Butter","bakeries:honey_butter","4","否","","","","NON_FOOD","not_edible","MEDIUM","2","3","否","否","","","","","无","(base)","是","不进入厨师","内容类型=NON_FOOD","","不接入玩家事件","—","Create 自动化不得记玩家厨技","Create 自动化不得记玩家厨技"
"Bakeries","[烘焙坊]bakeries-1.21.1-NeoForge-1.0.1.jar","1.0.1","bakeries","bakeries:compat/create/mashed_taro","create:mixing","Create 搅拌（自动化）","Mashed Taro","bakeries:mashed_taro","4","是","1","1","","INGREDIENT","manual_override;芋泥馅料","HIGH","3","3","否","是","","","","","无","(base)","是","不进入厨师","芋泥馅料","","不接入玩家事件","—","Create 自动化不得记玩家厨技","人工覆盖优先；Create 自动化不得记玩家厨技；保持INGREDIENT"
"Bakeries","[烘焙坊]bakeries-1.21.1-NeoForge-1.0.1.jar","1.0.1","bakeries","bakeries:compat/create/matcha_parfait","create:mixing","Create 搅拌（自动化）","Matcha Parfait","bakeries:matcha_parfait","1","是","9","9","effect.minecraft.speed 600tick 1级 概率1；effect.minecraft.haste 600tick 1级 概率1","DISH","dish_token;edible=true;type=create:mixing","HIGH","4","4","否","否","","","","","无","(base)","是","T2","正餐/甜点名称","","不接入玩家事件","—","Create 自动化不得记玩家厨技","Create 自动化不得记玩家厨技"
"Bakeries","[烘焙坊]bakeries-1.21.1-NeoForge-1.0.1.jar","1.0.1","bakeries","bakeries:compat/create/meat_floss","create:mixing","Create 搅拌（自动化）","Meat Floss","bakeries:meat_floss","4","是","2","3.2","","INGREDIENT","manual_override;肉松馅料","HIGH","1","1","否","是","","","","","无","(base)","是","不进入厨师","肉松馅料","","不接入玩家事件","—","Create 自动化不得记玩家厨技","人工覆盖优先；Create 自动化不得记玩家厨技；保持INGREDIENT"
"Bakeries","[烘焙坊]bakeries-1.21.1-NeoForge-1.0.1.jar","1.0.1","bakeries","bakeries:compat/create/olive_oil","create:mixing","Create 搅拌（自动化）","Olive Oil","bakeries:olive_oil","1","否","","","","NON_FOOD","not_edible","MEDIUM","1","4","否","否","","","","","无","(base)","是","不进入厨师","内容类型=NON_FOOD","","不接入玩家事件","—","Create 自动化不得记玩家厨技","Create 自动化不得记玩家厨技"
"Bakeries","[烘焙坊]bakeries-1.21.1-NeoForge-1.0.1.jar","1.0.1","bakeries","bakeries:compat/create/round_bread_dough","create:cutting","Create 切割（自动化）","Round Bread Dough","bakeries:round_bread_dough","6","否","","","","INGREDIENT","ingredient_token=round_bread_dough","HIGH","1","1","否","是","","","50","","无","(base)","是","不进入厨师","内容类型=INGREDIENT","","不接入玩家事件","—","Create 自动化","Create 自动化不得记玩家厨技"
"Bakeries","[烘焙坊]bakeries-1.21.1-NeoForge-1.0.1.jar","1.0.1","bakeries","bakeries:compat/create/salted_dough","create:mixing","Create 搅拌（自动化）","Salted Dough","bakeries:salted_dough","1","否","","","","INGREDIENT","ingredient_token=salted_dough","HIGH","4","7","否","是","","","","","always包","(base)|always","是","不进入厨师","内容类型=INGREDIENT","","不接入玩家事件","—","Create 自动化不得记玩家厨技","Create 自动化不得记玩家厨技"
"Bakeries","[烘焙坊]bakeries-1.21.1-NeoForge-1.0.1.jar","1.0.1","bakeries","bakeries:compat/create/sweet_dough","create:mixing","Create 搅拌（自动化）","Sweet Dough","bakeries:sweet_dough","1","否","","","","INGREDIENT","ingredient_token=sweet_dough","HIGH","6","9","否","是","","","","","always包","(base)|always","是","不进入厨师","内容类型=INGREDIENT","","不接入玩家事件","—","Create 自动化不得记玩家厨技","Create 自动化不得记玩家厨技"
"Bakeries","[烘焙坊]bakeries-1.21.1-NeoForge-1.0.1.jar","1.0.1","bakeries","bakeries:compat/create/whole_wheat_bagel_dough","create:cutting","Create 切割（自动化）","Whole Wheat Bagel Dough","bakeries:whole_wheat_bagel_dough","4","否","","","","INGREDIENT","ingredient_token=whole_wheat_bagel_dough","HIGH","1","1","否","是","","","50","","无","(base)","是","不进入厨师","内容类型=INGREDIENT","","不接入玩家事件","—","Create 自动化","Create 自动化不得记玩家厨技"
"Bakeries","[烘焙坊]bakeries-1.21.1-NeoForge-1.0.1.jar","1.0.1","bakeries","bakeries:compat/create/whole_wheat_dough","create:mixing","Create 搅拌（自动化）","Whole Wheat Dough","bakeries:whole_wheat_dough","1","否","","","","INGREDIENT","ingredient_token=whole_wheat_dough","HIGH","4","7","否","是","","","","","无","(base)","是","不进入厨师","内容类型=INGREDIENT","","不接入玩家事件","—","Create 自动化不得记玩家厨技","Create 自动化不得记玩家厨技"
"Bakeries","[烘焙坊]bakeries-1.21.1-NeoForge-1.0.1.jar","1.0.1","bakeries","bakeries:compat/rice_bread_dough","minecraft:crafting_shapeless","工作台（无序）","Rice Bread Dough","bakeries:rice_bread_dough","1","否","","","","INGREDIENT","ingredient_token=rice_bread_dough","HIGH","2","2","否","是","","","","","always包","(base)|always","是","不进入厨师","内容类型=INGREDIENT","","已覆盖","CRAFTING","ItemCraftedEvent",""
"Bakeries","[烘焙坊]bakeries-1.21.1-NeoForge-1.0.1.jar","1.0.1","bakeries","bakeries:compat/salmon_sandwich","minecraft:crafting_shapeless","工作台（无序）","Salmon Sandwich","bakeries:salmon_sandwich","1","是","12","9.6","effect.bakeries.enjoy 600tick 1级 概率1","DISH","dish_token;edible=true;type=minecraft:crafting_shapeless","HIGH","2","5","否","否","","","","","无","(base)","是","T2","正餐/甜点名称","","已覆盖","CRAFTING","ItemCraftedEvent",""
"Bakeries","[烘焙坊]bakeries-1.21.1-NeoForge-1.0.1.jar","1.0.1","bakeries","bakeries:cooked_taro","minecraft:smelting","熔炉","Cooked Taro","bakeries:cooked_taro","1","是","6","7.2000003","","DISH","cooking_device=minecraft:smelting;food_component","HIGH","1","1","否","否","","","200","","无","(base)","是","COMMON","基础熟食或少量常见原料/单步合成","","已覆盖","FURNACE","ItemSmeltedEvent（菜单启发）",""
"Bakeries","[烘焙坊]bakeries-1.21.1-NeoForge-1.0.1.jar","1.0.1","bakeries","bakeries:cooked_taro_campfire_cooking","minecraft:campfire_cooking","营火（无事件检测）","Cooked Taro","bakeries:cooked_taro","1","是","6","7.2000003","","DISH","cooking_device=minecraft:campfire_cooking;food_component","HIGH","1","1","否","否","","","600","","无","(base)","是","COMMON","基础熟食或少量常见原料/单步合成","","未覆盖","CAMPFIRE（仅枚举）","无营火取餐检测，不会产生 DishCookedEvent","营火：TCTH 当前无 DishCookedEvent 检测"
"Bakeries","[烘焙坊]bakeries-1.21.1-NeoForge-1.0.1.jar","1.0.1","bakeries","bakeries:cooked_taro_smoking","minecraft:smoking","烟熏炉","Cooked Taro","bakeries:cooked_taro","1","是","6","7.2000003","","DISH","cooking_device=minecraft:smoking;food_component","HIGH","1","1","否","否","","","100","","无","(base)","是","COMMON","基础熟食或少量常见原料/单步合成","","已覆盖","SMOKER","ItemSmeltedEvent",""
"Bakeries","[烘焙坊]bakeries-1.21.1-NeoForge-1.0.1.jar","1.0.1","bakeries","bakeries:cupboard","minecraft:crafting_shaped","工作台（有序）","Cupboard","bakeries:cupboard","1","否","","","","NON_FOOD","not_edible","MEDIUM","2","2","否","否","","","","","无","(base)","是","不进入厨师","内容类型=NON_FOOD","","已覆盖","CRAFTING","ItemCraftedEvent",""
"Bakeries","[烘焙坊]bakeries-1.21.1-NeoForge-1.0.1.jar","1.0.1","bakeries","bakeries:dirty_choco_croissant","minecraft:crafting_shapeless","工作台（无序）","Dirty Choco Croissant","bakeries:dirty_choco_croissant","2","是","6","12","effect.bakeries.enjoy 1200tick 1级 概率1；effect.bakeries.cocoa_mania 1200tick 1级 概率1","DISH","dish_token;edible=true;type=minecraft:crafting_shapeless","HIGH","3","4","否","否","","","","","无","(base)","是","T2","正餐/甜点名称","","已覆盖","CRAFTING","ItemCraftedEvent",""
"Bakeries","[烘焙坊]bakeries-1.21.1-NeoForge-1.0.1.jar","1.0.1","bakeries","bakeries:dough_crafting_table","minecraft:crafting_shaped","工作台（有序）","Dough Crafting Table","bakeries:dough_crafting_table","1","否","","","","INGREDIENT","ingredient_token=dough_crafting_table","HIGH","4","4","否","是","","","","","无","(base)","是","不进入厨师","内容类型=INGREDIENT","","已覆盖","CRAFTING","ItemCraftedEvent",""
"Bakeries","[烘焙坊]bakeries-1.21.1-NeoForge-1.0.1.jar","1.0.1","bakeries","bakeries:dough_crafting_table/bagel_dough","bakeries:dough_crafting_table","烘焙坊揉面台","贝果面胚","bakeries:bagel_dough","4","","","","","INGREDIENT","ingredient_token=bagel_dough","HIGH","1","1","否","是","","","","","仅JAR原始（运行时未加载）","(base)","否","不进入厨师","内容类型=INGREDIENT","","需适配","BAKERIES_DOUGH_TABLE（建议）","","运行时未加载（依赖/条件）"
"Bakeries","[烘焙坊]bakeries-1.21.1-NeoForge-1.0.1.jar","1.0.1","bakeries","bakeries:dough_crafting_table/bagel_dough__fermentation_gameplay","bakeries:dough_crafting_table","烘焙坊揉面台","Bagel Dough","bakeries:bagel_dough","4","否","","","","INGREDIENT","ingredient_token=bagel_dough","HIGH","1","1","否","是","","","","","无","(base)","是","不进入厨师","内容类型=INGREDIENT","","需适配","BAKERIES_DOUGH_TABLE（建议）","",""
"Bakeries","[烘焙坊]bakeries-1.21.1-NeoForge-1.0.1.jar","1.0.1","bakeries","bakeries:dough_crafting_table/baguette_dough","bakeries:dough_crafting_table","烘焙坊揉面台","法棍面胚","bakeries:baguette_dough","2","","","","","INGREDIENT","ingredient_token=baguette_dough","HIGH","1","1","否","是","","","","","仅JAR原始（运行时未加载）","(base)","否","不进入厨师","内容类型=INGREDIENT","","需适配","BAKERIES_DOUGH_TABLE（建议）","","运行时未加载（依赖/条件）"
"Bakeries","[烘焙坊]bakeries-1.21.1-NeoForge-1.0.1.jar","1.0.1","bakeries","bakeries:dough_crafting_table/baguette_dough__fermentation_gameplay","bakeries:dough_crafting_table","烘焙坊揉面台","Baguette Dough","bakeries:baguette_dough","2","否","","","","INGREDIENT","ingredient_token=baguette_dough","HIGH","1","1","否","是","","","","","无","(base)","是","不进入厨师","内容类型=INGREDIENT","","需适配","BAKERIES_DOUGH_TABLE（建议）","",""
"Bakeries","[烘焙坊]bakeries-1.21.1-NeoForge-1.0.1.jar","1.0.1","bakeries","bakeries:dough_crafting_table/ciabatta_dough","bakeries:dough_crafting_table","烘焙坊揉面台","恰巴塔面胚","bakeries:ciabatta_dough","4","","","","","INGREDIENT","ingredient_token=ciabatta_dough","HIGH","1","1","否","是","","","","","仅JAR原始（运行时未加载）","(base)","否","不进入厨师","内容类型=INGREDIENT","","需适配","BAKERIES_DOUGH_TABLE（建议）","","运行时未加载（依赖/条件）"
"Bakeries","[烘焙坊]bakeries-1.21.1-NeoForge-1.0.1.jar","1.0.1","bakeries","bakeries:dough_crafting_table/ciabatta_dough__fermentation_gameplay","bakeries:dough_crafting_table","烘焙坊揉面台","Ciabatta Dough","bakeries:ciabatta_dough","4","否","","","","INGREDIENT","ingredient_token=ciabatta_dough","HIGH","1","1","否","是","","","","","无","(base)","是","不进入厨师","内容类型=INGREDIENT","","需适配","BAKERIES_DOUGH_TABLE（建议）","",""
"Bakeries","[烘焙坊]bakeries-1.21.1-NeoForge-1.0.1.jar","1.0.1","bakeries","bakeries:dough_crafting_table/country_bread_dough","bakeries:dough_crafting_table","烘焙坊揉面台","乡村面包面胚","bakeries:country_bread_dough","1","","","","","INGREDIENT","ingredient_token=country_bread_dough","HIGH","1","1","否","是","","","","","仅JAR原始（运行时未加载）","(base)","否","不进入厨师","内容类型=INGREDIENT","","需适配","BAKERIES_DOUGH_TABLE（建议）","","运行时未加载（依赖/条件）"
"Bakeries","[烘焙坊]bakeries-1.21.1-NeoForge-1.0.1.jar","1.0.1","bakeries","bakeries:dough_crafting_table/country_bread_dough__fermentation_gameplay","bakeries:dough_crafting_table","烘焙坊揉面台","Country Bread Dough","bakeries:country_bread_dough","1","否","","","","INGREDIENT","ingredient_token=country_bread_dough","HIGH","1","1","否","是","","","","","无","(base)","是","不进入厨师","内容类型=INGREDIENT","","需适配","BAKERIES_DOUGH_TABLE（建议）","",""
"Bakeries","[烘焙坊]bakeries-1.21.1-NeoForge-1.0.1.jar","1.0.1","bakeries","bakeries:dough_crafting_table/croissant_dough","bakeries:dough_crafting_table","烘焙坊揉面台","Croissant Dough","bakeries:croissant_dough","2","否","","","","INGREDIENT","ingredient_token=croissant_dough","HIGH","1","1","否","是","","","","","无","(base)","是","不进入厨师","内容类型=INGREDIENT","","需适配","BAKERIES_DOUGH_TABLE（建议）","",""
"Bakeries","[烘焙坊]bakeries-1.21.1-NeoForge-1.0.1.jar","1.0.1","bakeries","bakeries:dough_crafting_table/egg_tart_shell","bakeries:dough_crafting_table","烘焙坊揉面台","Egg Tart Shell","bakeries:egg_tart_shell","3","否","","","","INGREDIENT","manual_override;蛋挞皮生坯/壳；无FOOD","HIGH","1","1","否","是","","","","","无","(base)","是","不进入厨师","蛋挞皮生坯/壳；无FOOD","","需适配","BAKERIES_DOUGH_TABLE（建议）","","人工覆盖优先；禁止dishStrong误判"
"Bakeries","[烘焙坊]bakeries-1.21.1-NeoForge-1.0.1.jar","1.0.1","bakeries","bakeries:dough_crafting_table/round_bread_dough","bakeries:dough_crafting_table","烘焙坊揉面台","圆面包面胚","bakeries:round_bread_dough","6","","","","","INGREDIENT","ingredient_token=round_bread_dough","HIGH","1","1","否","是","","","","","仅JAR原始（运行时未加载）","(base)","否","不进入厨师","内容类型=INGREDIENT","","需适配","BAKERIES_DOUGH_TABLE（建议）","","运行时未加载（依赖/条件）"
"Bakeries","[烘焙坊]bakeries-1.21.1-NeoForge-1.0.1.jar","1.0.1","bakeries","bakeries:dough_crafting_table/round_bread_dough__fermentation_gameplay","bakeries:dough_crafting_table","烘焙坊揉面台","Round Bread Dough","bakeries:round_bread_dough","6","否","","","","INGREDIENT","ingredient_token=round_bread_dough","HIGH","1","1","否","是","","","","","无","(base)","是","不进入厨师","内容类型=INGREDIENT","","需适配","BAKERIES_DOUGH_TABLE（建议）","",""
"Bakeries","[烘焙坊]bakeries-1.21.1-NeoForge-1.0.1.jar","1.0.1","bakeries","bakeries:dough_crafting_table/whole_wheat_bagel_dough","bakeries:dough_crafting_table","烘焙坊揉面台","全麦贝果面胚","bakeries:whole_wheat_bagel_dough","4","","","","","INGREDIENT","ingredient_token=whole_wheat_bagel_dough","HIGH","1","1","否","是","","","","","仅JAR原始（运行时未加载）","(base)","否","不进入厨师","内容类型=INGREDIENT","","需适配","BAKERIES_DOUGH_TABLE（建议）","","运行时未加载（依赖/条件）"
"Bakeries","[烘焙坊]bakeries-1.21.1-NeoForge-1.0.1.jar","1.0.1","bakeries","bakeries:dough_crafting_table/whole_wheat_bagel_dough__fermentation_gameplay","bakeries:dough_crafting_table","烘焙坊揉面台","Whole Wheat Bagel Dough","bakeries:whole_wheat_bagel_dough","4","否","","","","INGREDIENT","ingredient_token=whole_wheat_bagel_dough","HIGH","1","1","否","是","","","","","无","(base)","是","不进入厨师","内容类型=INGREDIENT","","需适配","BAKERIES_DOUGH_TABLE（建议）","",""
"Bakeries","[烘焙坊]bakeries-1.21.1-NeoForge-1.0.1.jar","1.0.1","bakeries","bakeries:drink/brown_sugar_latte","bakeries:drink","烘焙坊饮品","Brown Sugar Latte","bakeries:brown_sugar_latte","1","是","0","0","effect.minecraft.speed 600tick 1级 概率1","DRINK","recipe_type=bakeries:drink","HIGH","4","4","否","否","","","","","无","(base)","是","不进入厨师","内容类型=DRINK","","需适配","BAKERIES_DRINK（建议）","饮品路线",""
"Bakeries","[烘焙坊]bakeries-1.21.1-NeoForge-1.0.1.jar","1.0.1","bakeries","bakeries:drink/cream_bingle_coffee","bakeries:drink","烘焙坊饮品","Cream Bingle Coffee","bakeries:cream_bingle_coffee","1","是","1","1","effect.minecraft.speed 600tick 1级 概率1","DRINK","recipe_type=bakeries:drink","HIGH","4","4","否","否","","","","","无","(base)","是","不进入厨师","内容类型=DRINK","","需适配","BAKERIES_DRINK（建议）","饮品路线",""
"Bakeries","[烘焙坊]bakeries-1.21.1-NeoForge-1.0.1.jar","1.0.1","bakeries","bakeries:drink/iced_american","bakeries:drink","烘焙坊饮品","Iced American","bakeries:iced_american","1","是","0","0","effect.minecraft.speed 600tick 1级 概率1","DRINK","recipe_type=bakeries:drink","HIGH","3","3","否","否","","","","","无","(base)","是","不进入厨师","内容类型=DRINK","","需适配","BAKERIES_DRINK（建议）","饮品路线",""
"Bakeries","[烘焙坊]bakeries-1.21.1-NeoForge-1.0.1.jar","1.0.1","bakeries","bakeries:drink/iced_latte","bakeries:drink","烘焙坊饮品","Iced Latte","bakeries:iced_latte","1","是","0","0","effect.minecraft.speed 600tick 1级 概率1","DRINK","recipe_type=bakeries:drink","HIGH","3","3","否","否","","","","","无","(base)","是","不进入厨师","内容类型=DRINK","","需适配","BAKERIES_DRINK（建议）","饮品路线",""
"Bakeries","[烘焙坊]bakeries-1.21.1-NeoForge-1.0.1.jar","1.0.1","bakeries","bakeries:drink/matcha_latte","bakeries:drink","烘焙坊饮品","Matcha Latte","bakeries:matcha_latte","1","是","1","1","effect.minecraft.speed 600tick 1级 概率1；effect.minecraft.haste 600tick 1级 概率1","DRINK","recipe_type=bakeries:drink","HIGH","3","3","否","否","","","","","无","(base)","是","不进入厨师","内容类型=DRINK","","需适配","BAKERIES_DRINK（建议）","饮品路线",""
"Bakeries","[烘焙坊]bakeries-1.21.1-NeoForge-1.0.1.jar","1.0.1","bakeries","bakeries:drink/taro_milk","bakeries:drink","烘焙坊饮品","Taro Milk","bakeries:taro_milk","1","是","9","9","effect.minecraft.speed 600tick 1级 概率1；effect.minecraft.haste 600tick 1级 概率1","DRINK","recipe_type=bakeries:drink","HIGH","3","3","否","否","","","","","无","(base)","是","不进入厨师","内容类型=DRINK","","需适配","BAKERIES_DRINK（建议）","饮品路线",""
"Bakeries","[烘焙坊]bakeries-1.21.1-NeoForge-1.0.1.jar","1.0.1","bakeries","bakeries:drink_cup","minecraft:crafting_shaped","工作台（有序）","Glass Drink Cup","bakeries:drink_cup","3","否","","","","DRINK","drink_token=drink_cup","HIGH","1","1","否","否","","","","","无","(base)","是","不进入厨师","内容类型=DRINK","","已覆盖","CRAFTING","ItemCraftedEvent",""
"Bakeries","[烘焙坊]bakeries-1.21.1-NeoForge-1.0.1.jar","1.0.1","bakeries","bakeries:fermentation_box","minecraft:crafting_shaped","工作台（有序）","Fermentation Box","bakeries:fermentation_box","1","否","","","","NON_FOOD","not_edible","MEDIUM","5","5","否","否","","","","","无","(base)","是","不进入厨师","内容类型=NON_FOOD","","已覆盖","CRAFTING","ItemCraftedEvent",""
"Bakeries","[烘焙坊]bakeries-1.21.1-NeoForge-1.0.1.jar","1.0.1","bakeries","bakeries:fermentation_box/cocoa_dough_fermentation","bakeries:fermentation_box","烘焙坊发酵箱","Cocoa Dough Fermentation","bakeries:cocoa_dough_fermentation","1","否","","","","INGREDIENT","ingredient_token=cocoa_dough_fermentation","HIGH","1","1","否","是","","","","","无","(base)","是","不进入厨师","内容类型=INGREDIENT","","需适配","BAKERIES_FERMENT_BOX（建议）","中间产物",""
"Bakeries","[烘焙坊]bakeries-1.21.1-NeoForge-1.0.1.jar","1.0.1","bakeries","bakeries:fermentation_box/salted_dough_fermentation","bakeries:fermentation_box","烘焙坊发酵箱","Salted Dough Fermentation","bakeries:salted_dough_fermentation","1","否","","","","INGREDIENT","ingredient_token=salted_dough_fermentation","HIGH","1","1","否","是","","","","","无","(base)","是","不进入厨师","内容类型=INGREDIENT","","需适配","BAKERIES_FERMENT_BOX（建议）","中间产物",""
"Bakeries","[烘焙坊]bakeries-1.21.1-NeoForge-1.0.1.jar","1.0.1","bakeries","bakeries:fermentation_box/sweet_dough_fermentation","bakeries:fermentation_box","烘焙坊发酵箱","Sweet Dough Fermentation","bakeries:sweet_dough_fermentation","1","否","","","","INGREDIENT","ingredient_token=sweet_dough_fermentation","HIGH","1","1","否","是","","","","","无","(base)","是","不进入厨师","内容类型=INGREDIENT","","需适配","BAKERIES_FERMENT_BOX（建议）","中间产物",""
"Bakeries","[烘焙坊]bakeries-1.21.1-NeoForge-1.0.1.jar","1.0.1","bakeries","bakeries:fermentation_box/whole_wheat_dough_fermentation","bakeries:fermentation_box","烘焙坊发酵箱","Whole Wheat Dough Fermentation","bakeries:whole_wheat_dough_fermentation","1","否","","","","INGREDIENT","ingredient_token=whole_wheat_dough_fermentation","HIGH","1","1","否","是","","","","","无","(base)","是","不进入厨师","内容类型=INGREDIENT","","需适配","BAKERIES_FERMENT_BOX（建议）","中间产物",""
"Bakeries","[烘焙坊]bakeries-1.21.1-NeoForge-1.0.1.jar","1.0.1","bakeries","bakeries:fermentation_tank","minecraft:crafting_shaped","工作台（有序）","Fermentation Tank","bakeries:fermentation_tank","1","否","","","","NON_FOOD","not_edible","MEDIUM","2","2","否","否","","","","","无","(base)","是","不进入厨师","内容类型=NON_FOOD","","已覆盖","CRAFTING","ItemCraftedEvent",""
"Bakeries","[烘焙坊]bakeries-1.21.1-NeoForge-1.0.1.jar","1.0.1","bakeries","bakeries:flour_bag","minecraft:crafting_shapeless","工作台（无序）","Flour Bag","bakeries:flour_bag","1","否","","","","INGREDIENT","ingredient_token=flour_bag","HIGH","1","9","否","是","","","","","UNITE覆盖","(base)|unite_bakeries","是","不进入厨师","内容类型=INGREDIENT","","已覆盖","CRAFTING","ItemCraftedEvent",""
"Bakeries","[烘焙坊]bakeries-1.21.1-NeoForge-1.0.1.jar","1.0.1","bakeries","bakeries:flour_of_flour_bag","minecraft:crafting_shapeless","工作台（无序）","Flour","bakeries:flour","9","否","","","","INGREDIENT","ingredient_token=flour","HIGH","1","1","否","是","","","","","无","(base)","是","不进入厨师","内容类型=INGREDIENT","","已覆盖","CRAFTING","ItemCraftedEvent",""
"Bakeries","[烘焙坊]bakeries-1.21.1-NeoForge-1.0.1.jar","1.0.1","bakeries","bakeries:flour_sieve","minecraft:crafting_shaped","工作台（有序）","Flour Sieve","bakeries:flour_sieve","1","否","","","","INGREDIENT","ingredient_token=flour_sieve","HIGH","3","3","否","是","","","","","无","(base)","是","不进入厨师","内容类型=INGREDIENT","","已覆盖","CRAFTING","ItemCraftedEvent",""
"Bakeries","[烘焙坊]bakeries-1.21.1-NeoForge-1.0.1.jar","1.0.1","bakeries","bakeries:flour_sieve/cocoa_powder","bakeries:flour_sieve","烘焙坊面粉筛","Cocoa Powder","bakeries:cocoa_powder","1","否","","","","INGREDIENT","ingredient_process=bakeries:flour_sieve","MEDIUM","1","1","否","是","","","","","无","(base)","是","不进入厨师","内容类型=INGREDIENT","","待评估","OTHER","",""
"Bakeries","[烘焙坊]bakeries-1.21.1-NeoForge-1.0.1.jar","1.0.1","bakeries","bakeries:flour_sieve/flour","bakeries:flour_sieve","烘焙坊面粉筛","Flour","kaleidoscope_cookery:flour","1","否","","","","INGREDIENT","ingredient_token=flour","HIGH","1","1","否","是","","","","","UNITE覆盖","(base)|unite_create","是","不进入厨师","内容类型=INGREDIENT","","待评估","OTHER","",""
"Bakeries","[烘焙坊]bakeries-1.21.1-NeoForge-1.0.1.jar","1.0.1","bakeries","bakeries:flour_sieve/matcha_powder","bakeries:flour_sieve","烘焙坊面粉筛","Matcha Powder","bakeries:matcha_powder","2","否","","","","INGREDIENT","ingredient_process=bakeries:flour_sieve","MEDIUM","1","1","否","是","","","","","无","(base)","是","不进入厨师","内容类型=INGREDIENT","","待评估","OTHER","",""
"Bakeries","[烘焙坊]bakeries-1.21.1-NeoForge-1.0.1.jar","1.0.1","bakeries","bakeries:flour_sieve/salt","bakeries:flour_sieve","烘焙坊面粉筛","Salt","bakeries:salt","9","否","","","","INGREDIENT","ingredient_process=bakeries:flour_sieve","MEDIUM","1","1","否","是","","","","","无","(base)","是","不进入厨师","内容类型=INGREDIENT","","待评估","OTHER","",""
"Bakeries","[烘焙坊]bakeries-1.21.1-NeoForge-1.0.1.jar","1.0.1","bakeries","bakeries:focaccia","minecraft:crafting_shaped","工作台（有序）","Focaccia Dough","bakeries:focaccia_dough","4","否","","","","INGREDIENT","ingredient_token=focaccia_dough","HIGH","4","4","否","是","","","","","无","(base)","是","不进入厨师","内容类型=INGREDIENT","","已覆盖","CRAFTING","ItemCraftedEvent",""
"Bakeries","[烘焙坊]bakeries-1.21.1-NeoForge-1.0.1.jar","1.0.1","bakeries","bakeries:glass_bread_rack","minecraft:crafting_shaped","工作台（有序）","Glass Bread Rack","bakeries:glass_bread_rack","1","否","","","","NON_FOOD","non_edible_block_or_tool","HIGH","2","2","否","否","","","","","无","(base)","是","不进入厨师","内容类型=NON_FOOD","","已覆盖","CRAFTING","ItemCraftedEvent",""
"Bakeries","[烘焙坊]bakeries-1.21.1-NeoForge-1.0.1.jar","1.0.1","bakeries","bakeries:glass_cabinrt_door","minecraft:crafting_shaped","工作台（有序）","Glass Cabinet Door","bakeries:glass_cabinet_door","2","否","","","","NON_FOOD","decor_or_storage_token","HIGH","2","2","否","否","","","","","无","(base)","是","不进入厨师","内容类型=NON_FOOD","","已覆盖","CRAFTING","ItemCraftedEvent",""
"Bakeries","[烘焙坊]bakeries-1.21.1-NeoForge-1.0.1.jar","1.0.1","bakeries","bakeries:ground_coffee","minecraft:crafting_shapeless","工作台（无序）","Ground Coffee","bakeries:ground_coffee","2","否","","","","DRINK","drink_token=ground_coffee","HIGH","1","4","否","否","","","","","无","(base)","是","不进入厨师","内容类型=DRINK","","已覆盖","CRAFTING","ItemCraftedEvent",""
"Bakeries","[烘焙坊]bakeries-1.21.1-NeoForge-1.0.1.jar","1.0.1","bakeries","bakeries:honey_butter_spread_country_bread","minecraft:crafting_shapeless","工作台（无序）","Honey Butter Spread Country Bread","bakeries:honey_butter_spread_country_bread","4","是","6","7.7999997","","DISH","dish_token;edible=true;type=minecraft:crafting_shapeless","HIGH","2","5","否","否","","","","","无","(base)","是","T2","正餐/甜点名称","","已覆盖","CRAFTING","ItemCraftedEvent",""
"Bakeries","[烘焙坊]bakeries-1.21.1-NeoForge-1.0.1.jar","1.0.1","bakeries","bakeries:honey_butter_spread_toast","minecraft:crafting_shapeless","工作台（无序）","Honey Butter Spread Toast","bakeries:honey_butter_spread_toast","4","是","8","8","","DISH","dish_token;edible=true;type=minecraft:crafting_shapeless","HIGH","2","5","否","否","","","","","无","(base)","是","T2","正餐/甜点名称","","已覆盖","CRAFTING","ItemCraftedEvent",""
"Bakeries","[烘焙坊]bakeries-1.21.1-NeoForge-1.0.1.jar","1.0.1","bakeries","bakeries:integration/create/milling/brown_dye","create:milling","Create 碾磨（自动化）","Brown Dye","minecraft:brown_dye","2","否","","","","INGREDIENT","ingredient_process=create:milling","MEDIUM","1","1","否","是","","","","","无","(base)","是","不进入厨师","内容类型=INGREDIENT","","不接入玩家事件","—","Create 自动化","Create 自动化不得记玩家厨技"
"Bakeries","[烘焙坊]bakeries-1.21.1-NeoForge-1.0.1.jar","1.0.1","bakeries","bakeries:integration/create/milling/cocoa_beans","create:milling","Create 碾磨（自动化）","Cocoa Powder","bakeries:cocoa_powder","1","否","","","","INGREDIENT","ingredient_process=create:milling","MEDIUM","1","1","否","是","","","","","无","(base)","是","不进入厨师","内容类型=INGREDIENT","","不接入玩家事件","—","Create 自动化","Create 自动化不得记玩家厨技"
"Bakeries","[烘焙坊]bakeries-1.21.1-NeoForge-1.0.1.jar","1.0.1","bakeries","bakeries:integration/create/milling/flour","create:milling","Create 碾磨（自动化）","Flour","kaleidoscope_cookery:flour","1","否","","","","INGREDIENT","ingredient_token=flour","HIGH","1","1","否","是","","","","","UNITE覆盖","(base)|unite_create","是","不进入厨师","内容类型=INGREDIENT","","不接入玩家事件","—","Create 自动化","Create 自动化不得记玩家厨技"
"Bakeries","[烘焙坊]bakeries-1.21.1-NeoForge-1.0.1.jar","1.0.1","bakeries","bakeries:integration/create/milling/ground_coffee","create:milling","Create 碾磨（自动化）","Ground Coffee","bakeries:ground_coffee","1","否","","","","DRINK","drink_token=ground_coffee","HIGH","1","1","否","否","","","","","无","(base)","是","不进入厨师","内容类型=DRINK","","不接入玩家事件","—","Create 自动化","Create 自动化不得记玩家厨技"
"Bakeries","[烘焙坊]bakeries-1.21.1-NeoForge-1.0.1.jar","1.0.1","bakeries","bakeries:integration/create/milling/matcha_powder","create:milling","Create 碾磨（自动化）","Matcha Powder","bakeries:matcha_powder","2","否","","","","INGREDIENT","ingredient_process=create:milling","MEDIUM","1","1","否","是","","","","","无","(base)","是","不进入厨师","内容类型=INGREDIENT","","不接入玩家事件","—","Create 自动化","Create 自动化不得记玩家厨技"
"Bakeries","[烘焙坊]bakeries-1.21.1-NeoForge-1.0.1.jar","1.0.1","bakeries","bakeries:integration/create/milling/salt","create:milling","Create 碾磨（自动化）","Salt","bakeries:salt","9","否","","","","INGREDIENT","ingredient_process=create:milling","MEDIUM","1","1","否","是","","","","","无","(base)","是","不进入厨师","内容类型=INGREDIENT","","不接入玩家事件","—","Create 自动化","Create 自动化不得记玩家厨技"
"Bakeries","[烘焙坊]bakeries-1.21.1-NeoForge-1.0.1.jar","1.0.1","bakeries","bakeries:integration/create/mixing/bearnaise_1","create:mixing","Create 搅拌（自动化）","Bearnaise","bakeries:bearnaise","1","否","","","","NON_FOOD","not_edible","MEDIUM","3","3","否","否","","","","","无","(base)","是","不进入厨师","内容类型=NON_FOOD","","不接入玩家事件","—","Create 自动化不得记玩家厨技","Create 自动化不得记玩家厨技"
"Bakeries","[烘焙坊]bakeries-1.21.1-NeoForge-1.0.1.jar","1.0.1","bakeries","bakeries:integration/create/mixing/bearnaise_2","create:mixing","Create 搅拌（自动化）","Bearnaise","bakeries:bearnaise","1","否","","","","NON_FOOD","not_edible","MEDIUM","3","3","否","否","","","","","无","(base)","是","不进入厨师","内容类型=NON_FOOD","","不接入玩家事件","—","Create 自动化不得记玩家厨技","Create 自动化不得记玩家厨技"
"Bakeries","[烘焙坊]bakeries-1.21.1-NeoForge-1.0.1.jar","1.0.1","bakeries","bakeries:integration/create/mixing/bearnaise_3","create:mixing","Create 搅拌（自动化）","Bearnaise","bakeries:bearnaise","1","否","","","","NON_FOOD","not_edible","MEDIUM","3","3","否","否","","","","","无","(base)","是","不进入厨师","内容类型=NON_FOOD","","不接入玩家事件","—","Create 自动化不得记玩家厨技","Create 自动化不得记玩家厨技"
"Bakeries","[烘焙坊]bakeries-1.21.1-NeoForge-1.0.1.jar","1.0.1","bakeries","bakeries:integration/create/mixing/bearnaise_4","create:mixing","Create 搅拌（自动化）","Bearnaise","bakeries:bearnaise","1","否","","","","NON_FOOD","not_edible","MEDIUM","3","3","否","否","","","","","无","(base)","是","不进入厨师","内容类型=NON_FOOD","","不接入玩家事件","—","Create 自动化不得记玩家厨技","Create 自动化不得记玩家厨技"
"Bakeries","[烘焙坊]bakeries-1.21.1-NeoForge-1.0.1.jar","1.0.1","bakeries","bakeries:integration/create/mixing/bearnaise_5","create:mixing","Create 搅拌（自动化）","Bearnaise","bakeries:bearnaise","1","否","","","","NON_FOOD","not_edible","MEDIUM","3","3","否","否","","","","","无","(base)","是","不进入厨师","内容类型=NON_FOOD","","不接入玩家事件","—","Create 自动化不得记玩家厨技","Create 自动化不得记玩家厨技"
"Bakeries","[烘焙坊]bakeries-1.21.1-NeoForge-1.0.1.jar","1.0.1","bakeries","bakeries:integration/create/mixing/bearnaise_6","create:mixing","Create 搅拌（自动化）","Bearnaise","bakeries:bearnaise","1","否","","","","NON_FOOD","not_edible","MEDIUM","3","3","否","否","","","","","无","(base)","是","不进入厨师","内容类型=NON_FOOD","","不接入玩家事件","—","Create 自动化不得记玩家厨技","Create 自动化不得记玩家厨技"
"Bakeries","[烘焙坊]bakeries-1.21.1-NeoForge-1.0.1.jar","1.0.1","bakeries","bakeries:integration/create/mixing/bottle_cream","create:mixing","Create 搅拌（自动化）","Bottle Cream","bakeries:bottle_cream","1","否","","","","INGREDIENT","explicit_ingredient_id","HIGH","1","1","否","是","","","","","无","(base)","是","不进入厨师","内容类型=INGREDIENT","","不接入玩家事件","—","Create 自动化不得记玩家厨技","Create 自动化不得记玩家厨技"
"Bakeries","[烘焙坊]bakeries-1.21.1-NeoForge-1.0.1.jar","1.0.1","bakeries","bakeries:integration/create/mixing/butter_cube","create:mixing","Create 搅拌（自动化）","Butter Cube","bakeries:butter_cube","1","否","","","","INGREDIENT","explicit_ingredient_id","HIGH","1","1","否","是","","","","","无","(base)","是","不进入厨师","内容类型=INGREDIENT","","不接入玩家事件","—","Create 自动化不得记玩家厨技","Create 自动化不得记玩家厨技"
"Bakeries","[烘焙坊]bakeries-1.21.1-NeoForge-1.0.1.jar","1.0.1","bakeries","bakeries:integration/create/mixing/butter_flour_sand","create:mixing","Create 搅拌（自动化）","Butter Flour Sand","bakeries:butter_flour_sand","1","否","","","","INGREDIENT","ingredient_token=butter_flour_sand","HIGH","4","7","否","是","","","","","always包","(base)|always","是","不进入厨师","内容类型=INGREDIENT","","不接入玩家事件","—","Create 自动化不得记玩家厨技","Create 自动化不得记玩家厨技"
"Bakeries","[烘焙坊]bakeries-1.21.1-NeoForge-1.0.1.jar","1.0.1","bakeries","bakeries:integration/create/mixing/cheese_cream","create:mixing","Create 搅拌（自动化）","Cheese Cream","bakeries:cheese_cream","2","是","1","2","","INGREDIENT","manual_override;搅拌机奶油中间产物","HIGH","2","2","否","是","","","","","无","(base)","是","不进入厨师","搅拌机奶油中间产物","","不接入玩家事件","—","Create 自动化不得记玩家厨技","人工覆盖优先；Create 自动化不得记玩家厨技；保持INGREDIENT"
"Bakeries","[烘焙坊]bakeries-1.21.1-NeoForge-1.0.1.jar","1.0.1","bakeries","bakeries:integration/create/mixing/foamed_cream","create:mixing","Create 搅拌（自动化）","Foamed Cream","bakeries:foamed_cream","4","是","1","2","","INGREDIENT","manual_override;发泡奶油中间产物","HIGH","2","3","否","是","","","","","无","(base)","是","不进入厨师","发泡奶油中间产物","","不接入玩家事件","—","Create 自动化不得记玩家厨技","人工覆盖优先；Create 自动化不得记玩家厨技；保持INGREDIENT"
"Bakeries","[烘焙坊]bakeries-1.21.1-NeoForge-1.0.1.jar","1.0.1","bakeries","bakeries:integration/create/mixing/honey_butter","create:mixing","Create 搅拌（自动化）","Honey Butter","bakeries:honey_butter","4","否","","","","NON_FOOD","not_edible","MEDIUM","1","2","否","否","","","","","无","(base)","是","不进入厨师","内容类型=NON_FOOD","","不接入玩家事件","—","Create 自动化不得记玩家厨技","Create 自动化不得记玩家厨技"
"Bakeries","[烘焙坊]bakeries-1.21.1-NeoForge-1.0.1.jar","1.0.1","bakeries","bakeries:integration/create/mixing/meat_floss","create:mixing","Create 搅拌（自动化）","Meat Floss","bakeries:meat_floss","4","是","2","3.2","","INGREDIENT","manual_override;肉松馅料","HIGH","1","1","否","是","","","","","无","(base)","是","不进入厨师","肉松馅料","","不接入玩家事件","—","Create 自动化不得记玩家厨技","人工覆盖优先；Create 自动化不得记玩家厨技；保持INGREDIENT"
"Bakeries","[烘焙坊]bakeries-1.21.1-NeoForge-1.0.1.jar","1.0.1","bakeries","bakeries:integration/create/mixing/olive_oil","create:mixing","Create 搅拌（自动化）","Olive Oil","bakeries:olive_oil","1","否","","","","NON_FOOD","not_edible","MEDIUM","2","5","否","否","","","","","无","(base)","是","不进入厨师","内容类型=NON_FOOD","","不接入玩家事件","—","Create 自动化不得记玩家厨技","Create 自动化不得记玩家厨技"
"Bakeries","[烘焙坊]bakeries-1.21.1-NeoForge-1.0.1.jar","1.0.1","bakeries","bakeries:integration/create/mixing/pastry","create:mixing","Create 搅拌（自动化）","Pastry","bakeries:pastry","1","否","","","","NON_FOOD","not_edible","MEDIUM","2","2","否","否","","","","","无","(base)","是","不进入厨师","内容类型=NON_FOOD","","不接入玩家事件","—","Create 自动化不得记玩家厨技","Create 自动化不得记玩家厨技"
"Bakeries","[烘焙坊]bakeries-1.21.1-NeoForge-1.0.1.jar","1.0.1","bakeries","bakeries:integration/create/mixing/salted_dough","create:mixing","Create 搅拌（自动化）","Salted Dough","bakeries:salted_dough","1","否","","","","INGREDIENT","ingredient_token=salted_dough","HIGH","4","7","否","是","","","","","always包","(base)|always","是","不进入厨师","内容类型=INGREDIENT","","不接入玩家事件","—","Create 自动化不得记玩家厨技","Create 自动化不得记玩家厨技"
"Bakeries","[烘焙坊]bakeries-1.21.1-NeoForge-1.0.1.jar","1.0.1","bakeries","bakeries:integration/create/mixing/sweet_dough","create:mixing","Create 搅拌（自动化）","Sweet Dough","bakeries:sweet_dough","1","否","","","","INGREDIENT","ingredient_token=sweet_dough","HIGH","5","8","否","是","","","","","always包","(base)|always","是","不进入厨师","内容类型=INGREDIENT","","不接入玩家事件","—","Create 自动化不得记玩家厨技","Create 自动化不得记玩家厨技"
"Bakeries","[烘焙坊]bakeries-1.21.1-NeoForge-1.0.1.jar","1.0.1","bakeries","bakeries:integration/create/mixing/whole_wheat_dough","create:mixing","Create 搅拌（自动化）","Whole Wheat Dough","bakeries:whole_wheat_dough","1","否","","","","INGREDIENT","ingredient_token=whole_wheat_dough","HIGH","4","7","否","是","","","","","无","(base)","是","不进入厨师","内容类型=INGREDIENT","","不接入玩家事件","—","Create 自动化不得记玩家厨技","Create 自动化不得记玩家厨技"
"Bakeries","[烘焙坊]bakeries-1.21.1-NeoForge-1.0.1.jar","1.0.1","bakeries","bakeries:integration/create/pressing/flat_croissant","create:pressing","Create 压制（自动化）","Flat Croissant","bakeries:flat_croissant","1","是","6","12","effect.bakeries.enjoy 600tick 1级 概率1；effect.minecraft.resistance 600tick 1级 概率1","DISH","dish_token;edible=true;type=create:pressing","HIGH","1","1","否","否","","","","","无","(base)","是","T2","正餐/甜点名称","","不接入玩家事件","—","Create 自动化","Create 自动化不得记玩家厨技"
"Bakeries","[烘焙坊]bakeries-1.21.1-NeoForge-1.0.1.jar","1.0.1","bakeries","bakeries:integration/create/sequenced_assembly/mould_toast_dough","create:sequenced_assembly","Create 序列组装（自动化）","Mould Toast Dough","bakeries:mould_toast_dough","1","否","","","","INGREDIENT","ingredient_token=mould_toast_dough","HIGH","1","1","否","是","","","","","无","(base)","是","不进入厨师","内容类型=INGREDIENT","","不接入玩家事件","—","Create 自动化","Create 自动化不得记玩家厨技"
"Bakeries","[烘焙坊]bakeries-1.21.1-NeoForge-1.0.1.jar","1.0.1","bakeries","bakeries:luminous_light_sign","minecraft:crafting_shaped","工作台（有序）","Luminous Light Sign","bakeries:luminous_light_sign","2","否","","","","NON_FOOD","decor_or_storage_token","HIGH","3","3","否","否","","","","","无","(base)","是","不进入厨师","内容类型=NON_FOOD","","已覆盖","CRAFTING","ItemCraftedEvent",""
"Bakeries","[烘焙坊]bakeries-1.21.1-NeoForge-1.0.1.jar","1.0.1","bakeries","bakeries:meat_floss_bread_roll","minecraft:crafting_shapeless","工作台（无序）","Meat Floss Bread Roll","bakeries:meat_floss_bread_roll","4","是","7","10.5","","DISH","manual_override;FOOD nutrition=7 saturation=10.5; recipe id=bakeries:meat_floss_bread_roll (sliced_toast×4+meat_floss×4+bearnaise)×4; 多原料点心","HIGH","3","9","否","否","","","","","无","(base)","是","T2","FOOD nutrition=7 saturation=10.5; recipe id=bakeries:meat_floss_bread_roll (sliced_toast×4+meat_floss×4+bearnaise)×4; 多原料点心","","已覆盖","CRAFTING","ItemCraftedEvent","人工覆盖优先；Bakeries;6A.3原REVIEW→DISH T2"
"Bakeries","[烘焙坊]bakeries-1.21.1-NeoForge-1.0.1.jar","1.0.1","bakeries","bakeries:menu","minecraft:crafting_shaped","工作台（有序）","Menu","bakeries:menu","1","否","","","","NON_FOOD","not_edible","MEDIUM","3","3","否","否","","","","","无","(base)","是","不进入厨师","内容类型=NON_FOOD","","已覆盖","CRAFTING","ItemCraftedEvent",""
"Bakeries","[烘焙坊]bakeries-1.21.1-NeoForge-1.0.1.jar","1.0.1","bakeries","bakeries:moka_pot","minecraft:crafting_shaped","工作台（有序）","Moka Pot","bakeries:moka_pot","1","否","","","","NON_FOOD","non_edible_block_or_tool","HIGH","3","3","否","否","","","","","无","(base)","是","不进入厨师","内容类型=NON_FOOD","","已覆盖","CRAFTING","ItemCraftedEvent",""
"Bakeries","[烘焙坊]bakeries-1.21.1-NeoForge-1.0.1.jar","1.0.1","bakeries","bakeries:mould","minecraft:crafting_shaped","工作台（有序）","Mould","bakeries:mould","2","否","","","","NON_FOOD","not_edible","MEDIUM","3","3","否","否","","","","","无","(base)","是","不进入厨师","内容类型=NON_FOOD","","已覆盖","CRAFTING","ItemCraftedEvent",""
"Bakeries","[烘焙坊]bakeries-1.21.1-NeoForge-1.0.1.jar","1.0.1","bakeries","bakeries:olive_oil","minecraft:crafting_shaped","工作台（有序）","Olive Oil","bakeries:olive_oil","1","否","","","","NON_FOOD","not_edible","MEDIUM","2","2","否","否","","","","","无","(base)","是","不进入厨师","内容类型=NON_FOOD","","已覆盖","CRAFTING","ItemCraftedEvent",""
"Bakeries","[烘焙坊]bakeries-1.21.1-NeoForge-1.0.1.jar","1.0.1","bakeries","bakeries:oven","minecraft:crafting_shaped","工作台（有序）","Oven","bakeries:oven","1","否","","","","NON_FOOD","not_edible","MEDIUM","4","4","否","否","","","","","无","(base)","是","不进入厨师","内容类型=NON_FOOD","","已覆盖","CRAFTING","ItemCraftedEvent",""
"Bakeries","[烘焙坊]bakeries-1.21.1-NeoForge-1.0.1.jar","1.0.1","bakeries","bakeries:oven/bagel","bakeries:oven","烘焙坊烤箱","Bagel","bakeries:bagel","1","是","6","6","","DISH","cooking_device=bakeries:oven;food_component","HIGH","1","1","否","否","","","200","min=200;perfect=225;max=250","无","(base)","是","T2","正餐/甜点名称","","需适配","BAKERIES_OVEN（建议）","OvenBlockEntity 取物",""
"Bakeries","[烘焙坊]bakeries-1.21.1-NeoForge-1.0.1.jar","1.0.1","bakeries","bakeries:oven/baguette","bakeries:oven","烘焙坊烤箱","Baguette","bakeries:baguette","1","是","8","4","","DISH","cooking_device=bakeries:oven;food_component","HIGH","1","1","否","否","","","300","min=230;perfect=240;max=250","无","(base)","是","T2","正餐/甜点名称","","需适配","BAKERIES_OVEN（建议）","OvenBlockEntity 取物",""
"Bakeries","[烘焙坊]bakeries-1.21.1-NeoForge-1.0.1.jar","1.0.1","bakeries","bakeries:oven/brown_sugar_roll","bakeries:oven","烘焙坊烤箱","Brown Sugar Roll","bakeries:brown_sugar_roll","1","是","7","7","effect.bakeries.enjoy 600tick 1级 概率1","DISH","dish_token;edible=true;type=bakeries:oven","HIGH","1","1","否","否","","","300","min=155;perfect=170;max=185","无","(base)","是","T2","正餐/甜点名称","","需适配","BAKERIES_OVEN（建议）","OvenBlockEntity 取物",""
"Bakeries","[烘焙坊]bakeries-1.21.1-NeoForge-1.0.1.jar","1.0.1","bakeries","bakeries:oven/cheese_cocoa_toast","bakeries:oven","烘焙坊烤箱","Mould Cheese Cocoa Toast","bakeries:mould_cheese_cocoa_toast","1","否","","","","INGREDIENT","manual_override;无FOOD; javap class=MouldToastBlock implements IMouldBlock; demould take→cheese_cocoa_toast; recipe id=bakeries:oven/cheese_cocoa_toast; bread_knife ingredient=cheese_cocoa_toast 非mould; 模具中间态","HIGH","1","1","否","是","","","400","min=135;perfect=0;max=185","无","(base)","是","不进入厨师","无FOOD; javap class=MouldToastBlock implements IMouldBlock; demould take→cheese_cocoa_toast; recipe id=bakeries:oven/cheese_cocoa_toast; bread_knife ingredient=cheese_cocoa_toast 非mould; 模具中间态","","需适配","BAKERIES_OVEN（建议）","OvenBlockEntity 取物","人工覆盖优先；Bakeries;6A.3原REVIEW→INGREDIENT 不进入普通厨师档"
"Bakeries","[烘焙坊]bakeries-1.21.1-NeoForge-1.0.1.jar","1.0.1","bakeries","bakeries:oven/ciabatta","bakeries:oven","烘焙坊烤箱","Ciabatta","bakeries:ciabatta","1","是","4","3.2","","DISH","cooking_device=bakeries:oven;food_component","HIGH","1","1","否","否","","","200","min=210;perfect=220;max=230","无","(base)","是","T2","设备或复杂度：type=bakeries:oven;kinds=1","","需适配","BAKERIES_OVEN（建议）","OvenBlockEntity 取物",""
"Bakeries","[烘焙坊]bakeries-1.21.1-NeoForge-1.0.1.jar","1.0.1","bakeries","bakeries:oven/coffee_bean","bakeries:oven","烘焙坊烤箱","Coffee Bean","bakeries:coffee_bean","1","否","","","","DRINK","drink_token=coffee_bean","HIGH","1","1","否","否","","","300","min=200;perfect=0;max=250","无","(base)","是","不进入厨师","内容类型=DRINK","","需适配","BAKERIES_OVEN（建议）","OvenBlockEntity 取物",""
"Bakeries","[烘焙坊]bakeries-1.21.1-NeoForge-1.0.1.jar","1.0.1","bakeries","bakeries:oven/country_bread","bakeries:oven","烘焙坊烤箱","Country Bread","bakeries:country_bread","1","否","","","","SERVING_DISH","manual_override;无Item FOOD; javap class=CountryBreadBlock extends AKnifeCutBlock; getSliceItem=COUNTRY_BREAD_SLICE getMaxSlice=4; useItemOn knife cut; recipe id=bakeries:oven/country_bread (dough→country_bread); bread_knife recipe→country_bread_slice×6; 整盘切片非整盘手持料理","HIGH","1","1","否","否","","","300","min=225;perfect=0;max=275","无","(base)","是","不进入厨师","无Item FOOD; javap class=CountryBreadBlock extends AKnifeCutBlock; getSliceItem=COUNTRY_BREAD_SLICE getMaxSlice=4; useItemOn knife cut; recipe id=bakeries:oven/country_bread (dough→country_bread); bread_knife recipe→country_bread_slice×6; 整盘切片非整盘手持料理","","需适配","BAKERIES_OVEN（建议）","OvenBlockEntity 取物","人工覆盖优先；整盘料理（防双算待设计）；Bakeries;6A.3原REVIEW→SERVING_DISH; FG仅未来展示意图"
"Bakeries","[烘焙坊]bakeries-1.21.1-NeoForge-1.0.1.jar","1.0.1","bakeries","bakeries:oven/croissant","bakeries:oven","烘焙坊烤箱","Croissant","bakeries:croissant","1","是","6","12","effect.bakeries.enjoy 1200tick 1级 概率1","DISH","dish_token;edible=true;type=bakeries:oven","HIGH","1","1","否","否","","","200","min=175;perfect=180;max=185","无","(base)","是","T2","正餐/甜点名称","","需适配","BAKERIES_OVEN（建议）","OvenBlockEntity 取物",""
"Bakeries","[烘焙坊]bakeries-1.21.1-NeoForge-1.0.1.jar","1.0.1","bakeries","bakeries:oven/egg_tart","bakeries:oven","烘焙坊烤箱","Egg Tart","bakeries:egg_tart","1","是","8","8","effect.minecraft.instant_health 1tick 1级 概率1","DISH","dish_token;edible=true;type=bakeries:oven","HIGH","1","1","否","否","","","300","min=180;perfect=200;max=220","无","(base)","是","T2","正餐/甜点名称","","需适配","BAKERIES_OVEN（建议）","OvenBlockEntity 取物",""
"Bakeries","[烘焙坊]bakeries-1.21.1-NeoForge-1.0.1.jar","1.0.1","bakeries","bakeries:oven/focaccia","bakeries:oven","烘焙坊烤箱","Focaccia","bakeries:focaccia","1","是","8","16","effect.bakeries.enjoy 600tick 2级 概率1","DISH","cooking_device=bakeries:oven;food_component","HIGH","1","1","否","否","","","300","min=230;perfect=240;max=250","无","(base)","是","T2","设备或复杂度：type=bakeries:oven;kinds=1","","需适配","BAKERIES_OVEN（建议）","OvenBlockEntity 取物",""
"Bakeries","[烘焙坊]bakeries-1.21.1-NeoForge-1.0.1.jar","1.0.1","bakeries","bakeries:oven/pineapple_bun","bakeries:oven","烘焙坊烤箱","Pineapple Bun","bakeries:pineapple_bun","1","是","6","18","effect.bakeries.enjoy 1200tick 1级 概率1","DISH","dish_token;edible=true;type=bakeries:oven","HIGH","1","1","否","否","","","200","min=170;perfect=180;max=190","无","(base)","是","T2","设备或复杂度：type=bakeries:oven;kinds=1","","需适配","BAKERIES_OVEN（建议）","OvenBlockEntity 取物",""
"Bakeries","[烘焙坊]bakeries-1.21.1-NeoForge-1.0.1.jar","1.0.1","bakeries","bakeries:oven/rice_bread","bakeries:oven","烘焙坊烤箱","Rice Bread","bakeries:rice_bread","1","是","12","9.6","effect.bakeries.enjoy 600tick 1级 概率1","DISH","dish_token;edible=true;type=bakeries:oven","HIGH","1","1","否","否","","","200","min=155;perfect=180;max=205","无","(base)","是","T2","正餐/甜点名称","","需适配","BAKERIES_OVEN（建议）","OvenBlockEntity 取物",""
"Bakeries","[烘焙坊]bakeries-1.21.1-NeoForge-1.0.1.jar","1.0.1","bakeries","bakeries:oven/round_bread","bakeries:oven","烘焙坊烤箱","Round Bread","bakeries:round_bread","1","是","3","3.6000001","","DISH","dish_token;edible=true;type=bakeries:oven","HIGH","1","1","否","否","","","200","min=155;perfect=180;max=205","无","(base)","是","T2","正餐/甜点名称","","需适配","BAKERIES_OVEN（建议）","OvenBlockEntity 取物",""
"Bakeries","[烘焙坊]bakeries-1.21.1-NeoForge-1.0.1.jar","1.0.1","bakeries","bakeries:oven/salt_croissant","bakeries:oven","烘焙坊烤箱","Salt Croissant","bakeries:salt_croissant","1","是","6","12","effect.bakeries.enjoy 600tick 1级 概率1；effect.minecraft.strength 600tick 1级 概率1","DISH","dish_token;edible=true;type=bakeries:oven","HIGH","1","1","否","否","","","200","min=180;perfect=180;max=190","无","(base)","是","T2","正餐/甜点名称","","需适配","BAKERIES_OVEN（建议）","OvenBlockEntity 取物",""
"Bakeries","[烘焙坊]bakeries-1.21.1-NeoForge-1.0.1.jar","1.0.1","bakeries","bakeries:oven/toast","bakeries:oven","烘焙坊烤箱","Mould Toast","bakeries:mould_toast","1","否","","","","INGREDIENT","manual_override;无FOOD; javap class=MouldToastBlock implements IMouldBlock; demouldItem take()给出脱模内容; recipe id=bakeries:oven/toast dough→mould_toast; bread_knife 切片输入是 bakeries:toast 非本物品; 模具中间态不进入普通厨师档","HIGH","1","1","否","是","","","400","min=135;perfect=0;max=185","无","(base)","是","不进入厨师","无FOOD; javap class=MouldToastBlock implements IMouldBlock; demouldItem take()给出脱模内容; recipe id=bakeries:oven/toast dough→mould_toast; bread_knife 切片输入是 bakeries:toast 非本物品; 模具中间态不进入普通厨师档","","需适配","BAKERIES_OVEN（建议）","OvenBlockEntity 取物","人工覆盖优先；Bakeries;6A.3原REVIEW→INGREDIENT 保守不进厨师"
"Bakeries","[烘焙坊]bakeries-1.21.1-NeoForge-1.0.1.jar","1.0.1","bakeries","bakeries:oven/whole_wheat_bagel","bakeries:oven","烘焙坊烤箱","Whole Wheat Bagel","bakeries:whole_wheat_bagel","1","是","8","5.6","effect.minecraft.saturation 20tick 1级 概率1","DISH","dish_token;edible=true;type=bakeries:oven","HIGH","1","1","否","否","","","200","min=200;perfect=225;max=250","无","(base)","是","T2","正餐/甜点名称","","需适配","BAKERIES_OVEN（建议）","OvenBlockEntity 取物",""
"Bakeries","[烘焙坊]bakeries-1.21.1-NeoForge-1.0.1.jar","1.0.1","bakeries","bakeries:pastry","minecraft:crafting_shaped","工作台（有序）","Pastry","bakeries:pastry","4","否","","","","NON_FOOD","not_edible","MEDIUM","2","2","否","否","","","","","无","(base)","是","不进入厨师","内容类型=NON_FOOD","","已覆盖","CRAFTING","ItemCraftedEvent",""
"Bakeries","[烘焙坊]bakeries-1.21.1-NeoForge-1.0.1.jar","1.0.1","bakeries","bakeries:patchouli/baking_guide","minecraft:crafting_shapeless","工作台（无序）","patchouli:guide_book","patchouli:guide_book","1","","","","","NON_FOOD","not_edible","MEDIUM","4","4","否","否","","","","","仅JAR原始（运行时未加载）","(base)","否","不进入厨师","内容类型=NON_FOOD","","已覆盖","CRAFTING","ItemCraftedEvent","运行时未加载（依赖/条件）"
"Bakeries","[烘焙坊]bakeries-1.21.1-NeoForge-1.0.1.jar","1.0.1","bakeries","bakeries:pineapple_bun_dough","minecraft:crafting_shaped","工作台（有序）","Pineapple Bun Dough","bakeries:pineapple_bun_dough","4","否","","","","INGREDIENT","ingredient_token=pineapple_bun_dough","HIGH","3","3","否","是","","","","","无","(base)","是","不进入厨师","内容类型=INGREDIENT","","已覆盖","CRAFTING","ItemCraftedEvent",""
"Bakeries","[烘焙坊]bakeries-1.21.1-NeoForge-1.0.1.jar","1.0.1","bakeries","bakeries:pineapple_oil","minecraft:crafting_shapeless","工作台（无序）","Pineapple Oil","bakeries:pineapple_oil","1","是","8","24","effect.bakeries.enjoy 1800tick 2级 概率1","INGREDIENT","manual_override;油脂原料","HIGH","2","2","否","是","","","","","无","(base)","是","不进入厨师","油脂原料","","已覆盖","CRAFTING","ItemCraftedEvent","人工覆盖优先；保持INGREDIENT"
"Bakeries","[烘焙坊]bakeries-1.21.1-NeoForge-1.0.1.jar","1.0.1","bakeries","bakeries:raw_egg_tart","minecraft:crafting_shapeless","工作台（无序）","Raw Egg Tart","bakeries:raw_egg_tart","6","否","","","","INGREDIENT","manual_override;未烘焙蛋挞；无FOOD","HIGH","4","9","否","是","","","","","无","(base)","是","不进入厨师","未烘焙蛋挞；无FOOD","","已覆盖","CRAFTING","ItemCraftedEvent","人工覆盖优先；禁止dishStrong误判"
"Bakeries","[烘焙坊]bakeries-1.21.1-NeoForge-1.0.1.jar","1.0.1","bakeries","bakeries:salt_croissant_dough","minecraft:crafting_shaped","工作台（有序）","Salt Croissant Dough","bakeries:salt_croissant_dough","4","否","","","","INGREDIENT","ingredient_token=salt_croissant_dough","HIGH","2","2","否","是","","","","","无","(base)","是","不进入厨师","内容类型=INGREDIENT","","已覆盖","CRAFTING","ItemCraftedEvent",""
"Bakeries","[烘焙坊]bakeries-1.21.1-NeoForge-1.0.1.jar","1.0.1","bakeries","bakeries:salt_ore","minecraft:smelting","熔炉","Salt","bakeries:salt","1","否","","","","NON_FOOD","not_edible","MEDIUM","1","1","否","否","","","200","","无","(base)","是","不进入厨师","内容类型=NON_FOOD","","已覆盖","FURNACE","ItemSmeltedEvent（菜单启发）",""
"Bakeries","[烘焙坊]bakeries-1.21.1-NeoForge-1.0.1.jar","1.0.1","bakeries","bakeries:salt_ore_2","minecraft:smelting","熔炉","Salt","bakeries:salt","1","否","","","","NON_FOOD","not_edible","MEDIUM","1","1","否","否","","","200","","无","(base)","是","不进入厨师","内容类型=NON_FOOD","","已覆盖","FURNACE","ItemSmeltedEvent（菜单启发）",""
"Bakeries","[烘焙坊]bakeries-1.21.1-NeoForge-1.0.1.jar","1.0.1","bakeries","bakeries:salt_yolk","minecraft:crafting_shapeless","工作台（无序）","Salt Yolk","bakeries:salt_yolk","4","否","","","","NON_FOOD","not_edible","MEDIUM","2","5","否","否","","","","","无","(base)","是","不进入厨师","内容类型=NON_FOOD","","已覆盖","CRAFTING","ItemCraftedEvent",""
"Bakeries","[烘焙坊]bakeries-1.21.1-NeoForge-1.0.1.jar","1.0.1","bakeries","bakeries:sofa_light_gray","minecraft:crafting_shaped","工作台（有序）","Sofa Light Gray","bakeries:sofa_light_gray","2","否","","","","NON_FOOD","not_edible","MEDIUM","2","2","否","否","","","","","无","(base)","是","不进入厨师","内容类型=NON_FOOD","","已覆盖","CRAFTING","ItemCraftedEvent",""
"Bakeries","[烘焙坊]bakeries-1.21.1-NeoForge-1.0.1.jar","1.0.1","bakeries","bakeries:sofa_red","minecraft:crafting_shaped","工作台（有序）","Sofa Red","bakeries:sofa_red","2","否","","","","NON_FOOD","not_edible","MEDIUM","2","2","否","否","","","","","无","(base)","是","不进入厨师","内容类型=NON_FOOD","","已覆盖","CRAFTING","ItemCraftedEvent",""
"Bakeries","[烘焙坊]bakeries-1.21.1-NeoForge-1.0.1.jar","1.0.1","bakeries","bakeries:sofa_white","minecraft:crafting_shaped","工作台（有序）","Sofa White","bakeries:sofa_white","2","否","","","","NON_FOOD","not_edible","MEDIUM","2","2","否","否","","","","","无","(base)","是","不进入厨师","内容类型=NON_FOOD","","已覆盖","CRAFTING","ItemCraftedEvent",""
"Bakeries","[烘焙坊]bakeries-1.21.1-NeoForge-1.0.1.jar","1.0.1","bakeries","bakeries:taro_salt_yolk_bread","minecraft:crafting_shapeless","工作台（无序）","Taro Salt Yolk Bread","bakeries:taro_salt_yolk_bread","2","是","10","20","effect.bakeries.enjoy 1800tick 1级 概率1","DISH","dish_token;edible=true;type=minecraft:crafting_shapeless","HIGH","3","5","否","否","","","","","无","(base)","是","T2","正餐/甜点名称","","已覆盖","CRAFTING","ItemCraftedEvent",""
"Bakeries","[烘焙坊]bakeries-1.21.1-NeoForge-1.0.1.jar","1.0.1","bakeries","bakeries:toast_dough","minecraft:crafting_shaped","工作台（有序）","Mould Toast Dough","bakeries:mould_toast_dough","1","否","","","","INGREDIENT","ingredient_token=mould_toast_dough","HIGH","2","2","否","是","","","","","无","(base)","是","不进入厨师","内容类型=INGREDIENT","","已覆盖","CRAFTING","ItemCraftedEvent",""
"Bakeries","[烘焙坊]bakeries-1.21.1-NeoForge-1.0.1.jar","1.0.1","bakeries","bakeries:toaster","minecraft:crafting_shaped","工作台（有序）","Toaster","bakeries:toaster","1","否","","","","NON_FOOD","not_edible","MEDIUM","4","4","否","否","","","","","无","(base)","是","不进入厨师","内容类型=NON_FOOD","","已覆盖","CRAFTING","ItemCraftedEvent",""
"Bakeries","[烘焙坊]bakeries-1.21.1-NeoForge-1.0.1.jar","1.0.1","bakeries","bakeries:tomato_cheese_croissant_sandwich","minecraft:crafting_shapeless","工作台（无序）","Tomato Cheese Croissant Sandwich","bakeries:tomato_cheese_croissant_sandwich","1","是","10","18","effect.bakeries.enjoy 6000tick 3级 概率1","DISH","dish_token;edible=true;type=minecraft:crafting_shapeless","HIGH","3","3","否","否","","","","","无","(base)","是","T2","正餐/甜点名称","","已覆盖","CRAFTING","ItemCraftedEvent",""
"Bakeries","[烘焙坊]bakeries-1.21.1-NeoForge-1.0.1.jar","1.0.1","bakeries","bakeries:whole_wheat_flour","minecraft:crafting_shaped","工作台（有序）","Whole Wheat Flour","bakeries:whole_wheat_flour","2","否","","","","INGREDIENT","ingredient_token=whole_wheat_flour","HIGH","1","1","否","是","","","","","无","(base)","是","不进入厨师","内容类型=INGREDIENT","","已覆盖","CRAFTING","ItemCraftedEvent",""
"Bakeries","[烘焙坊]bakeries-1.21.1-NeoForge-1.0.1.jar","1.0.1","bakeries","bakeries:whole_wheat_flour_bag","minecraft:crafting_shapeless","工作台（无序）","Whole Wheat Flour Bag","bakeries:whole_wheat_flour_bag","1","否","","","","INGREDIENT","ingredient_token=whole_wheat_flour_bag","HIGH","1","9","否","是","","","","","无","(base)","是","不进入厨师","内容类型=INGREDIENT","","已覆盖","CRAFTING","ItemCraftedEvent",""
"Bakeries","[烘焙坊]bakeries-1.21.1-NeoForge-1.0.1.jar","1.0.1","bakeries","bakeries:whole_wheat_flour_of_whole_wheat_flour_bag","minecraft:crafting_shapeless","工作台（无序）","Whole Wheat Flour","bakeries:whole_wheat_flour","9","否","","","","INGREDIENT","ingredient_token=whole_wheat_flour","HIGH","1","1","否","是","","","","","无","(base)","是","不进入厨师","内容类型=INGREDIENT","","已覆盖","CRAFTING","ItemCraftedEvent",""
"Bakeries","[烘焙坊]bakeries-1.21.1-NeoForge-1.0.1.jar","1.0.1","bakeries","bakeries:wood_counter","minecraft:crafting_shaped","工作台（有序）","Wood Counter","bakeries:wood_counter","2","否","","","","NON_FOOD","not_edible","MEDIUM","2","2","否","否","","","","","无","(base)","是","不进入厨师","内容类型=NON_FOOD","","已覆盖","CRAFTING","ItemCraftedEvent",""
"Bakeries","[烘焙坊]bakeries-1.21.1-NeoForge-1.0.1.jar","1.0.1","bakeries","bakeries:wood_tray","minecraft:crafting_shaped","工作台（有序）","Wood Tray","bakeries:wood_tray","4","否","","","","NON_FOOD","not_edible","MEDIUM","1","1","否","否","","","","","无","(base)","是","不进入厨师","内容类型=NON_FOOD","","已覆盖","CRAFTING","ItemCraftedEvent",""
"Brewin' and Chewin'","[农夫乐事-饮酒作乐]BrewinAndChewin-neoforge-4.5.0+1.21.1.jar","4.5.0","brewinandchewin","brewinandchewin:cooking/apple_jelly","farmersdelight:cooking","FD 烹饪锅","Apple Jelly","brewinandchewin:apple_jelly","1","是","10","12","","DISH","cooking_device=farmersdelight:cooking;food_component","HIGH","3","4","否","否","minecraft:glass_bottle","","","","无","(base)","是","T2","设备或复杂度：type=farmersdelight:cooking;kinds=3","","已覆盖","FARMERS_DELIGHT_COOKING_POT","CookingPotResultSlot#onTake",""
"Brewin' and Chewin'","[农夫乐事-饮酒作乐]BrewinAndChewin-neoforge-4.5.0+1.21.1.jar","4.5.0","brewinandchewin","brewinandchewin:cooking/cheesy_pasta","farmersdelight:cooking","FD 烹饪锅","Pasta with Cheese","brewinandchewin:cheesy_pasta","1","是","14","21","effect.farmersdelight.nourishment 6000tick 1级 概率1","DISH","dish_token;edible=true;type=farmersdelight:cooking","HIGH","5","4","否","否","minecraft:bowl","","","","无","(base)","是","T2","正餐/甜点名称","","已覆盖","FARMERS_DELIGHT_COOKING_POT","CookingPotResultSlot#onTake",""
"Brewin' and Chewin'","[农夫乐事-饮酒作乐]BrewinAndChewin-neoforge-4.5.0+1.21.1.jar","4.5.0","brewinandchewin","brewinandchewin:cooking/creamy_onion_soup","farmersdelight:cooking","FD 烹饪锅","Creamy Onion Soup","brewinandchewin:creamy_onion_soup","1","是","12","19.2","effect.farmersdelight.nourishment 3600tick 1级 概率1","DISH","explicit_dish_allowlist","HIGH","5","4","否","否","minecraft:bowl","","","","无","(base)","是","T2","正餐/甜点名称","","已覆盖","FARMERS_DELIGHT_COOKING_POT","CookingPotResultSlot#onTake",""
"Brewin' and Chewin'","[农夫乐事-饮酒作乐]BrewinAndChewin-neoforge-4.5.0+1.21.1.jar","4.5.0","brewinandchewin","brewinandchewin:cooking/fiery_fondue_pot","farmersdelight:cooking","FD 烹饪锅","Pot of Fiery Fondue","brewinandchewin:fiery_fondue_pot","1","否","","","","NON_FOOD","non_edible_block_or_tool","HIGH","7","6","否","否","minecraft:cauldron","","400","","无","(base)","是","不进入厨师","内容类型=NON_FOOD","","已覆盖","FARMERS_DELIGHT_COOKING_POT","CookingPotResultSlot#onTake",""
"Brewin' and Chewin'","[农夫乐事-饮酒作乐]BrewinAndChewin-neoforge-4.5.0+1.21.1.jar","4.5.0","brewinandchewin","brewinandchewin:cooking/glow_berry_marmalade","farmersdelight:cooking","FD 烹饪锅","Glow Berry Marmalade","brewinandchewin:glow_berry_marmalade","1","是","6","4.8","","DISH","cooking_device=farmersdelight:cooking;food_component","HIGH","3","4","否","否","minecraft:glass_bottle","","","","无","(base)","是","T2","设备或复杂度：type=farmersdelight:cooking;kinds=3","","已覆盖","FARMERS_DELIGHT_COOKING_POT","CookingPotResultSlot#onTake",""
"Brewin' and Chewin'","[农夫乐事-饮酒作乐]BrewinAndChewin-neoforge-4.5.0+1.21.1.jar","4.5.0","brewinandchewin","brewinandchewin:cooking/horror_lasagna","farmersdelight:cooking","FD 烹饪锅","Horror Lasagna","brewinandchewin:horror_lasagna","1","是","16","17.6","effect.farmersdelight.nourishment 6000tick 1级 概率1","DISH","dish_token;edible=true;type=farmersdelight:cooking","HIGH","6","5","否","否","minecraft:bowl","","","","无","(base)","是","T2","设备或复杂度：type=farmersdelight:cooking;kinds=6","","已覆盖","FARMERS_DELIGHT_COOKING_POT","CookingPotResultSlot#onTake",""
"Brewin' and Chewin'","[农夫乐事-饮酒作乐]BrewinAndChewin-neoforge-4.5.0+1.21.1.jar","4.5.0","brewinandchewin","brewinandchewin:cooking/scarlet_pierogi","farmersdelight:cooking","FD 烹饪锅","Scarlet Pierogi","brewinandchewin:scarlet_pierogi","1","是","12","24","effect.farmersdelight.nourishment 8400tick 1级 概率1","DISH","cooking_device=farmersdelight:cooking;food_component","HIGH","6","5","否","否","minecraft:bowl","","","","无","(base)","是","T2","正餐/甜点名称","","已覆盖","FARMERS_DELIGHT_COOKING_POT","CookingPotResultSlot#onTake",""
"Brewin' and Chewin'","[农夫乐事-饮酒作乐]BrewinAndChewin-neoforge-4.5.0+1.21.1.jar","4.5.0","brewinandchewin","brewinandchewin:cooking/sweet_berry_jam","farmersdelight:cooking","FD 烹饪锅","Sweet Berry Jam","brewinandchewin:sweet_berry_jam","1","是","6","4.8","","DISH","cooking_device=farmersdelight:cooking;food_component","HIGH","3","4","否","否","minecraft:glass_bottle","","","","无","(base)","是","T2","设备或复杂度：type=farmersdelight:cooking;kinds=3","","已覆盖","FARMERS_DELIGHT_COOKING_POT","CookingPotResultSlot#onTake",""
"Brewin' and Chewin'","[农夫乐事-饮酒作乐]BrewinAndChewin-neoforge-4.5.0+1.21.1.jar","4.5.0","brewinandchewin","brewinandchewin:cooking/vegetable_omelet","farmersdelight:cooking","FD 烹饪锅","Vegetable Omelet","brewinandchewin:vegetable_omelet","1","是","12","19.2","effect.farmersdelight.nourishment 3600tick 1级 概率1","DISH","cooking_device=farmersdelight:cooking;food_component","HIGH","5","5","否","否","minecraft:bowl","","","","无","(base)","是","T2","设备或复杂度：type=farmersdelight:cooking;kinds=5","","已覆盖","FARMERS_DELIGHT_COOKING_POT","CookingPotResultSlot#onTake",""
"Brewin' and Chewin'","[农夫乐事-饮酒作乐]BrewinAndChewin-neoforge-4.5.0+1.21.1.jar","4.5.0","brewinandchewin","brewinandchewin:cutting/flaxen_cheese_wheel","farmersdelight:cutting","FD 切菜板（非出锅）","Flaxen Cheese Wedge","brewinandchewin:flaxen_cheese_wedge","4","是","4","8","","INGREDIENT","manual_override;奶酪楔切割产物","HIGH","2","1","否","是","","","","","无","(base)","是","不进入厨师","奶酪楔切割产物","","未覆盖（非出锅）","—","切菜板不属于料理出锅事件","人工覆盖优先；切菜板非出锅事件；保持INGREDIENT"
"Brewin' and Chewin'","[农夫乐事-饮酒作乐]BrewinAndChewin-neoforge-4.5.0+1.21.1.jar","4.5.0","brewinandchewin","brewinandchewin:cutting/pizza","farmersdelight:cutting","FD 切菜板（非出锅）","Pizza Slice","brewinandchewin:pizza_slice","4","是","5","10","","DISH","dish_token;edible=true;type=farmersdelight:cutting","HIGH","2","1","否","否","","","","","无","(base)","是","T2","正餐/甜点名称","","未覆盖（非出锅）","—","切菜板不属于料理出锅事件","切菜板非出锅事件"
"Brewin' and Chewin'","[农夫乐事-饮酒作乐]BrewinAndChewin-neoforge-4.5.0+1.21.1.jar","4.5.0","brewinandchewin","brewinandchewin:cutting/quiche","farmersdelight:cutting","FD 切菜板（非出锅）","Quiche Slice","brewinandchewin:quiche_slice","4","是","4","6.4","","DISH","dish_token;edible=true;type=farmersdelight:cutting","HIGH","2","1","否","否","","","","","无","(base)","是","COMMON","简单 DISH 兜底","","未覆盖（非出锅）","—","切菜板不属于料理出锅事件","切菜板非出锅事件"
"Brewin' and Chewin'","[农夫乐事-饮酒作乐]BrewinAndChewin-neoforge-4.5.0+1.21.1.jar","4.5.0","brewinandchewin","brewinandchewin:cutting/scarlet_cheese_wheel","farmersdelight:cutting","FD 切菜板（非出锅）","Scarlet Cheese Wedge","brewinandchewin:scarlet_cheese_wedge","4","是","4","8","","INGREDIENT","manual_override;奶酪楔切割产物","HIGH","2","1","否","是","","","","","无","(base)","是","不进入厨师","奶酪楔切割产物","","未覆盖（非出锅）","—","切菜板不属于料理出锅事件","人工覆盖优先；切菜板非出锅事件；保持INGREDIENT"
"Brewin' and Chewin'","[农夫乐事-饮酒作乐]BrewinAndChewin-neoforge-4.5.0+1.21.1.jar","4.5.0","brewinandchewin","brewinandchewin:fermenting/beer_from_water","brewinandchewin:fermenting","发酵桶","Beer","brewinandchewin:beer","1","是","0","0","effect.brewinandchewin.tipsy 2400tick 1级 概率1；effect.brewinandchewin.intoxication 1800tick 1级 概率1","DRINK","recipe_type=brewinandchewin:fermenting","HIGH","4","3","否","否","","##c:water","","","无","(base)","是","不进入厨师","内容类型=DRINK","","需适配","BREWIN_KEG（建议）","流体中间态",""
"Brewin' and Chewin'","[农夫乐事-饮酒作乐]BrewinAndChewin-neoforge-4.5.0+1.21.1.jar","4.5.0","brewinandchewin","brewinandchewin:fermenting/bloody_mary_from_vodka","brewinandchewin:fermenting","发酵桶","Bloody Mary","brewinandchewin:bloody_mary","1","是","0","0","effect.brewinandchewin.tipsy 2400tick 2级 概率1；effect.brewinandchewin.intoxication 1800tick 1级 概率1；effect.brewinandchewin.raging 1200tick 1级 概率1","DRINK","recipe_type=brewinandchewin:fermenting","HIGH","4","3","否","否","","##brewinandchewin:vodka","4800","4","无","(base)","是","不进入厨师","内容类型=DRINK","","需适配","BREWIN_KEG（建议）","流体中间态",""
"Brewin' and Chewin'","[农夫乐事-饮酒作乐]BrewinAndChewin-neoforge-4.5.0+1.21.1.jar","4.5.0","brewinandchewin","brewinandchewin:fermenting/cocoa_fudge_from_milk","brewinandchewin:fermenting","发酵桶","Cocoa Fudge","brewinandchewin:cocoa_fudge","1","是","4","6.4","effect.minecraft.speed 800tick 1级 概率1","DRINK","recipe_type=brewinandchewin:fermenting","HIGH","3","3","否","否","","##c:milk","","2","无","(base)","是","不进入厨师","内容类型=DRINK","","需适配","BREWIN_KEG（建议）","流体中间态",""
"Brewin' and Chewin'","[农夫乐事-饮酒作乐]BrewinAndChewin-neoforge-4.5.0+1.21.1.jar","4.5.0","brewinandchewin","brewinandchewin:fermenting/dread_nog_from_egg_grog","brewinandchewin:fermenting","发酵桶","Dread Nog","brewinandchewin:dread_nog","1","是","0","0","effect.brewinandchewin.tipsy 4800tick 3级 概率1；effect.brewinandchewin.intoxication 4200tick 1级 概率1；effect.minecraft.bad_omen 72000tick 1级 概率1","DRINK","recipe_type=brewinandchewin:fermenting","HIGH","4","3","否","否","","##brewinandchewin:egg_grog","4800","1","无","(base)","是","不进入厨师","内容类型=DRINK","","需适配","BREWIN_KEG（建议）","流体中间态",""
"Brewin' and Chewin'","[农夫乐事-饮酒作乐]BrewinAndChewin-neoforge-4.5.0+1.21.1.jar","4.5.0","brewinandchewin","brewinandchewin:fermenting/egg_grog_from_milk","brewinandchewin:fermenting","发酵桶","Egg Grog","brewinandchewin:egg_grog","1","是","0","0","effect.brewinandchewin.tipsy 2400tick 1级 概率1；effect.brewinandchewin.intoxication 1800tick 1级 概率1；effect.minecraft.absorption 600tick 1级 概率1","DRINK","recipe_type=brewinandchewin:fermenting","HIGH","4","3","否","否","","##c:milk","","","无","(base)","是","不进入厨师","内容类型=DRINK","","需适配","BREWIN_KEG（建议）","流体中间态",""
"Brewin' and Chewin'","[农夫乐事-饮酒作乐]BrewinAndChewin-neoforge-4.5.0+1.21.1.jar","4.5.0","brewinandchewin","brewinandchewin:fermenting/flaxen_cheese_from_milk","brewinandchewin:fermenting","发酵桶","Unripe Flaxen Cheese Wheel","brewinandchewin:unripe_flaxen_cheese_wheel","1","否","","","","DRINK","recipe_type=brewinandchewin:fermenting","HIGH","4","3","否","否","","##c:milk","","4","无","(base)","是","不进入厨师","内容类型=DRINK","","需适配","BREWIN_KEG（建议）","流体中间态",""
"My Nether's Delight","[农夫乐事-下界乐事]MyNethersDelight-1.21.1-1.10.4.jar","1.10.4","brewinandchewin","brewinandchewin:fermenting/ghast_sourdough","brewinandchewin:fermenting","发酵桶","Ghast Sourdough","mynethersdelight:ghast_sourdough","1","是","3","6","effect.minecraft.hunger 600tick 1级 概率0.30000001192092896","DRINK","recipe_type=brewinandchewin:fermenting","HIGH","3","2","否","否","","##c:milk","9600","5","无","(base)","是","不进入厨师","内容类型=DRINK","","需适配","BREWIN_KEG（建议）","流体中间态",""
"Brewin' and Chewin'","[农夫乐事-饮酒作乐]BrewinAndChewin-neoforge-4.5.0+1.21.1.jar","4.5.0","brewinandchewin","brewinandchewin:fermenting/glittering_grenadine_from_water","brewinandchewin:fermenting","发酵桶","Glittering Grenadine","brewinandchewin:glittering_grenadine","1","是","0","0","effect.brewinandchewin.tipsy 2400tick 1级 概率1；effect.brewinandchewin.intoxication 1800tick 1级 概率1；effect.minecraft.glowing 600tick 1级 概率1；effect.minecraft.night_vision 600tick 1级 概率1","DRINK","recipe_type=brewinandchewin:fermenting","HIGH","4","3","否","否","","##c:water","","2","无","(base)","是","不进入厨师","内容类型=DRINK","","需适配","BREWIN_KEG（建议）","流体中间态",""
"Brewin' and Chewin'","[农夫乐事-饮酒作乐]BrewinAndChewin-neoforge-4.5.0+1.21.1.jar","4.5.0","brewinandchewin","brewinandchewin:fermenting/jerky","brewinandchewin:fermenting","发酵桶","Jerky","brewinandchewin:jerky","3","是","3","4.2","","DRINK","recipe_type=brewinandchewin:fermenting","HIGH","1","3","否","否","","","","4","无","(base)","是","不进入厨师","内容类型=DRINK","","需适配","BREWIN_KEG（建议）","流体中间态",""
"Brewin' and Chewin'","[农夫乐事-饮酒作乐]BrewinAndChewin-neoforge-4.5.0+1.21.1.jar","4.5.0","brewinandchewin","brewinandchewin:fermenting/kimchi","brewinandchewin:fermenting","发酵桶","Kimchi","brewinandchewin:kimchi","2","是","2","2.4","","DRINK","recipe_type=brewinandchewin:fermenting","HIGH","3","3","否","否","","","","4","无","(base)","是","不进入厨师","内容类型=DRINK","","需适配","BREWIN_KEG（建议）","流体中间态",""
"Brewin' and Chewin'","[农夫乐事-饮酒作乐]BrewinAndChewin-neoforge-4.5.0+1.21.1.jar","4.5.0","brewinandchewin","brewinandchewin:fermenting/kippers","brewinandchewin:fermenting","发酵桶","Kippers","brewinandchewin:kippers","2","是","6","6","","DRINK","recipe_type=brewinandchewin:fermenting","HIGH","2","3","否","否","","","","4","无","(base)","是","不进入厨师","内容类型=DRINK","","需适配","BREWIN_KEG（建议）","流体中间态",""
"Brewin' and Chewin'","[农夫乐事-饮酒作乐]BrewinAndChewin-neoforge-4.5.0+1.21.1.jar","4.5.0","brewinandchewin","brewinandchewin:fermenting/kombucha","brewinandchewin:fermenting","发酵桶","康普茶","brewinandchewin:kombucha","1000","","","","","DRINK","recipe_type=brewinandchewin:fermenting","HIGH","4","3","否","否","","brewinandchewin:vodka","","3","仅JAR原始（运行时未加载）","(base)","否","不进入厨师","内容类型=DRINK","","需适配","BREWIN_KEG（建议）","流体中间态","运行时未加载（依赖/条件）"
"Brewin' and Chewin'","[农夫乐事-饮酒作乐]BrewinAndChewin-neoforge-4.5.0+1.21.1.jar","4.5.0","brewinandchewin","brewinandchewin:fermenting/mead_from_honey","brewinandchewin:fermenting","发酵桶","Mead","brewinandchewin:mead","1","是","0","0","effect.brewinandchewin.tipsy 2400tick 1级 概率1；effect.brewinandchewin.intoxication 1800tick 1级 概率1；effect.brewinandchewin.sweet_heart 2400tick 1级 概率1","DRINK","recipe_type=brewinandchewin:fermenting","HIGH","4","3","否","否","","##c:honey","","","无","(base)","是","不进入厨师","内容类型=DRINK","","需适配","BREWIN_KEG（建议）","流体中间态",""
"Brewin' and Chewin'","[农夫乐事-饮酒作乐]BrewinAndChewin-neoforge-4.5.0+1.21.1.jar","4.5.0","brewinandchewin","brewinandchewin:fermenting/pale_jane_from_rice_wine","brewinandchewin:fermenting","发酵桶","Pale Jane","brewinandchewin:pale_jane","1","是","0","0","effect.brewinandchewin.tipsy 3600tick 1级 概率1；effect.brewinandchewin.intoxication 3000tick 1级 概率1；effect.farmersdelight.nourishment 2400tick 1级 概率1","DRINK","recipe_type=brewinandchewin:fermenting","HIGH","5","4","否","否","","##brewinandchewin:rice_wine","4800","4","无","(base)","是","不进入厨师","内容类型=DRINK","","需适配","BREWIN_KEG（建议）","流体中间态",""
"Brewin' and Chewin'","[农夫乐事-饮酒作乐]BrewinAndChewin-neoforge-4.5.0+1.21.1.jar","4.5.0","brewinandchewin","brewinandchewin:fermenting/pickled_pickles_from_honey","brewinandchewin:fermenting","发酵桶","Pickled Pickles","brewinandchewin:pickled_pickles","2","是","4","2.4","","DRINK","recipe_type=brewinandchewin:fermenting","HIGH","3","3","否","否","","##c:honey","","2","无","(base)","是","不进入厨师","内容类型=DRINK","","需适配","BREWIN_KEG（建议）","流体中间态",""
"Brewin' and Chewin'","[农夫乐事-饮酒作乐]BrewinAndChewin-neoforge-4.5.0+1.21.1.jar","4.5.0","brewinandchewin","brewinandchewin:fermenting/red_rum_from_bloody_mary","brewinandchewin:fermenting","发酵桶","Red Rum","brewinandchewin:red_rum","1","是","0","0","effect.brewinandchewin.tipsy 2400tick 3级 概率1；effect.brewinandchewin.intoxication 1800tick 1级 概率1；effect.brewinandchewin.raging 2400tick 1级 概率1","DRINK","recipe_type=brewinandchewin:fermenting","HIGH","5","4","否","否","","##brewinandchewin:bloody_mary","4800","5","无","(base)","是","不进入厨师","内容类型=DRINK","","需适配","BREWIN_KEG（建议）","流体中间态",""
"Brewin' and Chewin'","[农夫乐事-饮酒作乐]BrewinAndChewin-neoforge-4.5.0+1.21.1.jar","4.5.0","brewinandchewin","brewinandchewin:fermenting/rice_wine_from_water","brewinandchewin:fermenting","发酵桶","Rice Wine","brewinandchewin:rice_wine","1","是","0","0","effect.brewinandchewin.tipsy 2400tick 1级 概率1；effect.brewinandchewin.intoxication 1800tick 1级 概率1；effect.farmersdelight.nourishment 1200tick 1级 概率1","DRINK","recipe_type=brewinandchewin:fermenting","HIGH","3","2","否","否","","##c:water","","","无","(base)","是","不进入厨师","内容类型=DRINK","","需适配","BREWIN_KEG（建议）","流体中间态",""
"Brewin' and Chewin'","[农夫乐事-饮酒作乐]BrewinAndChewin-neoforge-4.5.0+1.21.1.jar","4.5.0","brewinandchewin","brewinandchewin:fermenting/saccharine_rum_from_mead","brewinandchewin:fermenting","发酵桶","Saccharine Rum","brewinandchewin:saccharine_rum","1","是","0","0","effect.brewinandchewin.tipsy 3600tick 2级 概率1；effect.brewinandchewin.intoxication 2400tick 1级 概率1；effect.brewinandchewin.sweet_heart 3600tick 1级 概率1","DRINK","recipe_type=brewinandchewin:fermenting","HIGH","4","3","否","否","","##brewinandchewin:mead","4800","4","无","(base)","是","不进入厨师","内容类型=DRINK","","需适配","BREWIN_KEG（建议）","流体中间态",""
"Brewin' and Chewin'","[农夫乐事-饮酒作乐]BrewinAndChewin-neoforge-4.5.0+1.21.1.jar","4.5.0","brewinandchewin","brewinandchewin:fermenting/salty_folly_from_vodka","brewinandchewin:fermenting","发酵桶","Salty Folly","brewinandchewin:salty_folly","1","是","0","0","effect.brewinandchewin.tipsy 3600tick 2级 概率1；effect.brewinandchewin.intoxication 3000tick 1级 概率1；effect.minecraft.water_breathing 1800tick 1级 概率1","DRINK","recipe_type=brewinandchewin:fermenting","HIGH","4","3","否","否","","##brewinandchewin:vodka","4800","2","无","(base)","是","不进入厨师","内容类型=DRINK","","需适配","BREWIN_KEG（建议）","流体中间态",""
"Brewin' and Chewin'","[农夫乐事-饮酒作乐]BrewinAndChewin-neoforge-4.5.0+1.21.1.jar","4.5.0","brewinandchewin","brewinandchewin:fermenting/scarlet_cheese_from_milk","brewinandchewin:fermenting","发酵桶","Unripe Scarlet Cheese Wheel","brewinandchewin:unripe_scarlet_cheese_wheel","1","否","","","","DRINK","recipe_type=brewinandchewin:fermenting","HIGH","4","3","否","否","","##c:milk","","5","无","(base)","是","不进入厨师","内容类型=DRINK","","需适配","BREWIN_KEG（建议）","流体中间态",""
"Brewin' and Chewin'","[农夫乐事-饮酒作乐]BrewinAndChewin-neoforge-4.5.0+1.21.1.jar","4.5.0","brewinandchewin","brewinandchewin:fermenting/steel_toe_stout_from_strongroot_ale","brewinandchewin:fermenting","发酵桶","Steel-Toe Stout","brewinandchewin:steel_toe_stout","1","是","0","0","effect.brewinandchewin.tipsy 2400tick 3级 概率1；effect.brewinandchewin.intoxication 1800tick 1级 概率1；effect.minecraft.resistance 1200tick 1级 概率1","DRINK","recipe_type=brewinandchewin:fermenting","HIGH","5","4","否","否","","##brewinandchewin:strongroot_ale","4800","1","无","(base)","是","不进入厨师","内容类型=DRINK","","需适配","BREWIN_KEG（建议）","流体中间态",""
"Brewin' and Chewin'","[农夫乐事-饮酒作乐]BrewinAndChewin-neoforge-4.5.0+1.21.1.jar","4.5.0","brewinandchewin","brewinandchewin:fermenting/strongroot_ale_from_beer","brewinandchewin:fermenting","发酵桶","Strongroot Ale","brewinandchewin:strongroot_ale","1","是","0","0","effect.brewinandchewin.tipsy 2400tick 2级 概率1；effect.brewinandchewin.intoxication 1800tick 1级 概率1；effect.minecraft.resistance 600tick 1级 概率1","DRINK","recipe_type=brewinandchewin:fermenting","HIGH","5","4","否","否","","##brewinandchewin:beer","4800","","无","(base)","是","不进入厨师","内容类型=DRINK","","需适配","BREWIN_KEG（建议）","流体中间态",""
"Brewin' and Chewin'","[农夫乐事-饮酒作乐]BrewinAndChewin-neoforge-4.5.0+1.21.1.jar","4.5.0","brewinandchewin","brewinandchewin:fermenting/vodka_from_water","brewinandchewin:fermenting","发酵桶","Vodka","brewinandchewin:vodka","1","是","0","0","effect.brewinandchewin.tipsy 3600tick 1级 概率1；effect.brewinandchewin.intoxication 3000tick 1级 概率1","DRINK","recipe_type=brewinandchewin:fermenting","HIGH","4","3","否","否","","##c:water","","","无","(base)","是","不进入厨师","内容类型=DRINK","","需适配","BREWIN_KEG（建议）","流体中间态",""
"Brewin' and Chewin'","[农夫乐事-饮酒作乐]BrewinAndChewin-neoforge-4.5.0+1.21.1.jar","4.5.0","brewinandchewin","brewinandchewin:fermenting/withering_dross_from_salty_folly","brewinandchewin:fermenting","发酵桶","Withering Dross","brewinandchewin:withering_dross","1","是","0","0","effect.brewinandchewin.tipsy 3600tick 3级 概率1；effect.brewinandchewin.intoxication 3000tick 1级 概率1；effect.minecraft.blindness 200tick 1级 概率1；effect.minecraft.weakness 3000tick 1级 概率1；effect.minecraft.slowness 3000tick 1级 概率1；effect.minecraft.wither 1200tick 1级 概率1","DRINK","recipe_type=brewinandchewin:fermenting","HIGH","5","4","否","否","","##brewinandchewin:salty_folly","","5","无","(base)","是","不进入厨师","内容类型=DRINK","","需适配","BREWIN_KEG（建议）","流体中间态",""
"Brewin' and Chewin'","[农夫乐事-饮酒作乐]BrewinAndChewin-neoforge-4.5.0+1.21.1.jar","4.5.0","brewinandchewin","brewinandchewin:flaxen_cheese_wheel_from_wedges","minecraft:crafting_shaped","工作台（有序）","Flaxen Cheese Wheel","brewinandchewin:flaxen_cheese_wheel","1","否","","","","NON_FOOD","not_edible","MEDIUM","1","1","否","否","","","","","无","(base)","是","不进入厨师","内容类型=NON_FOOD","","已覆盖","CRAFTING","ItemCraftedEvent",""
"Brewin' and Chewin'","[农夫乐事-饮酒作乐]BrewinAndChewin-neoforge-4.5.0+1.21.1.jar","4.5.0","brewinandchewin","brewinandchewin:ham_and_cheese_sandwich","minecraft:crafting_shapeless","工作台（无序）","Ham and Cheese Sandwich","brewinandchewin:ham_and_cheese_sandwich","2","是","9","18","","DISH","dish_token;edible=true;type=minecraft:crafting_shapeless","HIGH","3","4","否","否","","","","","无","(base)","是","T2","正餐/甜点名称","","已覆盖","CRAFTING","ItemCraftedEvent",""
"Brewin' and Chewin'","[农夫乐事-饮酒作乐]BrewinAndChewin-neoforge-4.5.0+1.21.1.jar","4.5.0","brewinandchewin","brewinandchewin:heating_cask","minecraft:crafting_shaped","工作台（有序）","Heating Cask","brewinandchewin:heating_cask","1","否","","","","NON_FOOD","not_edible","MEDIUM","5","5","否","否","","","","","无","(base)","是","不进入厨师","内容类型=NON_FOOD","","已覆盖","CRAFTING","ItemCraftedEvent",""
"Brewin' and Chewin'","[农夫乐事-饮酒作乐]BrewinAndChewin-neoforge-4.5.0+1.21.1.jar","4.5.0","brewinandchewin","brewinandchewin:ice_crate","minecraft:crafting_shaped","工作台（有序）","Ice Crate","brewinandchewin:ice_crate","1","否","","","","NON_FOOD","decor_or_storage_token","HIGH","4","4","否","否","","","","","无","(base)","是","不进入厨师","内容类型=NON_FOOD","","已覆盖","CRAFTING","ItemCraftedEvent",""
"Brewin' and Chewin'","[农夫乐事-饮酒作乐]BrewinAndChewin-neoforge-4.5.0+1.21.1.jar","4.5.0","brewinandchewin","brewinandchewin:item_coaster","minecraft:crafting_shaped","工作台（有序）","Coaster","brewinandchewin:coaster","4","否","","","","NON_FOOD","not_edible","MEDIUM","1","1","否","否","","","","","无","(base)","是","不进入厨师","内容类型=NON_FOOD","","已覆盖","CRAFTING","ItemCraftedEvent",""
"Brewin' and Chewin'","[农夫乐事-饮酒作乐]BrewinAndChewin-neoforge-4.5.0+1.21.1.jar","4.5.0","brewinandchewin","brewinandchewin:keg","minecraft:crafting_shaped","工作台（有序）","Keg","brewinandchewin:keg","1","否","","","","NON_FOOD","non_edible_block_or_tool","HIGH","3","3","否","否","","","","","无","(base)","是","不进入厨师","内容类型=NON_FOOD","","已覆盖","CRAFTING","ItemCraftedEvent",""
"Brewin' and Chewin'","[农夫乐事-饮酒作乐]BrewinAndChewin-neoforge-4.5.0+1.21.1.jar","4.5.0","brewinandchewin","brewinandchewin:pizza","minecraft:crafting_shaped","工作台（有序）","Pizza","brewinandchewin:pizza","1","否","","","","SERVING_DISH","manual_override;PizzaBlock.SERVINGS+useWithoutItem；无FOOD","HIGH","4","4","否","否","","","","","无","(base)","是","不进入厨师","PizzaBlock.SERVINGS+useWithoutItem；无FOOD","","已覆盖","CRAFTING","ItemCraftedEvent","人工覆盖优先；整盘料理（防双算待设计）；javap:PizzaBlock"
"Brewin' and Chewin'","[农夫乐事-饮酒作乐]BrewinAndChewin-neoforge-4.5.0+1.21.1.jar","4.5.0","brewinandchewin","brewinandchewin:pizza_from_slices","minecraft:crafting_shaped","工作台（有序）","Pizza","brewinandchewin:pizza","1","否","","","","SERVING_DISH","manual_override;PizzaBlock.SERVINGS+useWithoutItem；无FOOD","HIGH","1","1","否","否","","","","","无","(base)","是","不进入厨师","PizzaBlock.SERVINGS+useWithoutItem；无FOOD","","已覆盖","CRAFTING","ItemCraftedEvent","人工覆盖优先；整盘料理（防双算待设计）；javap:PizzaBlock"
"Brewin' and Chewin'","[农夫乐事-饮酒作乐]BrewinAndChewin-neoforge-4.5.0+1.21.1.jar","4.5.0","brewinandchewin","brewinandchewin:pouring/beer","brewinandchewin:keg_pouring","木桶倾倒","Beer","brewinandchewin:beer","1","是","0","0","effect.brewinandchewin.tipsy 2400tick 1级 概率1；effect.brewinandchewin.intoxication 1800tick 1级 概率1","DRINK","recipe_type=brewinandchewin:keg_pouring","HIGH","1","1","否","否","","brewinandchewin:beer","","","无","(base)","是","不进入厨师","内容类型=DRINK","","需适配","BREWIN_KEG_POUR（建议）","装瓶；若做酒保",""
"Brewin' and Chewin'","[农夫乐事-饮酒作乐]BrewinAndChewin-neoforge-4.5.0+1.21.1.jar","4.5.0","brewinandchewin","brewinandchewin:pouring/bloody_mary","brewinandchewin:keg_pouring","木桶倾倒","Bloody Mary","brewinandchewin:bloody_mary","1","是","0","0","effect.brewinandchewin.tipsy 2400tick 2级 概率1；effect.brewinandchewin.intoxication 1800tick 1级 概率1；effect.brewinandchewin.raging 1200tick 1级 概率1","DRINK","recipe_type=brewinandchewin:keg_pouring","HIGH","1","1","否","否","","brewinandchewin:bloody_mary","","","无","(base)","是","不进入厨师","内容类型=DRINK","","需适配","BREWIN_KEG_POUR（建议）","装瓶；若做酒保",""
"Brewin' and Chewin'","[农夫乐事-饮酒作乐]BrewinAndChewin-neoforge-4.5.0+1.21.1.jar","4.5.0","brewinandchewin","brewinandchewin:pouring/create/builders_tea","brewinandchewin:keg_pouring","木桶倾倒","Builder's Tea","create:builders_tea","1","是","1","1.2","effect.minecraft.haste 3600tick 1级 概率1","DRINK","recipe_type=brewinandchewin:keg_pouring","HIGH","2","2","否","否","minecraft:glass_bottle","create:tea","","","无","(base)","是","不进入厨师","内容类型=DRINK","","需适配","BREWIN_KEG_POUR（建议）","装瓶；若做酒保",""
"Brewin' and Chewin'","[农夫乐事-饮酒作乐]BrewinAndChewin-neoforge-4.5.0+1.21.1.jar","4.5.0","brewinandchewin","brewinandchewin:pouring/create/potion","brewinandchewin:create_potion_pouring","自定义（brewinandchewin:create_potion_pouring）","Uncraftable Potion","minecraft:potion","1","否","","","","DRINK","recipe_type=brewinandchewin:create_potion_pouring","HIGH","1","1","否","否","minecraft:glass_bottle","","","","无","(base)","是","不进入厨师","内容类型=DRINK","","待评估","OTHER","",""
"Brewin' and Chewin'","[农夫乐事-饮酒作乐]BrewinAndChewin-neoforge-4.5.0+1.21.1.jar","4.5.0","brewinandchewin","brewinandchewin:pouring/dread_nog","brewinandchewin:keg_pouring","木桶倾倒","Dread Nog","brewinandchewin:dread_nog","1","是","0","0","effect.brewinandchewin.tipsy 4800tick 3级 概率1；effect.brewinandchewin.intoxication 4200tick 1级 概率1；effect.minecraft.bad_omen 72000tick 1级 概率1","DRINK","recipe_type=brewinandchewin:keg_pouring","HIGH","1","1","否","否","","brewinandchewin:dread_nog","","","无","(base)","是","不进入厨师","内容类型=DRINK","","需适配","BREWIN_KEG_POUR（建议）","装瓶；若做酒保",""
"Brewin' and Chewin'","[农夫乐事-饮酒作乐]BrewinAndChewin-neoforge-4.5.0+1.21.1.jar","4.5.0","brewinandchewin","brewinandchewin:pouring/egg_grog","brewinandchewin:keg_pouring","木桶倾倒","Egg Grog","brewinandchewin:egg_grog","1","是","0","0","effect.brewinandchewin.tipsy 2400tick 1级 概率1；effect.brewinandchewin.intoxication 1800tick 1级 概率1；effect.minecraft.absorption 600tick 1级 概率1","DRINK","recipe_type=brewinandchewin:keg_pouring","HIGH","1","1","否","否","","brewinandchewin:egg_grog","","","无","(base)","是","不进入厨师","内容类型=DRINK","","需适配","BREWIN_KEG_POUR（建议）","装瓶；若做酒保",""
"Brewin' and Chewin'","[农夫乐事-饮酒作乐]BrewinAndChewin-neoforge-4.5.0+1.21.1.jar","4.5.0","brewinandchewin","brewinandchewin:pouring/glittering_grenadine","brewinandchewin:keg_pouring","木桶倾倒","Glittering Grenadine","brewinandchewin:glittering_grenadine","1","是","0","0","effect.brewinandchewin.tipsy 2400tick 1级 概率1；effect.brewinandchewin.intoxication 1800tick 1级 概率1；effect.minecraft.glowing 600tick 1级 概率1；effect.minecraft.night_vision 600tick 1级 概率1","DRINK","recipe_type=brewinandchewin:keg_pouring","HIGH","1","1","否","否","","brewinandchewin:glittering_grenadine","","","无","(base)","是","不进入厨师","内容类型=DRINK","","需适配","BREWIN_KEG_POUR（建议）","装瓶；若做酒保",""
"Brewin' and Chewin'","[农夫乐事-饮酒作乐]BrewinAndChewin-neoforge-4.5.0+1.21.1.jar","4.5.0","brewinandchewin","brewinandchewin:pouring/honey_bottle","brewinandchewin:keg_pouring","木桶倾倒","Honey Bottle","minecraft:honey_bottle","1","是","6","1.2","","DRINK","recipe_type=brewinandchewin:keg_pouring","HIGH","1","1","否","否","","brewinandchewin:honey","","","无","(base)","是","不进入厨师","内容类型=DRINK","","需适配","BREWIN_KEG_POUR（建议）","装瓶；若做酒保",""
"Brewin' and Chewin'","[农夫乐事-饮酒作乐]BrewinAndChewin-neoforge-4.5.0+1.21.1.jar","4.5.0","brewinandchewin","brewinandchewin:pouring/kombucha","brewinandchewin:keg_pouring","木桶倾倒","Kombucha","brewinandchewin:kombucha","1","是","0","0","effect.brewinandchewin.tipsy 2400tick 1级 概率1；effect.brewinandchewin.intoxication 1800tick 1级 概率1；effect.minecraft.haste 1200tick 2级 概率1","DRINK","recipe_type=brewinandchewin:keg_pouring","HIGH","1","1","否","否","","brewinandchewin:kombucha","","","无","(base)","是","不进入厨师","内容类型=DRINK","","需适配","BREWIN_KEG_POUR（建议）","装瓶；若做酒保",""
"Brewin' and Chewin'","[农夫乐事-饮酒作乐]BrewinAndChewin-neoforge-4.5.0+1.21.1.jar","4.5.0","brewinandchewin","brewinandchewin:pouring/mead","brewinandchewin:keg_pouring","木桶倾倒","Mead","brewinandchewin:mead","1","是","0","0","effect.brewinandchewin.tipsy 2400tick 1级 概率1；effect.brewinandchewin.intoxication 1800tick 1级 概率1；effect.brewinandchewin.sweet_heart 2400tick 1级 概率1","DRINK","recipe_type=brewinandchewin:keg_pouring","HIGH","1","1","否","否","","brewinandchewin:mead","","","无","(base)","是","不进入厨师","内容类型=DRINK","","需适配","BREWIN_KEG_POUR（建议）","装瓶；若做酒保",""
"Brewin' and Chewin'","[农夫乐事-饮酒作乐]BrewinAndChewin-neoforge-4.5.0+1.21.1.jar","4.5.0","brewinandchewin","brewinandchewin:pouring/milk_bottle","brewinandchewin:keg_pouring","木桶倾倒","Milk Bottle","farmersdelight:milk_bottle","1","否","","","","DRINK","recipe_type=brewinandchewin:keg_pouring","HIGH","1","1","否","否","","minecraft:milk","","","无","(base)","是","不进入厨师","内容类型=DRINK","","需适配","BREWIN_KEG_POUR（建议）","装瓶；若做酒保",""
"Brewin' and Chewin'","[农夫乐事-饮酒作乐]BrewinAndChewin-neoforge-4.5.0+1.21.1.jar","4.5.0","brewinandchewin","brewinandchewin:pouring/milk_bucket","brewinandchewin:keg_pouring","木桶倾倒","Milk Bucket","minecraft:milk_bucket","1","否","","","","DRINK","recipe_type=brewinandchewin:keg_pouring","HIGH","1","1","否","否","","minecraft:milk","","","无","(base)","是","不进入厨师","内容类型=DRINK","","需适配","BREWIN_KEG_POUR（建议）","装瓶；若做酒保",""
"Brewin' and Chewin'","[农夫乐事-饮酒作乐]BrewinAndChewin-neoforge-4.5.0+1.21.1.jar","4.5.0","brewinandchewin","brewinandchewin:pouring/pale_jane","brewinandchewin:keg_pouring","木桶倾倒","Pale Jane","brewinandchewin:pale_jane","1","是","0","0","effect.brewinandchewin.tipsy 3600tick 1级 概率1；effect.brewinandchewin.intoxication 3000tick 1级 概率1；effect.farmersdelight.nourishment 2400tick 1级 概率1","DRINK","recipe_type=brewinandchewin:keg_pouring","HIGH","1","1","否","否","","brewinandchewin:pale_jane","","","无","(base)","是","不进入厨师","内容类型=DRINK","","需适配","BREWIN_KEG_POUR（建议）","装瓶；若做酒保",""
"Brewin' and Chewin'","[农夫乐事-饮酒作乐]BrewinAndChewin-neoforge-4.5.0+1.21.1.jar","4.5.0","brewinandchewin","brewinandchewin:pouring/potion","brewinandchewin:keg_pouring","木桶倾倒","Water Bottle","minecraft:potion","1","否","","","","DRINK","recipe_type=brewinandchewin:keg_pouring","HIGH","2","2","否","否","minecraft:glass_bottle","minecraft:water","","","无","(base)","是","不进入厨师","内容类型=DRINK","","需适配","BREWIN_KEG_POUR（建议）","装瓶；若做酒保",""
"Brewin' and Chewin'","[农夫乐事-饮酒作乐]BrewinAndChewin-neoforge-4.5.0+1.21.1.jar","4.5.0","brewinandchewin","brewinandchewin:pouring/red_rum","brewinandchewin:keg_pouring","木桶倾倒","Red Rum","brewinandchewin:red_rum","1","是","0","0","effect.brewinandchewin.tipsy 2400tick 3级 概率1；effect.brewinandchewin.intoxication 1800tick 1级 概率1；effect.brewinandchewin.raging 2400tick 1级 概率1","DRINK","recipe_type=brewinandchewin:keg_pouring","HIGH","1","1","否","否","","brewinandchewin:red_rum","","","无","(base)","是","不进入厨师","内容类型=DRINK","","需适配","BREWIN_KEG_POUR（建议）","装瓶；若做酒保",""
"Brewin' and Chewin'","[农夫乐事-饮酒作乐]BrewinAndChewin-neoforge-4.5.0+1.21.1.jar","4.5.0","brewinandchewin","brewinandchewin:pouring/rice_wine","brewinandchewin:keg_pouring","木桶倾倒","Rice Wine","brewinandchewin:rice_wine","1","是","0","0","effect.brewinandchewin.tipsy 2400tick 1级 概率1；effect.brewinandchewin.intoxication 1800tick 1级 概率1；effect.farmersdelight.nourishment 1200tick 1级 概率1","DRINK","recipe_type=brewinandchewin:keg_pouring","HIGH","1","1","否","否","","brewinandchewin:rice_wine","","","无","(base)","是","不进入厨师","内容类型=DRINK","","需适配","BREWIN_KEG_POUR（建议）","装瓶；若做酒保",""
"Brewin' and Chewin'","[农夫乐事-饮酒作乐]BrewinAndChewin-neoforge-4.5.0+1.21.1.jar","4.5.0","brewinandchewin","brewinandchewin:pouring/saccharine_rum","brewinandchewin:keg_pouring","木桶倾倒","Saccharine Rum","brewinandchewin:saccharine_rum","1","是","0","0","effect.brewinandchewin.tipsy 3600tick 2级 概率1；effect.brewinandchewin.intoxication 2400tick 1级 概率1；effect.brewinandchewin.sweet_heart 3600tick 1级 概率1","DRINK","recipe_type=brewinandchewin:keg_pouring","HIGH","1","1","否","否","","brewinandchewin:saccharine_rum","","","无","(base)","是","不进入厨师","内容类型=DRINK","","需适配","BREWIN_KEG_POUR（建议）","装瓶；若做酒保",""
"Brewin' and Chewin'","[农夫乐事-饮酒作乐]BrewinAndChewin-neoforge-4.5.0+1.21.1.jar","4.5.0","brewinandchewin","brewinandchewin:pouring/salty_folly","brewinandchewin:keg_pouring","木桶倾倒","Salty Folly","brewinandchewin:salty_folly","1","是","0","0","effect.brewinandchewin.tipsy 3600tick 2级 概率1；effect.brewinandchewin.intoxication 3000tick 1级 概率1；effect.minecraft.water_breathing 1800tick 1级 概率1","DRINK","recipe_type=brewinandchewin:keg_pouring","HIGH","1","1","否","否","","brewinandchewin:salty_folly","","","无","(base)","是","不进入厨师","内容类型=DRINK","","需适配","BREWIN_KEG_POUR（建议）","装瓶；若做酒保",""
"Brewin' and Chewin'","[农夫乐事-饮酒作乐]BrewinAndChewin-neoforge-4.5.0+1.21.1.jar","4.5.0","brewinandchewin","brewinandchewin:pouring/steel_toe_stout","brewinandchewin:keg_pouring","木桶倾倒","Steel-Toe Stout","brewinandchewin:steel_toe_stout","1","是","0","0","effect.brewinandchewin.tipsy 2400tick 3级 概率1；effect.brewinandchewin.intoxication 1800tick 1级 概率1；effect.minecraft.resistance 1200tick 1级 概率1","DRINK","recipe_type=brewinandchewin:keg_pouring","HIGH","1","1","否","否","","brewinandchewin:steel_toe_stout","","","无","(base)","是","不进入厨师","内容类型=DRINK","","需适配","BREWIN_KEG_POUR（建议）","装瓶；若做酒保",""
"Brewin' and Chewin'","[农夫乐事-饮酒作乐]BrewinAndChewin-neoforge-4.5.0+1.21.1.jar","4.5.0","brewinandchewin","brewinandchewin:pouring/strongroot_ale","brewinandchewin:keg_pouring","木桶倾倒","Strongroot Ale","brewinandchewin:strongroot_ale","1","是","0","0","effect.brewinandchewin.tipsy 2400tick 2级 概率1；effect.brewinandchewin.intoxication 1800tick 1级 概率1；effect.minecraft.resistance 600tick 1级 概率1","DRINK","recipe_type=brewinandchewin:keg_pouring","HIGH","1","1","否","否","","brewinandchewin:strongroot_ale","","","无","(base)","是","不进入厨师","内容类型=DRINK","","需适配","BREWIN_KEG_POUR（建议）","装瓶；若做酒保",""
"Brewin' and Chewin'","[农夫乐事-饮酒作乐]BrewinAndChewin-neoforge-4.5.0+1.21.1.jar","4.5.0","brewinandchewin","brewinandchewin:pouring/unripe_flaxen_cheese_wheel","brewinandchewin:keg_pouring","木桶倾倒","Unripe Flaxen Cheese Wheel","brewinandchewin:unripe_flaxen_cheese_wheel","1","否","","","","DRINK","recipe_type=brewinandchewin:keg_pouring","HIGH","2","2","否","否","minecraft:honeycomb","brewinandchewin:flaxen_cheese","","","无","(base)","是","不进入厨师","内容类型=DRINK","","需适配","BREWIN_KEG_POUR（建议）","装瓶；若做酒保",""
"Brewin' and Chewin'","[农夫乐事-饮酒作乐]BrewinAndChewin-neoforge-4.5.0+1.21.1.jar","4.5.0","brewinandchewin","brewinandchewin:pouring/unripe_scarlet_cheese_wheel","brewinandchewin:keg_pouring","木桶倾倒","Unripe Scarlet Cheese Wheel","brewinandchewin:unripe_scarlet_cheese_wheel","1","否","","","","DRINK","recipe_type=brewinandchewin:keg_pouring","HIGH","2","2","否","否","minecraft:honeycomb","brewinandchewin:scarlet_cheese","","","无","(base)","是","不进入厨师","内容类型=DRINK","","需适配","BREWIN_KEG_POUR（建议）","装瓶；若做酒保",""
"Brewin' and Chewin'","[农夫乐事-饮酒作乐]BrewinAndChewin-neoforge-4.5.0+1.21.1.jar","4.5.0","brewinandchewin","brewinandchewin:pouring/vodka","brewinandchewin:keg_pouring","木桶倾倒","Vodka","brewinandchewin:vodka","1","是","0","0","effect.brewinandchewin.tipsy 3600tick 1级 概率1；effect.brewinandchewin.intoxication 3000tick 1级 概率1","DRINK","recipe_type=brewinandchewin:keg_pouring","HIGH","1","1","否","否","","brewinandchewin:vodka","","","无","(base)","是","不进入厨师","内容类型=DRINK","","需适配","BREWIN_KEG_POUR（建议）","装瓶；若做酒保",""
"Brewin' and Chewin'","[农夫乐事-饮酒作乐]BrewinAndChewin-neoforge-4.5.0+1.21.1.jar","4.5.0","brewinandchewin","brewinandchewin:pouring/water_bucket","brewinandchewin:keg_pouring","木桶倾倒","Water Bucket","minecraft:water_bucket","1","否","","","","DRINK","recipe_type=brewinandchewin:keg_pouring","HIGH","1","1","否","否","","minecraft:water","","","无","(base)","是","不进入厨师","内容类型=DRINK","","需适配","BREWIN_KEG_POUR（建议）","装瓶；若做酒保",""
"Brewin' and Chewin'","[农夫乐事-饮酒作乐]BrewinAndChewin-neoforge-4.5.0+1.21.1.jar","4.5.0","brewinandchewin","brewinandchewin:pouring/withering_dross","brewinandchewin:keg_pouring","木桶倾倒","Withering Dross","brewinandchewin:withering_dross","1","是","0","0","effect.brewinandchewin.tipsy 3600tick 3级 概率1；effect.brewinandchewin.intoxication 3000tick 1级 概率1；effect.minecraft.blindness 200tick 1级 概率1；effect.minecraft.weakness 3000tick 1级 概率1；effect.minecraft.slowness 3000tick 1级 概率1；effect.minecraft.wither 1200tick 1级 概率1","DRINK","recipe_type=brewinandchewin:keg_pouring","HIGH","1","1","否","否","","brewinandchewin:withering_dross","","","无","(base)","是","不进入厨师","内容类型=DRINK","","需适配","BREWIN_KEG_POUR（建议）","装瓶；若做酒保",""
"Brewin' and Chewin'","[农夫乐事-饮酒作乐]BrewinAndChewin-neoforge-4.5.0+1.21.1.jar","4.5.0","brewinandchewin","brewinandchewin:quiche_from_bacon","minecraft:crafting_shaped","工作台（有序）","Quiche","brewinandchewin:quiche","1","否","","","","NON_FOOD","not_edible","MEDIUM","6","6","否","否","","","","","无","(base)","是","不进入厨师","内容类型=NON_FOOD","","已覆盖","CRAFTING","ItemCraftedEvent",""
"Brewin' and Chewin'","[农夫乐事-饮酒作乐]BrewinAndChewin-neoforge-4.5.0+1.21.1.jar","4.5.0","brewinandchewin","brewinandchewin:quiche_from_mushroom","minecraft:crafting_shaped","工作台（有序）","Quiche","brewinandchewin:quiche","1","否","","","","NON_FOOD","not_edible","MEDIUM","6","6","否","否","","","","","无","(base)","是","不进入厨师","内容类型=NON_FOOD","","已覆盖","CRAFTING","ItemCraftedEvent",""
"Brewin' and Chewin'","[农夫乐事-饮酒作乐]BrewinAndChewin-neoforge-4.5.0+1.21.1.jar","4.5.0","brewinandchewin","brewinandchewin:quiche_from_slices","minecraft:crafting_shaped","工作台（有序）","Quiche","brewinandchewin:quiche","1","否","","","","NON_FOOD","not_edible","MEDIUM","1","1","否","否","","","","","无","(base)","是","不进入厨师","内容类型=NON_FOOD","","已覆盖","CRAFTING","ItemCraftedEvent",""
"Brewin' and Chewin'","[农夫乐事-饮酒作乐]BrewinAndChewin-neoforge-4.5.0+1.21.1.jar","4.5.0","brewinandchewin","brewinandchewin:scarlet_cheese_wheel_from_wedges","minecraft:crafting_shaped","工作台（有序）","Scarlet Cheese Wheel","brewinandchewin:scarlet_cheese_wheel","1","否","","","","NON_FOOD","not_edible","MEDIUM","1","1","否","否","","","","","无","(base)","是","不进入厨师","内容类型=NON_FOOD","","已覆盖","CRAFTING","ItemCraftedEvent",""
"Brewin' and Chewin'","[农夫乐事-饮酒作乐]BrewinAndChewin-neoforge-4.5.0+1.21.1.jar","4.5.0","brewinandchewin","brewinandchewin:tankard","minecraft:crafting_shaped","工作台（有序）","Tankard","brewinandchewin:tankard","4","否","","","","NON_FOOD","not_edible","MEDIUM","2","2","否","否","","","","","无","(base)","是","不进入厨师","内容类型=NON_FOOD","","已覆盖","CRAFTING","ItemCraftedEvent",""
"Dungeon's Delight","[农夫乐事-地牢乐事]neoforge-dungeonsdelight-1.21.1-1.5.0.jar","1.5.0","dungeonsdelight","dungeonsdelight:bubblegunk_from_shapeless","minecraft:crafting_shapeless","工作台（无序）","Bubblegunk","dungeonsdelight:bubblegunk","1","是","0","0","","DISH","manual_override;可食用成品小吃；饥饿0但成品；非关键中间料","HIGH","2","3","否","否","","","","","无","(base)","是","COMMON","可食用成品小吃；饥饿0但成品；非关键中间料","","已覆盖","CRAFTING","ItemCraftedEvent","人工覆盖优先；边界→COMMON小吃"
"Dungeon's Delight","[农夫乐事-地牢乐事]neoforge-dungeonsdelight-1.21.1-1.5.0.jar","1.5.0","dungeonsdelight","dungeonsdelight:chiseled_stained_scrap","minecraft:crafting_shaped","工作台（有序）","Chiseled Stained Scrap","dungeonsdelight:chiseled_stained_scrap","1","否","","","","NON_FOOD","non_edible_block_or_tool","HIGH","1","1","否","否","","","","","无","(base)","是","不进入厨师","内容类型=NON_FOOD","","已覆盖","CRAFTING","ItemCraftedEvent",""
"Dungeon's Delight","[农夫乐事-地牢乐事]neoforge-dungeonsdelight-1.21.1-1.5.0.jar","1.5.0","dungeonsdelight","dungeonsdelight:cooked_sniffer_shank_from_campfire","minecraft:campfire_cooking","营火（无事件检测）","Cooked Sniffer Shank","dungeonsdelight:cooked_sniffer_shank","1","是","8","12.8","","DISH","cooking_device=minecraft:campfire_cooking;food_component","HIGH","1","1","否","否","","","600","","无","(base)","是","COMMON","基础熟食或少量常见原料/单步合成","","未覆盖","CAMPFIRE（仅枚举）","无营火取餐检测，不会产生 DishCookedEvent","营火：TCTH 当前无 DishCookedEvent 检测"
"Dungeon's Delight","[农夫乐事-地牢乐事]neoforge-dungeonsdelight-1.21.1-1.5.0.jar","1.5.0","dungeonsdelight","dungeonsdelight:cooked_sniffer_shank_from_smelting","minecraft:smelting","熔炉","Cooked Sniffer Shank","dungeonsdelight:cooked_sniffer_shank","1","是","8","12.8","","DISH","cooking_device=minecraft:smelting;food_component","HIGH","1","1","否","否","","","200","","无","(base)","是","COMMON","基础熟食或少量常见原料/单步合成","","已覆盖","FURNACE","ItemSmeltedEvent（菜单启发）",""
"Dungeon's Delight","[农夫乐事-地牢乐事]neoforge-dungeonsdelight-1.21.1-1.5.0.jar","1.5.0","dungeonsdelight","dungeonsdelight:cooked_sniffer_shank_from_smoking","minecraft:smoking","烟熏炉","Cooked Sniffer Shank","dungeonsdelight:cooked_sniffer_shank","1","是","8","12.8","","DISH","cooking_device=minecraft:smoking;food_component","HIGH","1","1","否","否","","","100","","无","(base)","是","COMMON","基础熟食或少量常见原料/单步合成","","已覆盖","SMOKER","ItemSmeltedEvent",""
"Dungeon's Delight","[农夫乐事-地牢乐事]neoforge-dungeonsdelight-1.21.1-1.5.0.jar","1.5.0","dungeonsdelight","dungeonsdelight:cooked_snifferwurst_from_campfire","minecraft:campfire_cooking","营火（无事件检测）","Cooked Snifferwurst","dungeonsdelight:cooked_snifferwurst","1","是","10","16","","DISH","cooking_device=minecraft:campfire_cooking;food_component","HIGH","1","1","否","否","","","600","","无","(base)","是","COMMON","基础熟食或少量常见原料/单步合成","","未覆盖","CAMPFIRE（仅枚举）","无营火取餐检测，不会产生 DishCookedEvent","营火：TCTH 当前无 DishCookedEvent 检测"
"Dungeon's Delight","[农夫乐事-地牢乐事]neoforge-dungeonsdelight-1.21.1-1.5.0.jar","1.5.0","dungeonsdelight","dungeonsdelight:cooked_snifferwurst_from_smelting","minecraft:smelting","熔炉","Cooked Snifferwurst","dungeonsdelight:cooked_snifferwurst","1","是","10","16","","DISH","cooking_device=minecraft:smelting;food_component","HIGH","1","1","否","否","","","200","","无","(base)","是","COMMON","基础熟食或少量常见原料/单步合成","","已覆盖","FURNACE","ItemSmeltedEvent（菜单启发）",""
"Dungeon's Delight","[农夫乐事-地牢乐事]neoforge-dungeonsdelight-1.21.1-1.5.0.jar","1.5.0","dungeonsdelight","dungeonsdelight:cooked_snifferwurst_from_smoking","minecraft:smoking","烟熏炉","Cooked Snifferwurst","dungeonsdelight:cooked_snifferwurst","1","是","10","16","","DISH","cooking_device=minecraft:smoking;food_component","HIGH","1","1","否","否","","","100","","无","(base)","是","COMMON","基础熟食或少量常见原料/单步合成","","已覆盖","SMOKER","ItemSmeltedEvent",""
"Dungeon's Delight","[农夫乐事-地牢乐事]neoforge-dungeonsdelight-1.21.1-1.5.0.jar","1.5.0","dungeonsdelight","dungeonsdelight:cooking/amethyst_rock_candy","farmersdelight:cooking","FD 烹饪锅","Amethyst Rock Candy","dungeonsdelight:amethyst_rock_candy","1","是","4","4","effect.minecraft.strength 1800tick 1级 概率0.699999988079071","DISH","cooking_device=farmersdelight:cooking;food_component","HIGH","3","3","否","否","","","","","无","(base)","是","T2","设备或复杂度：type=farmersdelight:cooking;kinds=3","","已覆盖","FARMERS_DELIGHT_COOKING_POT","CookingPotResultSlot#onTake",""
"Dungeon's Delight","[农夫乐事-地牢乐事]neoforge-dungeonsdelight-1.21.1-1.5.0.jar","1.5.0","dungeonsdelight","dungeonsdelight:cooking/chloropasta","farmersdelight:cooking","FD 烹饪锅","Chloropasta","dungeonsdelight:chloropasta","1","是","12","19.2","effect.farmersdelight.nourishment 2400tick 1级 概率1；effect.minecraft.regeneration 120tick 2级 概率0.5","DISH","cooking_device=farmersdelight:cooking;food_component","HIGH","4","6","否","否","","","","","无","(base)","是","T2","正餐/甜点名称","","已覆盖","FARMERS_DELIGHT_COOKING_POT","CookingPotResultSlot#onTake",""
"Dungeon's Delight","[农夫乐事-地牢乐事]neoforge-dungeonsdelight-1.21.1-1.5.0.jar","1.5.0","dungeonsdelight","dungeonsdelight:cooking/snifferwurst","farmersdelight:cooking","FD 烹饪锅","Raw Snifferwurst","dungeonsdelight:snifferwurst","1","是","6","7.2000003","","DISH","cooking_device=farmersdelight:cooking;food_component","HIGH","4","4","否","否","","","","","无","(base)","是","T2","设备或复杂度：type=farmersdelight:cooking;kinds=4","","已覆盖","FARMERS_DELIGHT_COOKING_POT","CookingPotResultSlot#onTake",""
"Dungeon's Delight","[农夫乐事-地牢乐事]neoforge-dungeonsdelight-1.21.1-1.5.0.jar","1.5.0","dungeonsdelight","dungeonsdelight:cooking/snuffledog","farmersdelight:cooking","FD 烹饪锅","Snuffledog","dungeonsdelight:snuffledog","1","是","14","28","effect.minecraft.regeneration 120tick 1级 概率1","DISH","cooking_device=farmersdelight:cooking;food_component","HIGH","5","5","否","否","minecraft:bread","","","","无","(base)","是","T2","设备或复杂度：type=farmersdelight:cooking;kinds=5","","已覆盖","FARMERS_DELIGHT_COOKING_POT","CookingPotResultSlot#onTake",""
"Dungeon's Delight","[农夫乐事-地牢乐事]neoforge-dungeonsdelight-1.21.1-1.5.0.jar","1.5.0","dungeonsdelight","dungeonsdelight:cut_stained_scrap","minecraft:crafting_shaped","工作台（有序）","Cut Stained Scrap","dungeonsdelight:cut_stained_scrap","4","否","","","","NON_FOOD","non_edible_block_or_tool","HIGH","1","1","否","否","","","","","无","(base)","是","不进入厨师","内容类型=NON_FOOD","","已覆盖","CRAFTING","ItemCraftedEvent",""
"Dungeon's Delight","[农夫乐事-地牢乐事]neoforge-dungeonsdelight-1.21.1-1.5.0.jar","1.5.0","dungeonsdelight","dungeonsdelight:cut_stained_scrap_slab","minecraft:crafting_shaped","工作台（有序）","Cut Stained Scrap Slab","dungeonsdelight:cut_stained_scrap_slab","6","否","","","","NON_FOOD","non_edible_block_or_tool","HIGH","1","1","否","否","","","","","无","(base)","是","不进入厨师","内容类型=NON_FOOD","","已覆盖","CRAFTING","ItemCraftedEvent",""
"Dungeon's Delight","[农夫乐事-地牢乐事]neoforge-dungeonsdelight-1.21.1-1.5.0.jar","1.5.0","dungeonsdelight","dungeonsdelight:cut_stained_scrap_stairs","minecraft:crafting_shaped","工作台（有序）","Cut Stained Scrap Stairs","dungeonsdelight:cut_stained_scrap_stairs","4","否","","","","NON_FOOD","non_edible_block_or_tool","HIGH","1","1","否","否","","","","","无","(base)","是","不进入厨师","内容类型=NON_FOOD","","已覆盖","CRAFTING","ItemCraftedEvent",""
"Dungeon's Delight","[农夫乐事-地牢乐事]neoforge-dungeonsdelight-1.21.1-1.5.0.jar","1.5.0","dungeonsdelight","dungeonsdelight:cutting/ancient_egg","farmersdelight:cutting","FD 切菜板（非出锅）","Cleaved Ancient Egg","dungeonsdelight:cleaved_ancient_egg","2","是","2","1.6","","INGREDIENT","manual_override;切割中间产物","HIGH","2","1","否","是","","","","","无","(base)","是","不进入厨师","切割中间产物","","未覆盖（非出锅）","—","切菜板不属于料理出锅事件","人工覆盖优先；切菜板非出锅事件；保持INGREDIENT"
"Dungeon's Delight","[农夫乐事-地牢乐事]neoforge-dungeonsdelight-1.21.1-1.5.0.jar","1.5.0","dungeonsdelight","dungeonsdelight:cutting/brined_flesh","farmersdelight:cutting","FD 切菜板（非出锅）","Rotten Tripe","dungeonsdelight:rotten_tripe","2","是","2","0.2","effect.minecraft.hunger 200tick 1级 概率0.20000000298023224","INGREDIENT","manual_override;切割中间产物","HIGH","2","1","否","是","","","","","无","(base)","是","不进入厨师","切割中间产物","","未覆盖（非出锅）","—","切菜板不属于料理出锅事件","人工覆盖优先；切菜板非出锅事件；保持INGREDIENT"
"Dungeon's Delight","[农夫乐事-地牢乐事]neoforge-dungeonsdelight-1.21.1-1.5.0.jar","1.5.0","dungeonsdelight","dungeonsdelight:cutting/creeperilla","farmersdelight:cutting","FD 切菜板（非出锅）","Creeperilla Squib","dungeonsdelight:creeperilla_squib","2","是","1","0.4","","INGREDIENT","manual_override;切割中间产物","HIGH","2","1","否","是","","","","","无","(base)","是","不进入厨师","切割中间产物","","未覆盖（非出锅）","—","切菜板不属于料理出锅事件","人工覆盖优先；切菜板非出锅事件；保持INGREDIENT"
"Dungeon's Delight","[农夫乐事-地牢乐事]neoforge-dungeonsdelight-1.21.1-1.5.0.jar","1.5.0","dungeonsdelight","dungeonsdelight:cutting/ghast_tentacle","farmersdelight:cutting","FD 切菜板（非出锅）","Ghast Calamari","dungeonsdelight:ghast_calamari","2","是","2","1.2","","INGREDIENT","manual_override;切割中间产物","HIGH","2","1","否","是","","","","","无","(base)","是","不进入厨师","切割中间产物","","未覆盖（非出锅）","—","切菜板不属于料理出锅事件","人工覆盖优先；切菜板非出锅事件；保持INGREDIENT"
"Dungeon's Delight","[农夫乐事-地牢乐事]neoforge-dungeonsdelight-1.21.1-1.5.0.jar","1.5.0","dungeonsdelight","dungeonsdelight:cutting/gritty_flesh","farmersdelight:cutting","FD 切菜板（非出锅）","Rotten Tripe","dungeonsdelight:rotten_tripe","2","是","2","0.2","effect.minecraft.hunger 200tick 1级 概率0.20000000298023224","INGREDIENT","manual_override;切割中间产物","HIGH","2","1","否","是","","","","","无","(base)","是","不进入厨师","切割中间产物","","未覆盖（非出锅）","—","切菜板不属于料理出锅事件","人工覆盖优先；切菜板非出锅事件；保持INGREDIENT"
"Dungeon's Delight","[农夫乐事-地牢乐事]neoforge-dungeonsdelight-1.21.1-1.5.0.jar","1.5.0","dungeonsdelight","dungeonsdelight:cutting/gunk","farmersdelight:cutting","FD 切菜板（非出锅）","Straw","farmersdelight:straw","2","否","","","","INGREDIENT","ingredient_process=farmersdelight:cutting","MEDIUM","2","1","否","是","","","","","无","(base)","是","不进入厨师","内容类型=INGREDIENT","","未覆盖（非出锅）","—","切菜板不属于料理出锅事件","切菜板非出锅事件"
"Dungeon's Delight","[农夫乐事-地牢乐事]neoforge-dungeonsdelight-1.21.1-1.5.0.jar","1.5.0","dungeonsdelight","dungeonsdelight:cutting/monster_cake","farmersdelight:cutting","FD 切菜板（非出锅）","Slice of Monster Cake","dungeonsdelight:monster_cake_slice","7","是","3","3","effect.dungeonsdelight.exudation 2400tick 2级 概率1；effect.dungeonsdelight.pouncing 1200tick 2级 概率1","DISH","dish_token;edible=true;type=farmersdelight:cutting","HIGH","2","1","否","否","","","","","无","(base)","是","T2","正餐/甜点名称","","未覆盖（非出锅）","—","切菜板不属于料理出锅事件","切菜板非出锅事件"
"Dungeon's Delight","[农夫乐事-地牢乐事]neoforge-dungeonsdelight-1.21.1-1.5.0.jar","1.5.0","dungeonsdelight","dungeonsdelight:cutting/rotbulb","farmersdelight:cutting","FD 切菜板（非出锅）","Gunk","dungeonsdelight:gunk","2","否","","","","INGREDIENT","ingredient_process=farmersdelight:cutting","MEDIUM","2","1","否","是","","","","","无","(base)","是","不进入厨师","内容类型=INGREDIENT","","未覆盖（非出锅）","—","切菜板不属于料理出锅事件","切菜板非出锅事件"
"Dungeon's Delight","[农夫乐事-地牢乐事]neoforge-dungeonsdelight-1.21.1-1.5.0.jar","1.5.0","dungeonsdelight","dungeonsdelight:cutting/rotbulb_plant","farmersdelight:cutting","FD 切菜板（非出锅）","Gunk","dungeonsdelight:gunk","2","否","","","","INGREDIENT","ingredient_process=farmersdelight:cutting","MEDIUM","2","1","否","是","","","","","无","(base)","是","不进入厨师","内容类型=INGREDIENT","","未覆盖（非出锅）","—","切菜板不属于料理出锅事件","切菜板非出锅事件"
"Dungeon's Delight","[农夫乐事-地牢乐事]neoforge-dungeonsdelight-1.21.1-1.5.0.jar","1.5.0","dungeonsdelight","dungeonsdelight:cutting/rotgourd","farmersdelight:cutting","FD 切菜板（非出锅）","Rotgourd Slice","dungeonsdelight:rotgourd_slice","4","是","3","1.8000001","","INGREDIENT","manual_override;切割中间产物","HIGH","2","1","否","是","","","","","无","(base)","是","不进入厨师","切割中间产物","","未覆盖（非出锅）","—","切菜板不属于料理出锅事件","人工覆盖优先；切菜板非出锅事件；保持INGREDIENT"
"Dungeon's Delight","[农夫乐事-地牢乐事]neoforge-dungeonsdelight-1.21.1-1.5.0.jar","1.5.0","dungeonsdelight","dungeonsdelight:cutting/sculk_mayo_block","farmersdelight:cutting","FD 切菜板（非出锅）","Sculk Polyp","dungeonsdelight:sculk_polyp","2","否","","","","INGREDIENT","ingredient_process=farmersdelight:cutting","MEDIUM","1","1","否","是","","","","","无","(base)","是","不进入厨师","内容类型=INGREDIENT","","未覆盖（非出锅）","—","切菜板不属于料理出锅事件","切菜板非出锅事件"
"Dungeon's Delight","[农夫乐事-地牢乐事]neoforge-dungeonsdelight-1.21.1-1.5.0.jar","1.5.0","dungeonsdelight","dungeonsdelight:cutting/sculk_tart","farmersdelight:cutting","FD 切菜板（非出锅）","Slice of Sculk Tart","dungeonsdelight:sculk_tart_slice","4","是","3","1.8000001","effect.minecraft.speed 600tick 1级 概率1","INGREDIENT","ingredient_process=farmersdelight:cutting","MEDIUM","2","1","否","是","","","","","无","(base)","是","不进入厨师","内容类型=INGREDIENT","","未覆盖（非出锅）","—","切菜板不属于料理出锅事件","切菜板非出锅事件"
"Dungeon's Delight","[农夫乐事-地牢乐事]neoforge-dungeonsdelight-1.21.1-1.5.0.jar","1.5.0","dungeonsdelight","dungeonsdelight:cutting/slime_bar","farmersdelight:cutting","FD 切菜板（非出锅）","Slime Noodles","dungeonsdelight:slime_noodles","2","是","1","0.4","","DISH","dish_token;edible=true;type=farmersdelight:cutting","HIGH","2","1","否","否","","","","","无","(base)","是","T2","正餐/甜点名称","","未覆盖（非出锅）","—","切菜板不属于料理出锅事件","切菜板非出锅事件"
"Dungeon's Delight","[农夫乐事-地牢乐事]neoforge-dungeonsdelight-1.21.1-1.5.0.jar","1.5.0","dungeonsdelight","dungeonsdelight:cutting/spider_pie","farmersdelight:cutting","FD 切菜板（非出锅）","Slice of Spider Pie","dungeonsdelight:spider_pie_slice","4","是","3","1.8000001","effect.dungeonsdelight.pouncing 600tick 2级 概率1","DISH","dish_token;edible=true;type=farmersdelight:cutting","HIGH","2","1","否","否","","","","","无","(base)","是","T2","正餐/甜点名称","","未覆盖（非出锅）","—","切菜板不属于料理出锅事件","切菜板非出锅事件"
"Dungeon's Delight","[农夫乐事-地牢乐事]neoforge-dungeonsdelight-1.21.1-1.5.0.jar","1.5.0","dungeonsdelight","dungeonsdelight:cutting/wardenzola","farmersdelight:cutting","FD 切菜板（非出锅）","Wardenzola Crumbles","dungeonsdelight:wardenzola_crumbles","2","是","2","1.2","","INGREDIENT","manual_override;奶酪碎屑切割产物","HIGH","2","1","否","是","","","","","无","(base)","是","不进入厨师","奶酪碎屑切割产物","","未覆盖（非出锅）","—","切菜板不属于料理出锅事件","人工覆盖优先；切菜板非出锅事件；保持INGREDIENT"
"Dungeon's Delight","[农夫乐事-地牢乐事]neoforge-dungeonsdelight-1.21.1-1.5.0.jar","1.5.0","dungeonsdelight","dungeonsdelight:diamond_cleaver","minecraft:crafting_shaped","工作台（有序）","Diamond Cleaver","dungeonsdelight:diamond_cleaver","1","否","","","","NON_FOOD","not_edible","MEDIUM","2","2","否","否","","","","","无","(base)","是","不进入厨师","内容类型=NON_FOOD","","已覆盖","CRAFTING","ItemCraftedEvent",""
"Dungeon's Delight","[农夫乐事-地牢乐事]neoforge-dungeonsdelight-1.21.1-1.5.0.jar","1.5.0","dungeonsdelight","dungeonsdelight:dungeon_stove","minecraft:crafting_shaped","工作台（有序）","Dungeon Stove","dungeonsdelight:dungeon_stove","1","否","","","","NON_FOOD","non_edible_block_or_tool","HIGH","3","3","否","否","","","","","无","(base)","是","不进入厨师","内容类型=NON_FOOD","","已覆盖","CRAFTING","ItemCraftedEvent",""
"Dungeon's Delight","[农夫乐事-地牢乐事]neoforge-dungeonsdelight-1.21.1-1.5.0.jar","1.5.0","dungeonsdelight","dungeonsdelight:embedded_eggs","minecraft:crafting_shaped","工作台（有序）","Embedded Eggs","dungeonsdelight:embedded_eggs","1","否","","","","NON_FOOD","not_edible","MEDIUM","2","2","否","否","","","","","无","(base)","是","不进入厨师","内容类型=NON_FOOD","","已覆盖","CRAFTING","ItemCraftedEvent",""
"Dungeon's Delight","[农夫乐事-地牢乐事]neoforge-dungeonsdelight-1.21.1-1.5.0.jar","1.5.0","dungeonsdelight","dungeonsdelight:flint_cleaver","minecraft:crafting_shaped","工作台（有序）","Flint Cleaver","dungeonsdelight:flint_cleaver","1","否","","","","NON_FOOD","not_edible","MEDIUM","2","2","否","否","","","","","无","(base)","是","不进入厨师","内容类型=NON_FOOD","","已覆盖","CRAFTING","ItemCraftedEvent",""
"Dungeon's Delight","[农夫乐事-地牢乐事]neoforge-dungeonsdelight-1.21.1-1.5.0.jar","1.5.0","dungeonsdelight","dungeonsdelight:fried_ghast_calamari_from_campfire","minecraft:campfire_cooking","营火（无事件检测）","Fried Ghast Calamari","dungeonsdelight:fried_ghast_calamari","1","是","4","4.8","","DISH","cooking_device=minecraft:campfire_cooking;food_component","HIGH","1","1","否","否","","","600","","无","(base)","是","COMMON","基础熟食或少量常见原料/单步合成","","未覆盖","CAMPFIRE（仅枚举）","无营火取餐检测，不会产生 DishCookedEvent","营火：TCTH 当前无 DishCookedEvent 检测"
"Dungeon's Delight","[农夫乐事-地牢乐事]neoforge-dungeonsdelight-1.21.1-1.5.0.jar","1.5.0","dungeonsdelight","dungeonsdelight:fried_ghast_calamari_from_smelting","minecraft:smelting","熔炉","Fried Ghast Calamari","dungeonsdelight:fried_ghast_calamari","1","是","4","4.8","","DISH","cooking_device=minecraft:smelting;food_component","HIGH","1","1","否","否","","","200","","无","(base)","是","COMMON","基础熟食或少量常见原料/单步合成","","已覆盖","FURNACE","ItemSmeltedEvent（菜单启发）",""
"Dungeon's Delight","[农夫乐事-地牢乐事]neoforge-dungeonsdelight-1.21.1-1.5.0.jar","1.5.0","dungeonsdelight","dungeonsdelight:fried_ghast_calamari_from_smoking","minecraft:smoking","烟熏炉","Fried Ghast Calamari","dungeonsdelight:fried_ghast_calamari","1","是","4","4.8","","DISH","cooking_device=minecraft:smoking;food_component","HIGH","1","1","否","否","","","100","","无","(base)","是","COMMON","基础熟食或少量常见原料/单步合成","","已覆盖","SMOKER","ItemSmeltedEvent",""
"Dungeon's Delight","[农夫乐事-地牢乐事]neoforge-dungeonsdelight-1.21.1-1.5.0.jar","1.5.0","dungeonsdelight","dungeonsdelight:golden_cleaver","minecraft:crafting_shaped","工作台（有序）","Golden Cleaver","dungeonsdelight:golden_cleaver","1","否","","","","NON_FOOD","not_edible","MEDIUM","2","2","否","否","","","","","无","(base)","是","不进入厨师","内容类型=NON_FOOD","","已覆盖","CRAFTING","ItemCraftedEvent",""
"Dungeon's Delight","[农夫乐事-地牢乐事]neoforge-dungeonsdelight-1.21.1-1.5.0.jar","1.5.0","dungeonsdelight","dungeonsdelight:gunk_arrow","minecraft:crafting_shaped","工作台（有序）","Gunk Arrow","dungeonsdelight:gunk_arrow","2","否","","","","NON_FOOD","not_edible","MEDIUM","2","2","否","否","","","","","无","(base)","是","不进入厨师","内容类型=NON_FOOD","","已覆盖","CRAFTING","ItemCraftedEvent",""
"Dungeon's Delight","[农夫乐事-地牢乐事]neoforge-dungeonsdelight-1.21.1-1.5.0.jar","1.5.0","dungeonsdelight","dungeonsdelight:integration/aether/crafting_table/gravitite_cleaver","minecraft:crafting_shaped","工作台（有序）","重力晶斩切刀","dungeonsdelight:gravitite_cleaver","1","","","","","NON_FOOD","not_edible","MEDIUM","2","2","否","否","","","","","仅JAR原始（运行时未加载）","(base)","否","不进入厨师","内容类型=NON_FOOD","","已覆盖","CRAFTING","ItemCraftedEvent","运行时未加载（依赖/条件）"
"Dungeon's Delight","[农夫乐事-地牢乐事]neoforge-dungeonsdelight-1.21.1-1.5.0.jar","1.5.0","dungeonsdelight","dungeonsdelight:integration/aether/crafting_table/gravitite_knife","minecraft:crafting_shaped","工作台（有序）","重力晶刀","dungeonsdelight:gravitite_knife","1","","","","","NON_FOOD","non_edible_block_or_tool","HIGH","2","2","否","否","","","","","仅JAR原始（运行时未加载）","(base)","否","不进入厨师","内容类型=NON_FOOD","","已覆盖","CRAFTING","ItemCraftedEvent","运行时未加载（依赖/条件）"
"Dungeon's Delight","[农夫乐事-地牢乐事]neoforge-dungeonsdelight-1.21.1-1.5.0.jar","1.5.0","dungeonsdelight","dungeonsdelight:integration/aether/crafting_table/zanite_cleaver","minecraft:crafting_shaped","工作台（有序）","紫晶斩切刀","dungeonsdelight:zanite_cleaver","1","","","","","NON_FOOD","not_edible","MEDIUM","2","2","否","否","","","","","仅JAR原始（运行时未加载）","(base)","否","不进入厨师","内容类型=NON_FOOD","","已覆盖","CRAFTING","ItemCraftedEvent","运行时未加载（依赖/条件）"
"Dungeon's Delight","[农夫乐事-地牢乐事]neoforge-dungeonsdelight-1.21.1-1.5.0.jar","1.5.0","dungeonsdelight","dungeonsdelight:integration/aether/crafting_table/zanite_knife","minecraft:crafting_shaped","工作台（有序）","紫晶刀","dungeonsdelight:zanite_knife","1","","","","","NON_FOOD","non_edible_block_or_tool","HIGH","2","2","否","否","","","","","仅JAR原始（运行时未加载）","(base)","否","不进入厨师","内容类型=NON_FOOD","","已覆盖","CRAFTING","ItemCraftedEvent","运行时未加载（依赖/条件）"
"Dungeon's Delight","[农夫乐事-地牢乐事]neoforge-dungeonsdelight-1.21.1-1.5.0.jar","1.5.0","dungeonsdelight","dungeonsdelight:integration/aether/monster_cooking/drinks/skyberry_brew","dungeonsdelight:monster_cooking","怪物烹饪锅","天莓酿","dungeonsdelight:skyberry_brew","1","","","","","NON_FOOD","not_edible","MEDIUM","3","3","否","否","","","","","仅JAR原始（运行时未加载）","(base)","否","不进入厨师","内容类型=NON_FOOD","","需适配","DUNGEONS_DELIGHT_MONSTER_POT（建议）","MonsterPotResultSlot#onTake","运行时未加载（依赖/条件）"
"Dungeon's Delight","[农夫乐事-地牢乐事]neoforge-dungeonsdelight-1.21.1-1.5.0.jar","1.5.0","dungeonsdelight","dungeonsdelight:integration/aether/monster_cooking/meals/amber_e_olio","dungeonsdelight:monster_cooking","怪物烹饪锅","琥珀脂香","dungeonsdelight:amber_e_olio","1","","","","","NON_FOOD","not_edible","MEDIUM","3","3","否","否","","","","","仅JAR原始（运行时未加载）","(base)","否","不进入厨师","内容类型=NON_FOOD","","需适配","DUNGEONS_DELIGHT_MONSTER_POT（建议）","MonsterPotResultSlot#onTake","运行时未加载（依赖/条件）"
"Dungeon's Delight","[农夫乐事-地牢乐事]neoforge-dungeonsdelight-1.21.1-1.5.0.jar","1.5.0","dungeonsdelight","dungeonsdelight:integration/aether/monster_cooking/meals/ambrosia_ring","dungeonsdelight:monster_cooking","怪物烹饪锅","仙馔密环","dungeonsdelight:ambrosia_ring","1","","","","","NON_FOOD","not_edible","MEDIUM","3","4","否","否","","","","","仅JAR原始（运行时未加载）","(base)","否","不进入厨师","内容类型=NON_FOOD","","需适配","DUNGEONS_DELIGHT_MONSTER_POT（建议）","MonsterPotResultSlot#onTake","运行时未加载（依赖/条件）"
"Dungeon's Delight","[农夫乐事-地牢乐事]neoforge-dungeonsdelight-1.21.1-1.5.0.jar","1.5.0","dungeonsdelight","dungeonsdelight:integration/aether/monster_cooking/misc/fluffy_floss","dungeonsdelight:monster_cooking","怪物烹饪锅","绒花糖","dungeonsdelight:fluffy_floss","1","","","","","NON_FOOD","not_edible","MEDIUM","2","2","否","否","","","","","仅JAR原始（运行时未加载）","(base)","否","不进入厨师","内容类型=NON_FOOD","","需适配","DUNGEONS_DELIGHT_MONSTER_POT（建议）","MonsterPotResultSlot#onTake","运行时未加载（依赖/条件）"
"Dungeon's Delight","[农夫乐事-地牢乐事]neoforge-dungeonsdelight-1.21.1-1.5.0.jar","1.5.0","dungeonsdelight","dungeonsdelight:integration/aether/monster_cooking/misc/venomous_onigiri","dungeonsdelight:monster_cooking","怪物烹饪锅","箭毒饭团","dungeonsdelight:venomous_onigiri","1","","","","","NON_FOOD","not_edible","MEDIUM","2","4","否","否","","","","","仅JAR原始（运行时未加载）","(base)","否","不进入厨师","内容类型=NON_FOOD","","需适配","DUNGEONS_DELIGHT_MONSTER_POT（建议）","MonsterPotResultSlot#onTake","运行时未加载（依赖/条件）"
"Dungeon's Delight","[农夫乐事-地牢乐事]neoforge-dungeonsdelight-1.21.1-1.5.0.jar","1.5.0","dungeonsdelight","dungeonsdelight:integration/aether/smoker/ae_cooked_marbled_meat_from_smoking","minecraft:smoking","烟熏炉","","","","","","","","REVIEW","no_product_id","LOW","1","1","否","否","","","100","","仅JAR原始（运行时未加载）","(base)","否","待复审","内容类型=REVIEW","","已覆盖","SMOKER","ItemSmeltedEvent","运行时未加载（依赖/条件）"
"Dungeon's Delight","[农夫乐事-地牢乐事]neoforge-dungeonsdelight-1.21.1-1.5.0.jar","1.5.0","dungeonsdelight","dungeonsdelight:integration/alloyed/crafting_table/steel_cleaver","minecraft:crafting_shaped","工作台（有序）","钢斩切刀","dungeonsdelight:steel_cleaver","1","","","","","NON_FOOD","not_edible","MEDIUM","2","2","否","否","","","","","仅JAR原始（运行时未加载）","(base)","否","不进入厨师","内容类型=NON_FOOD","","已覆盖","CRAFTING","ItemCraftedEvent","运行时未加载（依赖/条件）"
"Dungeon's Delight","[农夫乐事-地牢乐事]neoforge-dungeonsdelight-1.21.1-1.5.0.jar","1.5.0","dungeonsdelight","dungeonsdelight:integration/appledog/sculk_catblueberry","minecraft:crafting_shapeless","工作台（无序）","幽匿苹狗","dungeonsdelight:sculk_dogapple","1","","","","","NON_FOOD","not_edible","MEDIUM","3","4","是","否","","","","","仅JAR原始（运行时未加载）","(base)","否","不进入厨师","内容类型=NON_FOOD","","已覆盖","CRAFTING","ItemCraftedEvent","运行时未加载（依赖/条件）"
"Dungeon's Delight","[农夫乐事-地牢乐事]neoforge-dungeonsdelight-1.21.1-1.5.0.jar","1.5.0","dungeonsdelight","dungeonsdelight:integration/appledog/sculk_dogapple","minecraft:crafting_shapeless","工作台（无序）","幽匿苹狗","dungeonsdelight:sculk_dogapple","1","","","","","NON_FOOD","not_edible","MEDIUM","3","4","是","否","","","","","仅JAR原始（运行时未加载）","(base)","否","不进入厨师","内容类型=NON_FOOD","","已覆盖","CRAFTING","ItemCraftedEvent","运行时未加载（依赖/条件）"
"Dungeon's Delight","[农夫乐事-地牢乐事]neoforge-dungeonsdelight-1.21.1-1.5.0.jar","1.5.0","dungeonsdelight","dungeonsdelight:integration/fishy_fiesta/monster_cooking/misc/lutefisk","dungeonsdelight:monster_cooking","怪物烹饪锅","碱渍鱼","dungeonsdelight:lutefisk","1","","","","","NON_FOOD","not_edible","MEDIUM","2","2","是","否","","","","","仅JAR原始（运行时未加载）","(base)","否","不进入厨师","内容类型=NON_FOOD","","需适配","DUNGEONS_DELIGHT_MONSTER_POT（建议）","MonsterPotResultSlot#onTake","运行时未加载（依赖/条件）"
"Dungeon's Delight","[农夫乐事-地牢乐事]neoforge-dungeonsdelight-1.21.1-1.5.0.jar","1.5.0","dungeonsdelight","dungeonsdelight:integration/minersdelight/monster_cooking/meals/poi_cup","dungeonsdelight:monster_cooking","怪物烹饪锅","芋泥杯","dungeonsdelight:poi_cup","2","","","","","NON_FOOD","not_edible","MEDIUM","2","3","否","否","minersdelight:copper_cup","","","","仅JAR原始（运行时未加载）","(base)","否","不进入厨师","内容类型=NON_FOOD","","需适配","DUNGEONS_DELIGHT_MONSTER_POT（建议）","MonsterPotResultSlot#onTake","运行时未加载（依赖/条件）"
"Dungeon's Delight","[农夫乐事-地牢乐事]neoforge-dungeonsdelight-1.21.1-1.5.0.jar","1.5.0","dungeonsdelight","dungeonsdelight:integration/minersdelight/monster_cooking/meals/salt_soaked_stew_cup","dungeonsdelight:monster_cooking","怪物烹饪锅","盐淹炖杯","dungeonsdelight:salt_soaked_stew_cup","2","","","","","REVIEW","non_edible_dishlike_name_needs_serving_proof","LOW","4","4","否","否","minersdelight:copper_cup","","","","仅JAR原始（运行时未加载）","(base)","否","待复审","内容类型=REVIEW","","需适配","DUNGEONS_DELIGHT_MONSTER_POT（建议）","MonsterPotResultSlot#onTake","运行时未加载（依赖/条件）"
"Dungeon's Delight","[农夫乐事-地牢乐事]neoforge-dungeonsdelight-1.21.1-1.5.0.jar","1.5.0","dungeonsdelight","dungeonsdelight:integration/minersdelight/monster_cooking/meals/spider_salmagundi_cup","dungeonsdelight:monster_cooking","怪物烹饪锅","蜘蛛杂烩杯","dungeonsdelight:spider_salmagundi_cup","2","","","","","NON_FOOD","not_edible","MEDIUM","4","4","否","否","minersdelight:copper_cup","","","","仅JAR原始（运行时未加载）","(base)","否","不进入厨师","内容类型=NON_FOOD","","需适配","DUNGEONS_DELIGHT_MONSTER_POT（建议）","MonsterPotResultSlot#onTake","运行时未加载（依赖/条件）"
"Dungeon's Delight","[农夫乐事-地牢乐事]neoforge-dungeonsdelight-1.21.1-1.5.0.jar","1.5.0","dungeonsdelight","dungeonsdelight:integration/minersdelight/monster_cooking/misc/rubaboo_cup","dungeonsdelight:monster_cooking","怪物烹饪锅","腐肉饼汤杯","dungeonsdelight:rubaboo_cup","2","","","","","NON_FOOD","not_edible","MEDIUM","3","3","否","否","minersdelight:copper_cup","","100","","仅JAR原始（运行时未加载）","(base)","否","不进入厨师","内容类型=NON_FOOD","","需适配","DUNGEONS_DELIGHT_MONSTER_POT（建议）","MonsterPotResultSlot#onTake","运行时未加载（依赖/条件）"
"Dungeon's Delight","[农夫乐事-地牢乐事]neoforge-dungeonsdelight-1.21.1-1.5.0.jar","1.5.0","dungeonsdelight","dungeonsdelight:integration/twilightforest/cooking/drinks/liveroot_beer","farmersdelight:cooking","FD 烹饪锅","活根啤酒","dungeonsdelight:liveroot_beer","1","","","","","DRINK","drink_token=liveroot_beer","HIGH","4","4","否","否","","","","","仅JAR原始（运行时未加载）","(base)","否","不进入厨师","内容类型=DRINK","","已覆盖","FARMERS_DELIGHT_COOKING_POT","CookingPotResultSlot#onTake","运行时未加载（依赖/条件）"
"Dungeon's Delight","[农夫乐事-地牢乐事]neoforge-dungeonsdelight-1.21.1-1.5.0.jar","1.5.0","dungeonsdelight","dungeonsdelight:integration/twilightforest/cooking/drinks/trollber_chutney","farmersdelight:cooking","FD 烹饪锅","巨魔莓酸辣酱","dungeonsdelight:trollber_chutney","1","","","","","NON_FOOD","not_edible","MEDIUM","1","2","否","否","","","","","仅JAR原始（运行时未加载）","(base)","否","不进入厨师","内容类型=NON_FOOD","","已覆盖","FARMERS_DELIGHT_COOKING_POT","CookingPotResultSlot#onTake","运行时未加载（依赖/条件）"
"Dungeon's Delight","[农夫乐事-地牢乐事]neoforge-dungeonsdelight-1.21.1-1.5.0.jar","1.5.0","dungeonsdelight","dungeonsdelight:integration/twilightforest/cooking/meals/aurora_ice_cream","farmersdelight:cooking","FD 烹饪锅","极光雪糕","dungeonsdelight:aurora_ice_cream","1","","","","","REVIEW","non_edible_dishlike_name_needs_serving_proof","LOW","4","5","否","否","","","","","仅JAR原始（运行时未加载）","(base)","否","待复审","内容类型=REVIEW","","已覆盖","FARMERS_DELIGHT_COOKING_POT","CookingPotResultSlot#onTake","运行时未加载（依赖/条件）"
"Dungeon's Delight","[农夫乐事-地牢乐事]neoforge-dungeonsdelight-1.21.1-1.5.0.jar","1.5.0","dungeonsdelight","dungeonsdelight:integration/twilightforest/cooking/misc/maze_roll","farmersdelight:cooking","FD 烹饪锅","迷宫寿司","dungeonsdelight:maze_roll","3","","","","","REVIEW","non_edible_dishlike_name_needs_serving_proof","LOW","3","4","否","否","","","","","仅JAR原始（运行时未加载）","(base)","否","待复审","内容类型=REVIEW","","已覆盖","FARMERS_DELIGHT_COOKING_POT","CookingPotResultSlot#onTake","运行时未加载（依赖/条件）"
"Dungeon's Delight","[农夫乐事-地牢乐事]neoforge-dungeonsdelight-1.21.1-1.5.0.jar","1.5.0","dungeonsdelight","dungeonsdelight:integration/twilightforest/cooking/misc/meef_wellington","farmersdelight:cooking","FD 烹饪锅","惠灵顿牛头人肉排","dungeonsdelight:meef_wellington","1","","","","","NON_FOOD","not_edible","MEDIUM","4","5","否","否","minecraft:bread","","","","仅JAR原始（运行时未加载）","(base)","否","不进入厨师","内容类型=NON_FOOD","","已覆盖","FARMERS_DELIGHT_COOKING_POT","CookingPotResultSlot#onTake","运行时未加载（依赖/条件）"
"Dungeon's Delight","[农夫乐事-地牢乐事]neoforge-dungeonsdelight-1.21.1-1.5.0.jar","1.5.0","dungeonsdelight","dungeonsdelight:integration/twilightforest/crafting_table/fiery_cleaver","minecraft:crafting_shaped","工作台（有序）","炽铁斩切刀","dungeonsdelight:fiery_cleaver","1","","","","","NON_FOOD","not_edible","MEDIUM","2","2","是","否","","","","","仅JAR原始（运行时未加载）","(base)","否","不进入厨师","内容类型=NON_FOOD","","已覆盖","CRAFTING","ItemCraftedEvent","运行时未加载（依赖/条件）"
"Dungeon's Delight","[农夫乐事-地牢乐事]neoforge-dungeonsdelight-1.21.1-1.5.0.jar","1.5.0","dungeonsdelight","dungeonsdelight:integration/twilightforest/crafting_table/fiery_iron_cleaver","minecraft:crafting_shapeless","工作台（无序）","炽铁斩切刀","dungeonsdelight:fiery_cleaver","1","","","","","NON_FOOD","not_edible","MEDIUM","3","5","是","否","","","","","仅JAR原始（运行时未加载）","(base)","否","不进入厨师","内容类型=NON_FOOD","","已覆盖","CRAFTING","ItemCraftedEvent","运行时未加载（依赖/条件）"
"Dungeon's Delight","[农夫乐事-地牢乐事]neoforge-dungeonsdelight-1.21.1-1.5.0.jar","1.5.0","dungeonsdelight","dungeonsdelight:integration/twilightforest/crafting_table/fiery_iron_knife","minecraft:crafting_shapeless","工作台（无序）","炽铁刀","dungeonsdelight:fiery_knife","1","","","","","NON_FOOD","non_edible_block_or_tool","HIGH","3","3","是","否","","","","","仅JAR原始（运行时未加载）","(base)","否","不进入厨师","内容类型=NON_FOOD","","已覆盖","CRAFTING","ItemCraftedEvent","运行时未加载（依赖/条件）"
"Dungeon's Delight","[农夫乐事-地牢乐事]neoforge-dungeonsdelight-1.21.1-1.5.0.jar","1.5.0","dungeonsdelight","dungeonsdelight:integration/twilightforest/crafting_table/fiery_knife","minecraft:crafting_shaped","工作台（有序）","炽铁刀","dungeonsdelight:fiery_knife","1","","","","","NON_FOOD","non_edible_block_or_tool","HIGH","2","2","是","否","","","","","仅JAR原始（运行时未加载）","(base)","否","不进入厨师","内容类型=NON_FOOD","","已覆盖","CRAFTING","ItemCraftedEvent","运行时未加载（依赖/条件）"
"Dungeon's Delight","[农夫乐事-地牢乐事]neoforge-dungeonsdelight-1.21.1-1.5.0.jar","1.5.0","dungeonsdelight","dungeonsdelight:integration/twilightforest/crafting_table/ironwood_cleaver","minecraft:crafting_shaped","工作台（有序）","铁木匕首","dungeonsdelight:ironwood_cleaver","1","","","","","NON_FOOD","not_edible","MEDIUM","2","2","否","否","","","","","仅JAR原始（运行时未加载）","(base)","否","不进入厨师","内容类型=NON_FOOD","","已覆盖","CRAFTING","ItemCraftedEvent","运行时未加载（依赖/条件）"
"Dungeon's Delight","[农夫乐事-地牢乐事]neoforge-dungeonsdelight-1.21.1-1.5.0.jar","1.5.0","dungeonsdelight","dungeonsdelight:integration/twilightforest/crafting_table/ironwood_knife","minecraft:crafting_shaped","工作台（有序）","铁木弯刀","dungeonsdelight:ironwood_knife","1","","","","","NON_FOOD","non_edible_block_or_tool","HIGH","2","2","否","否","","","","","仅JAR原始（运行时未加载）","(base)","否","不进入厨师","内容类型=NON_FOOD","","已覆盖","CRAFTING","ItemCraftedEvent","运行时未加载（依赖/条件）"
"Dungeon's Delight","[农夫乐事-地牢乐事]neoforge-dungeonsdelight-1.21.1-1.5.0.jar","1.5.0","dungeonsdelight","dungeonsdelight:integration/twilightforest/crafting_table/knightmetal_cleaver","minecraft:crafting_shaped","工作台（有序）","骑士金属斩切刀","dungeonsdelight:knightmetal_cleaver","1","","","","","NON_FOOD","not_edible","MEDIUM","2","2","否","否","","","","","仅JAR原始（运行时未加载）","(base)","否","不进入厨师","内容类型=NON_FOOD","","已覆盖","CRAFTING","ItemCraftedEvent","运行时未加载（依赖/条件）"
"Dungeon's Delight","[农夫乐事-地牢乐事]neoforge-dungeonsdelight-1.21.1-1.5.0.jar","1.5.0","dungeonsdelight","dungeonsdelight:integration/twilightforest/crafting_table/knightmetal_knife","minecraft:crafting_shaped","工作台（有序）","骑士金属刀","dungeonsdelight:knightmetal_knife","1","","","","","NON_FOOD","non_edible_block_or_tool","HIGH","2","2","否","否","","","","","仅JAR原始（运行时未加载）","(base)","否","不进入厨师","内容类型=NON_FOOD","","已覆盖","CRAFTING","ItemCraftedEvent","运行时未加载（依赖/条件）"
"Dungeon's Delight","[农夫乐事-地牢乐事]neoforge-dungeonsdelight-1.21.1-1.5.0.jar","1.5.0","dungeonsdelight","dungeonsdelight:integration/twilightforest/crafting_table/steeleaf_cleaver","minecraft:crafting_shaped","工作台（有序）","钢叶斩切刀","dungeonsdelight:steeleaf_cleaver","1","","","","","NON_FOOD","not_edible","MEDIUM","2","2","否","否","","","","","仅JAR原始（运行时未加载）","(base)","否","不进入厨师","内容类型=NON_FOOD","","已覆盖","CRAFTING","ItemCraftedEvent","运行时未加载（依赖/条件）"
"Dungeon's Delight","[农夫乐事-地牢乐事]neoforge-dungeonsdelight-1.21.1-1.5.0.jar","1.5.0","dungeonsdelight","dungeonsdelight:integration/twilightforest/crafting_table/steeleaf_knife","minecraft:crafting_shaped","工作台（有序）","钢叶刀","dungeonsdelight:steeleaf_knife","1","","","","","NON_FOOD","non_edible_block_or_tool","HIGH","2","2","否","否","","","","","仅JAR原始（运行时未加载）","(base)","否","不进入厨师","内容类型=NON_FOOD","","已覆盖","CRAFTING","ItemCraftedEvent","运行时未加载（依赖/条件）"
"Dungeon's Delight","[农夫乐事-地牢乐事]neoforge-dungeonsdelight-1.21.1-1.5.0.jar","1.5.0","dungeonsdelight","dungeonsdelight:integration/twilightforest/crafting_table/wilderness_luncheon","minecraft:crafting_shapeless","工作台（无序）","荒野午宴","dungeonsdelight:wilderness_luncheon","1","","","","","NON_FOOD","not_edible","MEDIUM","5","6","否","否","","","","","仅JAR原始（运行时未加载）","(base)","否","不进入厨师","内容类型=NON_FOOD","","已覆盖","CRAFTING","ItemCraftedEvent","运行时未加载（依赖/条件）"
"Dungeon's Delight","[农夫乐事-地牢乐事]neoforge-dungeonsdelight-1.21.1-1.5.0.jar","1.5.0","dungeonsdelight","dungeonsdelight:integration/twilightforest/monster_cooking/meals/arcane_chili","dungeonsdelight:monster_cooking","怪物烹饪锅","奥术辣肉酱炖豆","dungeonsdelight:arcane_chili","1","","","","","NON_FOOD","not_edible","MEDIUM","4","5","否","否","","","","","仅JAR原始（运行时未加载）","(base)","否","不进入厨师","内容类型=NON_FOOD","","需适配","DUNGEONS_DELIGHT_MONSTER_POT（建议）","MonsterPotResultSlot#onTake","运行时未加载（依赖/条件）"
"Dungeon's Delight","[农夫乐事-地牢乐事]neoforge-dungeonsdelight-1.21.1-1.5.0.jar","1.5.0","dungeonsdelight","dungeonsdelight:integration/twilightforest/monster_cooking/meals/blazing_blood_sausage","dungeonsdelight:monster_cooking","怪物烹饪锅","炽热血肠","dungeonsdelight:blazing_blood_sausage","1","","","","","REVIEW","non_edible_dishlike_name_needs_serving_proof","LOW","4","5","否","否","","","","","仅JAR原始（运行时未加载）","(base)","否","待复审","内容类型=REVIEW","","需适配","DUNGEONS_DELIGHT_MONSTER_POT（建议）","MonsterPotResultSlot#onTake","运行时未加载（依赖/条件）"
"Dungeon's Delight","[农夫乐事-地牢乐事]neoforge-dungeonsdelight-1.21.1-1.5.0.jar","1.5.0","dungeonsdelight","dungeonsdelight:integration/twilightforest/monster_cooking/meals/hydra_fricassee","dungeonsdelight:monster_cooking","怪物烹饪锅","白汁九头蛇肉块","dungeonsdelight:hydra_fricassee","1","","","","","NON_FOOD","not_edible","MEDIUM","4","6","否","否","","","","","仅JAR原始（运行时未加载）","(base)","否","不进入厨师","内容类型=NON_FOOD","","需适配","DUNGEONS_DELIGHT_MONSTER_POT（建议）","MonsterPotResultSlot#onTake","运行时未加载（依赖/条件）"
"Dungeon's Delight","[农夫乐事-地牢乐事]neoforge-dungeonsdelight-1.21.1-1.5.0.jar","1.5.0","dungeonsdelight","dungeonsdelight:integration/twilightforest/monster_cooking/meals/scaly_fiddlehead_risotto","dungeonsdelight:monster_cooking","怪物烹饪锅","鳞片暮色蕨烩饭","dungeonsdelight:scaly_fiddlehead_risotto","1","","","","","REVIEW","non_edible_dishlike_name_needs_serving_proof","LOW","3","5","否","否","","","","","仅JAR原始（运行时未加载）","(base)","否","待复审","内容类型=REVIEW","","需适配","DUNGEONS_DELIGHT_MONSTER_POT（建议）","MonsterPotResultSlot#onTake","运行时未加载（依赖/条件）"
"Dungeon's Delight","[农夫乐事-地牢乐事]neoforge-dungeonsdelight-1.21.1-1.5.0.jar","1.5.0","dungeonsdelight","dungeonsdelight:integration/twilightforest/monster_cooking/meals/tower_boreito","dungeonsdelight:monster_cooking","怪物烹饪锅","高塔蛀虫卷饼","dungeonsdelight:tower_boreito","1","","","","","NON_FOOD","not_edible","MEDIUM","4","5","否","否","minecraft:bread","","","","仅JAR原始（运行时未加载）","(base)","否","不进入厨师","内容类型=NON_FOOD","","需适配","DUNGEONS_DELIGHT_MONSTER_POT（建议）","MonsterPotResultSlot#onTake","运行时未加载（依赖/条件）"
"Dungeon's Delight","[农夫乐事-地牢乐事]neoforge-dungeonsdelight-1.21.1-1.5.0.jar","1.5.0","dungeonsdelight","dungeonsdelight:integration/twilightforest/monster_cooking/misc/maze_smore","dungeonsdelight:monster_cooking","怪物烹饪锅","迷宫夹心饼","dungeonsdelight:maze_smore","2","","","","","NON_FOOD","not_edible","MEDIUM","3","4","否","否","","","","","仅JAR原始（运行时未加载）","(base)","否","不进入厨师","内容类型=NON_FOOD","","需适配","DUNGEONS_DELIGHT_MONSTER_POT（建议）","MonsterPotResultSlot#onTake","运行时未加载（依赖/条件）"
"Dungeon's Delight","[农夫乐事-地牢乐事]neoforge-dungeonsdelight-1.21.1-1.5.0.jar","1.5.0","dungeonsdelight","dungeonsdelight:integration/twilightforest/monster_cooking/misc/sweetbread","dungeonsdelight:monster_cooking","怪物烹饪锅","杂碎包","dungeonsdelight:sweetbread","2","","","","","NON_FOOD","not_edible","MEDIUM","4","4","否","否","","","","","仅JAR原始（运行时未加载）","(base)","否","不进入厨师","内容类型=NON_FOOD","","需适配","DUNGEONS_DELIGHT_MONSTER_POT（建议）","MonsterPotResultSlot#onTake","运行时未加载（依赖/条件）"
"Dungeon's Delight","[农夫乐事-地牢乐事]neoforge-dungeonsdelight-1.21.1-1.5.0.jar","1.5.0","dungeonsdelight","dungeonsdelight:integration/twilightforest/smoker/tf_fried_bug_chops_from_smoking","minecraft:smoking","烟熏炉","炸虫肉排","dungeonsdelight:fried_bug_chops","1","","","","","NON_FOOD","not_edible","MEDIUM","1","1","否","否","","","100","","仅JAR原始（运行时未加载）","(base)","否","不进入厨师","内容类型=NON_FOOD","","已覆盖","SMOKER","ItemSmeltedEvent","运行时未加载（依赖/条件）"
"Dungeon's Delight","[农夫乐事-地牢乐事]neoforge-dungeonsdelight-1.21.1-1.5.0.jar","1.5.0","dungeonsdelight","dungeonsdelight:integration/twilightforest/smoker/torchberry_raisins_from_smoking","minecraft:smoking","烟熏炉","火炬浆果干","dungeonsdelight:torchberry_raisins","1","","","","","NON_FOOD","not_edible","MEDIUM","1","1","否","否","","","100","","仅JAR原始（运行时未加载）","(base)","否","不进入厨师","内容类型=NON_FOOD","","已覆盖","SMOKER","ItemSmeltedEvent","运行时未加载（依赖/条件）"
"Dungeon's Delight","[农夫乐事-地牢乐事]neoforge-dungeonsdelight-1.21.1-1.5.0.jar","1.5.0","dungeonsdelight","dungeonsdelight:iron_cleaver","minecraft:crafting_shaped","工作台（有序）","Iron Cleaver","dungeonsdelight:iron_cleaver","1","否","","","","NON_FOOD","not_edible","MEDIUM","2","2","否","否","","","","","无","(base)","是","不进入厨师","内容类型=NON_FOOD","","已覆盖","CRAFTING","ItemCraftedEvent",""
"Dungeon's Delight","[农夫乐事-地牢乐事]neoforge-dungeonsdelight-1.21.1-1.5.0.jar","1.5.0","dungeonsdelight","dungeonsdelight:living_campfire","minecraft:crafting_shaped","工作台（有序）","Living Campfire","dungeonsdelight:living_campfire","1","否","","","","NON_FOOD","not_edible","MEDIUM","3","3","否","否","","","","","无","(base)","是","不进入厨师","内容类型=NON_FOOD","","已覆盖","CRAFTING","ItemCraftedEvent",""
"Dungeon's Delight","[农夫乐事-地牢乐事]neoforge-dungeonsdelight-1.21.1-1.5.0.jar","1.5.0","dungeonsdelight","dungeonsdelight:living_candle","minecraft:crafting_shaped","工作台（有序）","Living Candle","dungeonsdelight:living_candle","4","否","","","","NON_FOOD","not_edible","MEDIUM","3","3","否","否","","","","","无","(base)","是","不进入厨师","内容类型=NON_FOOD","","已覆盖","CRAFTING","ItemCraftedEvent",""
"Dungeon's Delight","[农夫乐事-地牢乐事]neoforge-dungeonsdelight-1.21.1-1.5.0.jar","1.5.0","dungeonsdelight","dungeonsdelight:living_jack_o_lantern","minecraft:crafting_shapeless","工作台（无序）","Living Jack o'Lantern","dungeonsdelight:living_jack_o_lantern","1","否","","","","NON_FOOD","non_edible_block_or_tool","HIGH","2","2","否","否","","","","","无","(base)","是","不进入厨师","内容类型=NON_FOOD","","已覆盖","CRAFTING","ItemCraftedEvent",""
"Dungeon's Delight","[农夫乐事-地牢乐事]neoforge-dungeonsdelight-1.21.1-1.5.0.jar","1.5.0","dungeonsdelight","dungeonsdelight:living_lantern","minecraft:crafting_shaped","工作台（有序）","Living Lantern","dungeonsdelight:living_lantern","4","否","","","","NON_FOOD","non_edible_block_or_tool","HIGH","2","2","否","否","","","","","无","(base)","是","不进入厨师","内容类型=NON_FOOD","","已覆盖","CRAFTING","ItemCraftedEvent",""
"Dungeon's Delight","[农夫乐事-地牢乐事]neoforge-dungeonsdelight-1.21.1-1.5.0.jar","1.5.0","dungeonsdelight","dungeonsdelight:living_torch","minecraft:crafting_shaped","工作台（有序）","Living Torch","dungeonsdelight:living_torch","16","否","","","","NON_FOOD","non_edible_block_or_tool","HIGH","2","2","否","否","","","","","无","(base)","是","不进入厨师","内容类型=NON_FOOD","","已覆盖","CRAFTING","ItemCraftedEvent",""
"Dungeon's Delight","[农夫乐事-地牢乐事]neoforge-dungeonsdelight-1.21.1-1.5.0.jar","1.5.0","dungeonsdelight","dungeonsdelight:monster_cake","minecraft:crafting_shaped","工作台（有序）","Monster Cake","dungeonsdelight:monster_cake","1","否","","","","SERVING_DISH","manual_override;可放置蛋糕类；无FOOD","HIGH","4","4","否","否","","","","","无","(base)","是","不进入厨师","可放置蛋糕类；无FOOD","","已覆盖","CRAFTING","ItemCraftedEvent","人工覆盖优先；整盘料理（防双算待设计）；整盘蛋糕"
"Dungeon's Delight","[农夫乐事-地牢乐事]neoforge-dungeonsdelight-1.21.1-1.5.0.jar","1.5.0","dungeonsdelight","dungeonsdelight:monster_cooking/au_rotten_potatoes","dungeonsdelight:monster_cooking","怪物烹饪锅","Au Rotten Potatoes","dungeonsdelight:au_rotten_potatoes","1","是","6","6","effect.dungeonsdelight.tenacity 1800tick 1级 概率1","DISH","cooking_device=dungeonsdelight:monster_cooking;food_component","HIGH","3","5","否","否","","","","","无","(base)","是","T2","设备或复杂度：type=dungeonsdelight:monster_cooking;kinds=3","","需适配","DUNGEONS_DELIGHT_MONSTER_POT（建议）","MonsterPotResultSlot#onTake",""
"Dungeon's Delight","[农夫乐事-地牢乐事]neoforge-dungeonsdelight-1.21.1-1.5.0.jar","1.5.0","dungeonsdelight","dungeonsdelight:monster_cooking/bloated_baked_potato","dungeonsdelight:monster_cooking","怪物烹饪锅","Bloated Baked Potato","dungeonsdelight:bloated_baked_potato","1","是","4","3.2","","DISH","cooking_device=dungeonsdelight:monster_cooking;food_component","HIGH","3","5","否","否","","","","","无","(base)","是","T2","正餐/甜点名称","","需适配","DUNGEONS_DELIGHT_MONSTER_POT（建议）","MonsterPotResultSlot#onTake",""
"Dungeon's Delight","[农夫乐事-地牢乐事]neoforge-dungeonsdelight-1.21.1-1.5.0.jar","1.5.0","dungeonsdelight","dungeonsdelight:monster_cooking/bloody_mary","dungeonsdelight:monster_cooking","怪物烹饪锅","Bloody Mary","dungeonsdelight:bloody_mary","1","是","0","0","effect.dungeonsdelight.burrow_gut 3600tick 2级 概率1","DISH","cooking_device=dungeonsdelight:monster_cooking;food_component","HIGH","3","4","否","否","","","","","无","(base)","是","T2","设备或复杂度：type=dungeonsdelight:monster_cooking;kinds=3","","需适配","DUNGEONS_DELIGHT_MONSTER_POT（建议）","MonsterPotResultSlot#onTake",""
"Dungeon's Delight","[农夫乐事-地牢乐事]neoforge-dungeonsdelight-1.21.1-1.5.0.jar","1.5.0","dungeonsdelight","dungeonsdelight:monster_cooking/brains_in_a_brick","dungeonsdelight:monster_cooking","怪物烹饪锅","Brains in a Brick","dungeonsdelight:brains_in_a_brick","1","是","5","4","effect.dungeonsdelight.tenacity 1800tick 1级 概率1；effect.dungeonsdelight.voracity 1800tick 1级 概率1","DISH","cooking_device=dungeonsdelight:monster_cooking;food_component","HIGH","2","3","否","否","","","","","无","(base)","是","T2","设备或复杂度：type=dungeonsdelight:monster_cooking;kinds=2","","需适配","DUNGEONS_DELIGHT_MONSTER_POT（建议）","MonsterPotResultSlot#onTake",""
"Dungeon's Delight","[农夫乐事-地牢乐事]neoforge-dungeonsdelight-1.21.1-1.5.0.jar","1.5.0","dungeonsdelight","dungeonsdelight:monster_cooking/breeze_cream_cone","dungeonsdelight:monster_cooking","怪物烹饪锅","Breeze Cream Cone","dungeonsdelight:breeze_cream_cone","1","是","5","6","effect.dungeonsdelight.swift_step 1800tick 2级 概率1","DISH","explicit_dish_allowlist","HIGH","4","4","否","否","minecraft:phantom_membrane","","","","无","(base)","是","T2","正餐/甜点名称","","需适配","DUNGEONS_DELIGHT_MONSTER_POT（建议）","MonsterPotResultSlot#onTake",""
"Dungeon's Delight","[农夫乐事-地牢乐事]neoforge-dungeonsdelight-1.21.1-1.5.0.jar","1.5.0","dungeonsdelight","dungeonsdelight:monster_cooking/chicken_jockey_sandwich","dungeonsdelight:monster_cooking","怪物烹饪锅","Chicken Jockey Sandwich","dungeonsdelight:chicken_jockey_sandwich","1","是","7","9.8","","DISH","dish_token;edible=true;type=dungeonsdelight:monster_cooking","HIGH","5","5","否","否","","","","","无","(base)","是","T2","正餐/甜点名称","","需适配","DUNGEONS_DELIGHT_MONSTER_POT（建议）","MonsterPotResultSlot#onTake",""
"Dungeon's Delight","[农夫乐事-地牢乐事]neoforge-dungeonsdelight-1.21.1-1.5.0.jar","1.5.0","dungeonsdelight","dungeonsdelight:monster_cooking/cob_n_candy","dungeonsdelight:monster_cooking","怪物烹饪锅","Cob n' Candy","dungeonsdelight:cob_n_candy","1","是","4","3.2","effect.dungeonsdelight.decisive 900tick 1级 概率1；effect.dungeonsdelight.pouncing 900tick 1级 概率1","DISH","cooking_device=dungeonsdelight:monster_cooking;food_component","HIGH","2","4","否","否","","","","","无","(base)","是","T2","设备或复杂度：type=dungeonsdelight:monster_cooking;kinds=2","","需适配","DUNGEONS_DELIGHT_MONSTER_POT（建议）","MonsterPotResultSlot#onTake",""
"Dungeon's Delight","[农夫乐事-地牢乐事]neoforge-dungeonsdelight-1.21.1-1.5.0.jar","1.5.0","dungeonsdelight","dungeonsdelight:monster_cooking/croak_monster","dungeonsdelight:monster_cooking","怪物烹饪锅","Croak Monster","dungeonsdelight:croak_monster","1","是","8","16","","DISH","cooking_device=dungeonsdelight:monster_cooking;food_component","HIGH","5","5","否","否","","","","","无","(base)","是","T2","设备或复杂度：type=dungeonsdelight:monster_cooking;kinds=5","","需适配","DUNGEONS_DELIGHT_MONSTER_POT（建议）","MonsterPotResultSlot#onTake",""
"Dungeon's Delight","[农夫乐事-地牢乐事]neoforge-dungeonsdelight-1.21.1-1.5.0.jar","1.5.0","dungeonsdelight","dungeonsdelight:monster_cooking/devilish_eggs","dungeonsdelight:monster_cooking","怪物烹饪锅","Devilish Eggs","dungeonsdelight:devilish_eggs","2","是","6","8.4","","DISH","cooking_device=dungeonsdelight:monster_cooking;food_component","HIGH","2","3","否","否","","","","","无","(base)","是","T2","设备或复杂度：type=dungeonsdelight:monster_cooking;kinds=2","","需适配","DUNGEONS_DELIGHT_MONSTER_POT（建议）","MonsterPotResultSlot#onTake",""
"Dungeon's Delight","[农夫乐事-地牢乐事]neoforge-dungeonsdelight-1.21.1-1.5.0.jar","1.5.0","dungeonsdelight","dungeonsdelight:monster_cooking/echo_rock_candy","dungeonsdelight:monster_cooking","怪物烹饪锅","Echo Rock Candy","dungeonsdelight:echo_rock_candy","1","是","8","12.8","effect.minecraft.strength 900tick 2级 概率1","DISH","cooking_device=dungeonsdelight:monster_cooking;food_component","HIGH","3","3","否","否","","","","","无","(base)","是","T2","设备或复杂度：type=dungeonsdelight:monster_cooking;kinds=3","","需适配","DUNGEONS_DELIGHT_MONSTER_POT（建议）","MonsterPotResultSlot#onTake",""
"Dungeon's Delight","[农夫乐事-地牢乐事]neoforge-dungeonsdelight-1.21.1-1.5.0.jar","1.5.0","dungeonsdelight","dungeonsdelight:monster_cooking/gelled_salad","dungeonsdelight:monster_cooking","怪物烹饪锅","Gelled Salad","dungeonsdelight:gelled_salad","1","是","8","9.6","effect.dungeonsdelight.tenacity 2400tick 1级 概率1","DISH","dish_token;edible=true;type=dungeonsdelight:monster_cooking","HIGH","4","5","否","否","","","","","无","(base)","是","T2","正餐/甜点名称","","需适配","DUNGEONS_DELIGHT_MONSTER_POT（建议）","MonsterPotResultSlot#onTake",""
"Dungeon's Delight","[农夫乐事-地牢乐事]neoforge-dungeonsdelight-1.21.1-1.5.0.jar","1.5.0","dungeonsdelight","dungeonsdelight:monster_cooking/ghast_roll","dungeonsdelight:monster_cooking","怪物烹饪锅","Ghast Roll","dungeonsdelight:ghast_roll","1","是","6","7.2000003","effect.dungeonsdelight.rotgut 2400tick 2级 概率1","DISH","dish_token;edible=true;type=dungeonsdelight:monster_cooking","HIGH","5","5","否","否","","","","","无","(base)","是","T2","正餐/甜点名称","","需适配","DUNGEONS_DELIGHT_MONSTER_POT（建议）","MonsterPotResultSlot#onTake",""
"Dungeon's Delight","[农夫乐事-地牢乐事]neoforge-dungeonsdelight-1.21.1-1.5.0.jar","1.5.0","dungeonsdelight","dungeonsdelight:monster_cooking/ghastly_spirits","dungeonsdelight:monster_cooking","怪物烹饪锅","Ghastly Spirits","dungeonsdelight:ghastly_spirits","1","是","0","0","effect.minecraft.levitation 300tick 1级 概率1；effect.minecraft.regeneration 240tick 3级 概率1；effect.minecraft.slow_falling 400tick 1级 概率1","DISH","cooking_device=dungeonsdelight:monster_cooking;food_component","HIGH","5","6","否","否","","","","","无","(base)","是","T2","设备或复杂度：type=dungeonsdelight:monster_cooking;kinds=5","","需适配","DUNGEONS_DELIGHT_MONSTER_POT（建议）","MonsterPotResultSlot#onTake",""
"Dungeon's Delight","[农夫乐事-地牢乐事]neoforge-dungeonsdelight-1.21.1-1.5.0.jar","1.5.0","dungeonsdelight","dungeonsdelight:monster_cooking/ghoulash","dungeonsdelight:monster_cooking","怪物烹饪锅","Ghoulash","dungeonsdelight:ghoulash","1","是","8","9.6","effect.dungeonsdelight.voracity 4800tick 1级 概率1","DISH","cooking_device=dungeonsdelight:monster_cooking;food_component","HIGH","3","3","否","否","","","","","无","(base)","是","T2","设备或复杂度：type=dungeonsdelight:monster_cooking;kinds=3","","需适配","DUNGEONS_DELIGHT_MONSTER_POT（建议）","MonsterPotResultSlot#onTake",""
"Dungeon's Delight","[农夫乐事-地牢乐事]neoforge-dungeonsdelight-1.21.1-1.5.0.jar","1.5.0","dungeonsdelight","dungeonsdelight:monster_cooking/guardian_angel_block","dungeonsdelight:monster_cooking","怪物烹饪锅","Guardian Angel","dungeonsdelight:guardian_angel_block","1","否","","","","NON_FOOD","non_edible_block_or_tool","HIGH","7","6","否","否","minecraft:bowl","","","","无","(base)","是","不进入厨师","内容类型=NON_FOOD","","需适配","DUNGEONS_DELIGHT_MONSTER_POT（建议）","MonsterPotResultSlot#onTake",""
"Dungeon's Delight","[农夫乐事-地牢乐事]neoforge-dungeonsdelight-1.21.1-1.5.0.jar","1.5.0","dungeonsdelight","dungeonsdelight:monster_cooking/gyudon","dungeonsdelight:monster_cooking","怪物烹饪锅","Gyudon","dungeonsdelight:gyudon","1","是","9","12.599999","effect.dungeonsdelight.voracity 3600tick 2级 概率1；effect.minecraft.fire_resistance 1800tick 1级 概率1","DISH","cooking_device=dungeonsdelight:monster_cooking;food_component","HIGH","5","5","否","否","","","","","无","(base)","是","T2","设备或复杂度：type=dungeonsdelight:monster_cooking;kinds=5","","需适配","DUNGEONS_DELIGHT_MONSTER_POT（建议）","MonsterPotResultSlot#onTake",""
"Dungeon's Delight","[农夫乐事-地牢乐事]neoforge-dungeonsdelight-1.21.1-1.5.0.jar","1.5.0","dungeonsdelight","dungeonsdelight:monster_cooking/haggis","dungeonsdelight:monster_cooking","怪物烹饪锅","Haggis","dungeonsdelight:haggis","1","是","10","14","","DISH","cooking_device=dungeonsdelight:monster_cooking;food_component","HIGH","3","6","否","否","","","","","无","(base)","是","T2","设备或复杂度：type=dungeonsdelight:monster_cooking;kinds=3","","需适配","DUNGEONS_DELIGHT_MONSTER_POT（建议）","MonsterPotResultSlot#onTake",""
"Dungeon's Delight","[农夫乐事-地牢乐事]neoforge-dungeonsdelight-1.21.1-1.5.0.jar","1.5.0","dungeonsdelight","dungeonsdelight:monster_cooking/jelly_beans","dungeonsdelight:monster_cooking","怪物烹饪锅","Jelly Beans","dungeonsdelight:jelly_beans","8","是","2","0.4","","DISH","cooking_device=dungeonsdelight:monster_cooking;food_component","HIGH","3","3","否","否","","","100","","无","(base)","是","T2","设备或复杂度：type=dungeonsdelight:monster_cooking;kinds=3","","需适配","DUNGEONS_DELIGHT_MONSTER_POT（建议）","MonsterPotResultSlot#onTake",""
"Dungeon's Delight","[农夫乐事-地牢乐事]neoforge-dungeonsdelight-1.21.1-1.5.0.jar","1.5.0","dungeonsdelight","dungeonsdelight:monster_cooking/malicious_sandwich","dungeonsdelight:monster_cooking","怪物烹饪锅","Malicious Sandwich","dungeonsdelight:malicious_sandwich","1","是","9","16.199999","","DISH","dish_token;edible=true;type=dungeonsdelight:monster_cooking","HIGH","5","5","否","否","minecraft:bread","","","","无","(base)","是","T2","正餐/甜点名称","","需适配","DUNGEONS_DELIGHT_MONSTER_POT（建议）","MonsterPotResultSlot#onTake",""
"Dungeon's Delight","[农夫乐事-地牢乐事]neoforge-dungeonsdelight-1.21.1-1.5.0.jar","1.5.0","dungeonsdelight","dungeonsdelight:monster_cooking/marshbellow","dungeonsdelight:monster_cooking","怪物烹饪锅","Marshbellow","dungeonsdelight:marshbellow","2","是","4","3.2","effect.dungeonsdelight.swift_step 1800tick 1级 概率1","DISH","cooking_device=dungeonsdelight:monster_cooking;food_component","HIGH","2","3","否","否","","","","","无","(base)","是","T2","设备或复杂度：type=dungeonsdelight:monster_cooking;kinds=2","","需适配","DUNGEONS_DELIGHT_MONSTER_POT（建议）","MonsterPotResultSlot#onTake",""
"Dungeon's Delight","[农夫乐事-地牢乐事]neoforge-dungeonsdelight-1.21.1-1.5.0.jar","1.5.0","dungeonsdelight","dungeonsdelight:monster_cooking/monster_burger","dungeonsdelight:monster_cooking","怪物烹饪锅","Monster Burger","dungeonsdelight:monster_burger","1","是","20","40","effect.dungeonsdelight.tenacity 30tick 1级 概率1；effect.dungeonsdelight.burrow_gut 30tick 1级 概率1；effect.dungeonsdelight.decisive 30tick 1级 概率1；effect.dungeonsdelight.exudation 30tick 1级 概率1；effect.dungeonsdelight.pouncing 30tick 1级 概率1；effect.dungeonsdelight.voracity 30tick 1级 概率1","DISH","dish_token;edible=true;type=dungeonsdelight:monster_cooking","HIGH","7","6","否","否","farmersdelight:hamburger","","800","","无","(base)","是","T2","正餐/甜点名称","","需适配","DUNGEONS_DELIGHT_MONSTER_POT（建议）","MonsterPotResultSlot#onTake",""
"Dungeon's Delight","[农夫乐事-地牢乐事]neoforge-dungeonsdelight-1.21.1-1.5.0.jar","1.5.0","dungeonsdelight","dungeonsdelight:monster_cooking/monster_mousse_block","dungeonsdelight:monster_cooking","怪物烹饪锅","Monster Mousse","dungeonsdelight:monster_mousse_block","1","否","","","","NON_FOOD","non_edible_block_or_tool","HIGH","6","6","否","否","minecraft:bowl","","","","无","(base)","是","不进入厨师","内容类型=NON_FOOD","","需适配","DUNGEONS_DELIGHT_MONSTER_POT（建议）","MonsterPotResultSlot#onTake",""
"Dungeon's Delight","[农夫乐事-地牢乐事]neoforge-dungeonsdelight-1.21.1-1.5.0.jar","1.5.0","dungeonsdelight","dungeonsdelight:monster_cooking/monster_muffin","dungeonsdelight:monster_cooking","怪物烹饪锅","Monster Muffin","dungeonsdelight:monster_muffin","2","是","5","5","effect.dungeonsdelight.exudation 2400tick 1级 概率1","DISH","dish_token;edible=true;type=dungeonsdelight:monster_cooking","HIGH","3","3","否","否","","","","","无","(base)","是","T2","正餐/甜点名称","","需适配","DUNGEONS_DELIGHT_MONSTER_POT（建议）","MonsterPotResultSlot#onTake",""
"Dungeon's Delight","[农夫乐事-地牢乐事]neoforge-dungeonsdelight-1.21.1-1.5.0.jar","1.5.0","dungeonsdelight","dungeonsdelight:monster_cooking/necronog","dungeonsdelight:monster_cooking","怪物烹饪锅","Necronog","dungeonsdelight:necronog","1","是","0","0","","DISH","cooking_device=dungeonsdelight:monster_cooking;food_component","HIGH","5","5","否","否","minecraft:glass_bottle","","","","无","(base)","是","T2","设备或复杂度：type=dungeonsdelight:monster_cooking;kinds=5","","需适配","DUNGEONS_DELIGHT_MONSTER_POT（建议）","MonsterPotResultSlot#onTake",""
"Dungeon's Delight","[农夫乐事-地牢乐事]neoforge-dungeonsdelight-1.21.1-1.5.0.jar","1.5.0","dungeonsdelight","dungeonsdelight:monster_cooking/ossobuco_block","dungeonsdelight:monster_cooking","怪物烹饪锅","Ossobuco","dungeonsdelight:ossobuco_block","1","否","","","","NON_FOOD","non_edible_block_or_tool","HIGH","5","6","否","否","minecraft:skeleton_skull","","400","","无","(base)","是","不进入厨师","内容类型=NON_FOOD","","需适配","DUNGEONS_DELIGHT_MONSTER_POT（建议）","MonsterPotResultSlot#onTake",""
"Dungeon's Delight","[农夫乐事-地牢乐事]neoforge-dungeonsdelight-1.21.1-1.5.0.jar","1.5.0","dungeonsdelight","dungeonsdelight:monster_cooking/poi","dungeonsdelight:monster_cooking","怪物烹饪锅","Poi","dungeonsdelight:poi","1","是","6","6","effect.dungeonsdelight.tenacity 3600tick 1级 概率1；effect.dungeonsdelight.exudation 6000tick 1级 概率1","DISH","cooking_device=dungeonsdelight:monster_cooking;food_component","HIGH","1","3","否","否","","","","","无","(base)","是","T2","设备或复杂度：type=dungeonsdelight:monster_cooking;kinds=1","","需适配","DUNGEONS_DELIGHT_MONSTER_POT（建议）","MonsterPotResultSlot#onTake",""
"Dungeon's Delight","[农夫乐事-地牢乐事]neoforge-dungeonsdelight-1.21.1-1.5.0.jar","1.5.0","dungeonsdelight","dungeonsdelight:monster_cooking/poisonous_poutine","dungeonsdelight:monster_cooking","怪物烹饪锅","Poisonous Poutine","dungeonsdelight:poisonous_poutine","1","是","8","11.2","effect.dungeonsdelight.voracity 2400tick 1级 概率1；effect.dungeonsdelight.pouncing 3600tick 1级 概率1","DISH","cooking_device=dungeonsdelight:monster_cooking;food_component","HIGH","3","6","否","否","","","","","无","(base)","是","T2","设备或复杂度：type=dungeonsdelight:monster_cooking;kinds=3","","需适配","DUNGEONS_DELIGHT_MONSTER_POT（建议）","MonsterPotResultSlot#onTake",""
"Dungeon's Delight","[农夫乐事-地牢乐事]neoforge-dungeonsdelight-1.21.1-1.5.0.jar","1.5.0","dungeonsdelight","dungeonsdelight:monster_cooking/polterghast_pizza","dungeonsdelight:monster_cooking","怪物烹饪锅","Polterghast Pizza","dungeonsdelight:polterghast_pizza","1","否","","","","SERVING_DISH","manual_override;PolterghastPizzaBlock整盘分食；无FOOD","HIGH","5","6","否","否","","","","","无","(base)","是","不进入厨师","PolterghastPizzaBlock整盘分食；无FOOD","","需适配","DUNGEONS_DELIGHT_MONSTER_POT（建议）","MonsterPotResultSlot#onTake","人工覆盖优先；整盘料理（防双算待设计）；整盘披萨"
"Dungeon's Delight","[农夫乐事-地牢乐事]neoforge-dungeonsdelight-1.21.1-1.5.0.jar","1.5.0","dungeonsdelight","dungeonsdelight:monster_cooking/putrid_spice_latte","dungeonsdelight:monster_cooking","怪物烹饪锅","Putrid Spice Latte","dungeonsdelight:putrid_spice_latte","1","是","0","0","effect.dungeonsdelight.rotgut 3000tick 3级 概率1","DRINK","drink_token=putrid_spice_latte","HIGH","5","5","否","否","","","","","无","(base)","是","不进入厨师","内容类型=DRINK","","需适配","DUNGEONS_DELIGHT_MONSTER_POT（建议）","MonsterPotResultSlot#onTake",""
"Dungeon's Delight","[农夫乐事-地牢乐事]neoforge-dungeonsdelight-1.21.1-1.5.0.jar","1.5.0","dungeonsdelight","dungeonsdelight:monster_cooking/rancid_reduction_from_rotbulb","dungeonsdelight:monster_cooking","怪物烹饪锅","Rancid Reduction","dungeonsdelight:rancid_reduction","1","否","","","","NON_FOOD","not_edible","MEDIUM","4","5","否","否","","","","","无","(base)","是","不进入厨师","内容类型=NON_FOOD","","需适配","DUNGEONS_DELIGHT_MONSTER_POT（建议）","MonsterPotResultSlot#onTake",""
"Dungeon's Delight","[农夫乐事-地牢乐事]neoforge-dungeonsdelight-1.21.1-1.5.0.jar","1.5.0","dungeonsdelight","dungeonsdelight:monster_cooking/rot_roast","dungeonsdelight:monster_cooking","怪物烹饪锅","Rot Roast","dungeonsdelight:rot_roast","1","是","6","7.2000003","effect.dungeonsdelight.rotgut 1800tick 2级 概率1；effect.dungeonsdelight.burrow_gut 1800tick 2级 概率1；effect.dungeonsdelight.ravenous_rush 200tick 1级 概率0.75","DISH","cooking_device=dungeonsdelight:monster_cooking;food_component","HIGH","6","6","否","否","dungeonsdelight:carved_rotgourd","","","","无","(base)","是","T2","正餐/甜点名称","","需适配","DUNGEONS_DELIGHT_MONSTER_POT（建议）","MonsterPotResultSlot#onTake",""
"Dungeon's Delight","[农夫乐事-地牢乐事]neoforge-dungeonsdelight-1.21.1-1.5.0.jar","1.5.0","dungeonsdelight","dungeonsdelight:monster_cooking/rotgourd_slice_from_rotgourd_slice","dungeonsdelight:monster_cooking","怪物烹饪锅","Rancid Reduction","dungeonsdelight:rancid_reduction","1","否","","","","NON_FOOD","not_edible","MEDIUM","4","5","否","否","","","","","无","(base)","是","不进入厨师","内容类型=NON_FOOD","","需适配","DUNGEONS_DELIGHT_MONSTER_POT（建议）","MonsterPotResultSlot#onTake",""
"Dungeon's Delight","[农夫乐事-地牢乐事]neoforge-dungeonsdelight-1.21.1-1.5.0.jar","1.5.0","dungeonsdelight","dungeonsdelight:monster_cooking/rotpop","dungeonsdelight:monster_cooking","怪物烹饪锅","Rotpop","dungeonsdelight:rotpop","1","是","4","3.2","effect.dungeonsdelight.rotgut 1800tick 1级 概率1；effect.dungeonsdelight.decisive 1800tick 1级 概率1","DISH","cooking_device=dungeonsdelight:monster_cooking;food_component","HIGH","1","4","否","否","","","100","","无","(base)","是","T2","设备或复杂度：type=dungeonsdelight:monster_cooking;kinds=1","","需适配","DUNGEONS_DELIGHT_MONSTER_POT（建议）","MonsterPotResultSlot#onTake",""
"Dungeon's Delight","[农夫乐事-地牢乐事]neoforge-dungeonsdelight-1.21.1-1.5.0.jar","1.5.0","dungeonsdelight","dungeonsdelight:monster_cooking/rubaboo","dungeonsdelight:monster_cooking","怪物烹饪锅","Rubaboo","dungeonsdelight:rubaboo","1","是","5","5","effect.dungeonsdelight.tenacity 600tick 1级 概率1；effect.minecraft.fire_resistance 1200tick 1级 概率1","DISH","cooking_device=dungeonsdelight:monster_cooking;food_component","HIGH","2","3","否","否","","","100","","无","(base)","是","T2","设备或复杂度：type=dungeonsdelight:monster_cooking;kinds=2","","需适配","DUNGEONS_DELIGHT_MONSTER_POT（建议）","MonsterPotResultSlot#onTake",""
"Dungeon's Delight","[农夫乐事-地牢乐事]neoforge-dungeonsdelight-1.21.1-1.5.0.jar","1.5.0","dungeonsdelight","dungeonsdelight:monster_cooking/salt_soaked_stew","dungeonsdelight:monster_cooking","怪物烹饪锅","Salt Soaked Stew","dungeonsdelight:salt_soaked_stew","1","是","10","16","effect.minecraft.water_breathing 1200tick 1级 概率1；effect.dungeonsdelight.tenacity 3600tick 1级 概率1","DISH","dish_token;edible=true;type=dungeonsdelight:monster_cooking","HIGH","3","4","否","否","","","","","无","(base)","是","T2","正餐/甜点名称","","需适配","DUNGEONS_DELIGHT_MONSTER_POT（建议）","MonsterPotResultSlot#onTake",""
"Dungeon's Delight","[农夫乐事-地牢乐事]neoforge-dungeonsdelight-1.21.1-1.5.0.jar","1.5.0","dungeonsdelight","dungeonsdelight:monster_cooking/sculk_mayo","dungeonsdelight:monster_cooking","怪物烹饪锅","Sculk Mayo","dungeonsdelight:sculk_mayo","1","是","1","0.4","effect.minecraft.weakness 2400tick 1级 概率0.20000000298023224","INGREDIENT","manual_override;饥饿1/饱和0.4/虚弱副作用；被devilish_eggs等后续使用；酱料非宴席","HIGH","2","4","否","是","","","","","无","(base)","是","不进入厨师","饥饿1/饱和0.4/虚弱副作用；被devilish_eggs等后续使用；酱料非宴席","","需适配","DUNGEONS_DELIGHT_MONSTER_POT（建议）","MonsterPotResultSlot#onTake","人工覆盖优先；6A.2驳回T3候选"
"Dungeon's Delight","[农夫乐事-地牢乐事]neoforge-dungeonsdelight-1.21.1-1.5.0.jar","1.5.0","dungeonsdelight","dungeonsdelight:monster_cooking/shiokara","dungeonsdelight:monster_cooking","怪物烹饪锅","Shiokara","dungeonsdelight:shiokara","1","是","7","7","effect.dungeonsdelight.tenacity 3600tick 1级 概率1；effect.minecraft.regeneration 140tick 2级 概率1；effect.dungeonsdelight.putrid_scent 140tick 1级 概率1","DISH","cooking_device=dungeonsdelight:monster_cooking;food_component","HIGH","4","5","否","否","","","","","无","(base)","是","T2","设备或复杂度：type=dungeonsdelight:monster_cooking;kinds=4","","需适配","DUNGEONS_DELIGHT_MONSTER_POT（建议）","MonsterPotResultSlot#onTake",""
"Dungeon's Delight","[农夫乐事-地牢乐事]neoforge-dungeonsdelight-1.21.1-1.5.0.jar","1.5.0","dungeonsdelight","dungeonsdelight:monster_cooking/silverfish_and_chips_block","dungeonsdelight:monster_cooking","怪物烹饪锅","Silverfish and Chips","dungeonsdelight:silverfish_and_chips_block","1","否","","","","NON_FOOD","non_edible_block_or_tool","HIGH","5","6","否","否","","","","","无","(base)","是","不进入厨师","内容类型=NON_FOOD","","需适配","DUNGEONS_DELIGHT_MONSTER_POT（建议）","MonsterPotResultSlot#onTake",""
"Dungeon's Delight","[农夫乐事-地牢乐事]neoforge-dungeonsdelight-1.21.1-1.5.0.jar","1.5.0","dungeonsdelight","dungeonsdelight:monster_cooking/silverfish_fried_rice","dungeonsdelight:monster_cooking","怪物烹饪锅","Silverfish Fried Rice","dungeonsdelight:silverfish_fried_rice","1","是","12","21.599998","effect.dungeonsdelight.burrow_gut 3600tick 1级 概率1；effect.dungeonsdelight.tenacity 4800tick 1级 概率1","DISH","cooking_device=dungeonsdelight:monster_cooking;food_component","HIGH","5","5","否","否","","","","","无","(base)","是","T2","正餐/甜点名称","","需适配","DUNGEONS_DELIGHT_MONSTER_POT（建议）","MonsterPotResultSlot#onTake",""
"Dungeon's Delight","[农夫乐事-地牢乐事]neoforge-dungeonsdelight-1.21.1-1.5.0.jar","1.5.0","dungeonsdelight","dungeonsdelight:monster_cooking/sinigang","dungeonsdelight:monster_cooking","怪物烹饪锅","Sinigang","dungeonsdelight:sinigang","1","是","6","7.2000003","effect.dungeonsdelight.tenacity 2400tick 1级 概率1；effect.dungeonsdelight.pouncing 3600tick 1级 概率1；effect.dungeonsdelight.exudation 3600tick 2级 概率1","DISH","cooking_device=dungeonsdelight:monster_cooking;food_component","HIGH","5","5","否","否","","","","","无","(base)","是","T2","设备或复杂度：type=dungeonsdelight:monster_cooking;kinds=5","","需适配","DUNGEONS_DELIGHT_MONSTER_POT（建议）","MonsterPotResultSlot#onTake",""
"Dungeon's Delight","[农夫乐事-地牢乐事]neoforge-dungeonsdelight-1.21.1-1.5.0.jar","1.5.0","dungeonsdelight","dungeonsdelight:monster_cooking/soaked_skewer","dungeonsdelight:monster_cooking","怪物烹饪锅","Soaked Skewer","dungeonsdelight:soaked_skewer","1","是","7","8.400001","effect.minecraft.water_breathing 2400tick 1级 概率1；effect.dungeonsdelight.decisive 2400tick 1级 概率1","DISH","dish_token;edible=true;type=dungeonsdelight:monster_cooking","HIGH","2","3","否","否","","","","","无","(base)","是","T2","正餐/甜点名称","","需适配","DUNGEONS_DELIGHT_MONSTER_POT（建议）","MonsterPotResultSlot#onTake",""
"Dungeon's Delight","[农夫乐事-地牢乐事]neoforge-dungeonsdelight-1.21.1-1.5.0.jar","1.5.0","dungeonsdelight","dungeonsdelight:monster_cooking/spider_bisque","dungeonsdelight:monster_cooking","怪物烹饪锅","Spider Bisque","dungeonsdelight:spider_bisque","1","是","7","11.2","effect.dungeonsdelight.rotgut 2400tick 1级 概率1；effect.dungeonsdelight.pouncing 2400tick 1级 概率1","DISH","dish_token;edible=true;type=dungeonsdelight:monster_cooking","HIGH","3","4","否","否","","","","","无","(base)","是","T2","设备或复杂度：type=dungeonsdelight:monster_cooking;kinds=3","","需适配","DUNGEONS_DELIGHT_MONSTER_POT（建议）","MonsterPotResultSlot#onTake",""
"Dungeon's Delight","[农夫乐事-地牢乐事]neoforge-dungeonsdelight-1.21.1-1.5.0.jar","1.5.0","dungeonsdelight","dungeonsdelight:monster_cooking/spider_bubble_tea","dungeonsdelight:monster_cooking","怪物烹饪锅","Spider Bubble Tea","dungeonsdelight:spider_bubble_tea","1","是","0","0","","DRINK","drink_token=spider_bubble_tea","HIGH","5","6","否","否","farmersdelight:milk_bottle","","","","无","(base)","是","不进入厨师","内容类型=DRINK","","需适配","DUNGEONS_DELIGHT_MONSTER_POT（建议）","MonsterPotResultSlot#onTake",""
"Dungeon's Delight","[农夫乐事-地牢乐事]neoforge-dungeonsdelight-1.21.1-1.5.0.jar","1.5.0","dungeonsdelight","dungeonsdelight:monster_cooking/spider_donut","dungeonsdelight:monster_cooking","怪物烹饪锅","Spider Donut","dungeonsdelight:spider_donut","2","否","","","","SERVING_DISH","manual_override;无Item FOOD; javap class=SpiderDonutBlock DONUTS property getMaxServings=4; useWithoutItem→eat() FoodData.eat(3","HIGH","3","3","否","否","","","","","无","(base)","是","不进入厨师","无Item FOOD; javap class=SpiderDonutBlock DONUTS property getMaxServings=4; useWithoutItem→eat() FoodData.eat(3","","需适配","DUNGEONS_DELIGHT_MONSTER_POT（建议）","MonsterPotResultSlot#onTake","人工覆盖优先；整盘料理（防双算待设计）；是"
"Dungeon's Delight","[农夫乐事-地牢乐事]neoforge-dungeonsdelight-1.21.1-1.5.0.jar","1.5.0","dungeonsdelight","dungeonsdelight:monster_cooking/spider_extract","dungeonsdelight:monster_cooking","怪物烹饪锅","Spider Extract","dungeonsdelight:spider_extract","1","是","0","0","effect.minecraft.poison 600tick 1级 概率1","DISH","cooking_device=dungeonsdelight:monster_cooking;food_component","HIGH","2","2","否","否","","","","","无","(base)","是","T2","设备或复杂度：type=dungeonsdelight:monster_cooking;kinds=2","","需适配","DUNGEONS_DELIGHT_MONSTER_POT（建议）","MonsterPotResultSlot#onTake",""
"Dungeon's Delight","[农夫乐事-地牢乐事]neoforge-dungeonsdelight-1.21.1-1.5.0.jar","1.5.0","dungeonsdelight","dungeonsdelight:monster_cooking/spider_salmagundi","dungeonsdelight:monster_cooking","怪物烹饪锅","Spider Salmagundi","dungeonsdelight:spider_salmagundi","1","是","7","12.599999","effect.dungeonsdelight.tenacity 900tick 1级 概率1；effect.dungeonsdelight.pouncing 900tick 2级 概率1","DISH","cooking_device=dungeonsdelight:monster_cooking;food_component","HIGH","3","4","否","否","","","","","无","(base)","是","T2","设备或复杂度：type=dungeonsdelight:monster_cooking;kinds=3","","需适配","DUNGEONS_DELIGHT_MONSTER_POT（建议）","MonsterPotResultSlot#onTake",""
"Dungeon's Delight","[农夫乐事-地牢乐事]neoforge-dungeonsdelight-1.21.1-1.5.0.jar","1.5.0","dungeonsdelight","dungeonsdelight:monster_cooking/spider_tanghulu","dungeonsdelight:monster_cooking","怪物烹饪锅","Spider Tanghulu","dungeonsdelight:spider_tanghulu","1","是","5","7","effect.dungeonsdelight.pouncing 6000tick 1级 概率1；effect.dungeonsdelight.decisive 2400tick 1级 概率1","DISH","cooking_device=dungeonsdelight:monster_cooking;food_component","HIGH","3","5","否","否","","","","","无","(base)","是","T2","设备或复杂度：type=dungeonsdelight:monster_cooking;kinds=3","","需适配","DUNGEONS_DELIGHT_MONSTER_POT（建议）","MonsterPotResultSlot#onTake",""
"Dungeon's Delight","[农夫乐事-地牢乐事]neoforge-dungeonsdelight-1.21.1-1.5.0.jar","1.5.0","dungeonsdelight","dungeonsdelight:monster_cooking/takoyaki","dungeonsdelight:monster_cooking","怪物烹饪锅","Takoyaki","dungeonsdelight:takoyaki","1","是","9","12.599999","effect.dungeonsdelight.voracity 2400tick 1级 概率1；effect.dungeonsdelight.rotgut 2400tick 1级 概率1","DISH","cooking_device=dungeonsdelight:monster_cooking;food_component","HIGH","3","4","否","否","","","","","无","(base)","是","T2","设备或复杂度：type=dungeonsdelight:monster_cooking;kinds=3","","需适配","DUNGEONS_DELIGHT_MONSTER_POT（建议）","MonsterPotResultSlot#onTake",""
"Dungeon's Delight","[农夫乐事-地牢乐事]neoforge-dungeonsdelight-1.21.1-1.5.0.jar","1.5.0","dungeonsdelight","dungeonsdelight:monster_cooking/taro_milk_tea","dungeonsdelight:monster_cooking","怪物烹饪锅","Taro Milk Tea","dungeonsdelight:taro_milk_tea","1","是","0","0","effect.dungeonsdelight.exudation 6000tick 3级 概率1","DRINK","drink_token=taro_milk_tea","HIGH","5","5","否","否","","","","","无","(base)","是","不进入厨师","内容类型=DRINK","","需适配","DUNGEONS_DELIGHT_MONSTER_POT（建议）","MonsterPotResultSlot#onTake",""
"Dungeon's Delight","[农夫乐事-地牢乐事]neoforge-dungeonsdelight-1.21.1-1.5.0.jar","1.5.0","dungeonsdelight","dungeonsdelight:monster_cooking/terrine_loaf","dungeonsdelight:monster_cooking","怪物烹饪锅","Terrine Loaf","dungeonsdelight:terrine_loaf","1","是","7","12.599999","effect.dungeonsdelight.exudation 3600tick 2级 概率1；effect.minecraft.water_breathing 1800tick 1级 概率1","DISH","cooking_device=dungeonsdelight:monster_cooking;food_component","HIGH","4","5","否","否","","","","","无","(base)","是","T2","设备或复杂度：type=dungeonsdelight:monster_cooking;kinds=4","","需适配","DUNGEONS_DELIGHT_MONSTER_POT（建议）","MonsterPotResultSlot#onTake",""
"Dungeon's Delight","[农夫乐事-地牢乐事]neoforge-dungeonsdelight-1.21.1-1.5.0.jar","1.5.0","dungeonsdelight","dungeonsdelight:monster_cooking/trial_freakshake","dungeonsdelight:monster_cooking","怪物烹饪锅","Trial Freakshake","dungeonsdelight:trial_freakshake","1","是","5","2","effect.dungeonsdelight.swift_step 900tick 1级 概率1；effect.dungeonsdelight.pouncing 900tick 2级 概率1","DISH","cooking_device=dungeonsdelight:monster_cooking;food_component","HIGH","5","5","否","否","","","","","无","(base)","是","T2","设备或复杂度：type=dungeonsdelight:monster_cooking;kinds=5","","需适配","DUNGEONS_DELIGHT_MONSTER_POT（建议）","MonsterPotResultSlot#onTake",""
"Dungeon's Delight","[农夫乐事-地牢乐事]neoforge-dungeonsdelight-1.21.1-1.5.0.jar","1.5.0","dungeonsdelight","dungeonsdelight:monster_cooking/wardenzola","dungeonsdelight:monster_cooking","怪物烹饪锅","Wardenzola","dungeonsdelight:wardenzola","1","是","4","4.8","","INGREDIENT","manual_override;仅sculk_polyp×2+milk；被polterghast_pizza使用；奶酪中间产物","HIGH","2","3","否","是","","","","","无","(base)","是","不进入厨师","仅sculk_polyp×2+milk；被polterghast_pizza使用；奶酪中间产物","","需适配","DUNGEONS_DELIGHT_MONSTER_POT（建议）","MonsterPotResultSlot#onTake","人工覆盖优先；6A.2驳回T3候选"
"Dungeon's Delight","[农夫乐事-地牢乐事]neoforge-dungeonsdelight-1.21.1-1.5.0.jar","1.5.0","dungeonsdelight","dungeonsdelight:monster_cooking/wispy_rice_ball","dungeonsdelight:monster_cooking","怪物烹饪锅","Wispy Rice Ball","dungeonsdelight:wispy_rice_ball","1","是","7","11.2","effect.dungeonsdelight.swift_step 3600tick 1级 概率1","DISH","cooking_device=dungeonsdelight:monster_cooking;food_component","HIGH","3","3","否","否","","","","","无","(base)","是","T2","设备或复杂度：type=dungeonsdelight:monster_cooking;kinds=3","","需适配","DUNGEONS_DELIGHT_MONSTER_POT（建议）","MonsterPotResultSlot#onTake",""
"Dungeon's Delight","[农夫乐事-地牢乐事]neoforge-dungeonsdelight-1.21.1-1.5.0.jar","1.5.0","dungeonsdelight","dungeonsdelight:monster_pot","minecraft:crafting_shaped","工作台（有序）","Monster Pot","dungeonsdelight:monster_pot","1","否","","","","NON_FOOD","non_edible_block_or_tool","HIGH","4","4","否","否","","","","","disable覆盖（可能禁用）","(base)|disable_farmersdelight_cooking_pot","是","不进入厨师","内容类型=NON_FOOD","","已覆盖","CRAFTING","ItemCraftedEvent",""
"Dungeon's Delight","[农夫乐事-地牢乐事]neoforge-dungeonsdelight-1.21.1-1.5.0.jar","1.5.0","dungeonsdelight","dungeonsdelight:poi","minecraft:crafting_shapeless","工作台（无序）","Poi","dungeonsdelight:poi","1","是","6","6","effect.dungeonsdelight.tenacity 3600tick 1级 概率1；effect.dungeonsdelight.exudation 6000tick 1级 概率1","REVIEW","edible_but_ambiguous_name","LOW","2","7","否","否","","","","","无","(base)","是","待复审","内容类型=REVIEW","","已覆盖","CRAFTING","ItemCraftedEvent",""
"Dungeon's Delight","[农夫乐事-地牢乐事]neoforge-dungeonsdelight-1.21.1-1.5.0.jar","1.5.0","dungeonsdelight","dungeonsdelight:poisonous_potato_from_poisonous_potato_crate","minecraft:crafting_shapeless","工作台（无序）","Poisonous Potato","minecraft:poisonous_potato","9","是","2","1.2","effect.minecraft.poison 100tick 1级 概率0.6000000238418579","RAW_FOOD","edible_rawish_token","MEDIUM","1","1","否","否","","","","","无","(base)","是","不进入厨师","内容类型=RAW_FOOD","","已覆盖","CRAFTING","ItemCraftedEvent",""
"Dungeon's Delight","[农夫乐事-地牢乐事]neoforge-dungeonsdelight-1.21.1-1.5.0.jar","1.5.0","dungeonsdelight","dungeonsdelight:rot_and_steel","minecraft:crafting_shapeless","工作台（无序）","Rot and Steel","dungeonsdelight:rot_and_steel","1","否","","","","NON_FOOD","not_edible","MEDIUM","2","2","否","否","","","","","无","(base)","是","不进入厨师","内容类型=NON_FOOD","","已覆盖","CRAFTING","ItemCraftedEvent",""
"Dungeon's Delight","[农夫乐事-地牢乐事]neoforge-dungeonsdelight-1.21.1-1.5.0.jar","1.5.0","dungeonsdelight","dungeonsdelight:rotbulb_from_rotbulb_crate","minecraft:crafting_shapeless","工作台（无序）","Rotbulb","dungeonsdelight:rotbulb","9","否","","","","NON_FOOD","not_edible","MEDIUM","1","1","否","否","","","","","无","(base)","是","不进入厨师","内容类型=NON_FOOD","","已覆盖","CRAFTING","ItemCraftedEvent",""
"Dungeon's Delight","[农夫乐事-地牢乐事]neoforge-dungeonsdelight-1.21.1-1.5.0.jar","1.5.0","dungeonsdelight","dungeonsdelight:rotten_tomato_from_rotten_tomato_crate","minecraft:crafting_shapeless","工作台（无序）","Rotten Tomato","farmersdelight:rotten_tomato","9","否","","","","NON_FOOD","not_edible","MEDIUM","1","1","否","否","","","","","无","(base)","是","不进入厨师","内容类型=NON_FOOD","","已覆盖","CRAFTING","ItemCraftedEvent",""
"Dungeon's Delight","[农夫乐事-地牢乐事]neoforge-dungeonsdelight-1.21.1-1.5.0.jar","1.5.0","dungeonsdelight","dungeonsdelight:sculk_apple","minecraft:crafting_shapeless","工作台（无序）","Sculk Apple","dungeonsdelight:sculk_apple","1","是","5","5","","DISH","manual_override;FOOD nutrition=5 saturation=5; recipe id=dungeonsdelight:sculk_apple (apple+sculk_polyp×2+honey_bottle); 加工特殊料理","HIGH","3","4","否","否","","","","","无","(base)","是","T2","FOOD nutrition=5 saturation=5; recipe id=dungeonsdelight:sculk_apple (apple+sculk_polyp×2+honey_bottle); 加工特殊料理","","已覆盖","CRAFTING","ItemCraftedEvent","人工覆盖优先；Dungeon's Delight;6A.3原REVIEW→DISH T2"
"Dungeon's Delight","[农夫乐事-地牢乐事]neoforge-dungeonsdelight-1.21.1-1.5.0.jar","1.5.0","dungeonsdelight","dungeonsdelight:sculk_mayo_block","minecraft:crafting_shaped","工作台（有序）","Block of Sculk Mayo","dungeonsdelight:sculk_mayo_block","1","否","","","","NON_FOOD","non_edible_block_or_tool","HIGH","1","1","否","否","","","","","无","(base)","是","不进入厨师","内容类型=NON_FOOD","","已覆盖","CRAFTING","ItemCraftedEvent",""
"Dungeon's Delight","[农夫乐事-地牢乐事]neoforge-dungeonsdelight-1.21.1-1.5.0.jar","1.5.0","dungeonsdelight","dungeonsdelight:sculk_tart","minecraft:crafting_shaped","工作台（有序）","Sculk Tart","dungeonsdelight:sculk_tart","1","否","","","","NON_FOOD","not_edible","MEDIUM","4","4","否","否","","","","","无","(base)","是","不进入厨师","内容类型=NON_FOOD","","已覆盖","CRAFTING","ItemCraftedEvent",""
"Dungeon's Delight","[农夫乐事-地牢乐事]neoforge-dungeonsdelight-1.21.1-1.5.0.jar","1.5.0","dungeonsdelight","dungeonsdelight:slicorice","minecraft:crafting_shapeless","工作台（无序）","Slicorice","dungeonsdelight:slicorice","1","是","3","2.4","","DISH","manual_override;可食用成品零食","HIGH","3","3","否","否","","","","","无","(base)","是","COMMON","可食用成品零食","","已覆盖","CRAFTING","ItemCraftedEvent","人工覆盖优先；边界→COMMON小吃"
"Dungeon's Delight","[农夫乐事-地牢乐事]neoforge-dungeonsdelight-1.21.1-1.5.0.jar","1.5.0","dungeonsdelight","dungeonsdelight:slime_bar_from_shapeless","minecraft:crafting_shapeless","工作台（无序）","Slime Slab","dungeonsdelight:slime_bar","1","是","2","1.2","","DISH","manual_override;可食用成品零食","HIGH","3","4","否","否","","","","","无","(base)","是","COMMON","可食用成品零食","","已覆盖","CRAFTING","ItemCraftedEvent","人工覆盖优先；边界→COMMON小吃"
"Dungeon's Delight","[农夫乐事-地牢乐事]neoforge-dungeonsdelight-1.21.1-1.5.0.jar","1.5.0","dungeonsdelight","dungeonsdelight:smoked_spider_meat_from_campfire","minecraft:campfire_cooking","营火（无事件检测）","Smoked Spider Meat","dungeonsdelight:smoked_spider_meat","1","是","5","7","","DISH","cooking_device=minecraft:campfire_cooking;food_component","HIGH","1","1","否","否","","","600","","无","(base)","是","COMMON","基础熟食或少量常见原料/单步合成","","未覆盖","CAMPFIRE（仅枚举）","无营火取餐检测，不会产生 DishCookedEvent","营火：TCTH 当前无 DishCookedEvent 检测"
"Dungeon's Delight","[农夫乐事-地牢乐事]neoforge-dungeonsdelight-1.21.1-1.5.0.jar","1.5.0","dungeonsdelight","dungeonsdelight:smoked_spider_meat_from_smelting","minecraft:smelting","熔炉","Smoked Spider Meat","dungeonsdelight:smoked_spider_meat","1","是","5","7","","DISH","cooking_device=minecraft:smelting;food_component","HIGH","1","1","否","否","","","200","","无","(base)","是","COMMON","基础熟食或少量常见原料/单步合成","","已覆盖","FURNACE","ItemSmeltedEvent（菜单启发）",""
"Dungeon's Delight","[农夫乐事-地牢乐事]neoforge-dungeonsdelight-1.21.1-1.5.0.jar","1.5.0","dungeonsdelight","dungeonsdelight:smoked_spider_meat_from_smoking","minecraft:smoking","烟熏炉","Smoked Spider Meat","dungeonsdelight:smoked_spider_meat","1","是","5","7","","DISH","cooking_device=minecraft:smoking;food_component","HIGH","1","1","否","否","","","100","","无","(base)","是","COMMON","基础熟食或少量常见原料/单步合成","","已覆盖","SMOKER","ItemSmeltedEvent",""
"Dungeon's Delight","[农夫乐事-地牢乐事]neoforge-dungeonsdelight-1.21.1-1.5.0.jar","1.5.0","dungeonsdelight","dungeonsdelight:soft_serve_sniffer_egg_from_campfire","minecraft:campfire_cooking","营火（无事件检测）","Soft Serve Sniffer Egg","dungeonsdelight:soft_serve_sniffer_egg","1","是","4","4.8","effect.minecraft.regeneration 100tick 1级 概率0.75","DISH","cooking_device=minecraft:campfire_cooking;food_component","HIGH","1","1","否","否","","","600","","无","(base)","是","COMMON","基础熟食或少量常见原料/单步合成","","未覆盖","CAMPFIRE（仅枚举）","无营火取餐检测，不会产生 DishCookedEvent","营火：TCTH 当前无 DishCookedEvent 检测"
"Dungeon's Delight","[农夫乐事-地牢乐事]neoforge-dungeonsdelight-1.21.1-1.5.0.jar","1.5.0","dungeonsdelight","dungeonsdelight:spider_pie","minecraft:crafting_shaped","工作台（有序）","Spider Pie","dungeonsdelight:spider_pie","1","否","","","","SERVING_DISH","manual_override;无Item FOOD; javap class=EXPPieBlock extends vectorwing.farmersdelight.common.block.PieBlock; consumeBite+EXP; DDBlocks.SPIDER_PIE; recipe id=dungeonsdelight:spider_pie; cutting recipe→spider_pie_slice×4; 可分食PieBlock","HIGH","4","4","否","否","","","","","无","(base)","是","不进入厨师","无Item FOOD; javap class=EXPPieBlock extends vectorwing.farmersdelight.common.block.PieBlock; consumeBite+EXP; DDBlocks.SPIDER_PIE; recipe id=dungeonsdelight:spider_pie; cutting recipe→spider_pie_slice×4; 可分食PieBlock","","已覆盖","CRAFTING","ItemCraftedEvent","人工覆盖优先；整盘料理（防双算待设计）；Dungeon's Delight;6A.3原REVIEW→SERVING_DISH; FG仅未来意图"
"Dungeon's Delight","[农夫乐事-地牢乐事]neoforge-dungeonsdelight-1.21.1-1.5.0.jar","1.5.0","dungeonsdelight","dungeonsdelight:stained_lantern","minecraft:crafting_shaped","工作台（有序）","Stained Lantern","dungeonsdelight:stained_lantern","4","否","","","","NON_FOOD","non_edible_block_or_tool","HIGH","3","3","否","否","","","","","无","(base)","是","不进入厨师","内容类型=NON_FOOD","","已覆盖","CRAFTING","ItemCraftedEvent",""
"Dungeon's Delight","[农夫乐事-地牢乐事]neoforge-dungeonsdelight-1.21.1-1.5.0.jar","1.5.0","dungeonsdelight","dungeonsdelight:stained_scrap_bars","minecraft:crafting_shaped","工作台（有序）","Stained Scrap Bars","dungeonsdelight:stained_scrap_bars","16","否","","","","NON_FOOD","non_edible_block_or_tool","HIGH","2","2","否","否","","","","","无","(base)","是","不进入厨师","内容类型=NON_FOOD","","已覆盖","CRAFTING","ItemCraftedEvent",""
"Dungeon's Delight","[农夫乐事-地牢乐事]neoforge-dungeonsdelight-1.21.1-1.5.0.jar","1.5.0","dungeonsdelight","dungeonsdelight:stained_scrap_block","minecraft:crafting_shaped","工作台（有序）","Block of Stained Scrap","dungeonsdelight:stained_scrap_block","4","否","","","","NON_FOOD","non_edible_block_or_tool","HIGH","2","2","否","否","","","","","无","(base)","是","不进入厨师","内容类型=NON_FOOD","","已覆盖","CRAFTING","ItemCraftedEvent",""
"Dungeon's Delight","[农夫乐事-地牢乐事]neoforge-dungeonsdelight-1.21.1-1.5.0.jar","1.5.0","dungeonsdelight","dungeonsdelight:stained_scrap_door","minecraft:crafting_shaped","工作台（有序）","Stained Scrap Door","dungeonsdelight:stained_scrap_door","3","否","","","","NON_FOOD","non_edible_block_or_tool","HIGH","1","1","否","否","","","","","无","(base)","是","不进入厨师","内容类型=NON_FOOD","","已覆盖","CRAFTING","ItemCraftedEvent",""
"Dungeon's Delight","[农夫乐事-地牢乐事]neoforge-dungeonsdelight-1.21.1-1.5.0.jar","1.5.0","dungeonsdelight","dungeonsdelight:stained_scrap_from_stained_scrap","minecraft:crafting_shapeless","工作台（无序）","Stained Scrap Fragment","dungeonsdelight:stained_scrap_fragment","9","否","","","","NON_FOOD","non_edible_block_or_tool","HIGH","1","1","否","否","","","","","无","(base)","是","不进入厨师","内容类型=NON_FOOD","","已覆盖","CRAFTING","ItemCraftedEvent",""
"Dungeon's Delight","[农夫乐事-地牢乐事]neoforge-dungeonsdelight-1.21.1-1.5.0.jar","1.5.0","dungeonsdelight","dungeonsdelight:stained_scrap_grate","minecraft:crafting_shaped","工作台（有序）","Stained Scrap Grate","dungeonsdelight:stained_scrap_grate","4","否","","","","NON_FOOD","non_edible_block_or_tool","HIGH","1","1","否","否","","","","","无","(base)","是","不进入厨师","内容类型=NON_FOOD","","已覆盖","CRAFTING","ItemCraftedEvent",""
"Dungeon's Delight","[农夫乐事-地牢乐事]neoforge-dungeonsdelight-1.21.1-1.5.0.jar","1.5.0","dungeonsdelight","dungeonsdelight:stained_scrap_pillar","minecraft:crafting_shaped","工作台（有序）","Stained Scrap Pillar","dungeonsdelight:stained_scrap_pillar","2","否","","","","NON_FOOD","non_edible_block_or_tool","HIGH","1","1","否","否","","","","","无","(base)","是","不进入厨师","内容类型=NON_FOOD","","已覆盖","CRAFTING","ItemCraftedEvent",""
"Dungeon's Delight","[农夫乐事-地牢乐事]neoforge-dungeonsdelight-1.21.1-1.5.0.jar","1.5.0","dungeonsdelight","dungeonsdelight:stained_scrap_trapdoor","minecraft:crafting_shaped","工作台（有序）","Stained Scrap Trapdoor","dungeonsdelight:stained_scrap_trapdoor","2","否","","","","NON_FOOD","non_edible_block_or_tool","HIGH","1","1","否","否","","","","","无","(base)","是","不进入厨师","内容类型=NON_FOOD","","已覆盖","CRAFTING","ItemCraftedEvent",""
"Dungeon's Delight","[农夫乐事-地牢乐事]neoforge-dungeonsdelight-1.21.1-1.5.0.jar","1.5.0","dungeonsdelight","dungeonsdelight:stick_from_wormroots","minecraft:crafting_shaped","工作台（有序）","Stick","minecraft:stick","2","否","","","","NON_FOOD","not_edible","MEDIUM","1","1","否","否","","","","","无","(base)","是","不进入厨师","内容类型=NON_FOOD","","已覆盖","CRAFTING","ItemCraftedEvent",""
"Dungeon's Delight","[农夫乐事-地牢乐事]neoforge-dungeonsdelight-1.21.1-1.5.0.jar","1.5.0","dungeonsdelight","dungeonsdelight:wormroot_tendrils_from_wormroot_stalk","minecraft:crafting_shapeless","工作台（无序）","Wormroot Tendrils","dungeonsdelight:wormroot_tendrils","4","否","","","","NON_FOOD","not_edible","MEDIUM","1","1","否","否","","","","","无","(base)","是","不进入厨师","内容类型=NON_FOOD","","已覆盖","CRAFTING","ItemCraftedEvent",""
"Dungeon's Delight","[农夫乐事-地牢乐事]neoforge-dungeonsdelight-1.21.1-1.5.0.jar","1.5.0","dungeonsdelight","dungeonsdelight:wormroot_tendrils_from_wormroots_block","minecraft:crafting_shapeless","工作台（无序）","Wormroot Tendrils","dungeonsdelight:wormroot_tendrils","9","否","","","","NON_FOOD","not_edible","MEDIUM","1","1","否","否","","","","","无","(base)","是","不进入厨师","内容类型=NON_FOOD","","已覆盖","CRAFTING","ItemCraftedEvent",""
"Dungeon's Delight","[农夫乐事-地牢乐事]neoforge-dungeonsdelight-1.21.1-1.5.0.jar","1.5.0","dungeonsdelight","dungeonsdelight:wormroots_block","minecraft:crafting_shaped","工作台（有序）","Block of Wormroots","dungeonsdelight:wormroots_block","1","否","","","","NON_FOOD","non_edible_block_or_tool","HIGH","1","1","否","否","","","","","无","(base)","是","不进入厨师","内容类型=NON_FOOD","","已覆盖","CRAFTING","ItemCraftedEvent",""
"Dungeon's Delight","[农夫乐事-地牢乐事]neoforge-dungeonsdelight-1.21.1-1.5.0.jar","1.5.0","dungeonsdelight","dungeonsdelight:wormwood_boat","minecraft:crafting_shaped","工作台（有序）","Wormwood Boat","dungeonsdelight:wormwood_boat","1","否","","","","NON_FOOD","not_edible","MEDIUM","1","1","否","否","","","","","无","(base)","是","不进入厨师","内容类型=NON_FOOD","","已覆盖","CRAFTING","ItemCraftedEvent",""
"Dungeon's Delight","[农夫乐事-地牢乐事]neoforge-dungeonsdelight-1.21.1-1.5.0.jar","1.5.0","dungeonsdelight","dungeonsdelight:wormwood_button","minecraft:crafting_shapeless","工作台（无序）","Wormwood Button","dungeonsdelight:wormwood_button","1","否","","","","NON_FOOD","non_edible_block_or_tool","HIGH","1","1","否","否","","","","","无","(base)","是","不进入厨师","内容类型=NON_FOOD","","已覆盖","CRAFTING","ItemCraftedEvent",""
"Dungeon's Delight","[农夫乐事-地牢乐事]neoforge-dungeonsdelight-1.21.1-1.5.0.jar","1.5.0","dungeonsdelight","dungeonsdelight:wormwood_cabinet","minecraft:crafting_shaped","工作台（有序）","Wormwood Cabinet","dungeonsdelight:wormwood_cabinet","1","否","","","","NON_FOOD","decor_or_storage_token","HIGH","2","2","否","否","","","","","无","(base)","是","不进入厨师","内容类型=NON_FOOD","","已覆盖","CRAFTING","ItemCraftedEvent",""
"Dungeon's Delight","[农夫乐事-地牢乐事]neoforge-dungeonsdelight-1.21.1-1.5.0.jar","1.5.0","dungeonsdelight","dungeonsdelight:wormwood_chest_boat","minecraft:crafting_shapeless","工作台（无序）","Wormwood Boat with Chest","dungeonsdelight:wormwood_chest_boat","1","否","","","","NON_FOOD","not_edible","MEDIUM","2","2","否","否","","","","","无","(base)","是","不进入厨师","内容类型=NON_FOOD","","已覆盖","CRAFTING","ItemCraftedEvent",""
"Dungeon's Delight","[农夫乐事-地牢乐事]neoforge-dungeonsdelight-1.21.1-1.5.0.jar","1.5.0","dungeonsdelight","dungeonsdelight:wormwood_door","minecraft:crafting_shaped","工作台（有序）","Wormwood Door","dungeonsdelight:wormwood_door","3","否","","","","NON_FOOD","non_edible_block_or_tool","HIGH","1","1","否","否","","","","","无","(base)","是","不进入厨师","内容类型=NON_FOOD","","已覆盖","CRAFTING","ItemCraftedEvent",""
"Dungeon's Delight","[农夫乐事-地牢乐事]neoforge-dungeonsdelight-1.21.1-1.5.0.jar","1.5.0","dungeonsdelight","dungeonsdelight:wormwood_fence","minecraft:crafting_shaped","工作台（有序）","Wormwood Fence","dungeonsdelight:wormwood_fence","3","否","","","","NON_FOOD","non_edible_block_or_tool","HIGH","2","2","否","否","","","","","无","(base)","是","不进入厨师","内容类型=NON_FOOD","","已覆盖","CRAFTING","ItemCraftedEvent",""
"Dungeon's Delight","[农夫乐事-地牢乐事]neoforge-dungeonsdelight-1.21.1-1.5.0.jar","1.5.0","dungeonsdelight","dungeonsdelight:wormwood_fence_gate","minecraft:crafting_shaped","工作台（有序）","Wormwood Fence Gate","dungeonsdelight:wormwood_fence_gate","1","否","","","","NON_FOOD","non_edible_block_or_tool","HIGH","2","2","否","否","","","","","无","(base)","是","不进入厨师","内容类型=NON_FOOD","","已覆盖","CRAFTING","ItemCraftedEvent",""
"Dungeon's Delight","[农夫乐事-地牢乐事]neoforge-dungeonsdelight-1.21.1-1.5.0.jar","1.5.0","dungeonsdelight","dungeonsdelight:wormwood_mosaic","minecraft:crafting_shaped","工作台（有序）","Wormwood Mosaic","dungeonsdelight:wormwood_mosaic","1","否","","","","NON_FOOD","not_edible","MEDIUM","1","1","否","否","","","","","无","(base)","是","不进入厨师","内容类型=NON_FOOD","","已覆盖","CRAFTING","ItemCraftedEvent",""
"Dungeon's Delight","[农夫乐事-地牢乐事]neoforge-dungeonsdelight-1.21.1-1.5.0.jar","1.5.0","dungeonsdelight","dungeonsdelight:wormwood_mosaic_slab","minecraft:crafting_shaped","工作台（有序）","Wormwood Mosaic Slab","dungeonsdelight:wormwood_mosaic_slab","6","否","","","","NON_FOOD","non_edible_block_or_tool","HIGH","1","1","否","否","","","","","无","(base)","是","不进入厨师","内容类型=NON_FOOD","","已覆盖","CRAFTING","ItemCraftedEvent",""
"Dungeon's Delight","[农夫乐事-地牢乐事]neoforge-dungeonsdelight-1.21.1-1.5.0.jar","1.5.0","dungeonsdelight","dungeonsdelight:wormwood_mosaic_stairs","minecraft:crafting_shaped","工作台（有序）","Wormwood Mosaic Stairs","dungeonsdelight:wormwood_mosaic_stairs","4","否","","","","NON_FOOD","non_edible_block_or_tool","HIGH","1","1","否","否","","","","","无","(base)","是","不进入厨师","内容类型=NON_FOOD","","已覆盖","CRAFTING","ItemCraftedEvent",""
"Dungeon's Delight","[农夫乐事-地牢乐事]neoforge-dungeonsdelight-1.21.1-1.5.0.jar","1.5.0","dungeonsdelight","dungeonsdelight:wormwood_planks_from_wormroots","minecraft:crafting_shaped","工作台（有序）","Wormwood Planks","dungeonsdelight:wormwood_planks","2","否","","","","NON_FOOD","non_edible_block_or_tool","HIGH","1","1","否","否","","","","","无","(base)","是","不进入厨师","内容类型=NON_FOOD","","已覆盖","CRAFTING","ItemCraftedEvent",""
"Dungeon's Delight","[农夫乐事-地牢乐事]neoforge-dungeonsdelight-1.21.1-1.5.0.jar","1.5.0","dungeonsdelight","dungeonsdelight:wormwood_pressure_plate","minecraft:crafting_shaped","工作台（有序）","Wormwood Pressure Plate","dungeonsdelight:wormwood_pressure_plate","1","否","","","","NON_FOOD","non_edible_block_or_tool","HIGH","1","1","否","否","","","","","无","(base)","是","不进入厨师","内容类型=NON_FOOD","","已覆盖","CRAFTING","ItemCraftedEvent",""
"Dungeon's Delight","[农夫乐事-地牢乐事]neoforge-dungeonsdelight-1.21.1-1.5.0.jar","1.5.0","dungeonsdelight","dungeonsdelight:wormwood_slab","minecraft:crafting_shaped","工作台（有序）","Wormwood Slab","dungeonsdelight:wormwood_slab","6","否","","","","NON_FOOD","non_edible_block_or_tool","HIGH","1","1","否","否","","","","","无","(base)","是","不进入厨师","内容类型=NON_FOOD","","已覆盖","CRAFTING","ItemCraftedEvent",""
"Dungeon's Delight","[农夫乐事-地牢乐事]neoforge-dungeonsdelight-1.21.1-1.5.0.jar","1.5.0","dungeonsdelight","dungeonsdelight:wormwood_stairs","minecraft:crafting_shaped","工作台（有序）","Wormwood Stairs","dungeonsdelight:wormwood_stairs","4","否","","","","NON_FOOD","non_edible_block_or_tool","HIGH","1","1","否","否","","","","","无","(base)","是","不进入厨师","内容类型=NON_FOOD","","已覆盖","CRAFTING","ItemCraftedEvent",""
"Dungeon's Delight","[农夫乐事-地牢乐事]neoforge-dungeonsdelight-1.21.1-1.5.0.jar","1.5.0","dungeonsdelight","dungeonsdelight:wormwood_trapdoor","minecraft:crafting_shaped","工作台（有序）","Wormwood Trapdoor","dungeonsdelight:wormwood_trapdoor","2","否","","","","NON_FOOD","not_edible","MEDIUM","1","1","否","否","","","","","无","(base)","是","不进入厨师","内容类型=NON_FOOD","","已覆盖","CRAFTING","ItemCraftedEvent",""
"My Nether's Delight","[农夫乐事-下界乐事]MyNethersDelight-1.21.1-1.10.4.jar","1.10.4","farmersdelight","farmersdelight:cutting/powdery_block","farmersdelight:cutting","FD 切菜板（非出锅）","Block of Stripped Powdery Cannon","mynethersdelight:stripped_powdery_block","1","否","","","","INGREDIENT","ingredient_process=farmersdelight:cutting","MEDIUM","2","1","否","是","","","","","无","(base)","是","不进入厨师","内容类型=INGREDIENT","","未覆盖（非出锅）","—","切菜板不属于料理出锅事件","切菜板非出锅事件"
"My Nether's Delight","[农夫乐事-下界乐事]MyNethersDelight-1.21.1-1.10.4.jar","1.10.4","farmersdelight","farmersdelight:cutting/pumpkin_slice_alt","farmersdelight:cutting","FD 切菜板（非出锅）","Pumpkin Slice","farmersdelight:pumpkin_slice","1","是","3","1.8000001","","INGREDIENT","manual_override;南瓜片原料","HIGH","2","1","否","是","","","","","无","(base)","是","不进入厨师","南瓜片原料","","未覆盖（非出锅）","—","切菜板不属于料理出锅事件","人工覆盖优先；切菜板非出锅事件；保持INGREDIENT"
"My Nether's Delight","[农夫乐事-下界乐事]MyNethersDelight-1.21.1-1.10.4.jar","1.10.4","farmersrespite","farmersrespite:chilidog_alt","minecraft:crafting_shapeless","工作台（无序）","火辣热狗","mynethersdelight:chilidog","2","","","","","NON_FOOD","not_edible","MEDIUM","2","3","否","否","","","","","仅JAR原始（运行时未加载）","(base)","否","不进入厨师","内容类型=NON_FOOD","","已覆盖","CRAFTING","ItemCraftedEvent","运行时未加载（依赖/条件）"
"Fowl Play","[家禽游戏]fowlplay-1.2.3+1.21.1-neoforge.jar","1.2.3","fowlplay","fowlplay:scarecrow","minecraft:crafting_shaped","工作台（有序）","Scarecrow","fowlplay:scarecrow","1","否","","","","NON_FOOD","fowlplay_scarecrow_only","HIGH","2","2","否","否","","","","","无","(base)","是","不进入厨师","内容类型=NON_FOOD","","已覆盖","CRAFTING","ItemCraftedEvent","Fowl Play 无玩家料理"
"Kaleidoscope Tavern","[森罗物语-酒馆]kaleidoscopetavern-1.2.0-neoforge+mc1.21.1.jar","1.2.0","kaleidoscope_tavern","kaleidoscope_tavern:allium_sandwich_board_from_allium","minecraft:crafting_shapeless","工作台（无序）","Sandwich Board","kaleidoscope_tavern:allium_sandwich_board","1","否","","","","NON_FOOD","manual_override;装饰三明治板","HIGH","2","2","否","否","","","","","无","(base)","是","不进入厨师","装饰三明治板","","已覆盖","CRAFTING","ItemCraftedEvent","人工覆盖优先"
"Kaleidoscope Tavern","[森罗物语-酒馆]kaleidoscopetavern-1.2.0-neoforge+mc1.21.1.jar","1.2.0","kaleidoscope_tavern","kaleidoscope_tavern:azure_bluet_sandwich_board_from_azure_bluet","minecraft:crafting_shapeless","工作台（无序）","Sandwich Board","kaleidoscope_tavern:azure_bluet_sandwich_board","1","否","","","","NON_FOOD","manual_override;装饰三明治板","HIGH","2","2","否","否","","","","","无","(base)","是","不进入厨师","装饰三明治板","","已覆盖","CRAFTING","ItemCraftedEvent","人工覆盖优先"
"Kaleidoscope Tavern","[森罗物语-酒馆]kaleidoscopetavern-1.2.0-neoforge+mc1.21.1.jar","1.2.0","kaleidoscope_tavern","kaleidoscope_tavern:azure_bluet_sandwich_board_from_lily_of_the_valley","minecraft:crafting_shapeless","工作台（无序）","Sandwich Board","kaleidoscope_tavern:azure_bluet_sandwich_board","1","否","","","","NON_FOOD","manual_override;装饰三明治板","HIGH","2","2","否","否","","","","","无","(base)","是","不进入厨师","装饰三明治板","","已覆盖","CRAFTING","ItemCraftedEvent","人工覆盖优先"
"Kaleidoscope Tavern","[森罗物语-酒馆]kaleidoscopetavern-1.2.0-neoforge+mc1.21.1.jar","1.2.0","kaleidoscope_tavern","kaleidoscope_tavern:azure_bluet_sandwich_board_from_oxeye_daisy","minecraft:crafting_shapeless","工作台（无序）","Sandwich Board","kaleidoscope_tavern:azure_bluet_sandwich_board","1","否","","","","NON_FOOD","manual_override;装饰三明治板","HIGH","2","2","否","否","","","","","无","(base)","是","不进入厨师","装饰三明治板","","已覆盖","CRAFTING","ItemCraftedEvent","人工覆盖优先"
"Kaleidoscope Tavern","[森罗物语-酒馆]kaleidoscopetavern-1.2.0-neoforge+mc1.21.1.jar","1.2.0","kaleidoscope_tavern","kaleidoscope_tavern:bar_cabinet","minecraft:crafting_shaped","工作台（有序）","Bar Cabinet","kaleidoscope_tavern:bar_cabinet","1","否","","","","NON_FOOD","decor_or_storage_token","HIGH","1","1","否","否","","","","","无","(base)","是","不进入厨师","内容类型=NON_FOOD","","已覆盖","CRAFTING","ItemCraftedEvent",""
"Kaleidoscope Tavern","[森罗物语-酒馆]kaleidoscopetavern-1.2.0-neoforge+mc1.21.1.jar","1.2.0","kaleidoscope_tavern","kaleidoscope_tavern:bar_counter","minecraft:crafting_shaped","工作台（有序）","Bar Counter","kaleidoscope_tavern:bar_counter","1","否","","","","NON_FOOD","not_edible","MEDIUM","2","2","否","否","","","","","无","(base)","是","不进入厨师","内容类型=NON_FOOD","","已覆盖","CRAFTING","ItemCraftedEvent",""
"Kaleidoscope Tavern","[森罗物语-酒馆]kaleidoscopetavern-1.2.0-neoforge+mc1.21.1.jar","1.2.0","kaleidoscope_tavern","kaleidoscope_tavern:barrel","minecraft:crafting_shaped","工作台（有序）","Barrel","kaleidoscope_tavern:barrel","1","否","","","","NON_FOOD","not_edible","MEDIUM","1","1","否","否","","","","","无","(base)","是","不进入厨师","内容类型=NON_FOOD","","已覆盖","CRAFTING","ItemCraftedEvent",""
"Kaleidoscope Tavern","[森罗物语-酒馆]kaleidoscopetavern-1.2.0-neoforge+mc1.21.1.jar","1.2.0","kaleidoscope_tavern","kaleidoscope_tavern:barrel/brandy","kaleidoscope_tavern:barrel","酒馆木桶","Brandy","kaleidoscope_tavern:brandy","1","否","","","","DRINK","recipe_type=kaleidoscope_tavern:barrel","HIGH","3","1","否","否","kaleidoscope_tavern:empty_bottle","kaleidoscope_tavern:grape_juice","","","无","(base)","是","不进入厨师","内容类型=DRINK","","需适配","TAVERN_BARREL（建议）","doTapExtract/getRecipeId",""
"Kaleidoscope Tavern","[森罗物语-酒馆]kaleidoscopetavern-1.2.0-neoforge+mc1.21.1.jar","1.2.0","kaleidoscope_tavern","kaleidoscope_tavern:barrel/carignan","kaleidoscope_tavern:barrel","酒馆木桶","Carignan","kaleidoscope_tavern:carignan","1","否","","","","DRINK","recipe_type=kaleidoscope_tavern:barrel","HIGH","3","1","否","否","kaleidoscope_tavern:empty_bottle","kaleidoscope_tavern:grape_juice","","","无","(base)","是","不进入厨师","内容类型=DRINK","","需适配","TAVERN_BARREL（建议）","doTapExtract/getRecipeId",""
"Kaleidoscope Tavern","[森罗物语-酒馆]kaleidoscopetavern-1.2.0-neoforge+mc1.21.1.jar","1.2.0","kaleidoscope_tavern","kaleidoscope_tavern:barrel/champagne","kaleidoscope_tavern:barrel","酒馆木桶","Champagne","kaleidoscope_tavern:champagne","1","否","","","","DRINK","recipe_type=kaleidoscope_tavern:barrel","HIGH","3","1","否","否","kaleidoscope_tavern:empty_bottle","kaleidoscope_tavern:grape_juice","","","无","(base)","是","不进入厨师","内容类型=DRINK","","需适配","TAVERN_BARREL（建议）","doTapExtract/getRecipeId",""
"Kaleidoscope Tavern","[森罗物语-酒馆]kaleidoscopetavern-1.2.0-neoforge+mc1.21.1.jar","1.2.0","kaleidoscope_tavern","kaleidoscope_tavern:barrel/glowflower_brew","kaleidoscope_tavern:barrel","酒馆木桶","Glowflower Brew","kaleidoscope_tavern:glowflower_brew","1","否","","","","DRINK","recipe_type=kaleidoscope_tavern:barrel","HIGH","3","1","否","否","kaleidoscope_tavern:empty_bottle","kaleidoscope_tavern:glow_berries_juice","","","无","(base)","是","不进入厨师","内容类型=DRINK","","需适配","TAVERN_BARREL（建议）","doTapExtract/getRecipeId",""
"Kaleidoscope Tavern","[森罗物语-酒馆]kaleidoscopetavern-1.2.0-neoforge+mc1.21.1.jar","1.2.0","kaleidoscope_tavern","kaleidoscope_tavern:barrel/honey_wine","kaleidoscope_tavern:barrel","酒馆木桶","Honey Wine","kaleidoscope_tavern:honey_wine","1","否","","","","DRINK","recipe_type=kaleidoscope_tavern:barrel","HIGH","3","1","否","否","kaleidoscope_tavern:empty_bottle","kaleidoscope_tavern:gold_grape_juice","","","无","(base)","是","不进入厨师","内容类型=DRINK","","需适配","TAVERN_BARREL（建议）","doTapExtract/getRecipeId",""
"Kaleidoscope Tavern","[森罗物语-酒馆]kaleidoscopetavern-1.2.0-neoforge+mc1.21.1.jar","1.2.0","kaleidoscope_tavern","kaleidoscope_tavern:barrel/ice_wine","kaleidoscope_tavern:barrel","酒馆木桶","Ice Wine","kaleidoscope_tavern:ice_wine","1","否","","","","DRINK","recipe_type=kaleidoscope_tavern:barrel","HIGH","2","2","否","否","kaleidoscope_tavern:empty_bottle","kaleidoscope_tavern:ice_grape_juice","","","无","(base)","是","不进入厨师","内容类型=DRINK","","需适配","TAVERN_BARREL（建议）","doTapExtract/getRecipeId",""
"Kaleidoscope Tavern","[森罗物语-酒馆]kaleidoscopetavern-1.2.0-neoforge+mc1.21.1.jar","1.2.0","kaleidoscope_tavern","kaleidoscope_tavern:barrel/luminous_bride","kaleidoscope_tavern:barrel","酒馆木桶","Luminous Bride","kaleidoscope_tavern:luminous_bride","1","否","","","","DRINK","recipe_type=kaleidoscope_tavern:barrel","HIGH","3","1","否","否","kaleidoscope_tavern:empty_bottle","kaleidoscope_tavern:glow_berries_juice","","","无","(base)","是","不进入厨师","内容类型=DRINK","","需适配","TAVERN_BARREL（建议）","doTapExtract/getRecipeId",""
"Kaleidoscope Tavern","[森罗物语-酒馆]kaleidoscopetavern-1.2.0-neoforge+mc1.21.1.jar","1.2.0","kaleidoscope_tavern","kaleidoscope_tavern:barrel/madame_shexiang","kaleidoscope_tavern:barrel","酒馆木桶","Madame Shexiang","kaleidoscope_tavern:madame_shexiang","1","否","","","","DRINK","recipe_type=kaleidoscope_tavern:barrel","HIGH","3","1","否","否","kaleidoscope_tavern:empty_bottle","kaleidoscope_tavern:gold_grape_juice","","","无","(base)","是","不进入厨师","内容类型=DRINK","","需适配","TAVERN_BARREL（建议）","doTapExtract/getRecipeId",""
"Kaleidoscope Tavern","[森罗物语-酒馆]kaleidoscopetavern-1.2.0-neoforge+mc1.21.1.jar","1.2.0","kaleidoscope_tavern","kaleidoscope_tavern:barrel/miners_star","kaleidoscope_tavern:barrel","酒馆木桶","Miner's Star","kaleidoscope_tavern:miners_star","1","否","","","","DRINK","recipe_type=kaleidoscope_tavern:barrel","HIGH","3","1","否","否","kaleidoscope_tavern:empty_bottle","kaleidoscope_tavern:gold_grape_juice","","","无","(base)","是","不进入厨师","内容类型=DRINK","","需适配","TAVERN_BARREL（建议）","doTapExtract/getRecipeId",""
"Kaleidoscope Tavern","[森罗物语-酒馆]kaleidoscopetavern-1.2.0-neoforge+mc1.21.1.jar","1.2.0","kaleidoscope_tavern","kaleidoscope_tavern:barrel/molotov","kaleidoscope_tavern:barrel","酒馆木桶","Molotov Cocktail","kaleidoscope_tavern:molotov","1","否","","","","DRINK","recipe_type=kaleidoscope_tavern:barrel","HIGH","2","2","否","否","kaleidoscope_tavern:empty_bottle","minecraft:lava","","","无","(base)","是","不进入厨师","内容类型=DRINK","","需适配","TAVERN_BARREL（建议）","doTapExtract/getRecipeId",""
"Kaleidoscope Tavern","[森罗物语-酒馆]kaleidoscopetavern-1.2.0-neoforge+mc1.21.1.jar","1.2.0","kaleidoscope_tavern","kaleidoscope_tavern:barrel/mother_snow","kaleidoscope_tavern:barrel","酒馆木桶","Mother Snow","kaleidoscope_tavern:mother_snow","1","否","","","","DRINK","recipe_type=kaleidoscope_tavern:barrel","HIGH","3","1","否","否","kaleidoscope_tavern:empty_bottle","kaleidoscope_tavern:ice_grape_juice","","","无","(base)","是","不进入厨师","内容类型=DRINK","","需适配","TAVERN_BARREL（建议）","doTapExtract/getRecipeId",""
"Kaleidoscope Tavern","[森罗物语-酒馆]kaleidoscopetavern-1.2.0-neoforge+mc1.21.1.jar","1.2.0","kaleidoscope_tavern","kaleidoscope_tavern:barrel/plum_wine","kaleidoscope_tavern:barrel","酒馆木桶","Plum Wine","kaleidoscope_tavern:plum_wine","1","否","","","","DRINK","recipe_type=kaleidoscope_tavern:barrel","HIGH","3","1","否","否","kaleidoscope_tavern:empty_bottle","kaleidoscope_tavern:sweet_berries_juice","","","无","(base)","是","不进入厨师","内容类型=DRINK","","需适配","TAVERN_BARREL（建议）","doTapExtract/getRecipeId",""
"Kaleidoscope Tavern","[森罗物语-酒馆]kaleidoscopetavern-1.2.0-neoforge+mc1.21.1.jar","1.2.0","kaleidoscope_tavern","kaleidoscope_tavern:barrel/polaris_sweet_white","kaleidoscope_tavern:barrel","酒馆木桶","Polaris Sweet White","kaleidoscope_tavern:polaris_sweet_white","1","否","","","","DRINK","recipe_type=kaleidoscope_tavern:barrel","HIGH","3","1","否","否","kaleidoscope_tavern:empty_bottle","kaleidoscope_tavern:ice_grape_juice","","","无","(base)","是","不进入厨师","内容类型=DRINK","","需适配","TAVERN_BARREL（建议）","doTapExtract/getRecipeId",""
"Kaleidoscope Tavern","[森罗物语-酒馆]kaleidoscopetavern-1.2.0-neoforge+mc1.21.1.jar","1.2.0","kaleidoscope_tavern","kaleidoscope_tavern:barrel/red_queen","kaleidoscope_tavern:barrel","酒馆木桶","Red Queen","kaleidoscope_tavern:red_queen","1","否","","","","DRINK","recipe_type=kaleidoscope_tavern:barrel","HIGH","3","1","否","否","kaleidoscope_tavern:empty_bottle","kaleidoscope_tavern:sweet_berries_juice","","","无","(base)","是","不进入厨师","内容类型=DRINK","","需适配","TAVERN_BARREL（建议）","doTapExtract/getRecipeId",""
"Kaleidoscope Tavern","[森罗物语-酒馆]kaleidoscopetavern-1.2.0-neoforge+mc1.21.1.jar","1.2.0","kaleidoscope_tavern","kaleidoscope_tavern:barrel/riesling_dry_white","kaleidoscope_tavern:barrel","酒馆木桶","Riesling Dry White","kaleidoscope_tavern:riesling_dry_white","1","否","","","","DRINK","recipe_type=kaleidoscope_tavern:barrel","HIGH","4","2","否","否","kaleidoscope_tavern:empty_bottle","kaleidoscope_tavern:green_grape_juice","","","无","(base)","是","不进入厨师","内容类型=DRINK","","需适配","TAVERN_BARREL（建议）","doTapExtract/getRecipeId",""
"Kaleidoscope Tavern","[森罗物语-酒馆]kaleidoscopetavern-1.2.0-neoforge+mc1.21.1.jar","1.2.0","kaleidoscope_tavern","kaleidoscope_tavern:barrel/rum","kaleidoscope_tavern:barrel","酒馆木桶","Rum","kaleidoscope_tavern:rum","1","否","","","","DRINK","recipe_type=kaleidoscope_tavern:barrel","HIGH","3","1","否","否","kaleidoscope_tavern:empty_bottle","minecraft:water","","","无","(base)","是","不进入厨师","内容类型=DRINK","","需适配","TAVERN_BARREL（建议）","doTapExtract/getRecipeId",""
"Kaleidoscope Tavern","[森罗物语-酒馆]kaleidoscopetavern-1.2.0-neoforge+mc1.21.1.jar","1.2.0","kaleidoscope_tavern","kaleidoscope_tavern:barrel/sakura_wine","kaleidoscope_tavern:barrel","酒馆木桶","Sakura Wine","kaleidoscope_tavern:sakura_wine","1","否","","","","DRINK","recipe_type=kaleidoscope_tavern:barrel","HIGH","3","1","否","否","kaleidoscope_tavern:empty_bottle","kaleidoscope_tavern:grape_juice","","","无","(base)","是","不进入厨师","内容类型=DRINK","","需适配","TAVERN_BARREL（建议）","doTapExtract/getRecipeId",""
"Kaleidoscope Tavern","[森罗物语-酒馆]kaleidoscopetavern-1.2.0-neoforge+mc1.21.1.jar","1.2.0","kaleidoscope_tavern","kaleidoscope_tavern:barrel/sauvignon_blanc_dry_white","kaleidoscope_tavern:barrel","酒馆木桶","Sauvignon Blanc Dry White","kaleidoscope_tavern:sauvignon_blanc_dry_white","1","否","","","","DRINK","recipe_type=kaleidoscope_tavern:barrel","HIGH","4","2","否","否","kaleidoscope_tavern:empty_bottle","kaleidoscope_tavern:green_grape_juice","","","无","(base)","是","不进入厨师","内容类型=DRINK","","需适配","TAVERN_BARREL（建议）","doTapExtract/getRecipeId",""
"Kaleidoscope Tavern","[森罗物语-酒馆]kaleidoscopetavern-1.2.0-neoforge+mc1.21.1.jar","1.2.0","kaleidoscope_tavern","kaleidoscope_tavern:barrel/sherry","kaleidoscope_tavern:barrel","酒馆木桶","Sherry","kaleidoscope_tavern:sherry","1","否","","","","DRINK","recipe_type=kaleidoscope_tavern:barrel","HIGH","3","1","否","否","kaleidoscope_tavern:empty_bottle","kaleidoscope_tavern:ice_grape_juice","","","无","(base)","是","不进入厨师","内容类型=DRINK","","需适配","TAVERN_BARREL（建议）","doTapExtract/getRecipeId",""
"Kaleidoscope Tavern","[森罗物语-酒馆]kaleidoscopetavern-1.2.0-neoforge+mc1.21.1.jar","1.2.0","kaleidoscope_tavern","kaleidoscope_tavern:barrel/sunset_glow","kaleidoscope_tavern:barrel","酒馆木桶","Sunset Glow","kaleidoscope_tavern:sunset_glow","1","否","","","","DRINK","recipe_type=kaleidoscope_tavern:barrel","HIGH","3","1","否","否","kaleidoscope_tavern:empty_bottle","kaleidoscope_tavern:gold_grape_juice","","","无","(base)","是","不进入厨师","内容类型=DRINK","","需适配","TAVERN_BARREL（建议）","doTapExtract/getRecipeId",""
"Kaleidoscope Tavern","[森罗物语-酒馆]kaleidoscopetavern-1.2.0-neoforge+mc1.21.1.jar","1.2.0","kaleidoscope_tavern","kaleidoscope_tavern:barrel/sweet_berry_wine","kaleidoscope_tavern:barrel","酒馆木桶","Sweet Berry Wine","kaleidoscope_tavern:sweet_berry_wine","1","否","","","","DRINK","recipe_type=kaleidoscope_tavern:barrel","HIGH","3","1","否","否","kaleidoscope_tavern:empty_bottle","kaleidoscope_tavern:sweet_berries_juice","","","无","(base)","是","不进入厨师","内容类型=DRINK","","需适配","TAVERN_BARREL（建议）","doTapExtract/getRecipeId",""
"Kaleidoscope Tavern","[森罗物语-酒馆]kaleidoscopetavern-1.2.0-neoforge+mc1.21.1.jar","1.2.0","kaleidoscope_tavern","kaleidoscope_tavern:barrel/vodka","kaleidoscope_tavern:barrel","酒馆木桶","Vodka","kaleidoscope_tavern:vodka","1","否","","","","DRINK","recipe_type=kaleidoscope_tavern:barrel","HIGH","3","1","否","否","kaleidoscope_tavern:empty_bottle","minecraft:water","","","无","(base)","是","不进入厨师","内容类型=DRINK","","需适配","TAVERN_BARREL（建议）","doTapExtract/getRecipeId",""
"Kaleidoscope Tavern","[森罗物语-酒馆]kaleidoscopetavern-1.2.0-neoforge+mc1.21.1.jar","1.2.0","kaleidoscope_tavern","kaleidoscope_tavern:barrel/whiskey","kaleidoscope_tavern:barrel","酒馆木桶","Whiskey","kaleidoscope_tavern:whiskey","1","否","","","","DRINK","recipe_type=kaleidoscope_tavern:barrel","HIGH","3","1","否","否","kaleidoscope_tavern:empty_bottle","minecraft:water","","","无","(base)","是","不进入厨师","内容类型=DRINK","","需适配","TAVERN_BARREL（建议）","doTapExtract/getRecipeId",""
"Kaleidoscope Tavern","[森罗物语-酒馆]kaleidoscopetavern-1.2.0-neoforge+mc1.21.1.jar","1.2.0","kaleidoscope_tavern","kaleidoscope_tavern:barrel/wine","kaleidoscope_tavern:barrel","酒馆木桶","Wine","kaleidoscope_tavern:wine","1","否","","","","DRINK","recipe_type=kaleidoscope_tavern:barrel","HIGH","2","2","否","否","kaleidoscope_tavern:empty_bottle","kaleidoscope_tavern:grape_juice","","","无","(base)","是","不进入厨师","内容类型=DRINK","","需适配","TAVERN_BARREL（建议）","doTapExtract/getRecipeId",""
"Kaleidoscope Tavern","[森罗物语-酒馆]kaleidoscopetavern-1.2.0-neoforge+mc1.21.1.jar","1.2.0","kaleidoscope_tavern","kaleidoscope_tavern:base_sandwich_board","minecraft:crafting_shaped","工作台（有序）","Sandwich Board","kaleidoscope_tavern:base_sandwich_board","1","否","","","","NON_FOOD","manual_override;SandwichBoardBlock装饰/花变换；无分食SERVINGS","HIGH","2","2","否","否","","","","","无","(base)","是","不进入厨师","SandwichBoardBlock装饰/花变换；无分食SERVINGS","","已覆盖","CRAFTING","ItemCraftedEvent","人工覆盖优先；javap:deco非整盘料理"
"Kaleidoscope Tavern","[森罗物语-酒馆]kaleidoscopetavern-1.2.0-neoforge+mc1.21.1.jar","1.2.0","kaleidoscope_tavern","kaleidoscope_tavern:bell_pendant_lamp","minecraft:crafting_shaped","工作台（有序）","Bell Pendant Lamp","kaleidoscope_tavern:bell_pendant_lamp","8","否","","","","NON_FOOD","not_edible","MEDIUM","2","2","否","否","","","","","无","(base)","是","不进入厨师","内容类型=NON_FOOD","","已覆盖","CRAFTING","ItemCraftedEvent",""
"Kaleidoscope Tavern","[森罗物语-酒馆]kaleidoscopetavern-1.2.0-neoforge+mc1.21.1.jar","1.2.0","kaleidoscope_tavern","kaleidoscope_tavern:black_bar_stool","minecraft:crafting_shaped","工作台（有序）","Black Bar Stool","kaleidoscope_tavern:black_bar_stool","1","否","","","","NON_FOOD","not_edible","MEDIUM","3","3","否","否","","","","","无","(base)","是","不进入厨师","内容类型=NON_FOOD","","已覆盖","CRAFTING","ItemCraftedEvent",""
"Kaleidoscope Tavern","[森罗物语-酒馆]kaleidoscopetavern-1.2.0-neoforge+mc1.21.1.jar","1.2.0","kaleidoscope_tavern","kaleidoscope_tavern:black_sofa","minecraft:crafting_shaped","工作台（有序）","Black Sofa","kaleidoscope_tavern:black_sofa","1","否","","","","NON_FOOD","not_edible","MEDIUM","2","2","否","否","","","","","无","(base)","是","不进入厨师","内容类型=NON_FOOD","","已覆盖","CRAFTING","ItemCraftedEvent",""
"Kaleidoscope Tavern","[森罗物语-酒馆]kaleidoscopetavern-1.2.0-neoforge+mc1.21.1.jar","1.2.0","kaleidoscope_tavern","kaleidoscope_tavern:blue_bar_stool","minecraft:crafting_shaped","工作台（有序）","Blue Bar Stool","kaleidoscope_tavern:blue_bar_stool","1","否","","","","NON_FOOD","not_edible","MEDIUM","3","3","否","否","","","","","无","(base)","是","不进入厨师","内容类型=NON_FOOD","","已覆盖","CRAFTING","ItemCraftedEvent",""
"Kaleidoscope Tavern","[森罗物语-酒馆]kaleidoscopetavern-1.2.0-neoforge+mc1.21.1.jar","1.2.0","kaleidoscope_tavern","kaleidoscope_tavern:blue_pendant_lamp","minecraft:crafting_shaped","工作台（有序）","Blue Pendant Lamp","kaleidoscope_tavern:blue_pendant_lamp","4","否","","","","NON_FOOD","not_edible","MEDIUM","2","2","否","否","","","","","无","(base)","是","不进入厨师","内容类型=NON_FOOD","","已覆盖","CRAFTING","ItemCraftedEvent",""
"Kaleidoscope Tavern","[森罗物语-酒馆]kaleidoscopetavern-1.2.0-neoforge+mc1.21.1.jar","1.2.0","kaleidoscope_tavern","kaleidoscope_tavern:blue_sofa","minecraft:crafting_shaped","工作台（有序）","Blue Sofa","kaleidoscope_tavern:blue_sofa","1","否","","","","NON_FOOD","not_edible","MEDIUM","2","2","否","否","","","","","无","(base)","是","不进入厨师","内容类型=NON_FOOD","","已覆盖","CRAFTING","ItemCraftedEvent",""
"Kaleidoscope Tavern","[森罗物语-酒馆]kaleidoscopetavern-1.2.0-neoforge+mc1.21.1.jar","1.2.0","kaleidoscope_tavern","kaleidoscope_tavern:brown_bar_stool","minecraft:crafting_shaped","工作台（有序）","Brown Bar Stool","kaleidoscope_tavern:brown_bar_stool","1","否","","","","NON_FOOD","not_edible","MEDIUM","3","3","否","否","","","","","无","(base)","是","不进入厨师","内容类型=NON_FOOD","","已覆盖","CRAFTING","ItemCraftedEvent",""
"Kaleidoscope Tavern","[森罗物语-酒馆]kaleidoscopetavern-1.2.0-neoforge+mc1.21.1.jar","1.2.0","kaleidoscope_tavern","kaleidoscope_tavern:brown_sofa","minecraft:crafting_shaped","工作台（有序）","Brown Sofa","kaleidoscope_tavern:brown_sofa","1","否","","","","NON_FOOD","not_edible","MEDIUM","2","2","否","否","","","","","无","(base)","是","不进入厨师","内容类型=NON_FOOD","","已覆盖","CRAFTING","ItemCraftedEvent",""
"Kaleidoscope Tavern","[森罗物语-酒馆]kaleidoscopetavern-1.2.0-neoforge+mc1.21.1.jar","1.2.0","kaleidoscope_tavern","kaleidoscope_tavern:butterfly_incense","minecraft:crafting_shaped","工作台（有序）","Butterfly Incense","kaleidoscope_tavern:butterfly_incense","1","否","","","","NON_FOOD","not_edible","MEDIUM","3","3","否","否","","","","","无","(base)","是","不进入厨师","内容类型=NON_FOOD","","已覆盖","CRAFTING","ItemCraftedEvent",""
"Kaleidoscope Tavern","[森罗物语-酒馆]kaleidoscopetavern-1.2.0-neoforge+mc1.21.1.jar","1.2.0","kaleidoscope_tavern","kaleidoscope_tavern:catnip_incense","minecraft:crafting_shaped","工作台（有序）","Catnip Incense","kaleidoscope_tavern:catnip_incense","1","否","","","","NON_FOOD","not_edible","MEDIUM","3","3","否","否","","","","","无","(base)","是","不进入厨师","内容类型=NON_FOOD","","已覆盖","CRAFTING","ItemCraftedEvent",""
"Kaleidoscope Tavern","[森罗物语-酒馆]kaleidoscopetavern-1.2.0-neoforge+mc1.21.1.jar","1.2.0","kaleidoscope_tavern","kaleidoscope_tavern:cellar_cabinet","minecraft:crafting_shaped","工作台（有序）","Cellar Cabinet","kaleidoscope_tavern:cellar_cabinet","1","否","","","","NON_FOOD","decor_or_storage_token","HIGH","2","2","否","否","","","","","无","(base)","是","不进入厨师","内容类型=NON_FOOD","","已覆盖","CRAFTING","ItemCraftedEvent",""
"Kaleidoscope Tavern","[森罗物语-酒馆]kaleidoscopetavern-1.2.0-neoforge+mc1.21.1.jar","1.2.0","kaleidoscope_tavern","kaleidoscope_tavern:chalkboard","minecraft:crafting_shaped","工作台（有序）","Chalkboard","kaleidoscope_tavern:chalkboard","1","否","","","","NON_FOOD","not_edible","MEDIUM","2","2","否","否","","","","","无","(base)","是","不进入厨师","内容类型=NON_FOOD","","已覆盖","CRAFTING","ItemCraftedEvent",""
"Kaleidoscope Tavern","[森罗物语-酒馆]kaleidoscopetavern-1.2.0-neoforge+mc1.21.1.jar","1.2.0","kaleidoscope_tavern","kaleidoscope_tavern:circular_rack","minecraft:crafting_shaped","工作台（有序）","Circular Rack","kaleidoscope_tavern:circular_rack","2","否","","","","NON_FOOD","not_edible","MEDIUM","2","2","否","否","","","","","无","(base)","是","不进入厨师","内容类型=NON_FOOD","","已覆盖","CRAFTING","ItemCraftedEvent",""
"Kaleidoscope Tavern","[森罗物语-酒馆]kaleidoscopetavern-1.2.0-neoforge+mc1.21.1.jar","1.2.0","kaleidoscope_tavern","kaleidoscope_tavern:cornflower_sandwich_board_from_cornflower","minecraft:crafting_shapeless","工作台（无序）","Sandwich Board","kaleidoscope_tavern:cornflower_sandwich_board","1","否","","","","NON_FOOD","manual_override;装饰三明治板","HIGH","2","2","否","否","","","","","无","(base)","是","不进入厨师","装饰三明治板","","已覆盖","CRAFTING","ItemCraftedEvent","人工覆盖优先"
"Kaleidoscope Tavern","[森罗物语-酒馆]kaleidoscopetavern-1.2.0-neoforge+mc1.21.1.jar","1.2.0","kaleidoscope_tavern","kaleidoscope_tavern:cr019_painting","minecraft:crafting_shapeless","工作台（无序）","Painting","kaleidoscope_tavern:cr019_painting","1","否","","","","NON_FOOD","decor_or_storage_token","HIGH","2","2","否","否","","","","","无","(base)","是","不进入厨师","内容类型=NON_FOOD","","已覆盖","CRAFTING","ItemCraftedEvent",""
"Kaleidoscope Tavern","[森罗物语-酒馆]kaleidoscopetavern-1.2.0-neoforge+mc1.21.1.jar","1.2.0","kaleidoscope_tavern","kaleidoscope_tavern:cyan_bar_stool","minecraft:crafting_shaped","工作台（有序）","Cyan Bar Stool","kaleidoscope_tavern:cyan_bar_stool","1","否","","","","NON_FOOD","not_edible","MEDIUM","3","3","否","否","","","","","无","(base)","是","不进入厨师","内容类型=NON_FOOD","","已覆盖","CRAFTING","ItemCraftedEvent",""
"Kaleidoscope Tavern","[森罗物语-酒馆]kaleidoscopetavern-1.2.0-neoforge+mc1.21.1.jar","1.2.0","kaleidoscope_tavern","kaleidoscope_tavern:cyan_sofa","minecraft:crafting_shaped","工作台（有序）","Cyan Sofa","kaleidoscope_tavern:cyan_sofa","1","否","","","","NON_FOOD","not_edible","MEDIUM","2","2","否","否","","","","","无","(base)","是","不进入厨师","内容类型=NON_FOOD","","已覆盖","CRAFTING","ItemCraftedEvent",""
"Kaleidoscope Tavern","[森罗物语-酒馆]kaleidoscopetavern-1.2.0-neoforge+mc1.21.1.jar","1.2.0","kaleidoscope_tavern","kaleidoscope_tavern:david_painting","minecraft:crafting_shapeless","工作台（无序）","Painting","kaleidoscope_tavern:david_painting","1","否","","","","NON_FOOD","decor_or_storage_token","HIGH","2","2","否","否","","","","","无","(base)","是","不进入厨师","内容类型=NON_FOOD","","已覆盖","CRAFTING","ItemCraftedEvent",""
"Kaleidoscope Tavern","[森罗物语-酒馆]kaleidoscopetavern-1.2.0-neoforge+mc1.21.1.jar","1.2.0","kaleidoscope_tavern","kaleidoscope_tavern:empty_bottle","minecraft:crafting_shapeless","工作台（无序）","Empty Bottle","kaleidoscope_tavern:empty_bottle","1","否","","","","NON_FOOD","not_edible","MEDIUM","1","1","否","否","","","","","无","(base)","是","不进入厨师","内容类型=NON_FOOD","","已覆盖","CRAFTING","ItemCraftedEvent",""
"Kaleidoscope Tavern","[森罗物语-酒馆]kaleidoscopetavern-1.2.0-neoforge+mc1.21.1.jar","1.2.0","kaleidoscope_tavern","kaleidoscope_tavern:empty_glassware","minecraft:crafting_shaped","工作台（有序）","Empty Glassware","kaleidoscope_tavern:empty_glassware","1","否","","","","NON_FOOD","not_edible","MEDIUM","1","1","否","否","","","","","无","(base)","是","不进入厨师","内容类型=NON_FOOD","","已覆盖","CRAFTING","ItemCraftedEvent",""
"Kaleidoscope Tavern","[森罗物语-酒馆]kaleidoscopetavern-1.2.0-neoforge+mc1.21.1.jar","1.2.0","kaleidoscope_tavern","kaleidoscope_tavern:father_painting","minecraft:crafting_shapeless","工作台（无序）","Painting","kaleidoscope_tavern:father_painting","1","否","","","","NON_FOOD","decor_or_storage_token","HIGH","2","2","否","否","","","","","无","(base)","是","不进入厨师","内容类型=NON_FOOD","","已覆盖","CRAFTING","ItemCraftedEvent",""
"Kaleidoscope Tavern","[森罗物语-酒馆]kaleidoscopetavern-1.2.0-neoforge+mc1.21.1.jar","1.2.0","kaleidoscope_tavern","kaleidoscope_tavern:firefly_incense","minecraft:crafting_shaped","工作台（有序）","Firefly Incense","kaleidoscope_tavern:firefly_incense","1","否","","","","NON_FOOD","not_edible","MEDIUM","3","3","否","否","","","","","无","(base)","是","不进入厨师","内容类型=NON_FOOD","","已覆盖","CRAFTING","ItemCraftedEvent",""
"Kaleidoscope Tavern","[森罗物语-酒馆]kaleidoscopetavern-1.2.0-neoforge+mc1.21.1.jar","1.2.0","kaleidoscope_tavern","kaleidoscope_tavern:ginkgo_incense","minecraft:crafting_shaped","工作台（有序）","Ginkgo Incense","kaleidoscope_tavern:ginkgo_incense","1","否","","","","NON_FOOD","not_edible","MEDIUM","3","3","否","否","","","","","无","(base)","是","不进入厨师","内容类型=NON_FOOD","","已覆盖","CRAFTING","ItemCraftedEvent",""
"Kaleidoscope Tavern","[森罗物语-酒馆]kaleidoscopetavern-1.2.0-neoforge+mc1.21.1.jar","1.2.0","kaleidoscope_tavern","kaleidoscope_tavern:girl_with_pearl_earring_painting","minecraft:crafting_shapeless","工作台（无序）","Painting","kaleidoscope_tavern:girl_with_pearl_earring_painting","1","否","","","","NON_FOOD","decor_or_storage_token","HIGH","2","2","否","否","","","","","无","(base)","是","不进入厨师","内容类型=NON_FOOD","","已覆盖","CRAFTING","ItemCraftedEvent",""
"Kaleidoscope Tavern","[森罗物语-酒馆]kaleidoscopetavern-1.2.0-neoforge+mc1.21.1.jar","1.2.0","kaleidoscope_tavern","kaleidoscope_tavern:glass_bar_cabinet","minecraft:crafting_shaped","工作台（有序）","Glass Bar Cabinet","kaleidoscope_tavern:glass_bar_cabinet","1","否","","","","NON_FOOD","decor_or_storage_token","HIGH","2","2","否","否","","","","","无","(base)","是","不进入厨师","内容类型=NON_FOOD","","已覆盖","CRAFTING","ItemCraftedEvent",""
"Kaleidoscope Tavern","[森罗物语-酒馆]kaleidoscopetavern-1.2.0-neoforge+mc1.21.1.jar","1.2.0","kaleidoscope_tavern","kaleidoscope_tavern:glassware_holder","minecraft:crafting_shaped","工作台（有序）","Glassware Holder","kaleidoscope_tavern:glassware_holder","1","否","","","","NON_FOOD","not_edible","MEDIUM","2","2","否","否","","","","","无","(base)","是","不进入厨师","内容类型=NON_FOOD","","已覆盖","CRAFTING","ItemCraftedEvent",""
"Kaleidoscope Tavern","[森罗物语-酒馆]kaleidoscopetavern-1.2.0-neoforge+mc1.21.1.jar","1.2.0","kaleidoscope_tavern","kaleidoscope_tavern:grass_sandwich_board_from_short_grass","minecraft:crafting_shapeless","工作台（无序）","Sandwich Board","kaleidoscope_tavern:grass_sandwich_board","1","否","","","","NON_FOOD","manual_override;装饰三明治板","HIGH","2","2","否","否","","","","","无","(base)","是","不进入厨师","装饰三明治板","","已覆盖","CRAFTING","ItemCraftedEvent","人工覆盖优先"
"Kaleidoscope Tavern","[森罗物语-酒馆]kaleidoscopetavern-1.2.0-neoforge+mc1.21.1.jar","1.2.0","kaleidoscope_tavern","kaleidoscope_tavern:gray_bar_stool","minecraft:crafting_shaped","工作台（有序）","Gray Bar Stool","kaleidoscope_tavern:gray_bar_stool","1","否","","","","NON_FOOD","not_edible","MEDIUM","3","3","否","否","","","","","无","(base)","是","不进入厨师","内容类型=NON_FOOD","","已覆盖","CRAFTING","ItemCraftedEvent",""
"Kaleidoscope Tavern","[森罗物语-酒馆]kaleidoscopetavern-1.2.0-neoforge+mc1.21.1.jar","1.2.0","kaleidoscope_tavern","kaleidoscope_tavern:gray_sofa","minecraft:crafting_shaped","工作台（有序）","Gray Sofa","kaleidoscope_tavern:gray_sofa","1","否","","","","NON_FOOD","not_edible","MEDIUM","2","2","否","否","","","","","无","(base)","是","不进入厨师","内容类型=NON_FOOD","","已覆盖","CRAFTING","ItemCraftedEvent",""
"Kaleidoscope Tavern","[森罗物语-酒馆]kaleidoscopetavern-1.2.0-neoforge+mc1.21.1.jar","1.2.0","kaleidoscope_tavern","kaleidoscope_tavern:great_wave_painting","minecraft:crafting_shapeless","工作台（无序）","Painting","kaleidoscope_tavern:great_wave_painting","1","否","","","","NON_FOOD","decor_or_storage_token","HIGH","2","2","否","否","","","","","无","(base)","是","不进入厨师","内容类型=NON_FOOD","","已覆盖","CRAFTING","ItemCraftedEvent",""
"Kaleidoscope Tavern","[森罗物语-酒馆]kaleidoscopetavern-1.2.0-neoforge+mc1.21.1.jar","1.2.0","kaleidoscope_tavern","kaleidoscope_tavern:green_bar_stool","minecraft:crafting_shaped","工作台（有序）","Green Bar Stool","kaleidoscope_tavern:green_bar_stool","1","否","","","","NON_FOOD","not_edible","MEDIUM","3","3","否","否","","","","","无","(base)","是","不进入厨师","内容类型=NON_FOOD","","已覆盖","CRAFTING","ItemCraftedEvent",""
"Kaleidoscope Tavern","[森罗物语-酒馆]kaleidoscopetavern-1.2.0-neoforge+mc1.21.1.jar","1.2.0","kaleidoscope_tavern","kaleidoscope_tavern:green_sofa","minecraft:crafting_shaped","工作台（有序）","Green Sofa","kaleidoscope_tavern:green_sofa","1","否","","","","NON_FOOD","not_edible","MEDIUM","2","2","否","否","","","","","无","(base)","是","不进入厨师","内容类型=NON_FOOD","","已覆盖","CRAFTING","ItemCraftedEvent",""
"Kaleidoscope Tavern","[森罗物语-酒馆]kaleidoscopetavern-1.2.0-neoforge+mc1.21.1.jar","1.2.0","kaleidoscope_tavern","kaleidoscope_tavern:holder","minecraft:crafting_shaped","工作台（有序）","Bottle Holder","kaleidoscope_tavern:holder","1","否","","","","NON_FOOD","not_edible","MEDIUM","2","2","否","否","","","","","无","(base)","是","不进入厨师","内容类型=NON_FOOD","","已覆盖","CRAFTING","ItemCraftedEvent",""
"Kaleidoscope Tavern","[森罗物语-酒馆]kaleidoscopetavern-1.2.0-neoforge+mc1.21.1.jar","1.2.0","kaleidoscope_tavern","kaleidoscope_tavern:light_blue_bar_stool","minecraft:crafting_shaped","工作台（有序）","Light Blue Bar Stool","kaleidoscope_tavern:light_blue_bar_stool","1","否","","","","NON_FOOD","not_edible","MEDIUM","3","3","否","否","","","","","无","(base)","是","不进入厨师","内容类型=NON_FOOD","","已覆盖","CRAFTING","ItemCraftedEvent",""
"Kaleidoscope Tavern","[森罗物语-酒馆]kaleidoscopetavern-1.2.0-neoforge+mc1.21.1.jar","1.2.0","kaleidoscope_tavern","kaleidoscope_tavern:light_blue_sofa","minecraft:crafting_shaped","工作台（有序）","Light Blue Sofa","kaleidoscope_tavern:light_blue_sofa","1","否","","","","NON_FOOD","not_edible","MEDIUM","2","2","否","否","","","","","无","(base)","是","不进入厨师","内容类型=NON_FOOD","","已覆盖","CRAFTING","ItemCraftedEvent",""
"Kaleidoscope Tavern","[森罗物语-酒馆]kaleidoscopetavern-1.2.0-neoforge+mc1.21.1.jar","1.2.0","kaleidoscope_tavern","kaleidoscope_tavern:light_gray_bar_stool","minecraft:crafting_shaped","工作台（有序）","Light Gray Bar Stool","kaleidoscope_tavern:light_gray_bar_stool","1","否","","","","NON_FOOD","not_edible","MEDIUM","3","3","否","否","","","","","无","(base)","是","不进入厨师","内容类型=NON_FOOD","","已覆盖","CRAFTING","ItemCraftedEvent",""
"Kaleidoscope Tavern","[森罗物语-酒馆]kaleidoscopetavern-1.2.0-neoforge+mc1.21.1.jar","1.2.0","kaleidoscope_tavern","kaleidoscope_tavern:light_gray_sofa","minecraft:crafting_shaped","工作台（有序）","Light Gray Sofa","kaleidoscope_tavern:light_gray_sofa","1","否","","","","NON_FOOD","not_edible","MEDIUM","2","2","否","否","","","","","无","(base)","是","不进入厨师","内容类型=NON_FOOD","","已覆盖","CRAFTING","ItemCraftedEvent",""
"Kaleidoscope Tavern","[森罗物语-酒馆]kaleidoscopetavern-1.2.0-neoforge+mc1.21.1.jar","1.2.0","kaleidoscope_tavern","kaleidoscope_tavern:lime_bar_stool","minecraft:crafting_shaped","工作台（有序）","Lime Bar Stool","kaleidoscope_tavern:lime_bar_stool","1","否","","","","NON_FOOD","not_edible","MEDIUM","3","3","否","否","","","","","无","(base)","是","不进入厨师","内容类型=NON_FOOD","","已覆盖","CRAFTING","ItemCraftedEvent",""
"Kaleidoscope Tavern","[森罗物语-酒馆]kaleidoscopetavern-1.2.0-neoforge+mc1.21.1.jar","1.2.0","kaleidoscope_tavern","kaleidoscope_tavern:lime_sofa","minecraft:crafting_shaped","工作台（有序）","Lime Sofa","kaleidoscope_tavern:lime_sofa","1","否","","","","NON_FOOD","not_edible","MEDIUM","2","2","否","否","","","","","无","(base)","是","不进入厨师","内容类型=NON_FOOD","","已覆盖","CRAFTING","ItemCraftedEvent",""
"Kaleidoscope Tavern","[森罗物语-酒馆]kaleidoscopetavern-1.2.0-neoforge+mc1.21.1.jar","1.2.0","kaleidoscope_tavern","kaleidoscope_tavern:magenta_bar_stool","minecraft:crafting_shaped","工作台（有序）","Magenta Bar Stool","kaleidoscope_tavern:magenta_bar_stool","1","否","","","","NON_FOOD","not_edible","MEDIUM","3","3","否","否","","","","","无","(base)","是","不进入厨师","内容类型=NON_FOOD","","已覆盖","CRAFTING","ItemCraftedEvent",""
"Kaleidoscope Tavern","[森罗物语-酒馆]kaleidoscopetavern-1.2.0-neoforge+mc1.21.1.jar","1.2.0","kaleidoscope_tavern","kaleidoscope_tavern:magenta_sofa","minecraft:crafting_shaped","工作台（有序）","Magenta Sofa","kaleidoscope_tavern:magenta_sofa","1","否","","","","NON_FOOD","not_edible","MEDIUM","2","2","否","否","","","","","无","(base)","是","不进入厨师","内容类型=NON_FOOD","","已覆盖","CRAFTING","ItemCraftedEvent",""
"Kaleidoscope Tavern","[森罗物语-酒馆]kaleidoscopetavern-1.2.0-neoforge+mc1.21.1.jar","1.2.0","kaleidoscope_tavern","kaleidoscope_tavern:master_marisa_painting","minecraft:crafting_shapeless","工作台（无序）","Painting","kaleidoscope_tavern:master_marisa_painting","1","否","","","","NON_FOOD","decor_or_storage_token","HIGH","2","2","否","否","","","","","无","(base)","是","不进入厨师","内容类型=NON_FOOD","","已覆盖","CRAFTING","ItemCraftedEvent",""
"Kaleidoscope Tavern","[森罗物语-酒馆]kaleidoscopetavern-1.2.0-neoforge+mc1.21.1.jar","1.2.0","kaleidoscope_tavern","kaleidoscope_tavern:mona_lisa_painting","minecraft:crafting_shapeless","工作台（无序）","Painting","kaleidoscope_tavern:mona_lisa_painting","1","否","","","","NON_FOOD","decor_or_storage_token","HIGH","2","2","否","否","","","","","无","(base)","是","不进入厨师","内容类型=NON_FOOD","","已覆盖","CRAFTING","ItemCraftedEvent",""
"Kaleidoscope Tavern","[森罗物语-酒馆]kaleidoscopetavern-1.2.0-neoforge+mc1.21.1.jar","1.2.0","kaleidoscope_tavern","kaleidoscope_tavern:mondrian_painting","minecraft:crafting_shaped","工作台（有序）","Painting","kaleidoscope_tavern:mondrian_painting","1","否","","","","NON_FOOD","decor_or_storage_token","HIGH","5","5","否","否","","","","","无","(base)","是","不进入厨师","内容类型=NON_FOOD","","已覆盖","CRAFTING","ItemCraftedEvent",""
"Kaleidoscope Tavern","[森罗物语-酒馆]kaleidoscopetavern-1.2.0-neoforge+mc1.21.1.jar","1.2.0","kaleidoscope_tavern","kaleidoscope_tavern:orange_bar_stool","minecraft:crafting_shaped","工作台（有序）","Orange Bar Stool","kaleidoscope_tavern:orange_bar_stool","1","否","","","","NON_FOOD","not_edible","MEDIUM","3","3","否","否","","","","","无","(base)","是","不进入厨师","内容类型=NON_FOOD","","已覆盖","CRAFTING","ItemCraftedEvent",""
"Kaleidoscope Tavern","[森罗物语-酒馆]kaleidoscopetavern-1.2.0-neoforge+mc1.21.1.jar","1.2.0","kaleidoscope_tavern","kaleidoscope_tavern:orange_sofa","minecraft:crafting_shaped","工作台（有序）","Orange Sofa","kaleidoscope_tavern:orange_sofa","1","否","","","","NON_FOOD","not_edible","MEDIUM","2","2","否","否","","","","","无","(base)","是","不进入厨师","内容类型=NON_FOOD","","已覆盖","CRAFTING","ItemCraftedEvent",""
"Kaleidoscope Tavern","[森罗物语-酒馆]kaleidoscopetavern-1.2.0-neoforge+mc1.21.1.jar","1.2.0","kaleidoscope_tavern","kaleidoscope_tavern:orchid_sandwich_board_from_blue_orchid","minecraft:crafting_shapeless","工作台（无序）","Sandwich Board","kaleidoscope_tavern:orchid_sandwich_board","1","否","","","","NON_FOOD","manual_override;装饰三明治板","HIGH","2","2","否","否","","","","","无","(base)","是","不进入厨师","装饰三明治板","","已覆盖","CRAFTING","ItemCraftedEvent","人工覆盖优先"
"Kaleidoscope Tavern","[森罗物语-酒馆]kaleidoscopetavern-1.2.0-neoforge+mc1.21.1.jar","1.2.0","kaleidoscope_tavern","kaleidoscope_tavern:peony_sandwich_board_from_lilac","minecraft:crafting_shapeless","工作台（无序）","Sandwich Board","kaleidoscope_tavern:peony_sandwich_board","1","否","","","","NON_FOOD","manual_override;装饰三明治板","HIGH","2","2","否","否","","","","","无","(base)","是","不进入厨师","装饰三明治板","","已覆盖","CRAFTING","ItemCraftedEvent","人工覆盖优先"
"Kaleidoscope Tavern","[森罗物语-酒馆]kaleidoscopetavern-1.2.0-neoforge+mc1.21.1.jar","1.2.0","kaleidoscope_tavern","kaleidoscope_tavern:peony_sandwich_board_from_peony","minecraft:crafting_shapeless","工作台（无序）","Sandwich Board","kaleidoscope_tavern:peony_sandwich_board","1","否","","","","NON_FOOD","manual_override;装饰三明治板","HIGH","2","2","否","否","","","","","无","(base)","是","不进入厨师","装饰三明治板","","已覆盖","CRAFTING","ItemCraftedEvent","人工覆盖优先"
"Kaleidoscope Tavern","[森罗物语-酒馆]kaleidoscopetavern-1.2.0-neoforge+mc1.21.1.jar","1.2.0","kaleidoscope_tavern","kaleidoscope_tavern:pine_incense","minecraft:crafting_shaped","工作台（有序）","Pine Incense","kaleidoscope_tavern:pine_incense","1","否","","","","NON_FOOD","not_edible","MEDIUM","3","3","否","否","","","","","无","(base)","是","不进入厨师","内容类型=NON_FOOD","","已覆盖","CRAFTING","ItemCraftedEvent",""
"Kaleidoscope Tavern","[森罗物语-酒馆]kaleidoscopetavern-1.2.0-neoforge+mc1.21.1.jar","1.2.0","kaleidoscope_tavern","kaleidoscope_tavern:pink_bar_stool","minecraft:crafting_shaped","工作台（有序）","Pink Bar Stool","kaleidoscope_tavern:pink_bar_stool","1","否","","","","NON_FOOD","not_edible","MEDIUM","3","3","否","否","","","","","无","(base)","是","不进入厨师","内容类型=NON_FOOD","","已覆盖","CRAFTING","ItemCraftedEvent",""
"Kaleidoscope Tavern","[森罗物语-酒馆]kaleidoscopetavern-1.2.0-neoforge+mc1.21.1.jar","1.2.0","kaleidoscope_tavern","kaleidoscope_tavern:pink_petals_sandwich_board_from_pink_petals","minecraft:crafting_shapeless","工作台（无序）","Sandwich Board","kaleidoscope_tavern:pink_petals_sandwich_board","1","否","","","","NON_FOOD","manual_override;装饰三明治板","HIGH","2","2","否","否","","","","","无","(base)","是","不进入厨师","装饰三明治板","","已覆盖","CRAFTING","ItemCraftedEvent","人工覆盖优先"
"Kaleidoscope Tavern","[森罗物语-酒馆]kaleidoscopetavern-1.2.0-neoforge+mc1.21.1.jar","1.2.0","kaleidoscope_tavern","kaleidoscope_tavern:pink_sofa","minecraft:crafting_shaped","工作台（有序）","Pink Sofa","kaleidoscope_tavern:pink_sofa","1","否","","","","NON_FOOD","not_edible","MEDIUM","2","2","否","否","","","","","无","(base)","是","不进入厨师","内容类型=NON_FOOD","","已覆盖","CRAFTING","ItemCraftedEvent",""
"Kaleidoscope Tavern","[森罗物语-酒馆]kaleidoscopetavern-1.2.0-neoforge+mc1.21.1.jar","1.2.0","kaleidoscope_tavern","kaleidoscope_tavern:pitcher_plant_sandwich_board_from_pitcher_plant","minecraft:crafting_shapeless","工作台（无序）","Sandwich Board","kaleidoscope_tavern:pitcher_plant_sandwich_board","1","否","","","","NON_FOOD","manual_override;装饰三明治板","HIGH","2","2","否","否","","","","","无","(base)","是","不进入厨师","装饰三明治板","","已覆盖","CRAFTING","ItemCraftedEvent","人工覆盖优先"
"Kaleidoscope Tavern","[森罗物语-酒馆]kaleidoscopetavern-1.2.0-neoforge+mc1.21.1.jar","1.2.0","kaleidoscope_tavern","kaleidoscope_tavern:poppy_sandwich_board_from_poppy","minecraft:crafting_shapeless","工作台（无序）","Sandwich Board","kaleidoscope_tavern:poppy_sandwich_board","1","否","","","","NON_FOOD","manual_override;装饰三明治板","HIGH","2","2","否","否","","","","","无","(base)","是","不进入厨师","装饰三明治板","","已覆盖","CRAFTING","ItemCraftedEvent","人工覆盖优先"
"Kaleidoscope Tavern","[森罗物语-酒馆]kaleidoscopetavern-1.2.0-neoforge+mc1.21.1.jar","1.2.0","kaleidoscope_tavern","kaleidoscope_tavern:poppy_sandwich_board_from_rose_bush","minecraft:crafting_shapeless","工作台（无序）","Sandwich Board","kaleidoscope_tavern:poppy_sandwich_board","1","否","","","","NON_FOOD","manual_override;装饰三明治板","HIGH","2","2","否","否","","","","","无","(base)","是","不进入厨师","装饰三明治板","","已覆盖","CRAFTING","ItemCraftedEvent","人工覆盖优先"
"Kaleidoscope Tavern","[森罗物语-酒馆]kaleidoscopetavern-1.2.0-neoforge+mc1.21.1.jar","1.2.0","kaleidoscope_tavern","kaleidoscope_tavern:pressing_tub","minecraft:crafting_shapeless","工作台（无序）","Pressing Tub","kaleidoscope_tavern:pressing_tub","2","否","","","","NON_FOOD","not_edible","MEDIUM","1","1","否","否","","","","","无","(base)","是","不进入厨师","内容类型=NON_FOOD","","已覆盖","CRAFTING","ItemCraftedEvent",""
"Kaleidoscope Tavern","[森罗物语-酒馆]kaleidoscopetavern-1.2.0-neoforge+mc1.21.1.jar","1.2.0","kaleidoscope_tavern","kaleidoscope_tavern:pressing_tub/glow_berries_bucket","kaleidoscope_tavern:pressing_tub","酒馆压汁桶","Glow Berries Bucket","kaleidoscope_tavern:glow_berries_bucket","1","否","","","","INGREDIENT","fluid_only_pressing_tub_or_no_item_result","HIGH","2","1","否","是","","kaleidoscope_tavern:glow_berries_juice","","","无","(base)","是","不进入厨师","内容类型=INGREDIENT","","不接入厨师","—","流体",""
"Kaleidoscope Tavern","[森罗物语-酒馆]kaleidoscopetavern-1.2.0-neoforge+mc1.21.1.jar","1.2.0","kaleidoscope_tavern","kaleidoscope_tavern:pressing_tub/gold_grape_bucket","kaleidoscope_tavern:pressing_tub","酒馆压汁桶","Gold Grape Bucket","kaleidoscope_tavern:gold_grape_bucket","1","否","","","","INGREDIENT","fluid_only_pressing_tub_or_no_item_result","HIGH","2","1","否","是","","kaleidoscope_tavern:gold_grape_juice","","","无","(base)","是","不进入厨师","内容类型=INGREDIENT","","不接入厨师","—","流体",""
"Kaleidoscope Tavern","[森罗物语-酒馆]kaleidoscopetavern-1.2.0-neoforge+mc1.21.1.jar","1.2.0","kaleidoscope_tavern","kaleidoscope_tavern:pressing_tub/grape_bucket","kaleidoscope_tavern:pressing_tub","酒馆压汁桶","Grape Bucket","kaleidoscope_tavern:grape_bucket","1","否","","","","INGREDIENT","fluid_only_pressing_tub_or_no_item_result","HIGH","2","1","否","是","","kaleidoscope_tavern:grape_juice","","","无","(base)","是","不进入厨师","内容类型=INGREDIENT","","不接入厨师","—","流体",""
"Kaleidoscope Tavern","[森罗物语-酒馆]kaleidoscopetavern-1.2.0-neoforge+mc1.21.1.jar","1.2.0","kaleidoscope_tavern","kaleidoscope_tavern:pressing_tub/green_grape_bucket","kaleidoscope_tavern:pressing_tub","酒馆压汁桶","Green Grape Bucket","kaleidoscope_tavern:green_grape_bucket","1","否","","","","INGREDIENT","fluid_only_pressing_tub_or_no_item_result","HIGH","2","1","否","是","","kaleidoscope_tavern:green_grape_juice","","","无","(base)","是","不进入厨师","内容类型=INGREDIENT","","不接入厨师","—","流体",""
"Kaleidoscope Tavern","[森罗物语-酒馆]kaleidoscopetavern-1.2.0-neoforge+mc1.21.1.jar","1.2.0","kaleidoscope_tavern","kaleidoscope_tavern:pressing_tub/ice_grape_bucket","kaleidoscope_tavern:pressing_tub","酒馆压汁桶","Ice Grape Bucket","kaleidoscope_tavern:ice_grape_bucket","1","否","","","","INGREDIENT","fluid_only_pressing_tub_or_no_item_result","HIGH","2","1","否","是","","kaleidoscope_tavern:ice_grape_juice","","","无","(base)","是","不进入厨师","内容类型=INGREDIENT","","不接入厨师","—","流体",""
"Kaleidoscope Tavern","[森罗物语-酒馆]kaleidoscopetavern-1.2.0-neoforge+mc1.21.1.jar","1.2.0","kaleidoscope_tavern","kaleidoscope_tavern:pressing_tub/sweet_berries_bucket","kaleidoscope_tavern:pressing_tub","酒馆压汁桶","Sweet Berries Bucket","kaleidoscope_tavern:sweet_berries_bucket","1","否","","","","INGREDIENT","fluid_only_pressing_tub_or_no_item_result","HIGH","2","1","否","是","","kaleidoscope_tavern:sweet_berries_juice","","","无","(base)","是","不进入厨师","内容类型=INGREDIENT","","不接入厨师","—","流体",""
"Kaleidoscope Tavern","[森罗物语-酒馆]kaleidoscopetavern-1.2.0-neoforge+mc1.21.1.jar","1.2.0","kaleidoscope_tavern","kaleidoscope_tavern:purple_bar_stool","minecraft:crafting_shaped","工作台（有序）","Purple Bar Stool","kaleidoscope_tavern:purple_bar_stool","1","否","","","","NON_FOOD","not_edible","MEDIUM","3","3","否","否","","","","","无","(base)","是","不进入厨师","内容类型=NON_FOOD","","已覆盖","CRAFTING","ItemCraftedEvent",""
"Kaleidoscope Tavern","[森罗物语-酒馆]kaleidoscopetavern-1.2.0-neoforge+mc1.21.1.jar","1.2.0","kaleidoscope_tavern","kaleidoscope_tavern:purple_sofa","minecraft:crafting_shaped","工作台（有序）","Purple Sofa","kaleidoscope_tavern:purple_sofa","1","否","","","","NON_FOOD","not_edible","MEDIUM","2","2","否","否","","","","","无","(base)","是","不进入厨师","内容类型=NON_FOOD","","已覆盖","CRAFTING","ItemCraftedEvent",""
"Kaleidoscope Tavern","[森罗物语-酒馆]kaleidoscopetavern-1.2.0-neoforge+mc1.21.1.jar","1.2.0","kaleidoscope_tavern","kaleidoscope_tavern:red_bar_stool","minecraft:crafting_shaped","工作台（有序）","Red Bar Stool","kaleidoscope_tavern:red_bar_stool","1","否","","","","NON_FOOD","not_edible","MEDIUM","3","3","否","否","","","","","无","(base)","是","不进入厨师","内容类型=NON_FOOD","","已覆盖","CRAFTING","ItemCraftedEvent",""
"Kaleidoscope Tavern","[森罗物语-酒馆]kaleidoscopetavern-1.2.0-neoforge+mc1.21.1.jar","1.2.0","kaleidoscope_tavern","kaleidoscope_tavern:red_sofa","minecraft:crafting_shaped","工作台（有序）","Red Sofa","kaleidoscope_tavern:red_sofa","1","否","","","","NON_FOOD","not_edible","MEDIUM","2","2","否","否","","","","","无","(base)","是","不进入厨师","内容类型=NON_FOOD","","已覆盖","CRAFTING","ItemCraftedEvent",""
"Kaleidoscope Tavern","[森罗物语-酒馆]kaleidoscopetavern-1.2.0-neoforge+mc1.21.1.jar","1.2.0","kaleidoscope_tavern","kaleidoscope_tavern:sakura_incense","minecraft:crafting_shaped","工作台（有序）","Sakura Incense","kaleidoscope_tavern:sakura_incense","1","否","","","","NON_FOOD","not_edible","MEDIUM","3","3","否","否","","","","","无","(base)","是","不进入厨师","内容类型=NON_FOOD","","已覆盖","CRAFTING","ItemCraftedEvent",""
"Kaleidoscope Tavern","[森罗物语-酒馆]kaleidoscopetavern-1.2.0-neoforge+mc1.21.1.jar","1.2.0","kaleidoscope_tavern","kaleidoscope_tavern:shaker","minecraft:crafting_shaped","工作台（有序）","Shaker","kaleidoscope_tavern:shaker","1","否","","","","NON_FOOD","not_edible","MEDIUM","2","2","否","否","","","","","无","(base)","是","不进入厨师","内容类型=NON_FOOD","","已覆盖","CRAFTING","ItemCraftedEvent",""
"Kaleidoscope Tavern","[森罗物语-酒馆]kaleidoscopetavern-1.2.0-neoforge+mc1.21.1.jar","1.2.0","kaleidoscope_tavern","kaleidoscope_tavern:shaker/allium_garden","kaleidoscope_tavern:shaker","酒馆摇酒器","Allium Garden","kaleidoscope_tavern:allium_garden","1","否","","","","DRINK","recipe_type=kaleidoscope_tavern:shaker","HIGH","1","3","否","否","","","","","无","(base)","是","不进入厨师","内容类型=DRINK","","需适配","TAVERN_SHAKER（建议）","鸡尾酒",""
"Kaleidoscope Tavern","[森罗物语-酒馆]kaleidoscopetavern-1.2.0-neoforge+mc1.21.1.jar","1.2.0","kaleidoscope_tavern","kaleidoscope_tavern:shaker/bloody_mary","kaleidoscope_tavern:shaker","酒馆摇酒器","Bloody Mary","kaleidoscope_tavern:bloody_mary","1","否","","","","DRINK","recipe_type=kaleidoscope_tavern:shaker","HIGH","1","3","否","否","","","","","无","(base)","是","不进入厨师","内容类型=DRINK","","需适配","TAVERN_SHAKER（建议）","鸡尾酒",""
"Kaleidoscope Tavern","[森罗物语-酒馆]kaleidoscopetavern-1.2.0-neoforge+mc1.21.1.jar","1.2.0","kaleidoscope_tavern","kaleidoscope_tavern:shaker/brass_heart","kaleidoscope_tavern:shaker","酒馆摇酒器","Brass Heart","kaleidoscope_tavern:brass_heart","1","否","","","","DRINK","recipe_type=kaleidoscope_tavern:shaker","HIGH","1","3","否","否","","","","","无","(base)","是","不进入厨师","内容类型=DRINK","","需适配","TAVERN_SHAKER（建议）","鸡尾酒",""
"Kaleidoscope Tavern","[森罗物语-酒馆]kaleidoscopetavern-1.2.0-neoforge+mc1.21.1.jar","1.2.0","kaleidoscope_tavern","kaleidoscope_tavern:shaker/depth_charge","kaleidoscope_tavern:shaker","酒馆摇酒器","Depth Charge","kaleidoscope_tavern:depth_charge","1","否","","","","DRINK","recipe_type=kaleidoscope_tavern:shaker","HIGH","3","3","否","否","","","","","无","(base)","是","不进入厨师","内容类型=DRINK","","需适配","TAVERN_SHAKER（建议）","鸡尾酒",""
"Kaleidoscope Tavern","[森罗物语-酒馆]kaleidoscopetavern-1.2.0-neoforge+mc1.21.1.jar","1.2.0","kaleidoscope_tavern","kaleidoscope_tavern:shaker/emerald","kaleidoscope_tavern:shaker","酒馆摇酒器","Emerald","kaleidoscope_tavern:emerald","1","否","","","","DRINK","recipe_type=kaleidoscope_tavern:shaker","HIGH","1","3","否","否","","","","","无","(base)","是","不进入厨师","内容类型=DRINK","","需适配","TAVERN_SHAKER（建议）","鸡尾酒",""
"Kaleidoscope Tavern","[森罗物语-酒馆]kaleidoscopetavern-1.2.0-neoforge+mc1.21.1.jar","1.2.0","kaleidoscope_tavern","kaleidoscope_tavern:shaker/godfather","kaleidoscope_tavern:shaker","酒馆摇酒器","Godfather","kaleidoscope_tavern:godfather","1","否","","","","DRINK","recipe_type=kaleidoscope_tavern:shaker","HIGH","2","3","否","否","","","","","无","(base)","是","不进入厨师","内容类型=DRINK","","需适配","TAVERN_SHAKER（建议）","鸡尾酒",""
"Kaleidoscope Tavern","[森罗物语-酒馆]kaleidoscopetavern-1.2.0-neoforge+mc1.21.1.jar","1.2.0","kaleidoscope_tavern","kaleidoscope_tavern:shaker/grasshopper","kaleidoscope_tavern:shaker","酒馆摇酒器","Grasshopper","kaleidoscope_tavern:grasshopper","1","否","","","","DRINK","recipe_type=kaleidoscope_tavern:shaker","HIGH","2","3","否","否","","","","","无","(base)","是","不进入厨师","内容类型=DRINK","","需适配","TAVERN_SHAKER（建议）","鸡尾酒",""
"Kaleidoscope Tavern","[森罗物语-酒馆]kaleidoscopetavern-1.2.0-neoforge+mc1.21.1.jar","1.2.0","kaleidoscope_tavern","kaleidoscope_tavern:shaker/mojito","kaleidoscope_tavern:shaker","酒馆摇酒器","Mojito","kaleidoscope_tavern:mojito","1","否","","","","DRINK","recipe_type=kaleidoscope_tavern:shaker","HIGH","2","3","否","否","","","","","无","(base)","是","不进入厨师","内容类型=DRINK","","需适配","TAVERN_SHAKER（建议）","鸡尾酒",""
"Kaleidoscope Tavern","[森罗物语-酒馆]kaleidoscopetavern-1.2.0-neoforge+mc1.21.1.jar","1.2.0","kaleidoscope_tavern","kaleidoscope_tavern:shaker/nether_special","kaleidoscope_tavern:shaker","酒馆摇酒器","Nether Special","kaleidoscope_tavern:nether_special","1","否","","","","DRINK","recipe_type=kaleidoscope_tavern:shaker","HIGH","3","3","否","否","","","","","无","(base)","是","不进入厨师","内容类型=DRINK","","需适配","TAVERN_SHAKER（建议）","鸡尾酒",""
"Kaleidoscope Tavern","[森罗物语-酒馆]kaleidoscopetavern-1.2.0-neoforge+mc1.21.1.jar","1.2.0","kaleidoscope_tavern","kaleidoscope_tavern:shaker/screwdriver","kaleidoscope_tavern:shaker","酒馆摇酒器","Screwdriver","kaleidoscope_tavern:screwdriver","1","否","","","","DRINK","recipe_type=kaleidoscope_tavern:shaker","HIGH","2","3","否","否","","","","","无","(base)","是","不进入厨师","内容类型=DRINK","","需适配","TAVERN_SHAKER（建议）","鸡尾酒",""
"Kaleidoscope Tavern","[森罗物语-酒馆]kaleidoscopetavern-1.2.0-neoforge+mc1.21.1.jar","1.2.0","kaleidoscope_tavern","kaleidoscope_tavern:shaker/sculk_special","kaleidoscope_tavern:shaker","酒馆摇酒器","Sculk Special","kaleidoscope_tavern:sculk_special","1","否","","","","DRINK","recipe_type=kaleidoscope_tavern:shaker","HIGH","2","3","否","否","","","","","无","(base)","是","不进入厨师","内容类型=DRINK","","需适配","TAVERN_SHAKER（建议）","鸡尾酒",""
"Kaleidoscope Tavern","[森罗物语-酒馆]kaleidoscopetavern-1.2.0-neoforge+mc1.21.1.jar","1.2.0","kaleidoscope_tavern","kaleidoscope_tavern:shaker/white_lady","kaleidoscope_tavern:shaker","酒馆摇酒器","White Lady","kaleidoscope_tavern:white_lady","1","否","","","","DRINK","recipe_type=kaleidoscope_tavern:shaker","HIGH","3","3","否","否","","","","","无","(base)","是","不进入厨师","内容类型=DRINK","","需适配","TAVERN_SHAKER（建议）","鸡尾酒",""
"Kaleidoscope Tavern","[森罗物语-酒馆]kaleidoscopetavern-1.2.0-neoforge+mc1.21.1.jar","1.2.0","kaleidoscope_tavern","kaleidoscope_tavern:snow_incense","minecraft:crafting_shaped","工作台（有序）","Snow Incense","kaleidoscope_tavern:snow_incense","1","否","","","","NON_FOOD","not_edible","MEDIUM","3","3","否","否","","","","","无","(base)","是","不进入厨师","内容类型=NON_FOOD","","已覆盖","CRAFTING","ItemCraftedEvent",""
"Kaleidoscope Tavern","[森罗物语-酒馆]kaleidoscopetavern-1.2.0-neoforge+mc1.21.1.jar","1.2.0","kaleidoscope_tavern","kaleidoscope_tavern:son_of_man_painting","minecraft:crafting_shapeless","工作台（无序）","Painting","kaleidoscope_tavern:son_of_man_painting","1","否","","","","NON_FOOD","decor_or_storage_token","HIGH","2","2","否","否","","","","","无","(base)","是","不进入厨师","内容类型=NON_FOOD","","已覆盖","CRAFTING","ItemCraftedEvent",""
"Kaleidoscope Tavern","[森罗物语-酒馆]kaleidoscopetavern-1.2.0-neoforge+mc1.21.1.jar","1.2.0","kaleidoscope_tavern","kaleidoscope_tavern:spore_incense","minecraft:crafting_shaped","工作台（有序）","Spore Incense","kaleidoscope_tavern:spore_incense","1","否","","","","NON_FOOD","not_edible","MEDIUM","3","3","否","否","","","","","无","(base)","是","不进入厨师","内容类型=NON_FOOD","","已覆盖","CRAFTING","ItemCraftedEvent",""
"Kaleidoscope Tavern","[森罗物语-酒馆]kaleidoscopetavern-1.2.0-neoforge+mc1.21.1.jar","1.2.0","kaleidoscope_tavern","kaleidoscope_tavern:starry_night_painting","minecraft:crafting_shapeless","工作台（无序）","Painting","kaleidoscope_tavern:starry_night_painting","1","否","","","","NON_FOOD","decor_or_storage_token","HIGH","2","2","否","否","","","","","无","(base)","是","不进入厨师","内容类型=NON_FOOD","","已覆盖","CRAFTING","ItemCraftedEvent",""
"Kaleidoscope Tavern","[森罗物语-酒馆]kaleidoscopetavern-1.2.0-neoforge+mc1.21.1.jar","1.2.0","kaleidoscope_tavern","kaleidoscope_tavern:stepladder","minecraft:crafting_shaped","工作台（有序）","Stepladder","kaleidoscope_tavern:stepladder","1","否","","","","NON_FOOD","not_edible","MEDIUM","1","1","否","否","","","","","无","(base)","是","不进入厨师","内容类型=NON_FOOD","","已覆盖","CRAFTING","ItemCraftedEvent",""
"Kaleidoscope Tavern","[森罗物语-酒馆]kaleidoscopetavern-1.2.0-neoforge+mc1.21.1.jar","1.2.0","kaleidoscope_tavern","kaleidoscope_tavern:string_lights_black","minecraft:crafting_shaped","工作台（有序）","String Lights (Black)","kaleidoscope_tavern:string_lights_black","8","否","","","","NON_FOOD","not_edible","MEDIUM","3","3","否","否","","","","","无","(base)","是","不进入厨师","内容类型=NON_FOOD","","已覆盖","CRAFTING","ItemCraftedEvent",""
"Kaleidoscope Tavern","[森罗物语-酒馆]kaleidoscopetavern-1.2.0-neoforge+mc1.21.1.jar","1.2.0","kaleidoscope_tavern","kaleidoscope_tavern:string_lights_blue","minecraft:crafting_shaped","工作台（有序）","String Lights (Blue)","kaleidoscope_tavern:string_lights_blue","8","否","","","","NON_FOOD","not_edible","MEDIUM","3","3","否","否","","","","","无","(base)","是","不进入厨师","内容类型=NON_FOOD","","已覆盖","CRAFTING","ItemCraftedEvent",""
"Kaleidoscope Tavern","[森罗物语-酒馆]kaleidoscopetavern-1.2.0-neoforge+mc1.21.1.jar","1.2.0","kaleidoscope_tavern","kaleidoscope_tavern:string_lights_brown","minecraft:crafting_shaped","工作台（有序）","String Lights (Brown)","kaleidoscope_tavern:string_lights_brown","8","否","","","","NON_FOOD","not_edible","MEDIUM","3","3","否","否","","","","","无","(base)","是","不进入厨师","内容类型=NON_FOOD","","已覆盖","CRAFTING","ItemCraftedEvent",""
"Kaleidoscope Tavern","[森罗物语-酒馆]kaleidoscopetavern-1.2.0-neoforge+mc1.21.1.jar","1.2.0","kaleidoscope_tavern","kaleidoscope_tavern:string_lights_colorless","minecraft:crafting_shaped","工作台（有序）","String Lights (Colorless)","kaleidoscope_tavern:string_lights_colorless","8","否","","","","NON_FOOD","not_edible","MEDIUM","2","2","否","否","","","","","无","(base)","是","不进入厨师","内容类型=NON_FOOD","","已覆盖","CRAFTING","ItemCraftedEvent",""
"Kaleidoscope Tavern","[森罗物语-酒馆]kaleidoscopetavern-1.2.0-neoforge+mc1.21.1.jar","1.2.0","kaleidoscope_tavern","kaleidoscope_tavern:string_lights_cyan","minecraft:crafting_shaped","工作台（有序）","String Lights (Cyan)","kaleidoscope_tavern:string_lights_cyan","8","否","","","","NON_FOOD","not_edible","MEDIUM","3","3","否","否","","","","","无","(base)","是","不进入厨师","内容类型=NON_FOOD","","已覆盖","CRAFTING","ItemCraftedEvent",""
"Kaleidoscope Tavern","[森罗物语-酒馆]kaleidoscopetavern-1.2.0-neoforge+mc1.21.1.jar","1.2.0","kaleidoscope_tavern","kaleidoscope_tavern:string_lights_gray","minecraft:crafting_shaped","工作台（有序）","String Lights (Gray)","kaleidoscope_tavern:string_lights_gray","8","否","","","","NON_FOOD","not_edible","MEDIUM","3","3","否","否","","","","","无","(base)","是","不进入厨师","内容类型=NON_FOOD","","已覆盖","CRAFTING","ItemCraftedEvent",""
"Kaleidoscope Tavern","[森罗物语-酒馆]kaleidoscopetavern-1.2.0-neoforge+mc1.21.1.jar","1.2.0","kaleidoscope_tavern","kaleidoscope_tavern:string_lights_green","minecraft:crafting_shaped","工作台（有序）","String Lights (Green)","kaleidoscope_tavern:string_lights_green","8","否","","","","NON_FOOD","not_edible","MEDIUM","3","3","否","否","","","","","无","(base)","是","不进入厨师","内容类型=NON_FOOD","","已覆盖","CRAFTING","ItemCraftedEvent",""
"Kaleidoscope Tavern","[森罗物语-酒馆]kaleidoscopetavern-1.2.0-neoforge+mc1.21.1.jar","1.2.0","kaleidoscope_tavern","kaleidoscope_tavern:string_lights_light_blue","minecraft:crafting_shaped","工作台（有序）","String Lights (Light Blue)","kaleidoscope_tavern:string_lights_light_blue","8","否","","","","NON_FOOD","not_edible","MEDIUM","3","3","否","否","","","","","无","(base)","是","不进入厨师","内容类型=NON_FOOD","","已覆盖","CRAFTING","ItemCraftedEvent",""
"Kaleidoscope Tavern","[森罗物语-酒馆]kaleidoscopetavern-1.2.0-neoforge+mc1.21.1.jar","1.2.0","kaleidoscope_tavern","kaleidoscope_tavern:string_lights_light_gray","minecraft:crafting_shaped","工作台（有序）","String Lights (Light Gray)","kaleidoscope_tavern:string_lights_light_gray","8","否","","","","NON_FOOD","not_edible","MEDIUM","3","3","否","否","","","","","无","(base)","是","不进入厨师","内容类型=NON_FOOD","","已覆盖","CRAFTING","ItemCraftedEvent",""
"Kaleidoscope Tavern","[森罗物语-酒馆]kaleidoscopetavern-1.2.0-neoforge+mc1.21.1.jar","1.2.0","kaleidoscope_tavern","kaleidoscope_tavern:string_lights_lime","minecraft:crafting_shaped","工作台（有序）","String Lights (Lime)","kaleidoscope_tavern:string_lights_lime","8","否","","","","NON_FOOD","not_edible","MEDIUM","3","3","否","否","","","","","无","(base)","是","不进入厨师","内容类型=NON_FOOD","","已覆盖","CRAFTING","ItemCraftedEvent",""
"Kaleidoscope Tavern","[森罗物语-酒馆]kaleidoscopetavern-1.2.0-neoforge+mc1.21.1.jar","1.2.0","kaleidoscope_tavern","kaleidoscope_tavern:string_lights_magenta","minecraft:crafting_shaped","工作台（有序）","String Lights (Magenta)","kaleidoscope_tavern:string_lights_magenta","8","否","","","","NON_FOOD","not_edible","MEDIUM","3","3","否","否","","","","","无","(base)","是","不进入厨师","内容类型=NON_FOOD","","已覆盖","CRAFTING","ItemCraftedEvent",""
"Kaleidoscope Tavern","[森罗物语-酒馆]kaleidoscopetavern-1.2.0-neoforge+mc1.21.1.jar","1.2.0","kaleidoscope_tavern","kaleidoscope_tavern:string_lights_orange","minecraft:crafting_shaped","工作台（有序）","String Lights (Orange)","kaleidoscope_tavern:string_lights_orange","8","否","","","","NON_FOOD","not_edible","MEDIUM","3","3","否","否","","","","","无","(base)","是","不进入厨师","内容类型=NON_FOOD","","已覆盖","CRAFTING","ItemCraftedEvent",""
"Kaleidoscope Tavern","[森罗物语-酒馆]kaleidoscopetavern-1.2.0-neoforge+mc1.21.1.jar","1.2.0","kaleidoscope_tavern","kaleidoscope_tavern:string_lights_pink","minecraft:crafting_shaped","工作台（有序）","String Lights (Pink)","kaleidoscope_tavern:string_lights_pink","8","否","","","","NON_FOOD","not_edible","MEDIUM","3","3","否","否","","","","","无","(base)","是","不进入厨师","内容类型=NON_FOOD","","已覆盖","CRAFTING","ItemCraftedEvent",""
"Kaleidoscope Tavern","[森罗物语-酒馆]kaleidoscopetavern-1.2.0-neoforge+mc1.21.1.jar","1.2.0","kaleidoscope_tavern","kaleidoscope_tavern:string_lights_purple","minecraft:crafting_shaped","工作台（有序）","String Lights (Purple)","kaleidoscope_tavern:string_lights_purple","8","否","","","","NON_FOOD","not_edible","MEDIUM","3","3","否","否","","","","","无","(base)","是","不进入厨师","内容类型=NON_FOOD","","已覆盖","CRAFTING","ItemCraftedEvent",""
"Kaleidoscope Tavern","[森罗物语-酒馆]kaleidoscopetavern-1.2.0-neoforge+mc1.21.1.jar","1.2.0","kaleidoscope_tavern","kaleidoscope_tavern:string_lights_red","minecraft:crafting_shaped","工作台（有序）","String Lights (Red)","kaleidoscope_tavern:string_lights_red","8","否","","","","NON_FOOD","not_edible","MEDIUM","3","3","否","否","","","","","无","(base)","是","不进入厨师","内容类型=NON_FOOD","","已覆盖","CRAFTING","ItemCraftedEvent",""
"Kaleidoscope Tavern","[森罗物语-酒馆]kaleidoscopetavern-1.2.0-neoforge+mc1.21.1.jar","1.2.0","kaleidoscope_tavern","kaleidoscope_tavern:string_lights_white","minecraft:crafting_shaped","工作台（有序）","String Lights (White)","kaleidoscope_tavern:string_lights_white","8","否","","","","NON_FOOD","not_edible","MEDIUM","3","3","否","否","","","","","无","(base)","是","不进入厨师","内容类型=NON_FOOD","","已覆盖","CRAFTING","ItemCraftedEvent",""
"Kaleidoscope Tavern","[森罗物语-酒馆]kaleidoscopetavern-1.2.0-neoforge+mc1.21.1.jar","1.2.0","kaleidoscope_tavern","kaleidoscope_tavern:string_lights_yellow","minecraft:crafting_shaped","工作台（有序）","String Lights (Yellow)","kaleidoscope_tavern:string_lights_yellow","8","否","","","","NON_FOOD","not_edible","MEDIUM","3","3","否","否","","","","","无","(base)","是","不进入厨师","内容类型=NON_FOOD","","已覆盖","CRAFTING","ItemCraftedEvent",""
"Kaleidoscope Tavern","[森罗物语-酒馆]kaleidoscopetavern-1.2.0-neoforge+mc1.21.1.jar","1.2.0","kaleidoscope_tavern","kaleidoscope_tavern:sunflower_sandwich_board_from_dandelion","minecraft:crafting_shapeless","工作台（无序）","Sandwich Board","kaleidoscope_tavern:sunflower_sandwich_board","1","否","","","","NON_FOOD","manual_override;装饰三明治板","HIGH","2","2","否","否","","","","","无","(base)","是","不进入厨师","装饰三明治板","","已覆盖","CRAFTING","ItemCraftedEvent","人工覆盖优先"
"Kaleidoscope Tavern","[森罗物语-酒馆]kaleidoscopetavern-1.2.0-neoforge+mc1.21.1.jar","1.2.0","kaleidoscope_tavern","kaleidoscope_tavern:sunflower_sandwich_board_from_sunflower","minecraft:crafting_shapeless","工作台（无序）","Sandwich Board","kaleidoscope_tavern:sunflower_sandwich_board","1","否","","","","NON_FOOD","manual_override;装饰三明治板","HIGH","2","2","否","否","","","","","无","(base)","是","不进入厨师","装饰三明治板","","已覆盖","CRAFTING","ItemCraftedEvent","人工覆盖优先"
"Kaleidoscope Tavern","[森罗物语-酒馆]kaleidoscopetavern-1.2.0-neoforge+mc1.21.1.jar","1.2.0","kaleidoscope_tavern","kaleidoscope_tavern:table","minecraft:crafting_shaped","工作台（有序）","Table","kaleidoscope_tavern:table","1","否","","","","NON_FOOD","not_edible","MEDIUM","3","3","否","否","","","","","无","(base)","是","不进入厨师","内容类型=NON_FOOD","","已覆盖","CRAFTING","ItemCraftedEvent",""
"Kaleidoscope Tavern","[森罗物语-酒馆]kaleidoscopetavern-1.2.0-neoforge+mc1.21.1.jar","1.2.0","kaleidoscope_tavern","kaleidoscope_tavern:tap","minecraft:crafting_shaped","工作台（有序）","Tap","kaleidoscope_tavern:tap","1","否","","","","NON_FOOD","not_edible","MEDIUM","2","2","否","否","","","","","无","(base)","是","不进入厨师","内容类型=NON_FOOD","","已覆盖","CRAFTING","ItemCraftedEvent",""
"Kaleidoscope Tavern","[森罗物语-酒馆]kaleidoscopetavern-1.2.0-neoforge+mc1.21.1.jar","1.2.0","kaleidoscope_tavern","kaleidoscope_tavern:tartaric_acid_painting","minecraft:crafting_shapeless","工作台（无序）","Painting","kaleidoscope_tavern:tartaric_acid_painting","1","否","","","","NON_FOOD","manual_override;装饰画；tart误匹配已修复","HIGH","2","2","否","否","","","","","无","(base)","是","不进入厨师","装饰画；tart误匹配已修复","","已覆盖","CRAFTING","ItemCraftedEvent","人工覆盖优先；禁止substring tart"
"Kaleidoscope Tavern","[森罗物语-酒馆]kaleidoscopetavern-1.2.0-neoforge+mc1.21.1.jar","1.2.0","kaleidoscope_tavern","kaleidoscope_tavern:tilted_rack","minecraft:crafting_shaped","工作台（有序）","Tilted Rack","kaleidoscope_tavern:tilted_rack","3","否","","","","NON_FOOD","not_edible","MEDIUM","2","2","否","否","","","","","无","(base)","是","不进入厨师","内容类型=NON_FOOD","","已覆盖","CRAFTING","ItemCraftedEvent",""
"Kaleidoscope Tavern","[森罗物语-酒馆]kaleidoscopetavern-1.2.0-neoforge+mc1.21.1.jar","1.2.0","kaleidoscope_tavern","kaleidoscope_tavern:torchflower_sandwich_board_from_torchflower","minecraft:crafting_shapeless","工作台（无序）","Sandwich Board","kaleidoscope_tavern:torchflower_sandwich_board","1","否","","","","NON_FOOD","manual_override;装饰三明治板","HIGH","2","2","否","否","","","","","无","(base)","是","不进入厨师","装饰三明治板","","已覆盖","CRAFTING","ItemCraftedEvent","人工覆盖优先"
"Kaleidoscope Tavern","[森罗物语-酒馆]kaleidoscopetavern-1.2.0-neoforge+mc1.21.1.jar","1.2.0","kaleidoscope_tavern","kaleidoscope_tavern:trellis","minecraft:crafting_shaped","工作台（有序）","Trellis","kaleidoscope_tavern:trellis","8","否","","","","NON_FOOD","not_edible","MEDIUM","1","1","否","否","","","","","无","(base)","是","不进入厨师","内容类型=NON_FOOD","","已覆盖","CRAFTING","ItemCraftedEvent",""
"Kaleidoscope Tavern","[森罗物语-酒馆]kaleidoscopetavern-1.2.0-neoforge+mc1.21.1.jar","1.2.0","kaleidoscope_tavern","kaleidoscope_tavern:tulip_sandwich_board_from_orange_tulip","minecraft:crafting_shapeless","工作台（无序）","Sandwich Board","kaleidoscope_tavern:tulip_sandwich_board","1","否","","","","NON_FOOD","manual_override;装饰三明治板","HIGH","2","2","否","否","","","","","无","(base)","是","不进入厨师","装饰三明治板","","已覆盖","CRAFTING","ItemCraftedEvent","人工覆盖优先"
"Kaleidoscope Tavern","[森罗物语-酒馆]kaleidoscopetavern-1.2.0-neoforge+mc1.21.1.jar","1.2.0","kaleidoscope_tavern","kaleidoscope_tavern:tulip_sandwich_board_from_pink_tulip","minecraft:crafting_shapeless","工作台（无序）","Sandwich Board","kaleidoscope_tavern:tulip_sandwich_board","1","否","","","","NON_FOOD","manual_override;装饰三明治板","HIGH","2","2","否","否","","","","","无","(base)","是","不进入厨师","装饰三明治板","","已覆盖","CRAFTING","ItemCraftedEvent","人工覆盖优先"
"Kaleidoscope Tavern","[森罗物语-酒馆]kaleidoscopetavern-1.2.0-neoforge+mc1.21.1.jar","1.2.0","kaleidoscope_tavern","kaleidoscope_tavern:tulip_sandwich_board_from_red_tulip","minecraft:crafting_shapeless","工作台（无序）","Sandwich Board","kaleidoscope_tavern:tulip_sandwich_board","1","否","","","","NON_FOOD","manual_override;装饰三明治板","HIGH","2","2","否","否","","","","","无","(base)","是","不进入厨师","装饰三明治板","","已覆盖","CRAFTING","ItemCraftedEvent","人工覆盖优先"
"Kaleidoscope Tavern","[森罗物语-酒馆]kaleidoscopetavern-1.2.0-neoforge+mc1.21.1.jar","1.2.0","kaleidoscope_tavern","kaleidoscope_tavern:tulip_sandwich_board_from_white_tulip","minecraft:crafting_shapeless","工作台（无序）","Sandwich Board","kaleidoscope_tavern:tulip_sandwich_board","1","否","","","","NON_FOOD","manual_override;装饰三明治板","HIGH","2","2","否","否","","","","","无","(base)","是","不进入厨师","装饰三明治板","","已覆盖","CRAFTING","ItemCraftedEvent","人工覆盖优先"
"Kaleidoscope Tavern","[森罗物语-酒馆]kaleidoscopetavern-1.2.0-neoforge+mc1.21.1.jar","1.2.0","kaleidoscope_tavern","kaleidoscope_tavern:unknown_painting","minecraft:crafting_shapeless","工作台（无序）","Painting","kaleidoscope_tavern:unknown_painting","1","否","","","","NON_FOOD","decor_or_storage_token","HIGH","2","2","否","否","","","","","无","(base)","是","不进入厨师","内容类型=NON_FOOD","","已覆盖","CRAFTING","ItemCraftedEvent",""
"Kaleidoscope Tavern","[森罗物语-酒馆]kaleidoscopetavern-1.2.0-neoforge+mc1.21.1.jar","1.2.0","kaleidoscope_tavern","kaleidoscope_tavern:van_gogh_self_portrait_painting","minecraft:crafting_shapeless","工作台（无序）","Painting","kaleidoscope_tavern:van_gogh_self_portrait_painting","1","否","","","","NON_FOOD","decor_or_storage_token","HIGH","2","2","否","否","","","","","无","(base)","是","不进入厨师","内容类型=NON_FOOD","","已覆盖","CRAFTING","ItemCraftedEvent",""
"Kaleidoscope Tavern","[森罗物语-酒馆]kaleidoscopetavern-1.2.0-neoforge+mc1.21.1.jar","1.2.0","kaleidoscope_tavern","kaleidoscope_tavern:white_bar_stool","minecraft:crafting_shaped","工作台（有序）","White Bar Stool","kaleidoscope_tavern:white_bar_stool","1","否","","","","NON_FOOD","not_edible","MEDIUM","3","3","否","否","","","","","无","(base)","是","不进入厨师","内容类型=NON_FOOD","","已覆盖","CRAFTING","ItemCraftedEvent",""
"Kaleidoscope Tavern","[森罗物语-酒馆]kaleidoscopetavern-1.2.0-neoforge+mc1.21.1.jar","1.2.0","kaleidoscope_tavern","kaleidoscope_tavern:white_sofa","minecraft:crafting_shaped","工作台（有序）","White Sofa","kaleidoscope_tavern:white_sofa","1","否","","","","NON_FOOD","not_edible","MEDIUM","2","2","否","否","","","","","无","(base)","是","不进入厨师","内容类型=NON_FOOD","","已覆盖","CRAFTING","ItemCraftedEvent",""
"Kaleidoscope Tavern","[森罗物语-酒馆]kaleidoscopetavern-1.2.0-neoforge+mc1.21.1.jar","1.2.0","kaleidoscope_tavern","kaleidoscope_tavern:wither_rose_sandwich_board_from_wither_rose","minecraft:crafting_shapeless","工作台（无序）","Sandwich Board","kaleidoscope_tavern:wither_rose_sandwich_board","1","否","","","","NON_FOOD","manual_override;装饰三明治板","HIGH","2","2","否","否","","","","","无","(base)","是","不进入厨师","装饰三明治板","","已覆盖","CRAFTING","ItemCraftedEvent","人工覆盖优先"
"Kaleidoscope Tavern","[森罗物语-酒馆]kaleidoscopetavern-1.2.0-neoforge+mc1.21.1.jar","1.2.0","kaleidoscope_tavern","kaleidoscope_tavern:yellow_bar_stool","minecraft:crafting_shaped","工作台（有序）","Yellow Bar Stool","kaleidoscope_tavern:yellow_bar_stool","1","否","","","","NON_FOOD","not_edible","MEDIUM","3","3","否","否","","","","","无","(base)","是","不进入厨师","内容类型=NON_FOOD","","已覆盖","CRAFTING","ItemCraftedEvent",""
"Kaleidoscope Tavern","[森罗物语-酒馆]kaleidoscopetavern-1.2.0-neoforge+mc1.21.1.jar","1.2.0","kaleidoscope_tavern","kaleidoscope_tavern:yellow_pendant_lamp","minecraft:crafting_shaped","工作台（有序）","Yellow Pendant Lamp","kaleidoscope_tavern:yellow_pendant_lamp","4","否","","","","NON_FOOD","not_edible","MEDIUM","2","2","否","否","","","","","无","(base)","是","不进入厨师","内容类型=NON_FOOD","","已覆盖","CRAFTING","ItemCraftedEvent",""
"Kaleidoscope Tavern","[森罗物语-酒馆]kaleidoscopetavern-1.2.0-neoforge+mc1.21.1.jar","1.2.0","kaleidoscope_tavern","kaleidoscope_tavern:yellow_sofa","minecraft:crafting_shaped","工作台（有序）","Yellow Sofa","kaleidoscope_tavern:yellow_sofa","1","否","","","","NON_FOOD","not_edible","MEDIUM","2","2","否","否","","","","","无","(base)","是","不进入厨师","内容类型=NON_FOOD","","已覆盖","CRAFTING","ItemCraftedEvent",""
"Kaleidoscope Tavern","[森罗物语-酒馆]kaleidoscopetavern-1.2.0-neoforge+mc1.21.1.jar","1.2.0","kaleidoscope_tavern","kaleidoscope_tavern:ysbb_painting","minecraft:crafting_shapeless","工作台（无序）","Painting","kaleidoscope_tavern:ysbb_painting","1","否","","","","NON_FOOD","decor_or_storage_token","HIGH","2","2","否","否","","","","","无","(base)","是","不进入厨师","内容类型=NON_FOOD","","已覆盖","CRAFTING","ItemCraftedEvent",""
"Dungeon's Delight","[农夫乐事-地牢乐事]neoforge-dungeonsdelight-1.21.1-1.5.0.jar","1.5.0","minecraft","minecraft:chiseled_stained_scrap_from_cut_stained_scrap_stonecutting","minecraft:stonecutting","切石机","雕纹污秽碎片块","dungeonsdelight:chiseled_stained_scrap","1","","","","","NON_FOOD","non_edible_block_or_tool","HIGH","1","1","否","否","","","","","仅JAR原始（运行时未加载）","(base)","否","不进入厨师","内容类型=NON_FOOD","","待评估","OTHER","","运行时未加载（依赖/条件）"
"Dungeon's Delight","[农夫乐事-地牢乐事]neoforge-dungeonsdelight-1.21.1-1.5.0.jar","1.5.0","minecraft","minecraft:chiseled_stained_scrap_from_stained_scrap_block_stonecutting","minecraft:stonecutting","切石机","雕纹污秽碎片块","dungeonsdelight:chiseled_stained_scrap","4","","","","","NON_FOOD","non_edible_block_or_tool","HIGH","1","1","否","否","","","","","仅JAR原始（运行时未加载）","(base)","否","不进入厨师","内容类型=NON_FOOD","","待评估","OTHER","","运行时未加载（依赖/条件）"
"Dungeon's Delight","[农夫乐事-地牢乐事]neoforge-dungeonsdelight-1.21.1-1.5.0.jar","1.5.0","minecraft","minecraft:cut_stained_scrap_from_stained_scrap_block_stonecutting","minecraft:stonecutting","切石机","切制污秽碎片块","dungeonsdelight:cut_stained_scrap","4","","","","","NON_FOOD","non_edible_block_or_tool","HIGH","1","1","否","否","","","","","仅JAR原始（运行时未加载）","(base)","否","不进入厨师","内容类型=NON_FOOD","","待评估","OTHER","","运行时未加载（依赖/条件）"
"Dungeon's Delight","[农夫乐事-地牢乐事]neoforge-dungeonsdelight-1.21.1-1.5.0.jar","1.5.0","minecraft","minecraft:cut_stained_scrap_slab_from_cut_stained_scrap_stonecutting","minecraft:stonecutting","切石机","切制污秽碎片台阶","dungeonsdelight:cut_stained_scrap_slab","2","","","","","NON_FOOD","non_edible_block_or_tool","HIGH","1","1","否","否","","","","","仅JAR原始（运行时未加载）","(base)","否","不进入厨师","内容类型=NON_FOOD","","待评估","OTHER","","运行时未加载（依赖/条件）"
"Dungeon's Delight","[农夫乐事-地牢乐事]neoforge-dungeonsdelight-1.21.1-1.5.0.jar","1.5.0","minecraft","minecraft:cut_stained_scrap_stairs_from_cut_stained_scrap_stonecutting","minecraft:stonecutting","切石机","切制污秽碎片楼梯","dungeonsdelight:cut_stained_scrap_stairs","1","","","","","NON_FOOD","non_edible_block_or_tool","HIGH","1","1","否","否","","","","","仅JAR原始（运行时未加载）","(base)","否","不进入厨师","内容类型=NON_FOOD","","待评估","OTHER","","运行时未加载（依赖/条件）"
"Dungeon's Delight","[农夫乐事-地牢乐事]neoforge-dungeonsdelight-1.21.1-1.5.0.jar","1.5.0","minecraft","minecraft:cutting/calibrated_sculk_sensor","farmersdelight:cutting","FD 切菜板（非出锅）","幽匿息肉","dungeonsdelight:sculk_polyp","1","","","","","INGREDIENT","ingredient_process=farmersdelight:cutting","MEDIUM","2","1","是","是","","","","","仅JAR原始（运行时未加载）","(base)","否","不进入厨师","内容类型=INGREDIENT","","未覆盖（非出锅）","—","切菜板不属于料理出锅事件","切菜板非出锅事件；运行时未加载（依赖/条件）"
"Dungeon's Delight","[农夫乐事-地牢乐事]neoforge-dungeonsdelight-1.21.1-1.5.0.jar","1.5.0","minecraft","minecraft:cutting/rotten_flesh","farmersdelight:cutting","FD 切菜板（非出锅）","腐烂内脏","dungeonsdelight:rotten_tripe","1","","","","","INGREDIENT","manual_override;切割中间产物","HIGH","2","1","否","是","","","","","仅JAR原始（运行时未加载）","(base)","否","不进入厨师","切割中间产物","","未覆盖（非出锅）","—","切菜板不属于料理出锅事件","人工覆盖优先；切菜板非出锅事件；运行时未加载（依赖/条件）；保持INGREDIENT"
"Dungeon's Delight","[农夫乐事-地牢乐事]neoforge-dungeonsdelight-1.21.1-1.5.0.jar","1.5.0","minecraft","minecraft:cutting/sculk","farmersdelight:cutting","FD 切菜板（非出锅）","幽匿息肉","dungeonsdelight:sculk_polyp","1","","","","","INGREDIENT","ingredient_process=farmersdelight:cutting","MEDIUM","1","1","否","是","","","","","仅JAR原始（运行时未加载）","(base)","否","不进入厨师","内容类型=INGREDIENT","","未覆盖（非出锅）","—","切菜板不属于料理出锅事件","切菜板非出锅事件；运行时未加载（依赖/条件）"
"My Nether's Delight","[农夫乐事-下界乐事]MyNethersDelight-1.21.1-1.10.4.jar","1.10.4","minecraft","minecraft:food_serving","farmersdelight:food_serving","自定义（farmersdelight:food_serving）","","","","","","","","REVIEW","no_product_id","LOW","0","0","否","否","","","","","仅JAR原始（运行时未加载）","(base)","否","待复审","内容类型=REVIEW","","待评估","OTHER","","运行时未加载（依赖/条件）"
"Dungeon's Delight","[农夫乐事-地牢乐事]neoforge-dungeonsdelight-1.21.1-1.5.0.jar","1.5.0","minecraft","minecraft:monster_cake_from_slices","minecraft:crafting_shapeless","工作台（无序）","怪物蛋糕","dungeonsdelight:monster_cake","1","","","","","SERVING_DISH","manual_override;可放置蛋糕类；无FOOD","HIGH","1","7","否","否","","","","","仅JAR原始（运行时未加载）","(base)","否","不进入厨师","可放置蛋糕类；无FOOD","","已覆盖","CRAFTING","ItemCraftedEvent","人工覆盖优先；整盘料理（防双算待设计）；运行时未加载（依赖/条件）；整盘蛋糕"
"Dungeon's Delight","[农夫乐事-地牢乐事]neoforge-dungeonsdelight-1.21.1-1.5.0.jar","1.5.0","minecraft","minecraft:netherite_cleaver_smithing","minecraft:smithing_transform","自定义（minecraft:smithing_transform）","下界合金斩切刀","dungeonsdelight:netherite_cleaver","1","","","","","NON_FOOD","not_edible","MEDIUM","2","2","是","否","","","","","仅JAR原始（运行时未加载）","(base)","否","不进入厨师","内容类型=NON_FOOD","","待评估","OTHER","","运行时未加载（依赖/条件）"
"Dungeon's Delight","[农夫乐事-地牢乐事]neoforge-dungeonsdelight-1.21.1-1.5.0.jar","1.5.0","minecraft","minecraft:poisonous_potato_crate","minecraft:crafting_shaped","工作台（有序）","箱装毒马铃薯","dungeonsdelight:poisonous_potato_crate","1","","","","","NON_FOOD","decor_or_storage_token","HIGH","1","1","否","否","","","","","仅JAR原始（运行时未加载）","(base)","否","不进入厨师","内容类型=NON_FOOD","","已覆盖","CRAFTING","ItemCraftedEvent","运行时未加载（依赖/条件）"
"Dungeon's Delight","[农夫乐事-地牢乐事]neoforge-dungeonsdelight-1.21.1-1.5.0.jar","1.5.0","minecraft","minecraft:rotbulb_crate","minecraft:crafting_shaped","工作台（有序）","箱装腐芋","dungeonsdelight:rotbulb_crate","1","","","","","NON_FOOD","decor_or_storage_token","HIGH","1","1","否","否","","","","","仅JAR原始（运行时未加载）","(base)","否","不进入厨师","内容类型=NON_FOOD","","已覆盖","CRAFTING","ItemCraftedEvent","运行时未加载（依赖/条件）"
"Dungeon's Delight","[农夫乐事-地牢乐事]neoforge-dungeonsdelight-1.21.1-1.5.0.jar","1.5.0","minecraft","minecraft:rotten_tomato_crate","minecraft:crafting_shaped","工作台（有序）","箱装烂番茄","dungeonsdelight:rotten_tomato_crate","1","","","","","NON_FOOD","decor_or_storage_token","HIGH","1","1","否","否","","","","","仅JAR原始（运行时未加载）","(base)","否","不进入厨师","内容类型=NON_FOOD","","已覆盖","CRAFTING","ItemCraftedEvent","运行时未加载（依赖/条件）"
"Dungeon's Delight","[农夫乐事-地牢乐事]neoforge-dungeonsdelight-1.21.1-1.5.0.jar","1.5.0","minecraft","minecraft:sculk_tart_from_slices","minecraft:crafting_shaped","工作台（有序）","幽匿挞","dungeonsdelight:sculk_tart","1","","","","","NON_FOOD","not_edible","MEDIUM","1","1","是","否","","","","","仅JAR原始（运行时未加载）","(base)","否","不进入厨师","内容类型=NON_FOOD","","已覆盖","CRAFTING","ItemCraftedEvent","运行时未加载（依赖/条件）"
"Dungeon's Delight","[农夫乐事-地牢乐事]neoforge-dungeonsdelight-1.21.1-1.5.0.jar","1.5.0","minecraft","minecraft:spider_pie_from_slices","minecraft:crafting_shaped","工作台（有序）","蜘蛛派","dungeonsdelight:spider_pie","1","","","","","SERVING_DISH","manual_override;无Item FOOD; javap class=EXPPieBlock extends vectorwing.farmersdelight.common.block.PieBlock; consumeBite+EXP; DDBlocks.SPIDER_PIE; recipe id=dungeonsdelight:spider_pie; cutting recipe→spider_pie_slice×4; 可分食PieBlock","HIGH","1","1","否","否","","","","","仅JAR原始（运行时未加载）","(base)","否","不进入厨师","无Item FOOD; javap class=EXPPieBlock extends vectorwing.farmersdelight.common.block.PieBlock; consumeBite+EXP; DDBlocks.SPIDER_PIE; recipe id=dungeonsdelight:spider_pie; cutting recipe→spider_pie_slice×4; 可分食PieBlock","","已覆盖","CRAFTING","ItemCraftedEvent","人工覆盖优先；整盘料理（防双算待设计）；运行时未加载（依赖/条件）；Dungeon's Delight;6A.3原REVIEW→SERVING_DISH; FG仅未来意图"
"Dungeon's Delight","[农夫乐事-地牢乐事]neoforge-dungeonsdelight-1.21.1-1.5.0.jar","1.5.0","minecraft","minecraft:stained_scrap_from_fragment","minecraft:crafting_shaped","工作台（有序）","污秽碎片","dungeonsdelight:stained_scrap","1","","","","","NON_FOOD","non_edible_block_or_tool","HIGH","1","1","否","否","","","","","仅JAR原始（运行时未加载）","(base)","否","不进入厨师","内容类型=NON_FOOD","","已覆盖","CRAFTING","ItemCraftedEvent","运行时未加载（依赖/条件）"
"Dungeon's Delight","[农夫乐事-地牢乐事]neoforge-dungeonsdelight-1.21.1-1.5.0.jar","1.5.0","minecraft","minecraft:stained_scrap_grate_from_stained_scrap_block_stonecutting","minecraft:stonecutting","切石机","污秽碎片格栅","dungeonsdelight:stained_scrap_grate","4","","","","","NON_FOOD","non_edible_block_or_tool","HIGH","1","1","否","否","","","","","仅JAR原始（运行时未加载）","(base)","否","不进入厨师","内容类型=NON_FOOD","","待评估","OTHER","","运行时未加载（依赖/条件）"
"Dungeon's Delight","[农夫乐事-地牢乐事]neoforge-dungeonsdelight-1.21.1-1.5.0.jar","1.5.0","minecraft","minecraft:stained_scrap_pillar_from_stained_scrap_block_stonecutting","minecraft:stonecutting","切石机","污秽碎片柱","dungeonsdelight:stained_scrap_pillar","4","","","","","NON_FOOD","non_edible_block_or_tool","HIGH","1","1","否","否","","","","","仅JAR原始（运行时未加载）","(base)","否","不进入厨师","内容类型=NON_FOOD","","待评估","OTHER","","运行时未加载（依赖/条件）"
"My Nether's Delight","[农夫乐事-下界乐事]MyNethersDelight-1.21.1-1.10.4.jar","1.10.4","mynethersdelight","mynethersdelight:boiled_egg_cooking","minecraft:smelting","熔炉","Boiled Egg","mynethersdelight:boiled_egg","1","是","4","5.6","","DISH","cooking_device=minecraft:smelting;food_component","HIGH","1","1","否","否","","","200","","无","(base)","是","COMMON","基础熟食或少量常见原料/单步合成","","已覆盖","FURNACE","ItemSmeltedEvent（菜单启发）",""
"My Nether's Delight","[农夫乐事-下界乐事]MyNethersDelight-1.21.1-1.10.4.jar","1.10.4","mynethersdelight","mynethersdelight:boiled_egg_from_campfire_cooking","minecraft:campfire_cooking","营火（无事件检测）","Boiled Egg","mynethersdelight:boiled_egg","1","是","4","5.6","","DISH","cooking_device=minecraft:campfire_cooking;food_component","HIGH","1","1","否","否","","","600","","无","(base)","是","COMMON","基础熟食或少量常见原料/单步合成","","未覆盖","CAMPFIRE（仅枚举）","无营火取餐检测，不会产生 DishCookedEvent","营火：TCTH 当前无 DishCookedEvent 检测"
"My Nether's Delight","[农夫乐事-下界乐事]MyNethersDelight-1.21.1-1.10.4.jar","1.10.4","mynethersdelight","mynethersdelight:boiled_egg_from_smoking","minecraft:smoking","烟熏炉","Boiled Egg","mynethersdelight:boiled_egg","1","是","4","5.6","","DISH","cooking_device=minecraft:smoking;food_component","HIGH","1","1","否","否","","","100","","无","(base)","是","COMMON","基础熟食或少量常见原料/单步合成","","已覆盖","SMOKER","ItemSmeltedEvent",""
"My Nether's Delight","[农夫乐事-下界乐事]MyNethersDelight-1.21.1-1.10.4.jar","1.10.4","mynethersdelight","mynethersdelight:bread_from_smelting","minecraft:smelting","熔炉","Bread","minecraft:bread","1","是","5","6","","DISH","cooking_device=minecraft:smelting;food_component","HIGH","1","1","否","否","","","200","","无","(base)","是","COMMON","基础熟食或少量常见原料/单步合成","","已覆盖","FURNACE","ItemSmeltedEvent（菜单启发）",""
"My Nether's Delight","[农夫乐事-下界乐事]MyNethersDelight-1.21.1-1.10.4.jar","1.10.4","mynethersdelight","mynethersdelight:bread_from_smoking","minecraft:smoking","烟熏炉","Bread","minecraft:bread","1","是","5","6","","DISH","cooking_device=minecraft:smoking;food_component","HIGH","1","1","否","否","","","100","","无","(base)","是","COMMON","基础熟食或少量常见原料/单步合成","","已覆盖","SMOKER","ItemSmeltedEvent",""
"My Nether's Delight","[农夫乐事-下界乐事]MyNethersDelight-1.21.1-1.10.4.jar","1.10.4","mynethersdelight","mynethersdelight:bread_loaf_from_smelting","minecraft:smelting","熔炉","Bread Loaf","mynethersdelight:bread_loaf","1","否","","","","NON_FOOD","not_edible","MEDIUM","1","1","否","否","","","400","","无","(base)","是","不进入厨师","内容类型=NON_FOOD","","已覆盖","FURNACE","ItemSmeltedEvent（菜单启发）",""
"My Nether's Delight","[农夫乐事-下界乐事]MyNethersDelight-1.21.1-1.10.4.jar","1.10.4","mynethersdelight","mynethersdelight:bread_loaf_from_smoking","minecraft:smoking","烟熏炉","Bread Loaf","mynethersdelight:bread_loaf","1","否","","","","NON_FOOD","not_edible","MEDIUM","1","1","否","否","","","200","","无","(base)","是","不进入厨师","内容类型=NON_FOOD","","已覆盖","SMOKER","ItemSmeltedEvent",""
"My Nether's Delight","[农夫乐事-下界乐事]MyNethersDelight-1.21.1-1.10.4.jar","1.10.4","mynethersdelight","mynethersdelight:cooking/boiled_eggs","farmersdelight:cooking","FD 烹饪锅","Boiled Egg","mynethersdelight:boiled_egg","4","是","4","5.6","","DISH","cooking_device=farmersdelight:cooking;food_component","HIGH","1","4","否","否","","","","","无","(base)","是","T2","设备或复杂度：type=farmersdelight:cooking;kinds=1","","已覆盖","FARMERS_DELIGHT_COOKING_POT","CookingPotResultSlot#onTake",""
"My Nether's Delight","[农夫乐事-下界乐事]MyNethersDelight-1.21.1-1.10.4.jar","1.10.4","mynethersdelight","mynethersdelight:cooking/burn_roll","farmersdelight:cooking","FD 烹饪锅","Burnt Roll","mynethersdelight:burnt_roll","2","是","10","12","effect.mynethersdelight.b_pungent 600tick 2级 概率1","DISH","dish_token;edible=true;type=farmersdelight:cooking","HIGH","2","3","否","否","","","50","","无","(base)","是","T2","正餐/甜点名称","","已覆盖","FARMERS_DELIGHT_COOKING_POT","CookingPotResultSlot#onTake",""
"My Nether's Delight","[农夫乐事-下界乐事]MyNethersDelight-1.21.1-1.10.4.jar","1.10.4","mynethersdelight","mynethersdelight:cooking/chilidog","farmersdelight:cooking","FD 烹饪锅","Chilidog","mynethersdelight:chilidog","1","是","11","11","effect.mynethersdelight.g_pungent 600tick 1级 概率1；effect.minecraft.fire_resistance 300tick 1级 概率1","DISH","cooking_device=farmersdelight:cooking;food_component","HIGH","3","2","否","否","mynethersdelight:hotdog","","","","无","(base)","是","T2","设备或复杂度：type=farmersdelight:cooking;kinds=3","","已覆盖","FARMERS_DELIGHT_COOKING_POT","CookingPotResultSlot#onTake",""
"My Nether's Delight","[农夫乐事-下界乐事]MyNethersDelight-1.21.1-1.10.4.jar","1.10.4","mynethersdelight","mynethersdelight:cooking/crimson_stroganoff","farmersdelight:cooking","FD 烹饪锅","Crimson Stroganoff","mynethersdelight:crimson_stroganoff","1","是","11","16.5","effect.minecraft.fire_resistance 600tick 1级 概率1；effect.farmersdelight.nourishment 3600tick 1级 概率1","DISH","cooking_device=farmersdelight:cooking;food_component","HIGH","4","5","否","否","","","400","","无","(base)","是","T2","设备或复杂度：type=farmersdelight:cooking;kinds=4","","已覆盖","FARMERS_DELIGHT_COOKING_POT","CookingPotResultSlot#onTake",""
"My Nether's Delight","[农夫乐事-下界乐事]MyNethersDelight-1.21.1-1.10.4.jar","1.10.4","mynethersdelight","mynethersdelight:cooking/deviled_egg","farmersdelight:cooking","FD 烹饪锅","Deviled Egg","mynethersdelight:deviled_egg","2","是","5","7","effect.mynethersdelight.b_pungent 200tick 1级 概率1","DISH","cooking_device=farmersdelight:cooking;food_component","HIGH","2","2","否","否","","","100","","无","(base)","是","T2","设备或复杂度：type=farmersdelight:cooking;kinds=2","","已覆盖","FARMERS_DELIGHT_COOKING_POT","CookingPotResultSlot#onTake",""
"My Nether's Delight","[农夫乐事-下界乐事]MyNethersDelight-1.21.1-1.10.4.jar","1.10.4","mynethersdelight","mynethersdelight:cooking/egg_soup","farmersdelight:cooking","FD 烹饪锅","Egg Soup","mynethersdelight:egg_soup","1","是","10","14","effect.farmersdelight.nourishment 2400tick 1级 概率1","DISH","dish_token;edible=true;type=farmersdelight:cooking","HIGH","3","4","否","否","","","","","无","(base)","是","T2","正餐/甜点名称","","已覆盖","FARMERS_DELIGHT_COOKING_POT","CookingPotResultSlot#onTake",""
"My Nether's Delight","[农夫乐事-下界乐事]MyNethersDelight-1.21.1-1.10.4.jar","1.10.4","mynethersdelight","mynethersdelight:cooking/fried_hoglin_chop","farmersdelight:cooking","FD 烹饪锅","Fried Hoglin Chop","mynethersdelight:fried_hoglin_chop","1","是","12","21.599998","effect.mynethersdelight.b_pungent 1200tick 1级 概率1；effect.farmersdelight.nourishment 3600tick 1级 概率1","DISH","cooking_device=farmersdelight:cooking;food_component","HIGH","5","5","否","否","","","","","无","(base)","是","COMMON","基础熟食或少量常见原料/单步合成","","已覆盖","FARMERS_DELIGHT_COOKING_POT","CookingPotResultSlot#onTake",""
"My Nether's Delight","[农夫乐事-下界乐事]MyNethersDelight-1.21.1-1.10.4.jar","1.10.4","mynethersdelight","mynethersdelight:cooking/fries_ghasta","farmersdelight:cooking","FD 烹饪锅","Fries Ghasta","mynethersdelight:fries_ghasta","1","是","8","9.6","","DISH","cooking_device=farmersdelight:cooking;food_component","HIGH","2","2","否","否","minecraft:paper","","100","","无","(base)","是","T2","设备或复杂度：type=farmersdelight:cooking;kinds=2","","已覆盖","FARMERS_DELIGHT_COOKING_POT","CookingPotResultSlot#onTake",""
"My Nether's Delight","[农夫乐事-下界乐事]MyNethersDelight-1.21.1-1.10.4.jar","1.10.4","mynethersdelight","mynethersdelight:cooking/giant_tentacles","farmersdelight:cooking","FD 烹饪锅","Giant Takoyaki","mynethersdelight:giant_takoyaki","1","是","12","18","","DISH","cooking_device=farmersdelight:cooking;food_component","HIGH","3","4","否","否","","","","","无","(base)","是","T2","设备或复杂度：type=farmersdelight:cooking;kinds=3","","已覆盖","FARMERS_DELIGHT_COOKING_POT","CookingPotResultSlot#onTake",""
"My Nether's Delight","[农夫乐事-下界乐事]MyNethersDelight-1.21.1-1.10.4.jar","1.10.4","mynethersdelight","mynethersdelight:cooking/hot_wings","farmersdelight:cooking","FD 烹饪锅","Hot Wings","mynethersdelight:hot_wings","1","是","6","5.3999996","effect.mynethersdelight.b_pungent 1200tick 1级 概率1；effect.farmersdelight.nourishment 1200tick 1级 概率1","DISH","cooking_device=farmersdelight:cooking;food_component","HIGH","3","3","否","否","","","150","","无","(base)","是","T2","设备或复杂度：type=farmersdelight:cooking;kinds=3","","已覆盖","FARMERS_DELIGHT_COOKING_POT","CookingPotResultSlot#onTake",""
"My Nether's Delight","[农夫乐事-下界乐事]MyNethersDelight-1.21.1-1.10.4.jar","1.10.4","mynethersdelight","mynethersdelight:cooking/hotcream","farmersdelight:cooking","FD 烹饪锅","Hot Cream","mynethersdelight:hot_cream","1","是","1","16","effect.mynethersdelight.g_pungent 600tick 3级 概率1；effect.minecraft.fire_resistance 600tick 1级 概率1","INGREDIENT","manual_override;奶油酱料","HIGH","5","5","否","是","minecraft:bucket","","50","","无","(base)","是","不进入厨师","奶油酱料","","已覆盖","FARMERS_DELIGHT_COOKING_POT","CookingPotResultSlot#onTake","人工覆盖优先；保持INGREDIENT"
"My Nether's Delight","[农夫乐事-下界乐事]MyNethersDelight-1.21.1-1.10.4.jar","1.10.4","mynethersdelight","mynethersdelight:cooking/roast_stuffed_hoglin","farmersdelight:cooking","FD 烹饪锅","Stuffed Hoglin","mynethersdelight:roast_stuffed_hoglin","1","否","","","","SERVING_DISH","manual_override;StuffedHoglinBlock.SERVINGS+useItemOn分食；无FOOD组件","HIGH","5","5","否","否","minecraft:bowl","","700","","无","(base)","是","不进入厨师","StuffedHoglinBlock.SERVINGS+useItemOn分食；无FOOD组件","","已覆盖","FARMERS_DELIGHT_COOKING_POT","CookingPotResultSlot#onTake","人工覆盖优先；整盘料理（防双算待设计）；javap:SERVINGS分食；防双算待6B"
"My Nether's Delight","[农夫乐事-下界乐事]MyNethersDelight-1.21.1-1.10.4.jar","1.10.4","mynethersdelight","mynethersdelight:cooking/rock_soup","farmersdelight:cooking","FD 烹饪锅","Rock Soup","mynethersdelight:rock_soup","1","是","7","10.5","effect.mynethersdelight.b_pungent 1200tick 3级 概率1；effect.farmersdelight.nourishment 3600tick 1级 概率1","DISH","dish_token;edible=true;type=farmersdelight:cooking","HIGH","1","2","否","否","","","50","","无","(base)","是","T2","正餐/甜点名称","","已覆盖","FARMERS_DELIGHT_COOKING_POT","CookingPotResultSlot#onTake",""
"My Nether's Delight","[农夫乐事-下界乐事]MyNethersDelight-1.21.1-1.10.4.jar","1.10.4","mynethersdelight","mynethersdelight:cooking/sausage_and_potatoes","farmersdelight:cooking","FD 烹饪锅","Sausage and Potatoes","mynethersdelight:sausage_and_potatoes","1","是","11","12.1","","DISH","dish_token;edible=true;type=farmersdelight:cooking","HIGH","2","3","否","否","","","","","无","(base)","是","T2","正餐/甜点名称","","已覆盖","FARMERS_DELIGHT_COOKING_POT","CookingPotResultSlot#onTake",""
"My Nether's Delight","[农夫乐事-下界乐事]MyNethersDelight-1.21.1-1.10.4.jar","1.10.4","mynethersdelight","mynethersdelight:cooking/scotch_eggs","farmersdelight:cooking","FD 烹饪锅","Scotch Eggs","mynethersdelight:scotch_eggs","1","是","12","19.2","effect.farmersdelight.nourishment 3600tick 1级 概率1","DISH","cooking_device=farmersdelight:cooking;food_component","HIGH","2","3","否","否","","","","","无","(base)","是","T2","设备或复杂度：type=farmersdelight:cooking;kinds=2","","已覆盖","FARMERS_DELIGHT_COOKING_POT","CookingPotResultSlot#onTake",""
"My Nether's Delight","[农夫乐事-下界乐事]MyNethersDelight-1.21.1-1.10.4.jar","1.10.4","mynethersdelight","mynethersdelight:cooking/spicy_curry","farmersdelight:cooking","FD 烹饪锅","Spicy Curry","mynethersdelight:spicy_curry","1","是","15","19.5","effect.mynethersdelight.b_pungent 6000tick 2级 概率1；effect.farmersdelight.nourishment 3600tick 1级 概率1","DISH","dish_token;edible=true;type=farmersdelight:cooking","HIGH","4","4","否","否","","","","","无","(base)","是","T2","正餐/甜点名称","","已覆盖","FARMERS_DELIGHT_COOKING_POT","CookingPotResultSlot#onTake",""
"My Nether's Delight","[农夫乐事-下界乐事]MyNethersDelight-1.21.1-1.10.4.jar","1.10.4","mynethersdelight","mynethersdelight:cooking/spicy_hoglin_stew","farmersdelight:cooking","FD 烹饪锅","Spicy Hoglin Stew","mynethersdelight:spicy_hoglin_stew","1","是","12","19.2","effect.mynethersdelight.b_pungent 1200tick 2级 概率1；effect.farmersdelight.nourishment 3600tick 1级 概率1","DISH","dish_token;edible=true;type=farmersdelight:cooking","HIGH","2","2","否","否","","","","","无","(base)","是","T2","正餐/甜点名称","","已覆盖","FARMERS_DELIGHT_COOKING_POT","CookingPotResultSlot#onTake",""
"My Nether's Delight","[农夫乐事-下界乐事]MyNethersDelight-1.21.1-1.10.4.jar","1.10.4","mynethersdelight","mynethersdelight:cooking/spicy_noodle_soup","farmersdelight:cooking","FD 烹饪锅","Spicy Noodle Soup","mynethersdelight:spicy_noodle_soup","1","是","16","20.8","effect.farmersdelight.nourishment 6000tick 1级 概率1；effect.mynethersdelight.b_pungent 1200tick 2级 概率1","DISH","dish_token;edible=true;type=farmersdelight:cooking","HIGH","4","4","否","否","","","","","无","(base)","是","T2","正餐/甜点名称","","已覆盖","FARMERS_DELIGHT_COOKING_POT","CookingPotResultSlot#onTake",""
"My Nether's Delight","[农夫乐事-下界乐事]MyNethersDelight-1.21.1-1.10.4.jar","1.10.4","mynethersdelight","mynethersdelight:cooking/strider_and_grilled_fungus","farmersdelight:cooking","FD 烹饪锅","Strider with Grilled Fungus","mynethersdelight:strider_with_grilled_fungus","1","是","10","18","effect.farmersdelight.nourishment 1200tick 1级 概率1","DISH","cooking_device=farmersdelight:cooking;food_component","HIGH","3","3","否","否","","","400","","无","(base)","是","T2","正餐/甜点名称","","已覆盖","FARMERS_DELIGHT_COOKING_POT","CookingPotResultSlot#onTake",""
"My Nether's Delight","[农夫乐事-下界乐事]MyNethersDelight-1.21.1-1.10.4.jar","1.10.4","mynethersdelight","mynethersdelight:cooking/strider_stew","farmersdelight:cooking","FD 烹饪锅","Strider Stew","mynethersdelight:strider_stew","1","是","8","9.6","effect.minecraft.fire_resistance 800tick 1级 概率1；effect.farmersdelight.nourishment 1200tick 1级 概率1","DISH","dish_token;edible=true;type=farmersdelight:cooking","HIGH","1","1","否","否","","","400","","无","(base)","是","T2","正餐/甜点名称","","已覆盖","FARMERS_DELIGHT_COOKING_POT","CookingPotResultSlot#onTake",""
"My Nether's Delight","[农夫乐事-下界乐事]MyNethersDelight-1.21.1-1.10.4.jar","1.10.4","mynethersdelight","mynethersdelight:cooking/twisted_ghasta","farmersdelight:cooking","FD 烹饪锅","Twisted Ghasta","mynethersdelight:twisted_ghasta","1","是","10","13","effect.farmersdelight.nourishment 2400tick 1级 概率1","DISH","cooking_device=farmersdelight:cooking;food_component","HIGH","1","1","否","否","","","","","无","(base)","是","T2","设备或复杂度：type=farmersdelight:cooking;kinds=1","","已覆盖","FARMERS_DELIGHT_COOKING_POT","CookingPotResultSlot#onTake",""
"My Nether's Delight","[农夫乐事-下界乐事]MyNethersDelight-1.21.1-1.10.4.jar","1.10.4","mynethersdelight","mynethersdelight:crafting/bacon_wrapped_sausage_stick","minecraft:crafting_shapeless","工作台（无序）","Bacon-wrapped Sausage on a Stick","mynethersdelight:bacon-wrapped_sausage_on_a_stick","1","是","10","12","","DISH","dish_token;edible=true;type=minecraft:crafting_shapeless","HIGH","3","3","否","否","","","","","无","(base)","是","T2","正餐/甜点名称","","已覆盖","CRAFTING","ItemCraftedEvent",""
"My Nether's Delight","[农夫乐事-下界乐事]MyNethersDelight-1.21.1-1.10.4.jar","1.10.4","mynethersdelight","mynethersdelight:crafting/basket_alt","minecraft:crafting_shaped","工作台（有序）","Bamboo Basket","farmersdelight:bamboo_basket","1","否","","","","NON_FOOD","not_edible","MEDIUM","3","5","否","否","","","","","无","(base)","是","不进入厨师","内容类型=NON_FOOD","","已覆盖","CRAFTING","ItemCraftedEvent",""
"My Nether's Delight","[农夫乐事-下界乐事]MyNethersDelight-1.21.1-1.10.4.jar","1.10.4","mynethersdelight","mynethersdelight:crafting/blaze_powder_alt","minecraft:crafting_shapeless","工作台（无序）","Blaze Powder","minecraft:blaze_powder","2","否","","","","NON_FOOD","not_edible","MEDIUM","2","4","否","否","","","","","无","(base)","是","不进入厨师","内容类型=NON_FOOD","","已覆盖","CRAFTING","ItemCraftedEvent",""
"My Nether's Delight","[农夫乐事-下界乐事]MyNethersDelight-1.21.1-1.10.4.jar","1.10.4","mynethersdelight","mynethersdelight:crafting/blazefire","minecraft:crafting_shaped","工作台（有序）","Blazier","mynethersdelight:blazier","1","否","","","","NON_FOOD","not_edible","MEDIUM","2","2","否","否","","","","","无","(base)","是","不进入厨师","内容类型=NON_FOOD","","已覆盖","CRAFTING","ItemCraftedEvent",""
"My Nether's Delight","[农夫乐事-下界乐事]MyNethersDelight-1.21.1-1.10.4.jar","1.10.4","mynethersdelight","mynethersdelight:crafting/blazier_cooling","mynethersdelight:blazier_cooling","烈焰炉冷却","","","","否","","","","NON_FOOD","blazier_state_recipe","HIGH","0","0","否","否","","","","","无","(base)","是","不进入厨师","内容类型=NON_FOOD","","待评估","OTHER","","Blazier状态切换"
"My Nether's Delight","[农夫乐事-下界乐事]MyNethersDelight-1.21.1-1.10.4.jar","1.10.4","mynethersdelight","mynethersdelight:crafting/blazier_heating","mynethersdelight:blazier_heating","烈焰炉加热","","","","否","","","","NON_FOOD","blazier_state_recipe","HIGH","0","0","否","否","","","","","无","(base)","是","不进入厨师","内容类型=NON_FOOD","","待评估","OTHER","","Blazier状态切换"
"My Nether's Delight","[农夫乐事-下界乐事]MyNethersDelight-1.21.1-1.10.4.jar","1.10.4","mynethersdelight","mynethersdelight:crafting/bleeding_tartar","minecraft:crafting_shapeless","工作台（无序）","Bleeding Tartar","mynethersdelight:bleeding_tartar","1","是","6","9","effect.minecraft.fire_resistance 200tick 1级 概率1；effect.farmersdelight.nourishment 600tick 1级 概率1","DISH","manual_override;FOOD nutrition=6 saturation=9 effects=fire_resistance+nourishment; recipe id=mynethersdelight:crafting/bleeding_tartar (minced_strider×2+egg+bowl); 碗装复合","HIGH","3","4","否","否","","","","","无","(base)","是","T2","FOOD nutrition=6 saturation=9 effects=fire_resistance+nourishment; recipe id=mynethersdelight:crafting/bleeding_tartar (minced_strider×2+egg+bowl); 碗装复合","","已覆盖","CRAFTING","ItemCraftedEvent","人工覆盖优先；My Nether's Delight;6A.3原REVIEW→DISH T2"
"My Nether's Delight","[农夫乐事-下界乐事]MyNethersDelight-1.21.1-1.10.4.jar","1.10.4","mynethersdelight","mynethersdelight:crafting/block_of_powdery_cabinet","minecraft:crafting_shaped","工作台（有序）","Powdery Cabinet","mynethersdelight:powdery_cabinet","1","否","","","","NON_FOOD","decor_or_storage_token","HIGH","2","2","否","否","","","","","无","(base)","是","不进入厨师","内容类型=NON_FOOD","","已覆盖","CRAFTING","ItemCraftedEvent",""
"My Nether's Delight","[农夫乐事-下界乐事]MyNethersDelight-1.21.1-1.10.4.jar","1.10.4","mynethersdelight","mynethersdelight:crafting/block_of_powdery_cannon","minecraft:crafting_shaped","工作台（有序）","Block of Powdery Cannon","mynethersdelight:powdery_block","1","否","","","","NON_FOOD","non_edible_block_or_tool","HIGH","1","1","否","否","","","","","无","(base)","是","不进入厨师","内容类型=NON_FOOD","","已覆盖","CRAFTING","ItemCraftedEvent",""
"My Nether's Delight","[农夫乐事-下界乐事]MyNethersDelight-1.21.1-1.10.4.jar","1.10.4","mynethersdelight","mynethersdelight:crafting/blue_tenderloin_steak","minecraft:crafting_shapeless","工作台（无序）","Blue Tenderloin Steak","mynethersdelight:blue_tenderloin_steak","1","是","9","14.400001","effect.minecraft.nausea 300tick 1级 概率1；effect.farmersdelight.nourishment 1200tick 1级 概率1","DISH","dish_token;edible=true;type=minecraft:crafting_shapeless","HIGH","3","4","否","否","","","","","无","(base)","是","T2","正餐/甜点名称","","已覆盖","CRAFTING","ItemCraftedEvent",""
"My Nether's Delight","[农夫乐事-下界乐事]MyNethersDelight-1.21.1-1.10.4.jar","1.10.4","mynethersdelight","mynethersdelight:crafting/breakfast_sampler","minecraft:crafting_shapeless","工作台（无序）","Breakfast Sampler","mynethersdelight:breakfast_sampler","1","是","15","22.5","effect.farmersdelight.nourishment 2400tick 1级 概率1","DISH","dish_token;edible=true;type=minecraft:crafting_shapeless","HIGH","5","7","否","否","","","","","无","(base)","是","T2","正餐/甜点名称","","已覆盖","CRAFTING","ItemCraftedEvent",""
"My Nether's Delight","[农夫乐事-下界乐事]MyNethersDelight-1.21.1-1.10.4.jar","1.10.4","mynethersdelight","mynethersdelight:crafting/bullet_papper_crate","minecraft:crafting_shapeless","工作台（无序）","Bullet Pepper Crate","mynethersdelight:bullet_pepper_crate","1","否","","","","NON_FOOD","decor_or_storage_token","HIGH","1","9","否","否","","","","","无","(base)","是","不进入厨师","内容类型=NON_FOOD","","已覆盖","CRAFTING","ItemCraftedEvent",""
"My Nether's Delight","[农夫乐事-下界乐事]MyNethersDelight-1.21.1-1.10.4.jar","1.10.4","mynethersdelight","mynethersdelight:crafting/bullet_papper_crate_alt","minecraft:crafting_shapeless","工作台（无序）","Bullet Pepper","mynethersdelight:bullet_pepper","9","是","2","2","effect.mynethersdelight.b_pungent 100tick 3级 概率1","RAW_FOOD","manual_override;可食用原料辣椒","HIGH","1","1","否","否","","","","","无","(base)","是","不进入厨师","可食用原料辣椒","","已覆盖","CRAFTING","ItemCraftedEvent","人工覆盖优先；边界产物"
"My Nether's Delight","[农夫乐事-下界乐事]MyNethersDelight-1.21.1-1.10.4.jar","1.10.4","mynethersdelight","mynethersdelight:crafting/burnt_roll","minecraft:crafting_shapeless","工作台（无序）","Burnt Roll","mynethersdelight:burnt_roll","1","是","10","12","effect.mynethersdelight.b_pungent 600tick 2级 概率1","DISH","dish_token;edible=true;type=minecraft:crafting_shapeless","HIGH","2","2","否","否","","","","","无","(base)","是","COMMON","基础熟食或少量常见原料/单步合成","","已覆盖","CRAFTING","ItemCraftedEvent",""
"My Nether's Delight","[农夫乐事-下界乐事]MyNethersDelight-1.21.1-1.10.4.jar","1.10.4","mynethersdelight","mynethersdelight:crafting/dried_ghast_with_milk","minecraft:crafting_shapeless","工作台（无序）","Dried Ghast with Milk","mynethersdelight:dried_ghast_with_milk","1","是","6","5.3999996","","DISH","manual_override;最终可食用餐食；饥饿6；简单合成","HIGH","3","3","否","否","","","","","无","(base)","是","COMMON","最终可食用餐食；饥饿6；简单合成","","已覆盖","CRAFTING","ItemCraftedEvent","人工覆盖优先；边界→COMMON"
"My Nether's Delight","[农夫乐事-下界乐事]MyNethersDelight-1.21.1-1.10.4.jar","1.10.4","mynethersdelight","mynethersdelight:crafting/ghast_dough","minecraft:crafting_shapeless","工作台（无序）","Ghast Dough","mynethersdelight:ghast_dough","2","是","3","6","effect.minecraft.hunger 600tick 1级 概率0.30000001192092896","INGREDIENT","manual_override;面团中间产物","HIGH","2","4","否","是","","","","","无","(base)","是","不进入厨师","面团中间产物","","已覆盖","CRAFTING","ItemCraftedEvent","人工覆盖优先；保持INGREDIENT"
"My Nether's Delight","[农夫乐事-下界乐事]MyNethersDelight-1.21.1-1.10.4.jar","1.10.4","mynethersdelight","mynethersdelight:crafting/ghast_salad","minecraft:crafting_shapeless","工作台（无序）","Ghast Salad","mynethersdelight:ghast_salad","1","是","8","13.6","effect.minecraft.regeneration 300tick 1级 概率1","DISH","dish_token;edible=true;type=minecraft:crafting_shapeless","HIGH","3","3","否","否","","","","","无","(base)","是","T2","正餐/甜点名称","","已覆盖","CRAFTING","ItemCraftedEvent",""
"My Nether's Delight","[农夫乐事-下界乐事]MyNethersDelight-1.21.1-1.10.4.jar","1.10.4","mynethersdelight","mynethersdelight:crafting/ghast_sourdough","minecraft:crafting_shapeless","工作台（无序）","Ghast Sourdough","mynethersdelight:ghast_sourdough","1","是","3","6","effect.minecraft.hunger 600tick 1级 概率0.30000001192092896","INGREDIENT","ingredient_token=ghast_sourdough","HIGH","2","4","否","是","","","","","无","(base)","是","不进入厨师","内容类型=INGREDIENT","","已覆盖","CRAFTING","ItemCraftedEvent",""
"My Nether's Delight","[农夫乐事-下界乐事]MyNethersDelight-1.21.1-1.10.4.jar","1.10.4","mynethersdelight","mynethersdelight:crafting/ghasta_with_cream","minecraft:crafting_shaped","工作台（有序）","Ghasta With Cream","mynethersdelight:ghasta_with_cream","1","否","","","","INGREDIENT","ingredient_token=ghasta_with_cream","HIGH","5","5","否","是","","","","","无","(base)","是","不进入厨师","内容类型=INGREDIENT","","已覆盖","CRAFTING","ItemCraftedEvent",""
"My Nether's Delight","[农夫乐事-下界乐事]MyNethersDelight-1.21.1-1.10.4.jar","1.10.4","mynethersdelight","mynethersdelight:crafting/golden_egg","minecraft:crafting_shaped","工作台（有序）","Golden Egg","mynethersdelight:golden_egg","1","是","4","8","effect.minecraft.resistance 600tick 1级 概率1；effect.minecraft.absorption 600tick 1级 概率1","RAW_FOOD","edible_rawish_token","MEDIUM","2","2","否","否","","","","","无","(base)","是","不进入厨师","内容类型=RAW_FOOD","","已覆盖","CRAFTING","ItemCraftedEvent",""
"My Nether's Delight","[农夫乐事-下界乐事]MyNethersDelight-1.21.1-1.10.4.jar","1.10.4","mynethersdelight","mynethersdelight:crafting/golden_trophy","minecraft:crafting_shaped","工作台（有序）","Golden Trophy","mynethersdelight:golden_trophy","2","否","","","","NON_FOOD","decor_or_storage_token","HIGH","4","4","否","否","","","","","无","(base)","是","不进入厨师","内容类型=NON_FOOD","","已覆盖","CRAFTING","ItemCraftedEvent",""
"My Nether's Delight","[农夫乐事-下界乐事]MyNethersDelight-1.21.1-1.10.4.jar","1.10.4","mynethersdelight","mynethersdelight:crafting/hoglin_trophy","minecraft:crafting_shaped","工作台（有序）","Hoglin Trophy","mynethersdelight:hoglin_trophy","1","否","","","","NON_FOOD","decor_or_storage_token","HIGH","5","5","否","否","","","","","无","(base)","是","不进入厨师","内容类型=NON_FOOD","","已覆盖","CRAFTING","ItemCraftedEvent",""
"My Nether's Delight","[农夫乐事-下界乐事]MyNethersDelight-1.21.1-1.10.4.jar","1.10.4","mynethersdelight","mynethersdelight:crafting/hoglin_trophy_cure","minecraft:crafting_shapeless","工作台（无序）","Hoglin Trophy","mynethersdelight:hoglin_trophy","1","否","","","","NON_FOOD","decor_or_storage_token","HIGH","2","2","否","否","","","","","无","(base)","是","不进入厨师","内容类型=NON_FOOD","","已覆盖","CRAFTING","ItemCraftedEvent",""
"My Nether's Delight","[农夫乐事-下界乐事]MyNethersDelight-1.21.1-1.10.4.jar","1.10.4","mynethersdelight","mynethersdelight:crafting/hot_wings_bucket","minecraft:crafting_shapeless","工作台（无序）","Hot Wings Bucket","mynethersdelight:hot_wings_bucket","1","是","18","16.199999","effect.mynethersdelight.b_pungent 3600tick 1级 概率1；effect.farmersdelight.nourishment 3600tick 1级 概率1","DISH","dish_token;edible=true;type=minecraft:crafting_shapeless","HIGH","2","4","否","否","","","","","无","(base)","是","COMMON","简单 DISH 兜底","","已覆盖","CRAFTING","ItemCraftedEvent",""
"My Nether's Delight","[农夫乐事-下界乐事]MyNethersDelight-1.21.1-1.10.4.jar","1.10.4","mynethersdelight","mynethersdelight:crafting/hot_wings_bucket_alt","minecraft:crafting_shapeless","工作台（无序）","Hot Wings","mynethersdelight:hot_wings","3","是","6","5.3999996","effect.mynethersdelight.b_pungent 1200tick 1级 概率1；effect.farmersdelight.nourishment 1200tick 1级 概率1","REVIEW","edible_but_ambiguous_name","LOW","2","4","否","否","","","","","无","(base)","是","待复审","内容类型=REVIEW","","已覆盖","CRAFTING","ItemCraftedEvent",""
"My Nether's Delight","[农夫乐事-下界乐事]MyNethersDelight-1.21.1-1.10.4.jar","1.10.4","mynethersdelight","mynethersdelight:crafting/hotcream_bucket","minecraft:crafting_shapeless","工作台（无序）","Hot Cream","mynethersdelight:hot_cream","1","是","1","16","effect.mynethersdelight.g_pungent 600tick 3级 概率1；effect.minecraft.fire_resistance 600tick 1级 概率1","INGREDIENT","manual_override;奶油酱料","HIGH","2","4","否","是","","","","","无","(base)","是","不进入厨师","奶油酱料","","已覆盖","CRAFTING","ItemCraftedEvent","人工覆盖优先；保持INGREDIENT"
"My Nether's Delight","[农夫乐事-下界乐事]MyNethersDelight-1.21.1-1.10.4.jar","1.10.4","mynethersdelight","mynethersdelight:crafting/hotcream_cone","minecraft:crafting_shapeless","工作台（无序）","Hot Cream Cone","mynethersdelight:hot_cream_cone","3","是","4","8","effect.mynethersdelight.g_pungent 200tick 1级 概率1；effect.minecraft.fire_resistance 200tick 1级 概率1","DISH","manual_override;FOOD nutrition=4 saturation=8 effects=g_pungent+fire_resistance; recipe id=mynethersdelight:crafting/hotcream_cone (hot_cream+powder_cannon×3)×3; HotCreamConeItem; 复合甜品","HIGH","2","4","否","否","","","","","无","(base)","是","T2","FOOD nutrition=4 saturation=8 effects=g_pungent+fire_resistance; recipe id=mynethersdelight:crafting/hotcream_cone (hot_cream+powder_cannon×3)×3; HotCreamConeItem; 复合甜品","","已覆盖","CRAFTING","ItemCraftedEvent","人工覆盖优先；My Nether's Delight;6A.3原REVIEW→DISH T2"
"My Nether's Delight","[农夫乐事-下界乐事]MyNethersDelight-1.21.1-1.10.4.jar","1.10.4","mynethersdelight","mynethersdelight:crafting/hotdog","minecraft:crafting_shapeless","工作台（无序）","Hotdog","mynethersdelight:hotdog","1","是","8","7.2","","DISH","dish_token;edible=true;type=minecraft:crafting_shapeless","HIGH","2","2","否","否","","","","","无","(base)","是","COMMON","基础熟食或少量常见原料/单步合成","","已覆盖","CRAFTING","ItemCraftedEvent",""
"My Nether's Delight","[农夫乐事-下界乐事]MyNethersDelight-1.21.1-1.10.4.jar","1.10.4","mynethersdelight","mynethersdelight:crafting/hotdog_with_mixed_salad","minecraft:crafting_shapeless","工作台（无序）","Hotdog with Mixed Salad","mynethersdelight:hotdog_with_mixed_salad","2","是","10","10","effect.minecraft.regeneration 100tick 1级 概率1","DISH","dish_token;edible=true;type=minecraft:crafting_shapeless","HIGH","2","3","否","否","","","","","无","(base)","是","T2","正餐/甜点名称","","已覆盖","CRAFTING","ItemCraftedEvent",""
"My Nether's Delight","[农夫乐事-下界乐事]MyNethersDelight-1.21.1-1.10.4.jar","1.10.4","mynethersdelight","mynethersdelight:crafting/hotdog_with_nether_salad","minecraft:crafting_shapeless","工作台（无序）","Hotdog with Nether Salad","mynethersdelight:hotdog_with_nether_salad","2","是","10","10","effect.minecraft.nausea 240tick 1级 概率0.30000001192092896","DISH","dish_token;edible=true;type=minecraft:crafting_shapeless","HIGH","2","3","否","否","","","","","无","(base)","是","T2","正餐/甜点名称","","已覆盖","CRAFTING","ItemCraftedEvent",""
"My Nether's Delight","[农夫乐事-下界乐事]MyNethersDelight-1.21.1-1.10.4.jar","1.10.4","mynethersdelight","mynethersdelight:crafting/letios_compost_from_bone_alt","minecraft:crafting_shapeless","工作台（无序）","Leteos Compost","mynethersdelight:letios_compost","1","否","","","","NON_FOOD","not_edible","MEDIUM","5","9","否","否","","","","","无","(base)","是","不进入厨师","内容类型=NON_FOOD","","已覆盖","CRAFTING","ItemCraftedEvent",""
"My Nether's Delight","[农夫乐事-下界乐事]MyNethersDelight-1.21.1-1.10.4.jar","1.10.4","mynethersdelight","mynethersdelight:crafting/letios_compost_from_rotten_flesh","minecraft:crafting_shapeless","工作台（无序）","Leteos Compost","mynethersdelight:letios_compost","1","否","","","","NON_FOOD","not_edible","MEDIUM","5","9","否","否","","","","","无","(base)","是","不进入厨师","内容类型=NON_FOOD","","已覆盖","CRAFTING","ItemCraftedEvent",""
"My Nether's Delight","[农夫乐事-下界乐事]MyNethersDelight-1.21.1-1.10.4.jar","1.10.4","mynethersdelight","mynethersdelight:crafting/magma_cake","minecraft:crafting_shaped","工作台（有序）","Magma Cake","mynethersdelight:magma_cake_block","1","否","","","","SERVING_DISH","manual_override;岩浆蛋糕方块；无FOOD","HIGH","4","4","否","否","","","","","无","(base)","是","不进入厨师","岩浆蛋糕方块；无FOOD","","已覆盖","CRAFTING","ItemCraftedEvent","人工覆盖优先；整盘料理（防双算待设计）"
"My Nether's Delight","[农夫乐事-下界乐事]MyNethersDelight-1.21.1-1.10.4.jar","1.10.4","mynethersdelight","mynethersdelight:crafting/magma_cake_alt","minecraft:crafting_shapeless","工作台（无序）","Magma Cake","mynethersdelight:magma_cake_block","1","否","","","","SERVING_DISH","manual_override;岩浆蛋糕方块；无FOOD","HIGH","1","7","否","否","","","","","无","(base)","是","不进入厨师","岩浆蛋糕方块；无FOOD","","已覆盖","CRAFTING","ItemCraftedEvent","人工覆盖优先；整盘料理（防双算待设计）"
"My Nether's Delight","[农夫乐事-下界乐事]MyNethersDelight-1.21.1-1.10.4.jar","1.10.4","mynethersdelight","mynethersdelight:crafting/nether_burger","minecraft:crafting_shapeless","工作台（无序）","Nether Burger","mynethersdelight:nether_burger","1","是","12","18","","DISH","dish_token;edible=true;type=minecraft:crafting_shapeless","HIGH","5","5","否","否","","","","","无","(base)","是","T2","正餐/甜点名称","","已覆盖","CRAFTING","ItemCraftedEvent",""
"My Nether's Delight","[农夫乐事-下界乐事]MyNethersDelight-1.21.1-1.10.4.jar","1.10.4","mynethersdelight","mynethersdelight:crafting/nethers_stove","minecraft:crafting_shaped","工作台（有序）","Nether Stove","mynethersdelight:nether_bricks_stove","1","否","","","","NON_FOOD","non_edible_block_or_tool","HIGH","3","3","否","否","","","","","无","(base)","是","不进入厨师","内容类型=NON_FOOD","","已覆盖","CRAFTING","ItemCraftedEvent",""
"My Nether's Delight","[农夫乐事-下界乐事]MyNethersDelight-1.21.1-1.10.4.jar","1.10.4","mynethersdelight","mynethersdelight:crafting/nethers_stove_alt0","minecraft:crafting_shapeless","工作台（无序）","Nether Stove","mynethersdelight:nether_bricks_stove","1","否","","","","NON_FOOD","non_edible_block_or_tool","HIGH","2","2","否","否","","","","","无","(base)","是","不进入厨师","内容类型=NON_FOOD","","已覆盖","CRAFTING","ItemCraftedEvent",""
"My Nether's Delight","[农夫乐事-下界乐事]MyNethersDelight-1.21.1-1.10.4.jar","1.10.4","mynethersdelight","mynethersdelight:crafting/powdery_button","minecraft:crafting_shapeless","工作台（无序）","Powdery Button","mynethersdelight:powdery_button","1","否","","","","NON_FOOD","non_edible_block_or_tool","HIGH","1","1","否","否","","","","","无","(base)","是","不进入厨师","内容类型=NON_FOOD","","已覆盖","CRAFTING","ItemCraftedEvent",""
"My Nether's Delight","[农夫乐事-下界乐事]MyNethersDelight-1.21.1-1.10.4.jar","1.10.4","mynethersdelight","mynethersdelight:crafting/powdery_door","minecraft:crafting_shaped","工作台（有序）","Powdery Door","mynethersdelight:powdery_door","3","否","","","","NON_FOOD","non_edible_block_or_tool","HIGH","1","1","否","否","","","","","无","(base)","是","不进入厨师","内容类型=NON_FOOD","","已覆盖","CRAFTING","ItemCraftedEvent",""
"My Nether's Delight","[农夫乐事-下界乐事]MyNethersDelight-1.21.1-1.10.4.jar","1.10.4","mynethersdelight","mynethersdelight:crafting/powdery_fence","minecraft:crafting_shaped","工作台（有序）","Powdery Fence","mynethersdelight:powdery_fence","3","否","","","","NON_FOOD","non_edible_block_or_tool","HIGH","2","2","否","否","","","","","无","(base)","是","不进入厨师","内容类型=NON_FOOD","","已覆盖","CRAFTING","ItemCraftedEvent",""
"My Nether's Delight","[农夫乐事-下界乐事]MyNethersDelight-1.21.1-1.10.4.jar","1.10.4","mynethersdelight","mynethersdelight:crafting/powdery_fence_gate","minecraft:crafting_shaped","工作台（有序）","Powdery Fence Gate","mynethersdelight:powdery_fence_gate","1","否","","","","NON_FOOD","non_edible_block_or_tool","HIGH","2","2","否","否","","","","","无","(base)","是","不进入厨师","内容类型=NON_FOOD","","已覆盖","CRAFTING","ItemCraftedEvent",""
"My Nether's Delight","[农夫乐事-下界乐事]MyNethersDelight-1.21.1-1.10.4.jar","1.10.4","mynethersdelight","mynethersdelight:crafting/powdery_hanging_sign","minecraft:crafting_shaped","工作台（有序）","Powdery Hanging Sign","mynethersdelight:powdery_hanging_sign","6","否","","","","NON_FOOD","decor_or_storage_token","HIGH","2","2","否","否","","","","","无","(base)","是","不进入厨师","内容类型=NON_FOOD","","已覆盖","CRAFTING","ItemCraftedEvent",""
"My Nether's Delight","[农夫乐事-下界乐事]MyNethersDelight-1.21.1-1.10.4.jar","1.10.4","mynethersdelight","mynethersdelight:crafting/powdery_mosaic","minecraft:crafting_shaped","工作台（有序）","Powdery Mosaic","mynethersdelight:powdery_mosaic","1","否","","","","NON_FOOD","not_edible","MEDIUM","1","1","否","否","","","","","无","(base)","是","不进入厨师","内容类型=NON_FOOD","","已覆盖","CRAFTING","ItemCraftedEvent",""
"My Nether's Delight","[农夫乐事-下界乐事]MyNethersDelight-1.21.1-1.10.4.jar","1.10.4","mynethersdelight","mynethersdelight:crafting/powdery_mosaic_slab","minecraft:crafting_shaped","工作台（有序）","Powdery Mosaic Slab","mynethersdelight:powdery_mosaic_slab","6","否","","","","NON_FOOD","non_edible_block_or_tool","HIGH","1","1","否","否","","","","","无","(base)","是","不进入厨师","内容类型=NON_FOOD","","已覆盖","CRAFTING","ItemCraftedEvent",""
"My Nether's Delight","[农夫乐事-下界乐事]MyNethersDelight-1.21.1-1.10.4.jar","1.10.4","mynethersdelight","mynethersdelight:crafting/powdery_mosaic_stairs","minecraft:crafting_shaped","工作台（有序）","Powdery Mosaic Stairs","mynethersdelight:powdery_mosaic_stairs","4","否","","","","NON_FOOD","non_edible_block_or_tool","HIGH","1","1","否","否","","","","","无","(base)","是","不进入厨师","内容类型=NON_FOOD","","已覆盖","CRAFTING","ItemCraftedEvent",""
"My Nether's Delight","[农夫乐事-下界乐事]MyNethersDelight-1.21.1-1.10.4.jar","1.10.4","mynethersdelight","mynethersdelight:crafting/powdery_plank","minecraft:crafting_shapeless","工作台（无序）","Powdery Planks","mynethersdelight:powdery_planks","2","否","","","","NON_FOOD","non_edible_block_or_tool","HIGH","1","1","否","否","","","","","无","(base)","是","不进入厨师","内容类型=NON_FOOD","","已覆盖","CRAFTING","ItemCraftedEvent",""
"My Nether's Delight","[农夫乐事-下界乐事]MyNethersDelight-1.21.1-1.10.4.jar","1.10.4","mynethersdelight","mynethersdelight:crafting/powdery_pressure_plate","minecraft:crafting_shaped","工作台（有序）","Powdery Pressure Plate","mynethersdelight:powdery_pressure_plate","1","否","","","","NON_FOOD","non_edible_block_or_tool","HIGH","1","1","否","否","","","","","无","(base)","是","不进入厨师","内容类型=NON_FOOD","","已覆盖","CRAFTING","ItemCraftedEvent",""
"My Nether's Delight","[农夫乐事-下界乐事]MyNethersDelight-1.21.1-1.10.4.jar","1.10.4","mynethersdelight","mynethersdelight:crafting/powdery_sign","minecraft:crafting_shaped","工作台（有序）","Powdery Sign","mynethersdelight:powdery_sign","3","否","","","","NON_FOOD","decor_or_storage_token","HIGH","2","2","否","否","","","","","无","(base)","是","不进入厨师","内容类型=NON_FOOD","","已覆盖","CRAFTING","ItemCraftedEvent",""
"My Nether's Delight","[农夫乐事-下界乐事]MyNethersDelight-1.21.1-1.10.4.jar","1.10.4","mynethersdelight","mynethersdelight:crafting/powdery_slab","minecraft:crafting_shaped","工作台（有序）","Powdery Slab","mynethersdelight:powdery_slab","6","否","","","","NON_FOOD","non_edible_block_or_tool","HIGH","1","1","否","否","","","","","无","(base)","是","不进入厨师","内容类型=NON_FOOD","","已覆盖","CRAFTING","ItemCraftedEvent",""
"My Nether's Delight","[农夫乐事-下界乐事]MyNethersDelight-1.21.1-1.10.4.jar","1.10.4","mynethersdelight","mynethersdelight:crafting/powdery_stairs","minecraft:crafting_shaped","工作台（有序）","Powdery Stairs","mynethersdelight:powdery_stairs","4","否","","","","NON_FOOD","non_edible_block_or_tool","HIGH","1","1","否","否","","","","","无","(base)","是","不进入厨师","内容类型=NON_FOOD","","已覆盖","CRAFTING","ItemCraftedEvent",""
"My Nether's Delight","[农夫乐事-下界乐事]MyNethersDelight-1.21.1-1.10.4.jar","1.10.4","mynethersdelight","mynethersdelight:crafting/powdery_torch","minecraft:crafting_shaped","工作台（有序）","Powdery Torch","mynethersdelight:powdery_torch","2","否","","","","NON_FOOD","non_edible_block_or_tool","HIGH","2","2","否","否","","","","","无","(base)","是","不进入厨师","内容类型=NON_FOOD","","已覆盖","CRAFTING","ItemCraftedEvent",""
"My Nether's Delight","[农夫乐事-下界乐事]MyNethersDelight-1.21.1-1.10.4.jar","1.10.4","mynethersdelight","mynethersdelight:crafting/powdery_trapdoor","minecraft:crafting_shaped","工作台（有序）","Powdery Trapdoor","mynethersdelight:powdery_trapdoor","2","否","","","","NON_FOOD","not_edible","MEDIUM","1","1","否","否","","","","","无","(base)","是","不进入厨师","内容类型=NON_FOOD","","已覆盖","CRAFTING","ItemCraftedEvent",""
"My Nether's Delight","[农夫乐事-下界乐事]MyNethersDelight-1.21.1-1.10.4.jar","1.10.4","mynethersdelight","mynethersdelight:crafting/raw_stuffed_hoglin","minecraft:crafting_shaped","工作台（有序）","Raw Stuffed Hoglin","mynethersdelight:raw_stuffed_hoglin","1","否","","","","INGREDIENT","manual_override;整盘生坯；无FOOD；需烹饪","HIGH","5","5","否","是","","","","","无","(base)","是","不进入厨师","整盘生坯；无FOOD；需烹饪","","已覆盖","CRAFTING","ItemCraftedEvent","人工覆盖优先；生坯非SERVING_DISH"
"My Nether's Delight","[农夫乐事-下界乐事]MyNethersDelight-1.21.1-1.10.4.jar","1.10.4","mynethersdelight","mynethersdelight:crafting/red_loin_on_a_stick","minecraft:crafting_shapeless","工作台（无序）","Red Loin on a Stick","mynethersdelight:red_loin_on_a_stick","1","是","10","14","","DISH","dish_token;edible=true;type=minecraft:crafting_shapeless","HIGH","3","4","否","否","","","","","无","(base)","是","COMMON","简单 DISH 兜底","","已覆盖","CRAFTING","ItemCraftedEvent",""
"My Nether's Delight","[农夫乐事-下界乐事]MyNethersDelight-1.21.1-1.10.4.jar","1.10.4","mynethersdelight","mynethersdelight:crafting/rock_soup","minecraft:crafting_shapeless","工作台（无序）","Rock Soup","mynethersdelight:rock_soup","1","是","7","10.5","effect.mynethersdelight.b_pungent 1200tick 3级 概率1；effect.farmersdelight.nourishment 3600tick 1级 概率1","DISH","dish_token;edible=true;type=minecraft:crafting_shapeless","HIGH","3","5","否","否","","","","","无","(base)","是","T2","正餐/甜点名称","","已覆盖","CRAFTING","ItemCraftedEvent",""
"My Nether's Delight","[农夫乐事-下界乐事]MyNethersDelight-1.21.1-1.10.4.jar","1.10.4","mynethersdelight","mynethersdelight:crafting/scaffolding_alt","minecraft:crafting_shaped","工作台（有序）","Bamboo Scaffolding","minecraft:scaffolding","6","否","","","","NON_FOOD","not_edible","MEDIUM","4","6","否","否","","","","","无","(base)","是","不进入厨师","内容类型=NON_FOOD","","已覆盖","CRAFTING","ItemCraftedEvent",""
"My Nether's Delight","[农夫乐事-下界乐事]MyNethersDelight-1.21.1-1.10.4.jar","1.10.4","mynethersdelight","mynethersdelight:crafting/sizzling_pudding","minecraft:crafting_shapeless","工作台（无序）","Sizzling Pudding","mynethersdelight:sizzling_pudding","1","是","9","11.7","effect.mynethersdelight.b_pungent 100tick 1级 概率1","DISH","dish_token;edible=true;type=minecraft:crafting_shapeless","HIGH","5","5","否","否","","","","","无","(base)","是","T2","正餐/甜点名称","","已覆盖","CRAFTING","ItemCraftedEvent",""
"My Nether's Delight","[农夫乐事-下界乐事]MyNethersDelight-1.21.1-1.10.4.jar","1.10.4","mynethersdelight","mynethersdelight:crafting/skoglin_trophy","minecraft:crafting_shapeless","工作台（无序）","Hoglin Trophy","mynethersdelight:hoglin_trophy","1","否","","","","NON_FOOD","decor_or_storage_token","HIGH","2","2","否","否","","","","","无","(base)","是","不进入厨师","内容类型=NON_FOOD","","已覆盖","CRAFTING","ItemCraftedEvent",""
"My Nether's Delight","[农夫乐事-下界乐事]MyNethersDelight-1.21.1-1.10.4.jar","1.10.4","mynethersdelight","mynethersdelight:crafting/soul_nethers_stove","minecraft:crafting_shaped","工作台（有序）","Nether Stove","mynethersdelight:nether_bricks_soul_stove","1","否","","","","NON_FOOD","non_edible_block_or_tool","HIGH","3","3","否","否","","","","","无","(base)","是","不进入厨师","内容类型=NON_FOOD","","已覆盖","CRAFTING","ItemCraftedEvent",""
"My Nether's Delight","[农夫乐事-下界乐事]MyNethersDelight-1.21.1-1.10.4.jar","1.10.4","mynethersdelight","mynethersdelight:crafting/soul_nethers_stove_alt0","minecraft:crafting_shapeless","工作台（无序）","Nether Stove","mynethersdelight:nether_bricks_soul_stove","1","否","","","","NON_FOOD","non_edible_block_or_tool","HIGH","2","2","否","否","","","","","无","(base)","是","不进入厨师","内容类型=NON_FOOD","","已覆盖","CRAFTING","ItemCraftedEvent",""
"My Nether's Delight","[农夫乐事-下界乐事]MyNethersDelight-1.21.1-1.10.4.jar","1.10.4","mynethersdelight","mynethersdelight:crafting/spicy_cotton","minecraft:crafting_shapeless","工作台（无序）","Spicy Cotton","mynethersdelight:spicy_cotton","1","是","3","13.5","effect.minecraft.fire_resistance 300tick 1级 概率1","DISH","manual_override;可食用成品；火焰抗性buff；非中间料","HIGH","3","4","否","否","","","","","无","(base)","是","COMMON","可食用成品；火焰抗性buff；非中间料","","已覆盖","CRAFTING","ItemCraftedEvent","人工覆盖优先；边界→COMMON小吃"
"My Nether's Delight","[农夫乐事-下界乐事]MyNethersDelight-1.21.1-1.10.4.jar","1.10.4","mynethersdelight","mynethersdelight:crafting/spicy_skewer","minecraft:crafting_shapeless","工作台（无序）","Spicy Skewer","mynethersdelight:spicy_skewer","1","是","7","12.599999","effect.mynethersdelight.b_pungent 1200tick 1级 概率1","DISH","dish_token;edible=true;type=minecraft:crafting_shapeless","HIGH","3","4","否","否","","","","","无","(base)","是","T2","正餐/甜点名称","","已覆盖","CRAFTING","ItemCraftedEvent",""
"My Nether's Delight","[农夫乐事-下界乐事]MyNethersDelight-1.21.1-1.10.4.jar","1.10.4","mynethersdelight","mynethersdelight:crafting/stick_alt","minecraft:crafting_shaped","工作台（有序）","Stick","minecraft:stick","1","否","","","","NON_FOOD","not_edible","MEDIUM","2","2","否","否","","","","","无","(base)","是","不进入厨师","内容类型=NON_FOOD","","已覆盖","CRAFTING","ItemCraftedEvent",""
"My Nether's Delight","[农夫乐事-下界乐事]MyNethersDelight-1.21.1-1.10.4.jar","1.10.4","mynethersdelight","mynethersdelight:crafting/striderloaf","minecraft:crafting_shapeless","工作台（无序）","Striderloaf","mynethersdelight:striderloaf","1","否","","","","NON_FOOD","not_edible","MEDIUM","3","5","否","否","","","","","无","(base)","是","不进入厨师","内容类型=NON_FOOD","","已覆盖","CRAFTING","ItemCraftedEvent",""
"My Nether's Delight","[农夫乐事-下界乐事]MyNethersDelight-1.21.1-1.10.4.jar","1.10.4","mynethersdelight","mynethersdelight:crafting/stuffed_pepper","minecraft:crafting_shapeless","工作台（无序）","Stuffed Pepper","mynethersdelight:stuffed_pepper","1","是","8","12.8","effect.mynethersdelight.b_pungent 300tick 3级 概率1","DISH","manual_override;FOOD nutrition=8 saturation=12.8 effect=b_pungent; recipe id=mynethersdelight:crafting/stuffed_pepper (bullet_pepper+cooked_pork+milk); 复合正餐","HIGH","3","3","否","否","","","","","无","(base)","是","T2","FOOD nutrition=8 saturation=12.8 effect=b_pungent; recipe id=mynethersdelight:crafting/stuffed_pepper (bullet_pepper+cooked_pork+milk); 复合正餐","","已覆盖","CRAFTING","ItemCraftedEvent","人工覆盖优先；My Nether's Delight;6A.3原REVIEW→DISH T2"
"My Nether's Delight","[农夫乐事-下界乐事]MyNethersDelight-1.21.1-1.10.4.jar","1.10.4","mynethersdelight","mynethersdelight:crafting/sugar_alt","minecraft:crafting_shapeless","工作台（无序）","Sugar","minecraft:sugar","1","否","","","","NON_FOOD","not_edible","MEDIUM","1","1","否","否","","","","","无","(base)","是","不进入厨师","内容类型=NON_FOOD","","已覆盖","CRAFTING","ItemCraftedEvent",""
"My Nether's Delight","[农夫乐事-下界乐事]MyNethersDelight-1.21.1-1.10.4.jar","1.10.4","mynethersdelight","mynethersdelight:crafting/tear_popsicle","minecraft:crafting_shaped","工作台（有序）","Tear Popsicle","mynethersdelight:tear_popsicle","1","是","3","1.2","effect.minecraft.regeneration 100tick 2级 概率1","DISH","dish_token;edible=true;type=minecraft:crafting_shaped","HIGH","3","3","否","否","","","","","无","(base)","是","COMMON","简单 DISH 兜底","","已覆盖","CRAFTING","ItemCraftedEvent",""
"My Nether's Delight","[农夫乐事-下界乐事]MyNethersDelight-1.21.1-1.10.4.jar","1.10.4","mynethersdelight","mynethersdelight:crafting/tnt_alt","minecraft:crafting_shaped","工作台（有序）","minecraft:tnt","minecraft:tnt","1","","","","","NON_FOOD","not_edible","MEDIUM","2","2","否","否","","","","","仅JAR原始（运行时未加载）","(base)","否","不进入厨师","内容类型=NON_FOOD","","已覆盖","CRAFTING","ItemCraftedEvent","运行时未加载（依赖/条件）"
"My Nether's Delight","[农夫乐事-下界乐事]MyNethersDelight-1.21.1-1.10.4.jar","1.10.4","mynethersdelight","mynethersdelight:crafting/waxed_hoglin_trophy","minecraft:crafting_shapeless","工作台（无序）","Waxed Hoglin Trophy","mynethersdelight:waxed_hoglin_trophy","1","否","","","","NON_FOOD","decor_or_storage_token","HIGH","2","2","否","否","","","","","无","(base)","是","不进入厨师","内容类型=NON_FOOD","","已覆盖","CRAFTING","ItemCraftedEvent",""
"My Nether's Delight","[农夫乐事-下界乐事]MyNethersDelight-1.21.1-1.10.4.jar","1.10.4","mynethersdelight","mynethersdelight:crafting/zoglin_trophy","minecraft:crafting_shaped","工作台（有序）","Zoglin Trophy","mynethersdelight:zoglin_trophy","1","否","","","","NON_FOOD","decor_or_storage_token","HIGH","3","3","否","否","","","","","无","(base)","是","不进入厨师","内容类型=NON_FOOD","","已覆盖","CRAFTING","ItemCraftedEvent",""
"My Nether's Delight","[农夫乐事-下界乐事]MyNethersDelight-1.21.1-1.10.4.jar","1.10.4","mynethersdelight","mynethersdelight:cutting/balze_rod","farmersdelight:cutting","FD 切菜板（非出锅）","Blaze Powder","minecraft:blaze_powder","3","否","","","","INGREDIENT","ingredient_process=farmersdelight:cutting","MEDIUM","2","1","否","是","","","","","无","(base)","是","不进入厨师","内容类型=INGREDIENT","","未覆盖（非出锅）","—","切菜板不属于料理出锅事件","切菜板非出锅事件"
"My Nether's Delight","[农夫乐事-下界乐事]MyNethersDelight-1.21.1-1.10.4.jar","1.10.4","mynethersdelight","mynethersdelight:cutting/bullet_pepper","farmersdelight:cutting","FD 切菜板（非出锅）","Pepper Powder","mynethersdelight:pepper_powder","1","否","","","","INGREDIENT","ingredient_process=farmersdelight:cutting","MEDIUM","2","1","否","是","","","","","无","(base)","是","不进入厨师","内容类型=INGREDIENT","","未覆盖（非出锅）","—","切菜板不属于料理出锅事件","切菜板非出锅事件"
"My Nether's Delight","[农夫乐事-下界乐事]MyNethersDelight-1.21.1-1.10.4.jar","1.10.4","mynethersdelight","mynethersdelight:cutting/crimson_fungus","farmersdelight:cutting","FD 切菜板（非出锅）","Crimson Fungus","minecraft:crimson_fungus","5","否","","","","INGREDIENT","ingredient_process=farmersdelight:cutting","MEDIUM","2","1","否","是","","","","","无","(base)","是","不进入厨师","内容类型=INGREDIENT","","未覆盖（非出锅）","—","切菜板不属于料理出锅事件","切菜板非出锅事件"
"My Nether's Delight","[农夫乐事-下界乐事]MyNethersDelight-1.21.1-1.10.4.jar","1.10.4","mynethersdelight","mynethersdelight:cutting/ghasmati","farmersdelight:cutting","FD 切菜板（非出锅）","Ghasmati","mynethersdelight:ghasmati","1","否","","","","INGREDIENT","ingredient_process=farmersdelight:cutting","MEDIUM","2","1","否","是","","","","","无","(base)","是","不进入厨师","内容类型=INGREDIENT","","未覆盖（非出锅）","—","切菜板不属于料理出锅事件","切菜板非出锅事件"
"My Nether's Delight","[农夫乐事-下界乐事]MyNethersDelight-1.21.1-1.10.4.jar","1.10.4","mynethersdelight","mynethersdelight:cutting/ghast_dough","farmersdelight:cutting","FD 切菜板（非出锅）","Ghast Dough","mynethersdelight:ghast_dough","3","是","3","6","effect.minecraft.hunger 600tick 1级 概率0.30000001192092896","INGREDIENT","manual_override;面团中间产物","HIGH","2","1","否","是","","","","","无","(base)","是","不进入厨师","面团中间产物","","未覆盖（非出锅）","—","切菜板不属于料理出锅事件","人工覆盖优先；切菜板非出锅事件；保持INGREDIENT"
"My Nether's Delight","[农夫乐事-下界乐事]MyNethersDelight-1.21.1-1.10.4.jar","1.10.4","mynethersdelight","mynethersdelight:cutting/gunpowder_and_stick_cannon","farmersdelight:cutting","FD 切菜板（非出锅）","Stick","minecraft:stick","1","否","","","","INGREDIENT","ingredient_process=farmersdelight:cutting","MEDIUM","2","1","否","是","","","","","无","(base)","是","不进入厨师","内容类型=INGREDIENT","","未覆盖（非出锅）","—","切菜板不属于料理出锅事件","切菜板非出锅事件"
"My Nether's Delight","[农夫乐事-下界乐事]MyNethersDelight-1.21.1-1.10.4.jar","1.10.4","mynethersdelight","mynethersdelight:cutting/hoglin_hide","farmersdelight:cutting","FD 切菜板（非出锅）","Leather","minecraft:leather","4","否","","","","INGREDIENT","ingredient_process=farmersdelight:cutting","MEDIUM","2","1","否","是","","","","","无","(base)","是","不进入厨师","内容类型=INGREDIENT","","未覆盖（非出锅）","—","切菜板不属于料理出锅事件","切菜板非出锅事件"
"My Nether's Delight","[农夫乐事-下界乐事]MyNethersDelight-1.21.1-1.10.4.jar","1.10.4","mynethersdelight","mynethersdelight:cutting/hoglin_sausage","farmersdelight:cutting","FD 切菜板（非出锅）","Hoglin Sausage","mynethersdelight:hoglin_sausage","2","是","2","1","effect.minecraft.nausea 300tick 1级 概率0.4000000059604645","DISH","dish_token;edible=true;type=farmersdelight:cutting","HIGH","2","1","否","否","","","","","无","(base)","是","T2","正餐/甜点名称","","未覆盖（非出锅）","—","切菜板不属于料理出锅事件","切菜板非出锅事件"
"My Nether's Delight","[农夫乐事-下界乐事]MyNethersDelight-1.21.1-1.10.4.jar","1.10.4","mynethersdelight","mynethersdelight:cutting/hoglin_trophy","farmersdelight:cutting","FD 切菜板（非出锅）","Hoglin Trophy","mynethersdelight:hoglin_trophy","1","否","","","","NON_FOOD","decor_or_storage_token","HIGH","1","1","否","否","","","","","无","(base)","是","不进入厨师","内容类型=NON_FOOD","","未覆盖（非出锅）","—","切菜板不属于料理出锅事件","切菜板非出锅事件"
"My Nether's Delight","[农夫乐事-下界乐事]MyNethersDelight-1.21.1-1.10.4.jar","1.10.4","mynethersdelight","mynethersdelight:cutting/magma_cake","farmersdelight:cutting","FD 切菜板（非出锅）","Magma Cake Slice","mynethersdelight:magma_cake_slice","7","是","2","4","effect.mynethersdelight.g_pungent 400tick 3级 概率1；effect.minecraft.speed 400tick 1级 概率1；effect.minecraft.fire_resistance 200tick 1级 概率1","DISH","dish_token;edible=true;type=farmersdelight:cutting","HIGH","2","1","否","否","","","","","无","(base)","是","T2","正餐/甜点名称","","未覆盖（非出锅）","—","切菜板不属于料理出锅事件","切菜板非出锅事件"
"My Nether's Delight","[农夫乐事-下界乐事]MyNethersDelight-1.21.1-1.10.4.jar","1.10.4","mynethersdelight","mynethersdelight:cutting/minced_strider","farmersdelight:cutting","FD 切菜板（非出锅）","Minced Strider","mynethersdelight:minced_strider","2","是","2","3","","INGREDIENT","manual_override;绞肉中间产物","HIGH","2","1","否","是","","","","","无","(base)","是","不进入厨师","绞肉中间产物","","未覆盖（非出锅）","—","切菜板不属于料理出锅事件","人工覆盖优先；切菜板非出锅事件；保持INGREDIENT"
"My Nether's Delight","[农夫乐事-下界乐事]MyNethersDelight-1.21.1-1.10.4.jar","1.10.4","mynethersdelight","mynethersdelight:cutting/skoglin_trophy","farmersdelight:cutting","FD 切菜板（非出锅）","Skoglin Trophy","mynethersdelight:skoglin_trophy","1","否","","","","NON_FOOD","decor_or_storage_token","HIGH","2","1","否","否","","","","","无","(base)","是","不进入厨师","内容类型=NON_FOOD","","未覆盖（非出锅）","—","切菜板不属于料理出锅事件","切菜板非出锅事件"
"My Nether's Delight","[农夫乐事-下界乐事]MyNethersDelight-1.21.1-1.10.4.jar","1.10.4","mynethersdelight","mynethersdelight:cutting/skoglin_trophy_alt","farmersdelight:cutting","FD 切菜板（非出锅）","Skoglin Trophy","mynethersdelight:skoglin_trophy","1","否","","","","NON_FOOD","decor_or_storage_token","HIGH","2","1","否","否","","","","","无","(base)","是","不进入厨师","内容类型=NON_FOOD","","未覆盖（非出锅）","—","切菜板不属于料理出锅事件","切菜板非出锅事件"
"My Nether's Delight","[农夫乐事-下界乐事]MyNethersDelight-1.21.1-1.10.4.jar","1.10.4","mynethersdelight","mynethersdelight:cutting/slices_of_bread","farmersdelight:cutting","FD 切菜板（非出锅）","Slices of Bread","mynethersdelight:slices_of_bread","5","是","5","6","","DISH","dish_token;edible=true;type=farmersdelight:cutting","HIGH","2","1","否","否","","","","","无","(base)","是","T2","正餐/甜点名称","","未覆盖（非出锅）","—","切菜板不属于料理出锅事件","切菜板非出锅事件"
"My Nether's Delight","[农夫乐事-下界乐事]MyNethersDelight-1.21.1-1.10.4.jar","1.10.4","mynethersdelight","mynethersdelight:cutting/stick_bamboo","farmersdelight:cutting","FD 切菜板（非出锅）","Stick","minecraft:stick","1","否","","","","INGREDIENT","ingredient_process=farmersdelight:cutting","MEDIUM","2","1","否","是","","","","","无","(base)","是","不进入厨师","内容类型=INGREDIENT","","未覆盖（非出锅）","—","切菜板不属于料理出锅事件","切菜板非出锅事件"
"My Nether's Delight","[农夫乐事-下界乐事]MyNethersDelight-1.21.1-1.10.4.jar","1.10.4","mynethersdelight","mynethersdelight:cutting/strider_egg","farmersdelight:cutting","FD 切菜板（非出锅）","Strider Egg","mynethersdelight:strider_egg","1","是","3","1.8000001","","INGREDIENT","manual_override;切割/原料蛋","HIGH","1","1","否","是","","","","","无","(base)","是","不进入厨师","切割/原料蛋","","未覆盖（非出锅）","—","切菜板不属于料理出锅事件","人工覆盖优先；切菜板非出锅事件；保持INGREDIENT"
"My Nether's Delight","[农夫乐事-下界乐事]MyNethersDelight-1.21.1-1.10.4.jar","1.10.4","mynethersdelight","mynethersdelight:cutting/warped_fungus","farmersdelight:cutting","FD 切菜板（非出锅）","Warped Fungus","minecraft:warped_fungus","5","否","","","","INGREDIENT","ingredient_process=farmersdelight:cutting","MEDIUM","2","1","否","是","","","","","无","(base)","是","不进入厨师","内容类型=INGREDIENT","","未覆盖（非出锅）","—","切菜板不属于料理出锅事件","切菜板非出锅事件"
"My Nether's Delight","[农夫乐事-下界乐事]MyNethersDelight-1.21.1-1.10.4.jar","1.10.4","mynethersdelight","mynethersdelight:hoglin_loin_cooking","minecraft:smelting","熔炉","Cooked Loin","mynethersdelight:cooked_loin","1","是","7","10.5","","DISH","cooking_device=minecraft:smelting;food_component","HIGH","1","1","否","否","","","200","","无","(base)","是","COMMON","基础熟食或少量常见原料/单步合成","","已覆盖","FURNACE","ItemSmeltedEvent（菜单启发）",""
"My Nether's Delight","[农夫乐事-下界乐事]MyNethersDelight-1.21.1-1.10.4.jar","1.10.4","mynethersdelight","mynethersdelight:hoglin_loin_from_campfire_cooking","minecraft:campfire_cooking","营火（无事件检测）","Cooked Loin","mynethersdelight:cooked_loin","1","是","7","10.5","","DISH","cooking_device=minecraft:campfire_cooking;food_component","HIGH","1","1","否","否","","","600","","无","(base)","是","COMMON","基础熟食或少量常见原料/单步合成","","未覆盖","CAMPFIRE（仅枚举）","无营火取餐检测，不会产生 DishCookedEvent","营火：TCTH 当前无 DishCookedEvent 检测"
"My Nether's Delight","[农夫乐事-下界乐事]MyNethersDelight-1.21.1-1.10.4.jar","1.10.4","mynethersdelight","mynethersdelight:hoglin_loin_from_smoking","minecraft:smoking","烟熏炉","Cooked Loin","mynethersdelight:cooked_loin","1","是","7","10.5","","DISH","cooking_device=minecraft:smoking;food_component","HIGH","1","1","否","否","","","100","","无","(base)","是","COMMON","基础熟食或少量常见原料/单步合成","","已覆盖","SMOKER","ItemSmeltedEvent",""
"My Nether's Delight","[农夫乐事-下界乐事]MyNethersDelight-1.21.1-1.10.4.jar","1.10.4","mynethersdelight","mynethersdelight:hoglin_sausage_cooking","minecraft:smelting","熔炉","Roasted Sausage","mynethersdelight:roasted_sausage","1","是","4","2.8","","DISH","dish_token;edible=true;type=minecraft:smelting","HIGH","1","1","否","否","","","200","","无","(base)","是","COMMON","基础熟食或少量常见原料/单步合成","","已覆盖","FURNACE","ItemSmeltedEvent（菜单启发）",""
"My Nether's Delight","[农夫乐事-下界乐事]MyNethersDelight-1.21.1-1.10.4.jar","1.10.4","mynethersdelight","mynethersdelight:hoglin_sausage_from_campfire_cooking","minecraft:campfire_cooking","营火（无事件检测）","Roasted Sausage","mynethersdelight:roasted_sausage","1","是","4","2.8","","DISH","dish_token;edible=true;type=minecraft:campfire_cooking","HIGH","1","1","否","否","","","600","","无","(base)","是","COMMON","基础熟食或少量常见原料/单步合成","","未覆盖","CAMPFIRE（仅枚举）","无营火取餐检测，不会产生 DishCookedEvent","营火：TCTH 当前无 DishCookedEvent 检测"
"My Nether's Delight","[农夫乐事-下界乐事]MyNethersDelight-1.21.1-1.10.4.jar","1.10.4","mynethersdelight","mynethersdelight:hoglin_sausage_from_smoking","minecraft:smoking","烟熏炉","Roasted Sausage","mynethersdelight:roasted_sausage","1","是","4","2.8","","DISH","dish_token;edible=true;type=minecraft:smoking","HIGH","1","1","否","否","","","100","","无","(base)","是","COMMON","基础熟食或少量常见原料/单步合成","","已覆盖","SMOKER","ItemSmeltedEvent",""
"My Nether's Delight","[农夫乐事-下界乐事]MyNethersDelight-1.21.1-1.10.4.jar","1.10.4","mynethersdelight","mynethersdelight:salvaging/powdery_furniture","farmersdelight:cutting","FD 切菜板（非出锅）","Powdery Planks","mynethersdelight:powdery_planks","1","否","","","","INGREDIENT","ingredient_process=farmersdelight:cutting","MEDIUM","1","1","否","是","","","","","无","(base)","是","不进入厨师","内容类型=INGREDIENT","","未覆盖（非出锅）","—","切菜板不属于料理出锅事件","切菜板非出锅事件"
"My Nether's Delight","[农夫乐事-下界乐事]MyNethersDelight-1.21.1-1.10.4.jar","1.10.4","mynethersdelight","mynethersdelight:stonecutting/blackstone_bricks_cabinet","minecraft:stonecutting","切石机","Blackstone Brick Cabinet","mynethersdelight:blackstone_bricks_cabinet","1","否","","","","NON_FOOD","decor_or_storage_token","HIGH","3","3","否","否","","","","","无","(base)","是","不进入厨师","内容类型=NON_FOOD","","待评估","OTHER","",""
"My Nether's Delight","[农夫乐事-下界乐事]MyNethersDelight-1.21.1-1.10.4.jar","1.10.4","mynethersdelight","mynethersdelight:stonecutting/nether_bricks_cabinet","minecraft:stonecutting","切石机","Nether Brick Cabinet","mynethersdelight:nether_bricks_cabinet","1","否","","","","NON_FOOD","decor_or_storage_token","HIGH","1","1","否","否","","","","","无","(base)","是","不进入厨师","内容类型=NON_FOOD","","待评估","OTHER","",""
"My Nether's Delight","[农夫乐事-下界乐事]MyNethersDelight-1.21.1-1.10.4.jar","1.10.4","mynethersdelight","mynethersdelight:stonecutting/red_nether_bricks_cabinet","minecraft:stonecutting","切石机","Red Nether Brick Cabinet","mynethersdelight:red_nether_bricks_cabinet","1","否","","","","NON_FOOD","decor_or_storage_token","HIGH","1","1","否","否","","","","","无","(base)","是","不进入厨师","内容类型=NON_FOOD","","待评估","OTHER","",""
"My Nether's Delight","[农夫乐事-下界乐事]MyNethersDelight-1.21.1-1.10.4.jar","1.10.4","mynethersdelight","mynethersdelight:toast_cooking","minecraft:smelting","熔炉","Toasts","mynethersdelight:toasts","1","是","7","8.400001","","DISH","cooking_device=minecraft:smelting;food_component","HIGH","1","1","否","否","","","200","","无","(base)","是","COMMON","基础熟食或少量常见原料/单步合成","","已覆盖","FURNACE","ItemSmeltedEvent（菜单启发）",""
"My Nether's Delight","[农夫乐事-下界乐事]MyNethersDelight-1.21.1-1.10.4.jar","1.10.4","mynethersdelight","mynethersdelight:toast_from_campfire_cooking","minecraft:campfire_cooking","营火（无事件检测）","Toasts","mynethersdelight:toasts","1","是","7","8.400001","","DISH","cooking_device=minecraft:campfire_cooking;food_component","HIGH","1","1","否","否","","","600","","无","(base)","是","COMMON","基础熟食或少量常见原料/单步合成","","未覆盖","CAMPFIRE（仅枚举）","无营火取餐检测，不会产生 DishCookedEvent","营火：TCTH 当前无 DishCookedEvent 检测"
"My Nether's Delight","[农夫乐事-下界乐事]MyNethersDelight-1.21.1-1.10.4.jar","1.10.4","mynethersdelight","mynethersdelight:toast_from_smoking","minecraft:smoking","烟熏炉","Toasts","mynethersdelight:toasts","1","是","7","8.400001","","DISH","cooking_device=minecraft:smoking;food_component","HIGH","1","1","否","否","","","100","","无","(base)","是","COMMON","基础熟食或少量常见原料/单步合成","","已覆盖","SMOKER","ItemSmeltedEvent",""
"Neapolitan","[那不勒斯风味]neapolitan-1.21.1-6.0.1.jar","6.0.1","neapolitan","neapolitan:adzuki_beans_from_adzuki_crate","minecraft:crafting_shapeless","工作台（无序）","Adzuki Beans","neapolitan:adzuki_beans","9","否","","","","NON_FOOD","not_edible","MEDIUM","1","1","否","否","","","","","无","(base)","是","不进入厨师","内容类型=NON_FOOD","","已覆盖","CRAFTING","ItemCraftedEvent",""
"Neapolitan","[那不勒斯风味]neapolitan-1.21.1-6.0.1.jar","6.0.1","neapolitan","neapolitan:adzuki_bun","minecraft:crafting_shapeless","工作台（无序）","Adzuki Bun","neapolitan:adzuki_bun","1","是","5","3","effect.neapolitan.harmony 300tick 1级 概率1","DISH","dish_token;edible=true;type=minecraft:crafting_shapeless","HIGH","3","3","否","否","","","","","无","(base)","是","COMMON","简单 DISH 兜底","","已覆盖","CRAFTING","ItemCraftedEvent",""
"Neapolitan","[那不勒斯风味]neapolitan-1.21.1-6.0.1.jar","6.0.1","neapolitan","neapolitan:adzuki_cake","minecraft:crafting_shaped","工作台（有序）","Adzuki Cake","neapolitan:adzuki_cake","1","否","","","","SERVING_DISH","manual_override;FlavoredCakeBlock.eatSlice；无Item FOOD","HIGH","5","5","否","否","","","","","无","(base)","是","不进入厨师","FlavoredCakeBlock.eatSlice；无Item FOOD","","已覆盖","CRAFTING","ItemCraftedEvent","人工覆盖优先；整盘料理（防双算待设计）；javap:FlavoredCakeBlock"
"Neapolitan","[那不勒斯风味]neapolitan-1.21.1-6.0.1.jar","6.0.1","neapolitan","neapolitan:adzuki_crate","minecraft:crafting_shaped","工作台（有序）","Crate of Adzuki Beans","neapolitan:adzuki_crate","1","否","","","","NON_FOOD","decor_or_storage_token","HIGH","1","1","否","否","","","","","无","(base)","是","不进入厨师","内容类型=NON_FOOD","","已覆盖","CRAFTING","ItemCraftedEvent",""
"Neapolitan","[那不勒斯风味]neapolitan-1.21.1-6.0.1.jar","6.0.1","neapolitan","neapolitan:adzuki_curry","minecraft:crafting_shapeless","工作台（无序）","Adzuki Curry","neapolitan:adzuki_curry","1","是","6","14.400001","effect.neapolitan.harmony 300tick 1级 概率1；effect.neapolitan.agility 300tick 1级 概率1","DISH","dish_token;edible=true;type=minecraft:crafting_shapeless","HIGH","5","5","否","否","","","","","无","(base)","是","T2","正餐/甜点名称","","已覆盖","CRAFTING","ItemCraftedEvent",""
"Neapolitan","[那不勒斯风味]neapolitan-1.21.1-6.0.1.jar","6.0.1","neapolitan","neapolitan:adzuki_ice_cream","minecraft:crafting_shapeless","工作台（无序）","Adzuki Ice Cream","neapolitan:adzuki_ice_cream","1","是","6","3.6000001","effect.neapolitan.harmony 600tick 1级 概率1","DISH","explicit_dish_allowlist","HIGH","5","5","否","否","","","","","无","(base)","是","T2","正餐/甜点名称","","已覆盖","CRAFTING","ItemCraftedEvent",""
"Neapolitan","[那不勒斯风味]neapolitan-1.21.1-6.0.1.jar","6.0.1","neapolitan","neapolitan:adzuki_ice_cream_block","minecraft:crafting_shaped","工作台（有序）","Adzuki Ice Cream Block","neapolitan:adzuki_ice_cream_block","8","否","","","","SERVING_DISH","manual_override;冰淇淋方块可放置分食；无FOOD","HIGH","2","2","否","否","","","","","无","(base)","是","不进入厨师","冰淇淋方块可放置分食；无FOOD","","已覆盖","CRAFTING","ItemCraftedEvent","人工覆盖优先；整盘料理（防双算待设计）"
"Neapolitan","[那不勒斯风味]neapolitan-1.21.1-6.0.1.jar","6.0.1","neapolitan","neapolitan:adzuki_milkshake","minecraft:crafting_shapeless","工作台（无序）","Adzuki Milkshake","neapolitan:adzuki_milkshake","3","是","2","6","effect.neapolitan.harmony 300tick 1级 概率1","DRINK","drink_token=adzuki_milkshake","HIGH","3","5","否","否","","","","","无","(base)","是","不进入厨师","内容类型=DRINK","","已覆盖","CRAFTING","ItemCraftedEvent",""
"Neapolitan","[那不勒斯风味]neapolitan-1.21.1-6.0.1.jar","6.0.1","neapolitan","neapolitan:adzuki_stew","minecraft:crafting_shapeless","工作台（无序）","Adzuki Stew","neapolitan:adzuki_stew","1","是","8","9.6","effect.neapolitan.harmony 400tick 1级 概率1","DISH","dish_token;edible=true;type=minecraft:crafting_shapeless","HIGH","5","6","否","否","","","","","无","(base)","是","T2","正餐/甜点名称","","已覆盖","CRAFTING","ItemCraftedEvent",""
"Neapolitan","[那不勒斯风味]neapolitan-1.21.1-6.0.1.jar","6.0.1","neapolitan","neapolitan:banana","minecraft:crafting_shapeless","工作台（无序）","Banana","neapolitan:banana","9","是","2","1.2","effect.neapolitan.agility 300tick 1级 概率1","RAW_FOOD","manual_override;可食用原料香蕉","HIGH","1","1","否","否","","","","","无","(base)","是","不进入厨师","可食用原料香蕉","","已覆盖","CRAFTING","ItemCraftedEvent","人工覆盖优先；边界产物"
"Neapolitan","[那不勒斯风味]neapolitan-1.21.1-6.0.1.jar","6.0.1","neapolitan","neapolitan:banana_bread","minecraft:crafting_shapeless","工作台（无序）","Banana Bread","neapolitan:banana_bread","1","是","5","6","effect.neapolitan.agility 600tick 1级 概率1","DISH","dish_token;edible=true;type=minecraft:crafting_shapeless","HIGH","3","3","否","否","","","","","无","(base)","是","T2","正餐/甜点名称","","已覆盖","CRAFTING","ItemCraftedEvent",""
"Neapolitan","[那不勒斯风味]neapolitan-1.21.1-6.0.1.jar","6.0.1","neapolitan","neapolitan:banana_bundle","minecraft:crafting_shapeless","工作台（无序）","Banana Bundle","neapolitan:banana_bundle","1","否","","","","NON_FOOD","not_edible","MEDIUM","1","9","否","否","","","","","无","(base)","是","不进入厨师","内容类型=NON_FOOD","","已覆盖","CRAFTING","ItemCraftedEvent",""
"Neapolitan","[那不勒斯风味]neapolitan-1.21.1-6.0.1.jar","6.0.1","neapolitan","neapolitan:banana_cake","minecraft:crafting_shaped","工作台（有序）","Banana Cake","neapolitan:banana_cake","1","否","","","","SERVING_DISH","manual_override;FlavoredCakeBlock.eatSlice","HIGH","5","5","否","否","","","","","无","(base)","是","不进入厨师","FlavoredCakeBlock.eatSlice","","已覆盖","CRAFTING","ItemCraftedEvent","人工覆盖优先；整盘料理（防双算待设计）"
"Neapolitan","[那不勒斯风味]neapolitan-1.21.1-6.0.1.jar","6.0.1","neapolitan","neapolitan:banana_crate","minecraft:crafting_shaped","工作台（有序）","Crate of Bananas","neapolitan:banana_crate","1","否","","","","NON_FOOD","decor_or_storage_token","HIGH","1","1","否","否","","","","","无","(base)","是","不进入厨师","内容类型=NON_FOOD","","已覆盖","CRAFTING","ItemCraftedEvent",""
"Neapolitan","[那不勒斯风味]neapolitan-1.21.1-6.0.1.jar","6.0.1","neapolitan","neapolitan:banana_ice_cream","minecraft:crafting_shapeless","工作台（无序）","Banana Ice Cream","neapolitan:banana_ice_cream","1","是","6","3.6000001","effect.neapolitan.agility 1200tick 1级 概率1","DISH","explicit_dish_allowlist","HIGH","5","5","否","否","","","","","无","(base)","是","T2","正餐/甜点名称","","已覆盖","CRAFTING","ItemCraftedEvent",""
"Neapolitan","[那不勒斯风味]neapolitan-1.21.1-6.0.1.jar","6.0.1","neapolitan","neapolitan:banana_ice_cream_block","minecraft:crafting_shaped","工作台（有序）","Banana Ice Cream Block","neapolitan:banana_ice_cream_block","8","否","","","","SERVING_DISH","manual_override;冰淇淋方块","HIGH","2","2","否","否","","","","","无","(base)","是","不进入厨师","冰淇淋方块","","已覆盖","CRAFTING","ItemCraftedEvent","人工覆盖优先；整盘料理（防双算待设计）"
"Neapolitan","[那不勒斯风味]neapolitan-1.21.1-6.0.1.jar","6.0.1","neapolitan","neapolitan:banana_milkshake","minecraft:crafting_shapeless","工作台（无序）","Banana Milkshake","neapolitan:banana_milkshake","3","是","2","6","effect.neapolitan.agility 600tick 1级 概率1","DRINK","drink_token=banana_milkshake","HIGH","3","5","否","否","","","","","无","(base)","是","不进入厨师","内容类型=DRINK","","已覆盖","CRAFTING","ItemCraftedEvent",""
"Neapolitan","[那不勒斯风味]neapolitan-1.21.1-6.0.1.jar","6.0.1","neapolitan","neapolitan:banana_stalk","minecraft:crafting_shapeless","工作台（无序）","Banana Stalk","neapolitan:banana_stalk","1","否","","","","NON_FOOD","not_edible","MEDIUM","1","9","否","否","","","","","无","(base)","是","不进入厨师","内容类型=NON_FOOD","","已覆盖","CRAFTING","ItemCraftedEvent",""
"Neapolitan","[那不勒斯风味]neapolitan-1.21.1-6.0.1.jar","6.0.1","neapolitan","neapolitan:bananarrow","minecraft:crafting_shapeless","工作台（无序）","Bananarrow","neapolitan:bananarrow","1","否","","","","NON_FOOD","not_edible","MEDIUM","2","2","否","否","","","","","无","(base)","是","不进入厨师","内容类型=NON_FOOD","","已覆盖","CRAFTING","ItemCraftedEvent",""
"Neapolitan","[那不勒斯风味]neapolitan-1.21.1-6.0.1.jar","6.0.1","neapolitan","neapolitan:cake","minecraft:crafting_shaped","工作台（有序）","Cake","minecraft:cake","1","否","","","","SERVING_DISH","manual_override;原版CakeBlock分食；无Item FOOD","HIGH","4","4","否","否","","","","","无","(base)","是","不进入厨师","原版CakeBlock分食；无Item FOOD","","已覆盖","CRAFTING","ItemCraftedEvent","人工覆盖优先；整盘料理（防双算待设计）；原版蛋糕"
"Neapolitan","[那不勒斯风味]neapolitan-1.21.1-6.0.1.jar","6.0.1","neapolitan","neapolitan:carved_banana_stalk","minecraft:crafting_shaped","工作台（有序）","Carved Banana Stalk","neapolitan:carved_banana_stalk","1","否","","","","NON_FOOD","not_edible","MEDIUM","1","1","否","否","","","","","无","(base)","是","不进入厨师","内容类型=NON_FOOD","","已覆盖","CRAFTING","ItemCraftedEvent",""
"Neapolitan","[那不勒斯风味]neapolitan-1.21.1-6.0.1.jar","6.0.1","neapolitan","neapolitan:chimpanzee_banner_pattern","minecraft:crafting_shapeless","工作台（无序）","Banner Pattern","neapolitan:chimpanzee_banner_pattern","1","否","","","","NON_FOOD","not_edible","MEDIUM","2","2","否","否","","","","","无","(base)","是","不进入厨师","内容类型=NON_FOOD","","已覆盖","CRAFTING","ItemCraftedEvent",""
"Neapolitan","[那不勒斯风味]neapolitan-1.21.1-6.0.1.jar","6.0.1","neapolitan","neapolitan:chiseled_chocolate_bricks","minecraft:crafting_shaped","工作台（有序）","Chiseled Chocolate Bricks","neapolitan:chiseled_chocolate_bricks","1","否","","","","NON_FOOD","not_edible","MEDIUM","1","1","否","否","","","","","无","(base)","是","不进入厨师","内容类型=NON_FOOD","","已覆盖","CRAFTING","ItemCraftedEvent",""
"Neapolitan","[那不勒斯风味]neapolitan-1.21.1-6.0.1.jar","6.0.1","neapolitan","neapolitan:chiseled_chocolate_bricks_from_chocolate_bricks_stonecutting","minecraft:stonecutting","切石机","Chiseled Chocolate Bricks","neapolitan:chiseled_chocolate_bricks","1","否","","","","NON_FOOD","not_edible","MEDIUM","1","1","否","否","","","","","无","(base)","是","不进入厨师","内容类型=NON_FOOD","","待评估","OTHER","",""
"Neapolitan","[那不勒斯风味]neapolitan-1.21.1-6.0.1.jar","6.0.1","neapolitan","neapolitan:chocolate_bar","minecraft:crafting_shapeless","工作台（无序）","Chocolate Bar","neapolitan:chocolate_bar","4","是","4","2.4","effect.neapolitan.sugar_rush 400tick 2级 概率1","DISH","dish_token;edible=true;type=minecraft:crafting_shapeless","HIGH","3","4","否","否","","","","","无","(base)","是","COMMON","简单 DISH 兜底","","已覆盖","CRAFTING","ItemCraftedEvent",""
"Neapolitan","[那不勒斯风味]neapolitan-1.21.1-6.0.1.jar","6.0.1","neapolitan","neapolitan:chocolate_bar_from_chocolate_block","minecraft:crafting_shapeless","工作台（无序）","Chocolate Bar","neapolitan:chocolate_bar","9","是","4","2.4","effect.neapolitan.sugar_rush 400tick 2级 概率1","DISH","dish_token;edible=true;type=minecraft:crafting_shapeless","HIGH","1","1","否","否","","","","","无","(base)","是","COMMON","基础熟食或少量常见原料/单步合成","","已覆盖","CRAFTING","ItemCraftedEvent",""
"Neapolitan","[那不勒斯风味]neapolitan-1.21.1-6.0.1.jar","6.0.1","neapolitan","neapolitan:chocolate_block","minecraft:crafting_shaped","工作台（有序）","Chocolate Block","neapolitan:chocolate_block","1","否","","","","NON_FOOD","non_edible_block_or_tool","HIGH","1","1","否","否","","","","","无","(base)","是","不进入厨师","内容类型=NON_FOOD","","已覆盖","CRAFTING","ItemCraftedEvent",""
"Neapolitan","[那不勒斯风味]neapolitan-1.21.1-6.0.1.jar","6.0.1","neapolitan","neapolitan:chocolate_brick_slab","minecraft:crafting_shaped","工作台（有序）","Chocolate Brick Slab","neapolitan:chocolate_brick_slab","6","否","","","","NON_FOOD","non_edible_block_or_tool","HIGH","1","1","否","否","","","","","无","(base)","是","不进入厨师","内容类型=NON_FOOD","","已覆盖","CRAFTING","ItemCraftedEvent",""
"Neapolitan","[那不勒斯风味]neapolitan-1.21.1-6.0.1.jar","6.0.1","neapolitan","neapolitan:chocolate_brick_slab_from_chocolate_bricks_stonecutting","minecraft:stonecutting","切石机","Chocolate Brick Slab","neapolitan:chocolate_brick_slab","2","否","","","","NON_FOOD","non_edible_block_or_tool","HIGH","1","1","否","否","","","","","无","(base)","是","不进入厨师","内容类型=NON_FOOD","","待评估","OTHER","",""
"Neapolitan","[那不勒斯风味]neapolitan-1.21.1-6.0.1.jar","6.0.1","neapolitan","neapolitan:chocolate_brick_stairs","minecraft:crafting_shaped","工作台（有序）","Chocolate Brick Stairs","neapolitan:chocolate_brick_stairs","4","否","","","","NON_FOOD","non_edible_block_or_tool","HIGH","1","1","否","否","","","","","无","(base)","是","不进入厨师","内容类型=NON_FOOD","","已覆盖","CRAFTING","ItemCraftedEvent",""
"Neapolitan","[那不勒斯风味]neapolitan-1.21.1-6.0.1.jar","6.0.1","neapolitan","neapolitan:chocolate_brick_stairs_from_chocolate_bricks_stonecutting","minecraft:stonecutting","切石机","Chocolate Brick Stairs","neapolitan:chocolate_brick_stairs","1","否","","","","NON_FOOD","non_edible_block_or_tool","HIGH","1","1","否","否","","","","","无","(base)","是","不进入厨师","内容类型=NON_FOOD","","待评估","OTHER","",""
"Neapolitan","[那不勒斯风味]neapolitan-1.21.1-6.0.1.jar","6.0.1","neapolitan","neapolitan:chocolate_brick_wall","minecraft:crafting_shaped","工作台（有序）","Chocolate Brick Wall","neapolitan:chocolate_brick_wall","6","否","","","","NON_FOOD","non_edible_block_or_tool","HIGH","1","1","否","否","","","","","无","(base)","是","不进入厨师","内容类型=NON_FOOD","","已覆盖","CRAFTING","ItemCraftedEvent",""
"Neapolitan","[那不勒斯风味]neapolitan-1.21.1-6.0.1.jar","6.0.1","neapolitan","neapolitan:chocolate_brick_wall_from_chocolate_bricks_stonecutting","minecraft:stonecutting","切石机","Chocolate Brick Wall","neapolitan:chocolate_brick_wall","1","否","","","","NON_FOOD","non_edible_block_or_tool","HIGH","1","1","否","否","","","","","无","(base)","是","不进入厨师","内容类型=NON_FOOD","","待评估","OTHER","",""
"Neapolitan","[那不勒斯风味]neapolitan-1.21.1-6.0.1.jar","6.0.1","neapolitan","neapolitan:chocolate_bricks","minecraft:crafting_shaped","工作台（有序）","Chocolate Bricks","neapolitan:chocolate_bricks","1","否","","","","NON_FOOD","not_edible","MEDIUM","1","1","否","否","","","","","无","(base)","是","不进入厨师","内容类型=NON_FOOD","","已覆盖","CRAFTING","ItemCraftedEvent",""
"Neapolitan","[那不勒斯风味]neapolitan-1.21.1-6.0.1.jar","6.0.1","neapolitan","neapolitan:chocolate_cake","minecraft:crafting_shaped","工作台（有序）","Chocolate Cake","neapolitan:chocolate_cake","1","否","","","","SERVING_DISH","manual_override;FlavoredCakeBlock.eatSlice","HIGH","5","5","否","否","","","","","无","(base)","是","不进入厨师","FlavoredCakeBlock.eatSlice","","已覆盖","CRAFTING","ItemCraftedEvent","人工覆盖优先；整盘料理（防双算待设计）"
"Neapolitan","[那不勒斯风味]neapolitan-1.21.1-6.0.1.jar","6.0.1","neapolitan","neapolitan:chocolate_ice_cream","minecraft:crafting_shapeless","工作台（无序）","Chocolate Ice Cream","neapolitan:chocolate_ice_cream","1","是","6","3.6000001","effect.neapolitan.sugar_rush 600tick 3级 概率1","DISH","explicit_dish_allowlist","HIGH","5","5","否","否","","","","","无","(base)","是","T2","正餐/甜点名称","","已覆盖","CRAFTING","ItemCraftedEvent",""
"Neapolitan","[那不勒斯风味]neapolitan-1.21.1-6.0.1.jar","6.0.1","neapolitan","neapolitan:chocolate_ice_cream_block","minecraft:crafting_shaped","工作台（有序）","Chocolate Ice Cream Block","neapolitan:chocolate_ice_cream_block","8","否","","","","SERVING_DISH","manual_override;冰淇淋方块","HIGH","2","2","否","否","","","","","无","(base)","是","不进入厨师","冰淇淋方块","","已覆盖","CRAFTING","ItemCraftedEvent","人工覆盖优先；整盘料理（防双算待设计）"
"Neapolitan","[那不勒斯风味]neapolitan-1.21.1-6.0.1.jar","6.0.1","neapolitan","neapolitan:chocolate_milkshake","minecraft:crafting_shapeless","工作台（无序）","Chocolate Milkshake","neapolitan:chocolate_milkshake","3","是","2","6","effect.neapolitan.sugar_rush 300tick 3级 概率1","DRINK","drink_token=chocolate_milkshake","HIGH","3","5","否","否","","","","","无","(base)","是","不进入厨师","内容类型=DRINK","","已覆盖","CRAFTING","ItemCraftedEvent",""
"Neapolitan","[那不勒斯风味]neapolitan-1.21.1-6.0.1.jar","6.0.1","neapolitan","neapolitan:chocolate_spider_eye","minecraft:crafting_shapeless","工作台（无序）","Chocolate Spider Eye","neapolitan:chocolate_spider_eye","2","是","2","1.2","effect.neapolitan.sugar_rush 800tick 1级 概率1；effect.minecraft.poison 80tick 1级 概率1","DISH","manual_override;可食用成品；sugar_rush效果；简单合成","HIGH","2","3","否","否","","","","","无","(base)","是","COMMON","可食用成品；sugar_rush效果；简单合成","","已覆盖","CRAFTING","ItemCraftedEvent","人工覆盖优先；边界→COMMON"
"Neapolitan","[那不勒斯风味]neapolitan-1.21.1-6.0.1.jar","6.0.1","neapolitan","neapolitan:chocolate_strawberries","minecraft:crafting_shapeless","工作台（无序）","Chocolate Strawberries","neapolitan:chocolate_strawberries","1","是","4","0.8","effect.neapolitan.sugar_rush 200tick 1级 概率1","DISH","manual_override;FOOD nutrition=4 saturation=0.8 effect=sugar_rush; recipe id=neapolitan:chocolate_strawberries (strawberry+chocolate_bar); 简单加工甜点","HIGH","2","2","否","否","","","","","无","(base)","是","COMMON","FOOD nutrition=4 saturation=0.8 effect=sugar_rush; recipe id=neapolitan:chocolate_strawberries (strawberry+chocolate_bar); 简单加工甜点","","已覆盖","CRAFTING","ItemCraftedEvent","人工覆盖优先；Neapolitan;6A.3原REVIEW→DISH COMMON"
"Neapolitan","[那不勒斯风味]neapolitan-1.21.1-6.0.1.jar","6.0.1","neapolitan","neapolitan:chocolate_tile_slab","minecraft:crafting_shaped","工作台（有序）","Chocolate Tile Slab","neapolitan:chocolate_tile_slab","6","否","","","","NON_FOOD","non_edible_block_or_tool","HIGH","1","1","否","否","","","","","无","(base)","是","不进入厨师","内容类型=NON_FOOD","","已覆盖","CRAFTING","ItemCraftedEvent",""
"Neapolitan","[那不勒斯风味]neapolitan-1.21.1-6.0.1.jar","6.0.1","neapolitan","neapolitan:chocolate_tile_slab_from_chocolate_bricks_stonecutting","minecraft:stonecutting","切石机","Chocolate Tile Slab","neapolitan:chocolate_tile_slab","2","否","","","","NON_FOOD","non_edible_block_or_tool","HIGH","1","1","否","否","","","","","无","(base)","是","不进入厨师","内容类型=NON_FOOD","","待评估","OTHER","",""
"Neapolitan","[那不勒斯风味]neapolitan-1.21.1-6.0.1.jar","6.0.1","neapolitan","neapolitan:chocolate_tile_slab_from_chocolate_tiles_stonecutting","minecraft:stonecutting","切石机","Chocolate Tile Slab","neapolitan:chocolate_tile_slab","2","否","","","","NON_FOOD","non_edible_block_or_tool","HIGH","1","1","否","否","","","","","无","(base)","是","不进入厨师","内容类型=NON_FOOD","","待评估","OTHER","",""
"Neapolitan","[那不勒斯风味]neapolitan-1.21.1-6.0.1.jar","6.0.1","neapolitan","neapolitan:chocolate_tile_stairs","minecraft:crafting_shaped","工作台（有序）","Chocolate Tile Stairs","neapolitan:chocolate_tile_stairs","4","否","","","","NON_FOOD","non_edible_block_or_tool","HIGH","1","1","否","否","","","","","无","(base)","是","不进入厨师","内容类型=NON_FOOD","","已覆盖","CRAFTING","ItemCraftedEvent",""
"Neapolitan","[那不勒斯风味]neapolitan-1.21.1-6.0.1.jar","6.0.1","neapolitan","neapolitan:chocolate_tile_stairs_from_chocolate_bricks_stonecutting","minecraft:stonecutting","切石机","Chocolate Tile Stairs","neapolitan:chocolate_tile_stairs","1","否","","","","NON_FOOD","non_edible_block_or_tool","HIGH","1","1","否","否","","","","","无","(base)","是","不进入厨师","内容类型=NON_FOOD","","待评估","OTHER","",""
"Neapolitan","[那不勒斯风味]neapolitan-1.21.1-6.0.1.jar","6.0.1","neapolitan","neapolitan:chocolate_tile_stairs_from_chocolate_tiles_stonecutting","minecraft:stonecutting","切石机","Chocolate Tile Stairs","neapolitan:chocolate_tile_stairs","1","否","","","","NON_FOOD","non_edible_block_or_tool","HIGH","1","1","否","否","","","","","无","(base)","是","不进入厨师","内容类型=NON_FOOD","","待评估","OTHER","",""
"Neapolitan","[那不勒斯风味]neapolitan-1.21.1-6.0.1.jar","6.0.1","neapolitan","neapolitan:chocolate_tile_wall","minecraft:crafting_shaped","工作台（有序）","Chocolate Tile Wall","neapolitan:chocolate_tile_wall","6","否","","","","NON_FOOD","not_edible","MEDIUM","1","1","否","否","","","","","无","(base)","是","不进入厨师","内容类型=NON_FOOD","","已覆盖","CRAFTING","ItemCraftedEvent",""
"Neapolitan","[那不勒斯风味]neapolitan-1.21.1-6.0.1.jar","6.0.1","neapolitan","neapolitan:chocolate_tile_wall_from_chocolate_bricks_stonecutting","minecraft:stonecutting","切石机","Chocolate Tile Wall","neapolitan:chocolate_tile_wall","1","否","","","","NON_FOOD","not_edible","MEDIUM","1","1","否","否","","","","","无","(base)","是","不进入厨师","内容类型=NON_FOOD","","待评估","OTHER","",""
"Neapolitan","[那不勒斯风味]neapolitan-1.21.1-6.0.1.jar","6.0.1","neapolitan","neapolitan:chocolate_tile_wall_from_chocolate_tiles_stonecutting","minecraft:stonecutting","切石机","Chocolate Tile Wall","neapolitan:chocolate_tile_wall","1","否","","","","NON_FOOD","not_edible","MEDIUM","1","1","否","否","","","","","无","(base)","是","不进入厨师","内容类型=NON_FOOD","","待评估","OTHER","",""
"Neapolitan","[那不勒斯风味]neapolitan-1.21.1-6.0.1.jar","6.0.1","neapolitan","neapolitan:chocolate_tiles","minecraft:crafting_shaped","工作台（有序）","Chocolate Tiles","neapolitan:chocolate_tiles","4","否","","","","NON_FOOD","not_edible","MEDIUM","1","1","否","否","","","","","无","(base)","是","不进入厨师","内容类型=NON_FOOD","","已覆盖","CRAFTING","ItemCraftedEvent",""
"Neapolitan","[那不勒斯风味]neapolitan-1.21.1-6.0.1.jar","6.0.1","neapolitan","neapolitan:chocolate_tiles_from_chocolate_bricks_stonecutting","minecraft:stonecutting","切石机","Chocolate Tiles","neapolitan:chocolate_tiles","1","否","","","","NON_FOOD","not_edible","MEDIUM","1","1","否","否","","","","","无","(base)","是","不进入厨师","内容类型=NON_FOOD","","待评估","OTHER","",""
"Neapolitan","[那不勒斯风味]neapolitan-1.21.1-6.0.1.jar","6.0.1","neapolitan","neapolitan:cooked_mint_chops","minecraft:smelting","熔炉","Cooked Mint Chops","neapolitan:cooked_mint_chops","1","是","7","16.800001","effect.neapolitan.berserking 1200tick 1级 概率1","DISH","cooking_device=minecraft:smelting;food_component","HIGH","1","1","否","否","","","200","","无","(base)","是","COMMON","基础熟食或少量常见原料/单步合成","","已覆盖","FURNACE","ItemSmeltedEvent（菜单启发）",""
"Neapolitan","[那不勒斯风味]neapolitan-1.21.1-6.0.1.jar","6.0.1","neapolitan","neapolitan:cooked_mint_chops_from_campfire_cooking","minecraft:campfire_cooking","营火（无事件检测）","Cooked Mint Chops","neapolitan:cooked_mint_chops","1","是","7","16.800001","effect.neapolitan.berserking 1200tick 1级 概率1","DISH","cooking_device=minecraft:campfire_cooking;food_component","HIGH","1","1","否","否","","","600","","无","(base)","是","COMMON","基础熟食或少量常见原料/单步合成","","未覆盖","CAMPFIRE（仅枚举）","无营火取餐检测，不会产生 DishCookedEvent","营火：TCTH 当前无 DishCookedEvent 检测"
"Neapolitan","[那不勒斯风味]neapolitan-1.21.1-6.0.1.jar","6.0.1","neapolitan","neapolitan:cooked_mint_chops_from_smoking","minecraft:smoking","烟熏炉","Cooked Mint Chops","neapolitan:cooked_mint_chops","1","是","7","16.800001","effect.neapolitan.berserking 1200tick 1级 概率1","DISH","cooking_device=minecraft:smoking;food_component","HIGH","1","1","否","否","","","100","","无","(base)","是","COMMON","基础熟食或少量常见原料/单步合成","","已覆盖","SMOKER","ItemSmeltedEvent",""
"Neapolitan","[那不勒斯风味]neapolitan-1.21.1-6.0.1.jar","6.0.1","neapolitan","neapolitan:dried_banana","minecraft:smelting","熔炉","Dried Banana","neapolitan:dried_banana","1","是","4","2.4","effect.neapolitan.agility 200tick 1级 概率1","DISH","cooking_device=minecraft:smelting;food_component","HIGH","1","1","否","否","","","200","","无","(base)","是","COMMON","基础熟食或少量常见原料/单步合成","","已覆盖","FURNACE","ItemSmeltedEvent（菜单启发）",""
"Neapolitan","[那不勒斯风味]neapolitan-1.21.1-6.0.1.jar","6.0.1","neapolitan","neapolitan:dried_banana_from_campfire_cooking","minecraft:campfire_cooking","营火（无事件检测）","Dried Banana","neapolitan:dried_banana","1","是","4","2.4","effect.neapolitan.agility 200tick 1级 概率1","DISH","cooking_device=minecraft:campfire_cooking;food_component","HIGH","1","1","否","否","","","600","","无","(base)","是","COMMON","基础熟食或少量常见原料/单步合成","","未覆盖","CAMPFIRE（仅枚举）","无营火取餐检测，不会产生 DishCookedEvent","营火：TCTH 当前无 DishCookedEvent 检测"
"Neapolitan","[那不勒斯风味]neapolitan-1.21.1-6.0.1.jar","6.0.1","neapolitan","neapolitan:dried_banana_from_smoking","minecraft:smoking","烟熏炉","Dried Banana","neapolitan:dried_banana","1","是","4","2.4","effect.neapolitan.agility 200tick 1级 概率1","DISH","cooking_device=minecraft:smoking;food_component","HIGH","1","1","否","否","","","100","","无","(base)","是","COMMON","基础熟食或少量常见原料/单步合成","","已覆盖","SMOKER","ItemSmeltedEvent",""
"Neapolitan","[那不勒斯风味]neapolitan-1.21.1-6.0.1.jar","6.0.1","neapolitan","neapolitan:dried_vanilla_pod_block","minecraft:crafting_shaped","工作台（有序）","Dried Vanilla Pod Block","neapolitan:dried_vanilla_pod_block","1","否","","","","NON_FOOD","non_edible_block_or_tool","HIGH","1","1","否","否","","","","","无","(base)","是","不进入厨师","内容类型=NON_FOOD","","已覆盖","CRAFTING","ItemCraftedEvent",""
"Neapolitan","[那不勒斯风味]neapolitan-1.21.1-6.0.1.jar","6.0.1","neapolitan","neapolitan:dried_vanilla_pods","minecraft:smelting","熔炉","Dried Vanilla Pods","neapolitan:dried_vanilla_pods","1","是","1","0.2","effect.neapolitan.vanilla_scent 200tick 1级 概率1","DISH","cooking_device=minecraft:smelting;food_component","HIGH","1","1","否","否","","","200","","无","(base)","是","COMMON","基础熟食或少量常见原料/单步合成","","已覆盖","FURNACE","ItemSmeltedEvent（菜单启发）",""
"Neapolitan","[那不勒斯风味]neapolitan-1.21.1-6.0.1.jar","6.0.1","neapolitan","neapolitan:dried_vanilla_pods_from_campfire_cooking","minecraft:campfire_cooking","营火（无事件检测）","Dried Vanilla Pods","neapolitan:dried_vanilla_pods","1","是","1","0.2","effect.neapolitan.vanilla_scent 200tick 1级 概率1","DISH","cooking_device=minecraft:campfire_cooking;food_component","HIGH","1","1","否","否","","","600","","无","(base)","是","COMMON","基础熟食或少量常见原料/单步合成","","未覆盖","CAMPFIRE（仅枚举）","无营火取餐检测，不会产生 DishCookedEvent","营火：TCTH 当前无 DishCookedEvent 检测"
"Neapolitan","[那不勒斯风味]neapolitan-1.21.1-6.0.1.jar","6.0.1","neapolitan","neapolitan:dried_vanilla_pods_from_dried_vanilla_pod_block","minecraft:crafting_shapeless","工作台（无序）","Dried Vanilla Pods","neapolitan:dried_vanilla_pods","9","是","1","0.2","effect.neapolitan.vanilla_scent 200tick 1级 概率1","REVIEW","edible_but_ambiguous_name","LOW","1","1","否","否","","","","","无","(base)","是","待复审","内容类型=REVIEW","","已覆盖","CRAFTING","ItemCraftedEvent",""
"Neapolitan","[那不勒斯风味]neapolitan-1.21.1-6.0.1.jar","6.0.1","neapolitan","neapolitan:dried_vanilla_pods_from_smoking","minecraft:smoking","烟熏炉","Dried Vanilla Pods","neapolitan:dried_vanilla_pods","1","是","1","0.2","effect.neapolitan.vanilla_scent 200tick 1级 概率1","DISH","cooking_device=minecraft:smoking;food_component","HIGH","1","1","否","否","","","100","","无","(base)","是","COMMON","基础熟食或少量常见原料/单步合成","","已覆盖","SMOKER","ItemSmeltedEvent",""
"Neapolitan","[那不勒斯风味]neapolitan-1.21.1-6.0.1.jar","6.0.1","neapolitan","neapolitan:frond_thatch","minecraft:crafting_shaped","工作台（有序）","Frond Thatch","neapolitan:frond_thatch","1","否","","","","NON_FOOD","not_edible","MEDIUM","1","1","否","否","","","","","无","(base)","是","不进入厨师","内容类型=NON_FOOD","","已覆盖","CRAFTING","ItemCraftedEvent",""
"Neapolitan","[那不勒斯风味]neapolitan-1.21.1-6.0.1.jar","6.0.1","neapolitan","neapolitan:frond_thatch_slab","minecraft:crafting_shaped","工作台（有序）","Frond Thatch Slab","neapolitan:frond_thatch_slab","6","否","","","","NON_FOOD","non_edible_block_or_tool","HIGH","1","1","否","否","","","","","无","(base)","是","不进入厨师","内容类型=NON_FOOD","","已覆盖","CRAFTING","ItemCraftedEvent",""
"Neapolitan","[那不勒斯风味]neapolitan-1.21.1-6.0.1.jar","6.0.1","neapolitan","neapolitan:frond_thatch_stairs","minecraft:crafting_shaped","工作台（有序）","Frond Thatch Stairs","neapolitan:frond_thatch_stairs","4","否","","","","NON_FOOD","non_edible_block_or_tool","HIGH","1","1","否","否","","","","","无","(base)","是","不进入厨师","内容类型=NON_FOOD","","已覆盖","CRAFTING","ItemCraftedEvent",""
"Neapolitan","[那不勒斯风味]neapolitan-1.21.1-6.0.1.jar","6.0.1","neapolitan","neapolitan:ice","minecraft:crafting_shapeless","工作台（无序）","Ice","minecraft:ice","1","否","","","","NON_FOOD","not_edible","MEDIUM","1","9","否","否","","","","","无","(base)","是","不进入厨师","内容类型=NON_FOOD","","已覆盖","CRAFTING","ItemCraftedEvent",""
"Neapolitan","[那不勒斯风味]neapolitan-1.21.1-6.0.1.jar","6.0.1","neapolitan","neapolitan:magic_beans","minecraft:crafting_shapeless","工作台（无序）","Magic Beans","neapolitan:magic_beans","3","否","","","","NON_FOOD","not_edible","MEDIUM","2","4","否","否","","","","","无","(base)","是","不进入厨师","内容类型=NON_FOOD","","已覆盖","CRAFTING","ItemCraftedEvent",""
"Neapolitan","[那不勒斯风味]neapolitan-1.21.1-6.0.1.jar","6.0.1","neapolitan","neapolitan:milk_bottle","minecraft:crafting_shapeless","工作台（无序）","Milk Bottle","neapolitan:milk_bottle","3","否","","","","NON_FOOD","not_edible","MEDIUM","2","4","否","否","","","","","无","(base)","是","不进入厨师","内容类型=NON_FOOD","","已覆盖","CRAFTING","ItemCraftedEvent",""
"Neapolitan","[那不勒斯风味]neapolitan-1.21.1-6.0.1.jar","6.0.1","neapolitan","neapolitan:milk_bucket","minecraft:crafting_shapeless","工作台（无序）","Milk Bucket","minecraft:milk_bucket","1","否","","","","NON_FOOD","not_edible","MEDIUM","2","4","否","否","","","","","无","(base)","是","不进入厨师","内容类型=NON_FOOD","","已覆盖","CRAFTING","ItemCraftedEvent",""
"Neapolitan","[那不勒斯风味]neapolitan-1.21.1-6.0.1.jar","6.0.1","neapolitan","neapolitan:mint_basket","minecraft:crafting_shaped","工作台（有序）","Basket of Mint","neapolitan:mint_basket","1","否","","","","NON_FOOD","not_edible","MEDIUM","1","1","否","否","","","","","无","(base)","是","不进入厨师","内容类型=NON_FOOD","","已覆盖","CRAFTING","ItemCraftedEvent",""
"Neapolitan","[那不勒斯风味]neapolitan-1.21.1-6.0.1.jar","6.0.1","neapolitan","neapolitan:mint_cake","minecraft:crafting_shaped","工作台（有序）","Mint Cake","neapolitan:mint_cake","1","否","","","","SERVING_DISH","manual_override;FlavoredCakeBlock.eatSlice","HIGH","5","5","否","否","","","","","无","(base)","是","不进入厨师","FlavoredCakeBlock.eatSlice","","已覆盖","CRAFTING","ItemCraftedEvent","人工覆盖优先；整盘料理（防双算待设计）"
"Neapolitan","[那不勒斯风味]neapolitan-1.21.1-6.0.1.jar","6.0.1","neapolitan","neapolitan:mint_candies","minecraft:crafting_shapeless","工作台（无序）","Mint Candies","neapolitan:mint_candies","1","是","3","3.6000001","effect.neapolitan.berserking 2400tick 1级 概率1","DISH","dish_token;edible=true;type=minecraft:crafting_shapeless","HIGH","2","3","否","否","","","","","无","(base)","是","COMMON","简单 DISH 兜底","","已覆盖","CRAFTING","ItemCraftedEvent",""
"Neapolitan","[那不勒斯风味]neapolitan-1.21.1-6.0.1.jar","6.0.1","neapolitan","neapolitan:mint_chocolate","minecraft:crafting_shapeless","工作台（无序）","Mint Chocolate","neapolitan:mint_chocolate","1","是","6","7.2000003","effect.neapolitan.sugar_rush 200tick 1级 概率1；effect.neapolitan.berserking 1200tick 1级 概率1","DISH","dish_token;edible=true;type=minecraft:crafting_shapeless","HIGH","2","2","否","否","","","","","无","(base)","是","COMMON","基础熟食或少量常见原料/单步合成","","已覆盖","CRAFTING","ItemCraftedEvent",""
"Neapolitan","[那不勒斯风味]neapolitan-1.21.1-6.0.1.jar","6.0.1","neapolitan","neapolitan:mint_chops","minecraft:crafting_shapeless","工作台（无序）","Raw Mint Chops","neapolitan:mint_chops","1","是","3","3.6000001","effect.neapolitan.berserking 900tick 1级 概率1","DISH","manual_override;简单烹饪肉类；berserking效果；复杂度低","HIGH","2","2","否","否","","","","","无","(base)","是","COMMON","简单烹饪肉类；berserking效果；复杂度低","","已覆盖","CRAFTING","ItemCraftedEvent","人工覆盖优先；边界→COMMON"
"Neapolitan","[那不勒斯风味]neapolitan-1.21.1-6.0.1.jar","6.0.1","neapolitan","neapolitan:mint_ice_cream","minecraft:crafting_shapeless","工作台（无序）","Mint Ice Cream","neapolitan:mint_ice_cream","1","是","6","3.6000001","effect.neapolitan.berserking 1600tick 1级 概率1","DISH","explicit_dish_allowlist","HIGH","5","5","否","否","","","","","无","(base)","是","T2","正餐/甜点名称","","已覆盖","CRAFTING","ItemCraftedEvent",""
"Neapolitan","[那不勒斯风味]neapolitan-1.21.1-6.0.1.jar","6.0.1","neapolitan","neapolitan:mint_ice_cream_block","minecraft:crafting_shaped","工作台（有序）","Mint Ice Cream Block","neapolitan:mint_ice_cream_block","8","否","","","","SERVING_DISH","manual_override;冰淇淋方块","HIGH","2","2","否","否","","","","","无","(base)","是","不进入厨师","冰淇淋方块","","已覆盖","CRAFTING","ItemCraftedEvent","人工覆盖优先；整盘料理（防双算待设计）"
"Neapolitan","[那不勒斯风味]neapolitan-1.21.1-6.0.1.jar","6.0.1","neapolitan","neapolitan:mint_leaves","minecraft:crafting_shapeless","工作台（无序）","Mint Leaves","neapolitan:mint_leaves","9","是","2","1.2","effect.neapolitan.berserking 600tick 1级 概率1","RAW_FOOD","manual_override;薄荷叶原料","HIGH","1","1","否","否","","","","","无","(base)","是","不进入厨师","薄荷叶原料","","已覆盖","CRAFTING","ItemCraftedEvent","人工覆盖优先；边界产物"
"Neapolitan","[那不勒斯风味]neapolitan-1.21.1-6.0.1.jar","6.0.1","neapolitan","neapolitan:mint_milkshake","minecraft:crafting_shapeless","工作台（无序）","Mint Milkshake","neapolitan:mint_milkshake","3","是","2","6","effect.neapolitan.berserking 800tick 1级 概率1","DRINK","drink_token=mint_milkshake","HIGH","3","5","否","否","","","","","无","(base)","是","不进入厨师","内容类型=DRINK","","已覆盖","CRAFTING","ItemCraftedEvent",""
"Neapolitan","[那不勒斯风味]neapolitan-1.21.1-6.0.1.jar","6.0.1","neapolitan","neapolitan:mint_sprout_from_mint_leaves","minecraft:crafting_shapeless","工作台（无序）","Mint Sprout","neapolitan:mint_sprout","1","否","","","","NON_FOOD","not_edible","MEDIUM","1","1","否","否","","","","","无","(base)","是","不进入厨师","内容类型=NON_FOOD","","已覆盖","CRAFTING","ItemCraftedEvent",""
"Neapolitan","[那不勒斯风味]neapolitan-1.21.1-6.0.1.jar","6.0.1","neapolitan","neapolitan:neapolitan_ice_cream","minecraft:crafting_shapeless","工作台（无序）","Neapolitan Ice Cream","neapolitan:neapolitan_ice_cream","1","是","12","7.2000003","effect.neapolitan.sugar_rush 400tick 2级 概率1；effect.neapolitan.vanilla_scent 200tick 1级 概率1","DISH","explicit_dish_allowlist","HIGH","7","7","否","否","","","","","无","(base)","是","T2","正餐/甜点名称","","已覆盖","CRAFTING","ItemCraftedEvent",""
"Neapolitan","[那不勒斯风味]neapolitan-1.21.1-6.0.1.jar","6.0.1","neapolitan","neapolitan:neapolitan_ice_cream_from_vanilla_ice_cream","minecraft:crafting_shapeless","工作台（无序）","Neapolitan Ice Cream","neapolitan:neapolitan_ice_cream","1","是","12","7.2000003","effect.neapolitan.sugar_rush 400tick 2级 概率1；effect.neapolitan.vanilla_scent 200tick 1级 概率1","DISH","explicit_dish_allowlist","HIGH","3","3","否","否","","","","","无","(base)","是","T2","正餐/甜点名称","","已覆盖","CRAFTING","ItemCraftedEvent",""
"Neapolitan","[那不勒斯风味]neapolitan-1.21.1-6.0.1.jar","6.0.1","neapolitan","neapolitan:paper_from_banana_frond","minecraft:crafting_shapeless","工作台（无序）","Paper","minecraft:paper","1","否","","","","NON_FOOD","not_edible","MEDIUM","1","3","否","否","","","","","无","(base)","是","不进入厨师","内容类型=NON_FOOD","","已覆盖","CRAFTING","ItemCraftedEvent",""
"Neapolitan","[那不勒斯风味]neapolitan-1.21.1-6.0.1.jar","6.0.1","neapolitan","neapolitan:primal_armor_trim_smithing_template","minecraft:crafting_shaped","工作台（有序）","Smithing Template","neapolitan:primal_armor_trim_smithing_template","2","否","","","","NON_FOOD","not_edible","MEDIUM","3","3","否","否","","","","","无","(base)","是","不进入厨师","内容类型=NON_FOOD","","已覆盖","CRAFTING","ItemCraftedEvent",""
"Neapolitan","[那不勒斯风味]neapolitan-1.21.1-6.0.1.jar","6.0.1","neapolitan","neapolitan:primal_armor_trim_smithing_template_smithing_trim","minecraft:smithing_trim","自定义（minecraft:smithing_trim）","Iron Chestplate","minecraft:iron_chestplate","1","否","","","","NON_FOOD","not_edible","MEDIUM","2","2","否","否","","","","","无","(base)","是","不进入厨师","内容类型=NON_FOOD","","待评估","OTHER","",""
"Neapolitan","[那不勒斯风味]neapolitan-1.21.1-6.0.1.jar","6.0.1","neapolitan","neapolitan:roasted_adzuki_beans","minecraft:smelting","熔炉","Roasted Adzuki Beans","neapolitan:roasted_adzuki_beans","1","是","3","1.8000001","effect.neapolitan.harmony 100tick 1级 概率1","DISH","cooking_device=minecraft:smelting;food_component","HIGH","1","1","否","否","","","200","","无","(base)","是","COMMON","基础熟食或少量常见原料/单步合成","","已覆盖","FURNACE","ItemSmeltedEvent（菜单启发）",""
"Neapolitan","[那不勒斯风味]neapolitan-1.21.1-6.0.1.jar","6.0.1","neapolitan","neapolitan:roasted_adzuki_beans_from_campfire_cooking","minecraft:campfire_cooking","营火（无事件检测）","Roasted Adzuki Beans","neapolitan:roasted_adzuki_beans","1","是","3","1.8000001","effect.neapolitan.harmony 100tick 1级 概率1","DISH","cooking_device=minecraft:campfire_cooking;food_component","HIGH","1","1","否","否","","","600","","无","(base)","是","COMMON","基础熟食或少量常见原料/单步合成","","未覆盖","CAMPFIRE（仅枚举）","无营火取餐检测，不会产生 DishCookedEvent","营火：TCTH 当前无 DishCookedEvent 检测"
"Neapolitan","[那不勒斯风味]neapolitan-1.21.1-6.0.1.jar","6.0.1","neapolitan","neapolitan:roasted_adzuki_beans_from_roasted_adzuki_crate","minecraft:crafting_shapeless","工作台（无序）","Roasted Adzuki Beans","neapolitan:roasted_adzuki_beans","9","是","3","1.8000001","effect.neapolitan.harmony 100tick 1级 概率1","REVIEW","edible_but_ambiguous_name","LOW","1","1","否","否","","","","","无","(base)","是","待复审","内容类型=REVIEW","","已覆盖","CRAFTING","ItemCraftedEvent",""
"Neapolitan","[那不勒斯风味]neapolitan-1.21.1-6.0.1.jar","6.0.1","neapolitan","neapolitan:roasted_adzuki_beans_from_smoking","minecraft:smoking","烟熏炉","Roasted Adzuki Beans","neapolitan:roasted_adzuki_beans","1","是","3","1.8000001","effect.neapolitan.harmony 100tick 1级 概率1","DISH","cooking_device=minecraft:smoking;food_component","HIGH","1","1","否","否","","","100","","无","(base)","是","COMMON","基础熟食或少量常见原料/单步合成","","已覆盖","SMOKER","ItemSmeltedEvent",""
"Neapolitan","[那不勒斯风味]neapolitan-1.21.1-6.0.1.jar","6.0.1","neapolitan","neapolitan:roasted_adzuki_crate","minecraft:crafting_shaped","工作台（有序）","Crate of Roasted Adzuki Beans","neapolitan:roasted_adzuki_crate","1","否","","","","NON_FOOD","manual_override;箱装方块；roast误匹配已修复","HIGH","1","1","否","否","","","","","无","(base)","是","不进入厨师","箱装方块；roast误匹配已修复","","已覆盖","CRAFTING","ItemCraftedEvent","人工覆盖优先；禁止substring roast"
"Neapolitan","[那不勒斯风味]neapolitan-1.21.1-6.0.1.jar","6.0.1","neapolitan","neapolitan:strawberries","minecraft:crafting_shapeless","工作台（无序）","Strawberries","neapolitan:strawberries","9","是","3","0.6","","RAW_FOOD","manual_override;FOOD nutrition=3; recipe id=neapolitan:strawberries 拆 basket×1→strawberries×9; 原始水果非厨师料理","HIGH","1","1","否","否","","","","","无","(base)","是","不进入厨师","FOOD nutrition=3; recipe id=neapolitan:strawberries 拆 basket×1→strawberries×9; 原始水果非厨师料理","","已覆盖","CRAFTING","ItemCraftedEvent","人工覆盖优先；Neapolitan;6A.3原REVIEW→RAW_FOOD"
"Neapolitan","[那不勒斯风味]neapolitan-1.21.1-6.0.1.jar","6.0.1","neapolitan","neapolitan:strawberry_banana_smoothie","minecraft:crafting_shapeless","工作台（无序）","Strawberry Banana Smoothie","neapolitan:strawberry_banana_smoothie","1","是","3","0.6","effect.neapolitan.agility 600tick 1级 概率1","DRINK","drink_token=strawberry_banana_smoothie","HIGH","3","4","否","否","","","","","无","(base)","是","不进入厨师","内容类型=DRINK","","已覆盖","CRAFTING","ItemCraftedEvent",""
"Neapolitan","[那不勒斯风味]neapolitan-1.21.1-6.0.1.jar","6.0.1","neapolitan","neapolitan:strawberry_basket","minecraft:crafting_shaped","工作台（有序）","Basket of Strawberries","neapolitan:strawberry_basket","1","否","","","","NON_FOOD","not_edible","MEDIUM","1","1","否","否","","","","","无","(base)","是","不进入厨师","内容类型=NON_FOOD","","已覆盖","CRAFTING","ItemCraftedEvent",""
"Neapolitan","[那不勒斯风味]neapolitan-1.21.1-6.0.1.jar","6.0.1","neapolitan","neapolitan:strawberry_bean_bonbons","minecraft:crafting_shapeless","工作台（无序）","Strawberry Bean Bonbons","neapolitan:strawberry_bean_bonbons","1","是","4","0.8","effect.neapolitan.harmony 100tick 1级 概率1","DISH","dish_token;edible=true;type=minecraft:crafting_shapeless","HIGH","3","3","否","否","","","","","无","(base)","是","COMMON","简单 DISH 兜底","","已覆盖","CRAFTING","ItemCraftedEvent",""
"Neapolitan","[那不勒斯风味]neapolitan-1.21.1-6.0.1.jar","6.0.1","neapolitan","neapolitan:strawberry_cake","minecraft:crafting_shaped","工作台（有序）","Strawberry Cake","neapolitan:strawberry_cake","1","否","","","","SERVING_DISH","manual_override;FlavoredCakeBlock.eatSlice","HIGH","5","5","否","否","","","","","无","(base)","是","不进入厨师","FlavoredCakeBlock.eatSlice","","已覆盖","CRAFTING","ItemCraftedEvent","人工覆盖优先；整盘料理（防双算待设计）"
"Neapolitan","[那不勒斯风味]neapolitan-1.21.1-6.0.1.jar","6.0.1","neapolitan","neapolitan:strawberry_ice_cream","minecraft:crafting_shapeless","工作台（无序）","Strawberry Ice Cream","neapolitan:strawberry_ice_cream","1","是","6","3.6000001","","DISH","explicit_dish_allowlist","HIGH","5","5","否","否","","","","","无","(base)","是","T2","正餐/甜点名称","","已覆盖","CRAFTING","ItemCraftedEvent",""
"Neapolitan","[那不勒斯风味]neapolitan-1.21.1-6.0.1.jar","6.0.1","neapolitan","neapolitan:strawberry_ice_cream_block","minecraft:crafting_shaped","工作台（有序）","Strawberry Ice Cream Block","neapolitan:strawberry_ice_cream_block","8","否","","","","SERVING_DISH","manual_override;冰淇淋方块","HIGH","2","2","否","否","","","","","无","(base)","是","不进入厨师","冰淇淋方块","","已覆盖","CRAFTING","ItemCraftedEvent","人工覆盖优先；整盘料理（防双算待设计）"
"Neapolitan","[那不勒斯风味]neapolitan-1.21.1-6.0.1.jar","6.0.1","neapolitan","neapolitan:strawberry_milkshake","minecraft:crafting_shapeless","工作台（无序）","Strawberry Milkshake","neapolitan:strawberry_milkshake","3","是","2","4.8","","DRINK","drink_token=strawberry_milkshake","HIGH","3","5","否","否","","","","","无","(base)","是","不进入厨师","内容类型=DRINK","","已覆盖","CRAFTING","ItemCraftedEvent",""
"Neapolitan","[那不勒斯风味]neapolitan-1.21.1-6.0.1.jar","6.0.1","neapolitan","neapolitan:strawberry_pips_from_strawberries","minecraft:crafting_shapeless","工作台（无序）","Strawberry Pips","neapolitan:strawberry_pips","1","否","","","","NON_FOOD","not_edible","MEDIUM","1","1","否","否","","","","","无","(base)","是","不进入厨师","内容类型=NON_FOOD","","已覆盖","CRAFTING","ItemCraftedEvent",""
"Neapolitan","[那不勒斯风味]neapolitan-1.21.1-6.0.1.jar","6.0.1","neapolitan","neapolitan:strawberry_pips_from_white_strawberries","minecraft:crafting_shapeless","工作台（无序）","Strawberry Pips","neapolitan:strawberry_pips","1","否","","","","NON_FOOD","not_edible","MEDIUM","1","1","否","否","","","","","无","(base)","是","不进入厨师","内容类型=NON_FOOD","","已覆盖","CRAFTING","ItemCraftedEvent",""
"Neapolitan","[那不勒斯风味]neapolitan-1.21.1-6.0.1.jar","6.0.1","neapolitan","neapolitan:strawberry_scones","minecraft:crafting_shapeless","工作台（无序）","Strawberry Scones","neapolitan:strawberry_scones","2","是","5","1","","DISH","manual_override;FOOD nutrition=5 saturation=1; recipe id=neapolitan:strawberry_scones (wheat×2+strawberry+sugar)×2; 烘焙点心","HIGH","3","4","否","否","","","","","无","(base)","是","T2","FOOD nutrition=5 saturation=1; recipe id=neapolitan:strawberry_scones (wheat×2+strawberry+sugar)×2; 烘焙点心","","已覆盖","CRAFTING","ItemCraftedEvent","人工覆盖优先；Neapolitan;6A.3原REVIEW→DISH T2"
"Neapolitan","[那不勒斯风味]neapolitan-1.21.1-6.0.1.jar","6.0.1","neapolitan","neapolitan:vanilla_cake","minecraft:crafting_shaped","工作台（有序）","Vanilla Cake","neapolitan:vanilla_cake","1","否","","","","SERVING_DISH","manual_override;FlavoredCakeBlock.eatSlice","HIGH","5","5","否","否","","","","","无","(base)","是","不进入厨师","FlavoredCakeBlock.eatSlice","","已覆盖","CRAFTING","ItemCraftedEvent","人工覆盖优先；整盘料理（防双算待设计）"
"Neapolitan","[那不勒斯风味]neapolitan-1.21.1-6.0.1.jar","6.0.1","neapolitan","neapolitan:vanilla_chocolate_fingers","minecraft:crafting_shapeless","工作台（无序）","Vanilla Chocolate Fingers","neapolitan:vanilla_chocolate_fingers","1","是","6","7.2000003","effect.neapolitan.sugar_rush 200tick 1级 概率1；effect.neapolitan.vanilla_scent 100tick 1级 概率1","DISH","dish_token;edible=true;type=minecraft:crafting_shapeless","HIGH","2","2","否","否","","","","","无","(base)","是","COMMON","基础熟食或少量常见原料/单步合成","","已覆盖","CRAFTING","ItemCraftedEvent",""
"Neapolitan","[那不勒斯风味]neapolitan-1.21.1-6.0.1.jar","6.0.1","neapolitan","neapolitan:vanilla_fudge","minecraft:crafting_shapeless","工作台（无序）","Vanilla Fudge","neapolitan:vanilla_fudge","4","是","3","1.8000001","effect.neapolitan.vanilla_scent 100tick 1级 概率1","DISH","dish_token;edible=true;type=minecraft:crafting_shapeless","HIGH","3","4","否","否","","","","","无","(base)","是","COMMON","简单 DISH 兜底","","已覆盖","CRAFTING","ItemCraftedEvent",""
"Neapolitan","[那不勒斯风味]neapolitan-1.21.1-6.0.1.jar","6.0.1","neapolitan","neapolitan:vanilla_ice_cream","minecraft:crafting_shapeless","工作台（无序）","Vanilla Ice Cream","neapolitan:vanilla_ice_cream","1","是","6","3.6000001","effect.neapolitan.vanilla_scent 400tick 1级 概率1","DISH","explicit_dish_allowlist","HIGH","5","5","否","否","","","","","无","(base)","是","T2","正餐/甜点名称","","已覆盖","CRAFTING","ItemCraftedEvent",""
"Neapolitan","[那不勒斯风味]neapolitan-1.21.1-6.0.1.jar","6.0.1","neapolitan","neapolitan:vanilla_ice_cream_block","minecraft:crafting_shaped","工作台（有序）","Vanilla Ice Cream Block","neapolitan:vanilla_ice_cream_block","8","否","","","","SERVING_DISH","manual_override;冰淇淋方块","HIGH","2","2","否","否","","","","","无","(base)","是","不进入厨师","冰淇淋方块","","已覆盖","CRAFTING","ItemCraftedEvent","人工覆盖优先；整盘料理（防双算待设计）"
"Neapolitan","[那不勒斯风味]neapolitan-1.21.1-6.0.1.jar","6.0.1","neapolitan","neapolitan:vanilla_milkshake","minecraft:crafting_shapeless","工作台（无序）","Vanilla Milkshake","neapolitan:vanilla_milkshake","3","是","2","6","effect.neapolitan.vanilla_scent 200tick 1级 概率1","DRINK","drink_token=vanilla_milkshake","HIGH","3","5","否","否","","","","","无","(base)","是","不进入厨师","内容类型=DRINK","","已覆盖","CRAFTING","ItemCraftedEvent",""
"Neapolitan","[那不勒斯风味]neapolitan-1.21.1-6.0.1.jar","6.0.1","neapolitan","neapolitan:vanilla_pod_block","minecraft:crafting_shaped","工作台（有序）","Vanilla Pod Block","neapolitan:vanilla_pod_block","1","否","","","","NON_FOOD","non_edible_block_or_tool","HIGH","1","1","否","否","","","","","无","(base)","是","不进入厨师","内容类型=NON_FOOD","","已覆盖","CRAFTING","ItemCraftedEvent",""
"Neapolitan","[那不勒斯风味]neapolitan-1.21.1-6.0.1.jar","6.0.1","neapolitan","neapolitan:vanilla_pods_from_vanilla_pod_block","minecraft:crafting_shapeless","工作台（无序）","Vanilla Pods","neapolitan:vanilla_pods","9","否","","","","NON_FOOD","not_edible","MEDIUM","1","1","否","否","","","","","无","(base)","是","不进入厨师","内容类型=NON_FOOD","","已覆盖","CRAFTING","ItemCraftedEvent",""
"Neapolitan","[那不勒斯风味]neapolitan-1.21.1-6.0.1.jar","6.0.1","neapolitan","neapolitan:vanilla_pudding","minecraft:crafting_shapeless","工作台（无序）","Vanilla Pudding","neapolitan:vanilla_pudding","1","是","6","14.400001","effect.neapolitan.vanilla_scent 300tick 1级 概率1","DISH","dish_token;edible=true;type=minecraft:crafting_shapeless","HIGH","4","4","否","否","","","","","无","(base)","是","T2","正餐/甜点名称","","已覆盖","CRAFTING","ItemCraftedEvent",""
"Neapolitan","[那不勒斯风味]neapolitan-1.21.1-6.0.1.jar","6.0.1","neapolitan","neapolitan:white_strawberries","minecraft:crafting_shapeless","工作台（无序）","White Strawberries","neapolitan:white_strawberries","9","是","5","1","","RAW_FOOD","manual_override;FOOD nutrition=5; recipe id=neapolitan:white_strawberries 拆 white_strawberry_basket→×9; 原始水果","HIGH","1","1","否","否","","","","","无","(base)","是","不进入厨师","FOOD nutrition=5; recipe id=neapolitan:white_strawberries 拆 white_strawberry_basket→×9; 原始水果","","已覆盖","CRAFTING","ItemCraftedEvent","人工覆盖优先；Neapolitan;6A.3原REVIEW→RAW_FOOD"
"Neapolitan","[那不勒斯风味]neapolitan-1.21.1-6.0.1.jar","6.0.1","neapolitan","neapolitan:white_strawberry_basket","minecraft:crafting_shaped","工作台（有序）","Basket of White Strawberries","neapolitan:white_strawberry_basket","1","否","","","","NON_FOOD","not_edible","MEDIUM","1","1","否","否","","","","","无","(base)","是","不进入厨师","内容类型=NON_FOOD","","已覆盖","CRAFTING","ItemCraftedEvent",""
