模组,配方ID,产物,数量,机器,原料,附加参数,饥饿值,饱和度,效果(buff),UNITE状态,备注
万花筒烹饪,flex_pot/dongpo_pork.json,东坡肉(kaleidoscope_cookery:dongpo_pork),1,炒锅(灵活),生猪排(#c:foods/raw_pork) + 竹子(minecraft:bamboo),载体:碗(minecraft:bowl),20,22.0,饱腹代偿 1分20秒,原始(统一基准),
万花筒烹饪,pot/dongpo_pork.json,东坡肉(kaleidoscope_cookery:dongpo_pork),1,炒锅(置于炉灶上),竹子(minecraft:bamboo) + 竹子(minecraft:bamboo) + 生猪排(#c:foods/raw_pork) + 生猪排(#c:foods/raw_pork) + 生猪排(#c:foods/raw_pork) + 生猪排(#c:foods/raw_pork) + 生猪排(#c:foods/raw_pork) + 生猪排(#c:foods/raw_pork),载体:碗(minecraft:bowl),20,22.0,饱腹代偿 1分20秒,原始(统一基准),
万花筒烹饪,flex_pot/stargazy_pie.json,仰望星空派(kaleidoscope_cookery:stargazy_pie),1,炒锅(灵活),生鱼(#c:raw_fishes) + 南瓜派(minecraft:pumpkin_pie),载体:碗(minecraft:bowl),13,16.0,胀气 30秒、霉运 3分,原始(统一基准),
万花筒烹饪,pot/stargazy_pie.json,仰望星空派(kaleidoscope_cookery:stargazy_pie),1,炒锅(置于炉灶上),南瓜派(minecraft:pumpkin_pie) + 生鱼(#c:raw_fishes) + 生鱼(#c:raw_fishes) + 生鱼(#c:raw_fishes) + 生鱼(#c:raw_fishes) + 生鱼(#c:raw_fishes),载体:碗(minecraft:bowl),13,16.0,胀气 30秒、霉运 3分,原始(统一基准),
万花筒烹饪,flex_pot/frost_lamb_chop.json,凛冬羊排(kaleidoscope_cookery:frost_lamb_chop),1,炒锅(灵活),蓝冰(minecraft:blue_ice) + 生羊肉(#c:foods/raw_mutton),载体:碗(minecraft:bowl),13,16.0,寒带疾行 1分20秒,原始(统一基准),
万花筒烹饪,pot/frost_lamb_chop.json,凛冬羊排(kaleidoscope_cookery:frost_lamb_chop),1,炒锅(置于炉灶上),蓝冰(minecraft:blue_ice) + 蓝冰(minecraft:blue_ice) + 蓝冰(minecraft:blue_ice) + 生羊肉(#c:foods/raw_mutton) + 生羊肉(#c:foods/raw_mutton) + 生羊肉(#c:foods/raw_mutton),载体:碗(minecraft:bowl),13,16.0,寒带疾行 1分20秒,原始(统一基准),
农夫乐事(万花筒机器),pot/add/bacon_and_eggs.json,培根蛋(farmersdelight:bacon_and_eggs),1,炒锅(置于炉灶上),蛋(#c:eggs) + 蛋(#c:eggs) + 生培根(#c:foods/raw_bacon) + 生培根(#c:foods/raw_bacon),载体:碗(minecraft:bowl),10,12.0,营养 1分,新增(万花筒机器),用万花筒机器制作农夫乐事菜品
万花筒烹饪,pot/kelp_to_dried_kelp_1.json,干海带(minecraft:dried_kelp),1,炒锅(置于炉灶上),海带(minecraft:kelp),,,,,原始(统一基准),
万花筒烹饪,pot/kelp_to_dried_kelp_2.json,干海带(minecraft:dried_kelp),2,炒锅(置于炉灶上),海带(minecraft:kelp) + 海带(minecraft:kelp),,,,,原始(统一基准),
万花筒烹饪,pot/kelp_to_dried_kelp_3.json,干海带(minecraft:dried_kelp),3,炒锅(置于炉灶上),海带(minecraft:kelp) + 海带(minecraft:kelp) + 海带(minecraft:kelp),,,,,原始(统一基准),
万花筒烹饪,pot/kelp_to_dried_kelp_4.json,干海带(minecraft:dried_kelp),4,炒锅(置于炉灶上),海带(minecraft:kelp) + 海带(minecraft:kelp) + 海带(minecraft:kelp) + 海带(minecraft:kelp),,,,,原始(统一基准),
万花筒烹饪,pot/kelp_to_dried_kelp_5.json,干海带(minecraft:dried_kelp),5,炒锅(置于炉灶上),海带(minecraft:kelp) + 海带(minecraft:kelp) + 海带(minecraft:kelp) + 海带(minecraft:kelp) + 海带(minecraft:kelp),,,,,原始(统一基准),
万花筒烹饪,pot/kelp_to_dried_kelp_6.json,干海带(minecraft:dried_kelp),6,炒锅(置于炉灶上),海带(minecraft:kelp) + 海带(minecraft:kelp) + 海带(minecraft:kelp) + 海带(minecraft:kelp) + 海带(minecraft:kelp) + 海带(minecraft:kelp),,,,,原始(统一基准),
万花筒烹饪,pot/kelp_to_dried_kelp_7.json,干海带(minecraft:dried_kelp),7,炒锅(置于炉灶上),海带(minecraft:kelp) + 海带(minecraft:kelp) + 海带(minecraft:kelp) + 海带(minecraft:kelp) + 海带(minecraft:kelp) + 海带(minecraft:kelp) + 海带(minecraft:kelp),,,,,原始(统一基准),
万花筒烹饪,pot/kelp_to_dried_kelp_8.json,干海带(minecraft:dried_kelp),8,炒锅(置于炉灶上),海带(minecraft:kelp) + 海带(minecraft:kelp) + 海带(minecraft:kelp) + 海带(minecraft:kelp) + 海带(minecraft:kelp) + 海带(minecraft:kelp) + 海带(minecraft:kelp) + 海带(minecraft:kelp),,,,,原始(统一基准),
万花筒烹饪,pot/kelp_to_dried_kelp_9.json,干海带(minecraft:dried_kelp),9,炒锅(置于炉灶上),海带(minecraft:kelp) + 海带(minecraft:kelp) + 海带(minecraft:kelp) + 海带(minecraft:kelp) + 海带(minecraft:kelp) + 海带(minecraft:kelp) + 海带(minecraft:kelp) + 海带(minecraft:kelp) + 海带(minecraft:kelp),,,,,原始(统一基准),
万花筒烹饪,flex_pot/candied_potato.json,拔丝土豆(kaleidoscope_cookery:candied_potato),1,炒锅(灵活),糖(minecraft:sugar) + 马铃薯(minecraft:potato),载体:碗(minecraft:bowl),20,22.0,温暖 1分20秒,原始(统一基准),
万花筒烹饪,pot/candied_potato.json,拔丝土豆(kaleidoscope_cookery:candied_potato),1,炒锅(置于炉灶上),马铃薯(minecraft:potato) + 马铃薯(minecraft:potato) + 马铃薯(minecraft:potato) + 马铃薯(minecraft:potato) + 糖(minecraft:sugar) + 糖(minecraft:sugar),载体:碗(minecraft:bowl),20,22.0,温暖 1分20秒,原始(统一基准),
万花筒烹饪,flex_pot/crystal_lamb_chop.json,水晶羊排(kaleidoscope_cookery:crystal_lamb_chop),1,炒锅(灵活),紫水晶碎片(minecraft:amethyst_shard) + 生羊肉(#c:foods/raw_mutton),载体:碗(minecraft:bowl),13,16.0,急迫2 5分,原始(统一基准),
万花筒烹饪,pot/crystal_lamb_chop.json,水晶羊排(kaleidoscope_cookery:crystal_lamb_chop),1,炒锅(置于炉灶上),紫水晶碎片(minecraft:amethyst_shard) + 紫水晶碎片(minecraft:amethyst_shard) + 紫水晶碎片(minecraft:amethyst_shard) + 生羊肉(#c:foods/raw_mutton) + 生羊肉(#c:foods/raw_mutton) + 生羊肉(#c:foods/raw_mutton),载体:碗(minecraft:bowl),13,16.0,急迫2 5分,原始(统一基准),
万花筒烹饪,flex_pot/oil_splashed_fish.json,油泼鱼(kaleidoscope_cookery:oil_splashed_fish),1,炒锅(灵活),生鱼(#c:raw_fishes) + 辣椒(#c:crops/chilipepper),载体:碗(minecraft:bowl),13,16.0,温暖 1分20秒,原始(统一基准),
万花筒烹饪,pot/oil_splashed_fish.json,油泼鱼(kaleidoscope_cookery:oil_splashed_fish),1,炒锅(置于炉灶上),生鱼(#c:raw_fishes) + 生鱼(#c:raw_fishes) + 生鱼(#c:raw_fishes) + 生鱼(#c:raw_fishes) + 生鱼(#c:raw_fishes) + 生鱼(#c:raw_fishes) + 辣椒(#c:crops/chilipepper) + 辣椒(#c:crops/chilipepper),载体:碗(minecraft:bowl),13,16.0,温暖 1分20秒,原始(统一基准),
万花筒烹饪,flex_pot/fried_caterpillar.json,油炸猪儿虫(kaleidoscope_cookery:fried_caterpillar),1,炒锅(灵活),毛虫(#kaleidoscope_cookery:caterpillars),载体:碗(minecraft:bowl),12,19.2,胀气 10秒,原始(统一基准),
万花筒烹饪,pot/fried_caterpillar.json,油炸猪儿虫(kaleidoscope_cookery:fried_caterpillar),1,炒锅(置于炉灶上),毛虫(#kaleidoscope_cookery:caterpillars) + 毛虫(#kaleidoscope_cookery:caterpillars) + 毛虫(#kaleidoscope_cookery:caterpillars),载体:碗(minecraft:bowl),12,19.2,胀气 10秒,原始(统一基准),
农夫乐事(万花筒机器),pot/modify/fried_rice.json,炒饭(farmersdelight:fried_rice),1,炒锅(置于炉灶上),稻米(#c:crops/rice) + 蛋(#c:eggs) + 胡萝卜(#c:crops/carrot) + 洋葱(#c:crops/onion),载体:碗(minecraft:bowl),12,19.2,营养 3分,新增(万花筒机器),用万花筒机器制作农夫乐事菜品
万花筒烹饪,flex_pot/fried_spring_roll.json,炸春卷(kaleidoscope_cookery:fried_spring_roll),1,炒锅(灵活),幻翼膜(minecraft:phantom_membrane) + 生猪排(#c:foods/raw_pork) + 蘑菇(#c:mushrooms),载体:碗(minecraft:bowl),13,16.0,温暖 1分20秒,原始(统一基准),
万花筒烹饪,pot/fried_spring_roll.json,炸春卷(kaleidoscope_cookery:fried_spring_roll),1,炒锅(置于炉灶上),幻翼膜(minecraft:phantom_membrane) + 幻翼膜(minecraft:phantom_membrane) + 生猪排(#c:foods/raw_pork) + 生猪排(#c:foods/raw_pork) + 生猪排(#c:foods/raw_pork) + 生猪排(#c:foods/raw_pork) + 蘑菇(#c:mushrooms) + 蘑菇(#c:mushrooms),载体:碗(minecraft:bowl),13,16.0,温暖 1分20秒,原始(统一基准),
万花筒烹饪,flex_pot/blaze_lamb_chop.json,烈焰羊排(kaleidoscope_cookery:blaze_lamb_chop),1,炒锅(灵活),烈焰粉(minecraft:blaze_powder) + 生羊肉(#c:foods/raw_mutton),载体:碗(minecraft:bowl),13,16.0,抗火 1分20秒,原始(统一基准),
万花筒烹饪,pot/blaze_lamb_chop.json,烈焰羊排(kaleidoscope_cookery:blaze_lamb_chop),1,炒锅(置于炉灶上),烈焰粉(minecraft:blaze_powder) + 烈焰粉(minecraft:blaze_powder) + 烈焰粉(minecraft:blaze_powder) + 生羊肉(#c:foods/raw_mutton) + 生羊肉(#c:foods/raw_mutton) + 生羊肉(#c:foods/raw_mutton),载体:碗(minecraft:bowl),13,16.0,抗火 1分20秒,原始(统一基准),
万花筒烹饪,pot/potato_to_baked_potato_1.json,烤马铃薯(minecraft:baked_potato),1,炒锅(置于炉灶上),马铃薯(minecraft:potato),,,,,原始(统一基准),
万花筒烹饪,pot/potato_to_baked_potato_2.json,烤马铃薯(minecraft:baked_potato),2,炒锅(置于炉灶上),马铃薯(minecraft:potato) + 马铃薯(minecraft:potato),,,,,原始(统一基准),
万花筒烹饪,pot/potato_to_baked_potato_3.json,烤马铃薯(minecraft:baked_potato),3,炒锅(置于炉灶上),马铃薯(minecraft:potato) + 马铃薯(minecraft:potato) + 马铃薯(minecraft:potato),,,,,原始(统一基准),
万花筒烹饪,pot/potato_to_baked_potato_4.json,烤马铃薯(minecraft:baked_potato),4,炒锅(置于炉灶上),马铃薯(minecraft:potato) + 马铃薯(minecraft:potato) + 马铃薯(minecraft:potato) + 马铃薯(minecraft:potato),,,,,原始(统一基准),
万花筒烹饪,pot/potato_to_baked_potato_5.json,烤马铃薯(minecraft:baked_potato),5,炒锅(置于炉灶上),马铃薯(minecraft:potato) + 马铃薯(minecraft:potato) + 马铃薯(minecraft:potato) + 马铃薯(minecraft:potato) + 马铃薯(minecraft:potato),,,,,原始(统一基准),
万花筒烹饪,pot/potato_to_baked_potato_6.json,烤马铃薯(minecraft:baked_potato),6,炒锅(置于炉灶上),马铃薯(minecraft:potato) + 马铃薯(minecraft:potato) + 马铃薯(minecraft:potato) + 马铃薯(minecraft:potato) + 马铃薯(minecraft:potato) + 马铃薯(minecraft:potato),,,,,原始(统一基准),
万花筒烹饪,pot/potato_to_baked_potato_7.json,烤马铃薯(minecraft:baked_potato),7,炒锅(置于炉灶上),马铃薯(minecraft:potato) + 马铃薯(minecraft:potato) + 马铃薯(minecraft:potato) + 马铃薯(minecraft:potato) + 马铃薯(minecraft:potato) + 马铃薯(minecraft:potato) + 马铃薯(minecraft:potato),,,,,原始(统一基准),
万花筒烹饪,pot/potato_to_baked_potato_8.json,烤马铃薯(minecraft:baked_potato),8,炒锅(置于炉灶上),马铃薯(minecraft:potato) + 马铃薯(minecraft:potato) + 马铃薯(minecraft:potato) + 马铃薯(minecraft:potato) + 马铃薯(minecraft:potato) + 马铃薯(minecraft:potato) + 马铃薯(minecraft:potato) + 马铃薯(minecraft:potato),,,,,原始(统一基准),
万花筒烹饪,pot/potato_to_baked_potato_9.json,烤马铃薯(minecraft:baked_potato),9,炒锅(置于炉灶上),马铃薯(minecraft:potato) + 马铃薯(minecraft:potato) + 马铃薯(minecraft:potato) + 马铃薯(minecraft:potato) + 马铃薯(minecraft:potato) + 马铃薯(minecraft:potato) + 马铃薯(minecraft:potato) + 马铃薯(minecraft:potato) + 马铃薯(minecraft:potato),,,,,原始(统一基准),
万花筒烹饪,pot/egg_to_fried_egg_1.json,煎蛋(kaleidoscope_cookery:fried_egg),1,炒锅(置于炉灶上),蛋(#c:eggs),,4,4.0,,原始(统一基准),
万花筒烹饪,pot/egg_to_fried_egg_2.json,煎蛋(kaleidoscope_cookery:fried_egg),2,炒锅(置于炉灶上),蛋(#c:eggs) + 蛋(#c:eggs),,4,4.0,,原始(统一基准),
万花筒烹饪,pot/egg_to_fried_egg_3.json,煎蛋(kaleidoscope_cookery:fried_egg),3,炒锅(置于炉灶上),蛋(#c:eggs) + 蛋(#c:eggs) + 蛋(#c:eggs),,4,4.0,,原始(统一基准),
万花筒烹饪,pot/egg_to_fried_egg_4.json,煎蛋(kaleidoscope_cookery:fried_egg),4,炒锅(置于炉灶上),蛋(#c:eggs) + 蛋(#c:eggs) + 蛋(#c:eggs) + 蛋(#c:eggs),,4,4.0,,原始(统一基准),
万花筒烹饪,pot/egg_to_fried_egg_5.json,煎蛋(kaleidoscope_cookery:fried_egg),5,炒锅(置于炉灶上),蛋(#c:eggs) + 蛋(#c:eggs) + 蛋(#c:eggs) + 蛋(#c:eggs) + 蛋(#c:eggs),,4,4.0,,原始(统一基准),
万花筒烹饪,pot/egg_to_fried_egg_6.json,煎蛋(kaleidoscope_cookery:fried_egg),6,炒锅(置于炉灶上),蛋(#c:eggs) + 蛋(#c:eggs) + 蛋(#c:eggs) + 蛋(#c:eggs) + 蛋(#c:eggs) + 蛋(#c:eggs),,4,4.0,,原始(统一基准),
万花筒烹饪,pot/egg_to_fried_egg_7.json,煎蛋(kaleidoscope_cookery:fried_egg),7,炒锅(置于炉灶上),蛋(#c:eggs) + 蛋(#c:eggs) + 蛋(#c:eggs) + 蛋(#c:eggs) + 蛋(#c:eggs) + 蛋(#c:eggs) + 蛋(#c:eggs),,4,4.0,,原始(统一基准),
万花筒烹饪,pot/egg_to_fried_egg_8.json,煎蛋(kaleidoscope_cookery:fried_egg),8,炒锅(置于炉灶上),蛋(#c:eggs) + 蛋(#c:eggs) + 蛋(#c:eggs) + 蛋(#c:eggs) + 蛋(#c:eggs) + 蛋(#c:eggs) + 蛋(#c:eggs) + 蛋(#c:eggs),,4,4.0,,原始(统一基准),
万花筒烹饪,pot/egg_to_fried_egg_9.json,煎蛋(kaleidoscope_cookery:fried_egg),9,炒锅(置于炉灶上),蛋(#c:eggs) + 蛋(#c:eggs) + 蛋(#c:eggs) + 蛋(#c:eggs) + 蛋(#c:eggs) + 蛋(#c:eggs) + 蛋(#c:eggs) + 蛋(#c:eggs) + 蛋(#c:eggs),,4,4.0,,原始(统一基准),
万花筒烹饪,pot/raw_meatball_to_cooked_meatball_1.json,熟丸子(kaleidoscope_cookery:cooked_meatball),1,炒锅(置于炉灶上),生丸子(kaleidoscope_cookery:raw_meatball),,8,12.8,,原始(统一基准),
万花筒烹饪,pot/raw_meatball_to_cooked_meatball_2.json,熟丸子(kaleidoscope_cookery:cooked_meatball),2,炒锅(置于炉灶上),生丸子(kaleidoscope_cookery:raw_meatball) + 生丸子(kaleidoscope_cookery:raw_meatball),,8,12.8,,原始(统一基准),
万花筒烹饪,pot/raw_meatball_to_cooked_meatball_3.json,熟丸子(kaleidoscope_cookery:cooked_meatball),3,炒锅(置于炉灶上),生丸子(kaleidoscope_cookery:raw_meatball) + 生丸子(kaleidoscope_cookery:raw_meatball) + 生丸子(kaleidoscope_cookery:raw_meatball),,8,12.8,,原始(统一基准),
万花筒烹饪,pot/raw_meatball_to_cooked_meatball_4.json,熟丸子(kaleidoscope_cookery:cooked_meatball),4,炒锅(置于炉灶上),生丸子(kaleidoscope_cookery:raw_meatball) + 生丸子(kaleidoscope_cookery:raw_meatball) + 生丸子(kaleidoscope_cookery:raw_meatball) + 生丸子(kaleidoscope_cookery:raw_meatball),,8,12.8,,原始(统一基准),
万花筒烹饪,pot/raw_meatball_to_cooked_meatball_5.json,熟丸子(kaleidoscope_cookery:cooked_meatball),5,炒锅(置于炉灶上),生丸子(kaleidoscope_cookery:raw_meatball) + 生丸子(kaleidoscope_cookery:raw_meatball) + 生丸子(kaleidoscope_cookery:raw_meatball) + 生丸子(kaleidoscope_cookery:raw_meatball) + 生丸子(kaleidoscope_cookery:raw_meatball),,8,12.8,,原始(统一基准),
万花筒烹饪,pot/raw_meatball_to_cooked_meatball_6.json,熟丸子(kaleidoscope_cookery:cooked_meatball),6,炒锅(置于炉灶上),生丸子(kaleidoscope_cookery:raw_meatball) + 生丸子(kaleidoscope_cookery:raw_meatball) + 生丸子(kaleidoscope_cookery:raw_meatball) + 生丸子(kaleidoscope_cookery:raw_meatball) + 生丸子(kaleidoscope_cookery:raw_meatball) + 生丸子(kaleidoscope_cookery:raw_meatball),,8,12.8,,原始(统一基准),
万花筒烹饪,pot/raw_meatball_to_cooked_meatball_7.json,熟丸子(kaleidoscope_cookery:cooked_meatball),7,炒锅(置于炉灶上),生丸子(kaleidoscope_cookery:raw_meatball) + 生丸子(kaleidoscope_cookery:raw_meatball) + 生丸子(kaleidoscope_cookery:raw_meatball) + 生丸子(kaleidoscope_cookery:raw_meatball) + 生丸子(kaleidoscope_cookery:raw_meatball) + 生丸子(kaleidoscope_cookery:raw_meatball) + 生丸子(kaleidoscope_cookery:raw_meatball),,8,12.8,,原始(统一基准),
万花筒烹饪,pot/raw_meatball_to_cooked_meatball_8.json,熟丸子(kaleidoscope_cookery:cooked_meatball),8,炒锅(置于炉灶上),生丸子(kaleidoscope_cookery:raw_meatball) + 生丸子(kaleidoscope_cookery:raw_meatball) + 生丸子(kaleidoscope_cookery:raw_meatball) + 生丸子(kaleidoscope_cookery:raw_meatball) + 生丸子(kaleidoscope_cookery:raw_meatball) + 生丸子(kaleidoscope_cookery:raw_meatball) + 生丸子(kaleidoscope_cookery:raw_meatball) + 生丸子(kaleidoscope_cookery:raw_meatball),,8,12.8,,原始(统一基准),
万花筒烹饪,pot/raw_meatball_to_cooked_meatball_9.json,熟丸子(kaleidoscope_cookery:cooked_meatball),9,炒锅(置于炉灶上),生丸子(kaleidoscope_cookery:raw_meatball) + 生丸子(kaleidoscope_cookery:raw_meatball) + 生丸子(kaleidoscope_cookery:raw_meatball) + 生丸子(kaleidoscope_cookery:raw_meatball) + 生丸子(kaleidoscope_cookery:raw_meatball) + 生丸子(kaleidoscope_cookery:raw_meatball) + 生丸子(kaleidoscope_cookery:raw_meatball) + 生丸子(kaleidoscope_cookery:raw_meatball) + 生丸子(kaleidoscope_cookery:raw_meatball),,8,12.8,,原始(统一基准),
万花筒烹饪,pot/raw_pork_belly_to_cooked_pork_belly_1.json,熟五花肉(kaleidoscope_cookery:cooked_pork_belly),1,炒锅(置于炉灶上),生五花肉(kaleidoscope_cookery:raw_pork_belly),,4,6.4,,原始(统一基准),
万花筒烹饪,pot/raw_pork_belly_to_cooked_pork_belly_2.json,熟五花肉(kaleidoscope_cookery:cooked_pork_belly),2,炒锅(置于炉灶上),生五花肉(kaleidoscope_cookery:raw_pork_belly) + 生五花肉(kaleidoscope_cookery:raw_pork_belly),,4,6.4,,原始(统一基准),
万花筒烹饪,pot/raw_pork_belly_to_cooked_pork_belly_3.json,熟五花肉(kaleidoscope_cookery:cooked_pork_belly),3,炒锅(置于炉灶上),生五花肉(kaleidoscope_cookery:raw_pork_belly) + 生五花肉(kaleidoscope_cookery:raw_pork_belly) + 生五花肉(kaleidoscope_cookery:raw_pork_belly),,4,6.4,,原始(统一基准),
万花筒烹饪,pot/raw_pork_belly_to_cooked_pork_belly_4.json,熟五花肉(kaleidoscope_cookery:cooked_pork_belly),4,炒锅(置于炉灶上),生五花肉(kaleidoscope_cookery:raw_pork_belly) + 生五花肉(kaleidoscope_cookery:raw_pork_belly) + 生五花肉(kaleidoscope_cookery:raw_pork_belly) + 生五花肉(kaleidoscope_cookery:raw_pork_belly),,4,6.4,,原始(统一基准),
万花筒烹饪,pot/raw_pork_belly_to_cooked_pork_belly_5.json,熟五花肉(kaleidoscope_cookery:cooked_pork_belly),5,炒锅(置于炉灶上),生五花肉(kaleidoscope_cookery:raw_pork_belly) + 生五花肉(kaleidoscope_cookery:raw_pork_belly) + 生五花肉(kaleidoscope_cookery:raw_pork_belly) + 生五花肉(kaleidoscope_cookery:raw_pork_belly) + 生五花肉(kaleidoscope_cookery:raw_pork_belly),,4,6.4,,原始(统一基准),
万花筒烹饪,pot/raw_pork_belly_to_cooked_pork_belly_6.json,熟五花肉(kaleidoscope_cookery:cooked_pork_belly),6,炒锅(置于炉灶上),生五花肉(kaleidoscope_cookery:raw_pork_belly) + 生五花肉(kaleidoscope_cookery:raw_pork_belly) + 生五花肉(kaleidoscope_cookery:raw_pork_belly) + 生五花肉(kaleidoscope_cookery:raw_pork_belly) + 生五花肉(kaleidoscope_cookery:raw_pork_belly) + 生五花肉(kaleidoscope_cookery:raw_pork_belly),,4,6.4,,原始(统一基准),
万花筒烹饪,pot/raw_pork_belly_to_cooked_pork_belly_7.json,熟五花肉(kaleidoscope_cookery:cooked_pork_belly),7,炒锅(置于炉灶上),生五花肉(kaleidoscope_cookery:raw_pork_belly) + 生五花肉(kaleidoscope_cookery:raw_pork_belly) + 生五花肉(kaleidoscope_cookery:raw_pork_belly) + 生五花肉(kaleidoscope_cookery:raw_pork_belly) + 生五花肉(kaleidoscope_cookery:raw_pork_belly) + 生五花肉(kaleidoscope_cookery:raw_pork_belly) + 生五花肉(kaleidoscope_cookery:raw_pork_belly),,4,6.4,,原始(统一基准),
万花筒烹饪,pot/raw_pork_belly_to_cooked_pork_belly_8.json,熟五花肉(kaleidoscope_cookery:cooked_pork_belly),8,炒锅(置于炉灶上),生五花肉(kaleidoscope_cookery:raw_pork_belly) + 生五花肉(kaleidoscope_cookery:raw_pork_belly) + 生五花肉(kaleidoscope_cookery:raw_pork_belly) + 生五花肉(kaleidoscope_cookery:raw_pork_belly) + 生五花肉(kaleidoscope_cookery:raw_pork_belly) + 生五花肉(kaleidoscope_cookery:raw_pork_belly) + 生五花肉(kaleidoscope_cookery:raw_pork_belly) + 生五花肉(kaleidoscope_cookery:raw_pork_belly),,4,6.4,,原始(统一基准),
万花筒烹饪,pot/raw_pork_belly_to_cooked_pork_belly_9.json,熟五花肉(kaleidoscope_cookery:cooked_pork_belly),9,炒锅(置于炉灶上),生五花肉(kaleidoscope_cookery:raw_pork_belly) + 生五花肉(kaleidoscope_cookery:raw_pork_belly) + 生五花肉(kaleidoscope_cookery:raw_pork_belly) + 生五花肉(kaleidoscope_cookery:raw_pork_belly) + 生五花肉(kaleidoscope_cookery:raw_pork_belly) + 生五花肉(kaleidoscope_cookery:raw_pork_belly) + 生五花肉(kaleidoscope_cookery:raw_pork_belly) + 生五花肉(kaleidoscope_cookery:raw_pork_belly) + 生五花肉(kaleidoscope_cookery:raw_pork_belly),,4,6.4,,原始(统一基准),
万花筒烹饪,pot/rabbit_to_cooked_rabbit_1.json,熟兔肉(minecraft:cooked_rabbit),1,炒锅(置于炉灶上),生兔肉(minecraft:rabbit),,,,,原始(统一基准),
万花筒烹饪,pot/rabbit_to_cooked_rabbit_2.json,熟兔肉(minecraft:cooked_rabbit),2,炒锅(置于炉灶上),生兔肉(minecraft:rabbit) + 生兔肉(minecraft:rabbit),,,,,原始(统一基准),
万花筒烹饪,pot/rabbit_to_cooked_rabbit_3.json,熟兔肉(minecraft:cooked_rabbit),3,炒锅(置于炉灶上),生兔肉(minecraft:rabbit) + 生兔肉(minecraft:rabbit) + 生兔肉(minecraft:rabbit),,,,,原始(统一基准),
万花筒烹饪,pot/rabbit_to_cooked_rabbit_4.json,熟兔肉(minecraft:cooked_rabbit),4,炒锅(置于炉灶上),生兔肉(minecraft:rabbit) + 生兔肉(minecraft:rabbit) + 生兔肉(minecraft:rabbit) + 生兔肉(minecraft:rabbit),,,,,原始(统一基准),
万花筒烹饪,pot/rabbit_to_cooked_rabbit_5.json,熟兔肉(minecraft:cooked_rabbit),5,炒锅(置于炉灶上),生兔肉(minecraft:rabbit) + 生兔肉(minecraft:rabbit) + 生兔肉(minecraft:rabbit) + 生兔肉(minecraft:rabbit) + 生兔肉(minecraft:rabbit),,,,,原始(统一基准),
万花筒烹饪,pot/rabbit_to_cooked_rabbit_6.json,熟兔肉(minecraft:cooked_rabbit),6,炒锅(置于炉灶上),生兔肉(minecraft:rabbit) + 生兔肉(minecraft:rabbit) + 生兔肉(minecraft:rabbit) + 生兔肉(minecraft:rabbit) + 生兔肉(minecraft:rabbit) + 生兔肉(minecraft:rabbit),,,,,原始(统一基准),
万花筒烹饪,pot/rabbit_to_cooked_rabbit_7.json,熟兔肉(minecraft:cooked_rabbit),7,炒锅(置于炉灶上),生兔肉(minecraft:rabbit) + 生兔肉(minecraft:rabbit) + 生兔肉(minecraft:rabbit) + 生兔肉(minecraft:rabbit) + 生兔肉(minecraft:rabbit) + 生兔肉(minecraft:rabbit) + 生兔肉(minecraft:rabbit),,,,,原始(统一基准),
万花筒烹饪,pot/rabbit_to_cooked_rabbit_8.json,熟兔肉(minecraft:cooked_rabbit),8,炒锅(置于炉灶上),生兔肉(minecraft:rabbit) + 生兔肉(minecraft:rabbit) + 生兔肉(minecraft:rabbit) + 生兔肉(minecraft:rabbit) + 生兔肉(minecraft:rabbit) + 生兔肉(minecraft:rabbit) + 生兔肉(minecraft:rabbit) + 生兔肉(minecraft:rabbit),,,,,原始(统一基准),
万花筒烹饪,pot/rabbit_to_cooked_rabbit_9.json,熟兔肉(minecraft:cooked_rabbit),9,炒锅(置于炉灶上),生兔肉(minecraft:rabbit) + 生兔肉(minecraft:rabbit) + 生兔肉(minecraft:rabbit) + 生兔肉(minecraft:rabbit) + 生兔肉(minecraft:rabbit) + 生兔肉(minecraft:rabbit) + 生兔肉(minecraft:rabbit) + 生兔肉(minecraft:rabbit) + 生兔肉(minecraft:rabbit),,,,,原始(统一基准),
万花筒烹饪,pot/raw_cut_small_meats_to_cooked_cut_small_meats_1.json,熟切制小肉(kaleidoscope_cookery:cooked_cut_small_meats),1,炒锅(置于炉灶上),生切制小肉(kaleidoscope_cookery:raw_cut_small_meats),,4,6.4,,原始(统一基准),
万花筒烹饪,pot/raw_cut_small_meats_to_cooked_cut_small_meats_2.json,熟切制小肉(kaleidoscope_cookery:cooked_cut_small_meats),2,炒锅(置于炉灶上),生切制小肉(kaleidoscope_cookery:raw_cut_small_meats) + 生切制小肉(kaleidoscope_cookery:raw_cut_small_meats),,4,6.4,,原始(统一基准),
万花筒烹饪,pot/raw_cut_small_meats_to_cooked_cut_small_meats_3.json,熟切制小肉(kaleidoscope_cookery:cooked_cut_small_meats),3,炒锅(置于炉灶上),生切制小肉(kaleidoscope_cookery:raw_cut_small_meats) + 生切制小肉(kaleidoscope_cookery:raw_cut_small_meats) + 生切制小肉(kaleidoscope_cookery:raw_cut_small_meats),,4,6.4,,原始(统一基准),
万花筒烹饪,pot/raw_cut_small_meats_to_cooked_cut_small_meats_4.json,熟切制小肉(kaleidoscope_cookery:cooked_cut_small_meats),4,炒锅(置于炉灶上),生切制小肉(kaleidoscope_cookery:raw_cut_small_meats) + 生切制小肉(kaleidoscope_cookery:raw_cut_small_meats) + 生切制小肉(kaleidoscope_cookery:raw_cut_small_meats) + 生切制小肉(kaleidoscope_cookery:raw_cut_small_meats),,4,6.4,,原始(统一基准),
万花筒烹饪,pot/raw_cut_small_meats_to_cooked_cut_small_meats_5.json,熟切制小肉(kaleidoscope_cookery:cooked_cut_small_meats),5,炒锅(置于炉灶上),生切制小肉(kaleidoscope_cookery:raw_cut_small_meats) + 生切制小肉(kaleidoscope_cookery:raw_cut_small_meats) + 生切制小肉(kaleidoscope_cookery:raw_cut_small_meats) + 生切制小肉(kaleidoscope_cookery:raw_cut_small_meats) + 生切制小肉(kaleidoscope_cookery:raw_cut_small_meats),,4,6.4,,原始(统一基准),
万花筒烹饪,pot/raw_cut_small_meats_to_cooked_cut_small_meats_6.json,熟切制小肉(kaleidoscope_cookery:cooked_cut_small_meats),6,炒锅(置于炉灶上),生切制小肉(kaleidoscope_cookery:raw_cut_small_meats) + 生切制小肉(kaleidoscope_cookery:raw_cut_small_meats) + 生切制小肉(kaleidoscope_cookery:raw_cut_small_meats) + 生切制小肉(kaleidoscope_cookery:raw_cut_small_meats) + 生切制小肉(kaleidoscope_cookery:raw_cut_small_meats) + 生切制小肉(kaleidoscope_cookery:raw_cut_small_meats),,4,6.4,,原始(统一基准),
万花筒烹饪,pot/raw_cut_small_meats_to_cooked_cut_small_meats_7.json,熟切制小肉(kaleidoscope_cookery:cooked_cut_small_meats),7,炒锅(置于炉灶上),生切制小肉(kaleidoscope_cookery:raw_cut_small_meats) + 生切制小肉(kaleidoscope_cookery:raw_cut_small_meats) + 生切制小肉(kaleidoscope_cookery:raw_cut_small_meats) + 生切制小肉(kaleidoscope_cookery:raw_cut_small_meats) + 生切制小肉(kaleidoscope_cookery:raw_cut_small_meats) + 生切制小肉(kaleidoscope_cookery:raw_cut_small_meats) + 生切制小肉(kaleidoscope_cookery:raw_cut_small_meats),,4,6.4,,原始(统一基准),
万花筒烹饪,pot/raw_cut_small_meats_to_cooked_cut_small_meats_8.json,熟切制小肉(kaleidoscope_cookery:cooked_cut_small_meats),8,炒锅(置于炉灶上),生切制小肉(kaleidoscope_cookery:raw_cut_small_meats) + 生切制小肉(kaleidoscope_cookery:raw_cut_small_meats) + 生切制小肉(kaleidoscope_cookery:raw_cut_small_meats) + 生切制小肉(kaleidoscope_cookery:raw_cut_small_meats) + 生切制小肉(kaleidoscope_cookery:raw_cut_small_meats) + 生切制小肉(kaleidoscope_cookery:raw_cut_small_meats) + 生切制小肉(kaleidoscope_cookery:raw_cut_small_meats) + 生切制小肉(kaleidoscope_cookery:raw_cut_small_meats),,4,6.4,,原始(统一基准),
万花筒烹饪,pot/raw_cut_small_meats_to_cooked_cut_small_meats_9.json,熟切制小肉(kaleidoscope_cookery:cooked_cut_small_meats),9,炒锅(置于炉灶上),生切制小肉(kaleidoscope_cookery:raw_cut_small_meats) + 生切制小肉(kaleidoscope_cookery:raw_cut_small_meats) + 生切制小肉(kaleidoscope_cookery:raw_cut_small_meats) + 生切制小肉(kaleidoscope_cookery:raw_cut_small_meats) + 生切制小肉(kaleidoscope_cookery:raw_cut_small_meats) + 生切制小肉(kaleidoscope_cookery:raw_cut_small_meats) + 生切制小肉(kaleidoscope_cookery:raw_cut_small_meats) + 生切制小肉(kaleidoscope_cookery:raw_cut_small_meats) + 生切制小肉(kaleidoscope_cookery:raw_cut_small_meats),,4,6.4,,原始(统一基准),
农夫乐事(万花筒机器),pot/add/cooked_bacon.json,熟培根(farmersdelight:cooked_bacon),1,炒锅(置于炉灶上),生培根(farmersdelight:bacon),,4,6.4,,新增(万花筒机器),用万花筒机器制作农夫乐事菜品
万花筒烹饪,pot/raw_cow_offal_to_cooked_cow_offal_1.json,熟牛杂(kaleidoscope_cookery:cooked_cow_offal),1,炒锅(置于炉灶上),生牛杂(kaleidoscope_cookery:raw_cow_offal),,4,6.4,,原始(统一基准),
万花筒烹饪,pot/raw_cow_offal_to_cooked_cow_offal_2.json,熟牛杂(kaleidoscope_cookery:cooked_cow_offal),2,炒锅(置于炉灶上),生牛杂(kaleidoscope_cookery:raw_cow_offal) + 生牛杂(kaleidoscope_cookery:raw_cow_offal),,4,6.4,,原始(统一基准),
万花筒烹饪,pot/raw_cow_offal_to_cooked_cow_offal_3.json,熟牛杂(kaleidoscope_cookery:cooked_cow_offal),3,炒锅(置于炉灶上),生牛杂(kaleidoscope_cookery:raw_cow_offal) + 生牛杂(kaleidoscope_cookery:raw_cow_offal) + 生牛杂(kaleidoscope_cookery:raw_cow_offal),,4,6.4,,原始(统一基准),
万花筒烹饪,pot/raw_cow_offal_to_cooked_cow_offal_4.json,熟牛杂(kaleidoscope_cookery:cooked_cow_offal),4,炒锅(置于炉灶上),生牛杂(kaleidoscope_cookery:raw_cow_offal) + 生牛杂(kaleidoscope_cookery:raw_cow_offal) + 生牛杂(kaleidoscope_cookery:raw_cow_offal) + 生牛杂(kaleidoscope_cookery:raw_cow_offal),,4,6.4,,原始(统一基准),
万花筒烹饪,pot/raw_cow_offal_to_cooked_cow_offal_5.json,熟牛杂(kaleidoscope_cookery:cooked_cow_offal),5,炒锅(置于炉灶上),生牛杂(kaleidoscope_cookery:raw_cow_offal) + 生牛杂(kaleidoscope_cookery:raw_cow_offal) + 生牛杂(kaleidoscope_cookery:raw_cow_offal) + 生牛杂(kaleidoscope_cookery:raw_cow_offal) + 生牛杂(kaleidoscope_cookery:raw_cow_offal),,4,6.4,,原始(统一基准),
万花筒烹饪,pot/raw_cow_offal_to_cooked_cow_offal_6.json,熟牛杂(kaleidoscope_cookery:cooked_cow_offal),6,炒锅(置于炉灶上),生牛杂(kaleidoscope_cookery:raw_cow_offal) + 生牛杂(kaleidoscope_cookery:raw_cow_offal) + 生牛杂(kaleidoscope_cookery:raw_cow_offal) + 生牛杂(kaleidoscope_cookery:raw_cow_offal) + 生牛杂(kaleidoscope_cookery:raw_cow_offal) + 生牛杂(kaleidoscope_cookery:raw_cow_offal),,4,6.4,,原始(统一基准),
万花筒烹饪,pot/raw_cow_offal_to_cooked_cow_offal_7.json,熟牛杂(kaleidoscope_cookery:cooked_cow_offal),7,炒锅(置于炉灶上),生牛杂(kaleidoscope_cookery:raw_cow_offal) + 生牛杂(kaleidoscope_cookery:raw_cow_offal) + 生牛杂(kaleidoscope_cookery:raw_cow_offal) + 生牛杂(kaleidoscope_cookery:raw_cow_offal) + 生牛杂(kaleidoscope_cookery:raw_cow_offal) + 生牛杂(kaleidoscope_cookery:raw_cow_offal) + 生牛杂(kaleidoscope_cookery:raw_cow_offal),,4,6.4,,原始(统一基准),
万花筒烹饪,pot/raw_cow_offal_to_cooked_cow_offal_8.json,熟牛杂(kaleidoscope_cookery:cooked_cow_offal),8,炒锅(置于炉灶上),生牛杂(kaleidoscope_cookery:raw_cow_offal) + 生牛杂(kaleidoscope_cookery:raw_cow_offal) + 生牛杂(kaleidoscope_cookery:raw_cow_offal) + 生牛杂(kaleidoscope_cookery:raw_cow_offal) + 生牛杂(kaleidoscope_cookery:raw_cow_offal) + 生牛杂(kaleidoscope_cookery:raw_cow_offal) + 生牛杂(kaleidoscope_cookery:raw_cow_offal) + 生牛杂(kaleidoscope_cookery:raw_cow_offal),,4,6.4,,原始(统一基准),
万花筒烹饪,pot/raw_cow_offal_to_cooked_cow_offal_9.json,熟牛杂(kaleidoscope_cookery:cooked_cow_offal),9,炒锅(置于炉灶上),生牛杂(kaleidoscope_cookery:raw_cow_offal) + 生牛杂(kaleidoscope_cookery:raw_cow_offal) + 生牛杂(kaleidoscope_cookery:raw_cow_offal) + 生牛杂(kaleidoscope_cookery:raw_cow_offal) + 生牛杂(kaleidoscope_cookery:raw_cow_offal) + 生牛杂(kaleidoscope_cookery:raw_cow_offal) + 生牛杂(kaleidoscope_cookery:raw_cow_offal) + 生牛杂(kaleidoscope_cookery:raw_cow_offal) + 生牛杂(kaleidoscope_cookery:raw_cow_offal),,4,6.4,,原始(统一基准),
万花筒烹饪,pot/porkchop_to_cooked_porkchop_1.json,熟猪排(minecraft:cooked_porkchop),1,炒锅(置于炉灶上),生猪排(minecraft:porkchop),,,,,原始(统一基准),
万花筒烹饪,pot/porkchop_to_cooked_porkchop_2.json,熟猪排(minecraft:cooked_porkchop),2,炒锅(置于炉灶上),生猪排(minecraft:porkchop) + 生猪排(minecraft:porkchop),,,,,原始(统一基准),
万花筒烹饪,pot/porkchop_to_cooked_porkchop_3.json,熟猪排(minecraft:cooked_porkchop),3,炒锅(置于炉灶上),生猪排(minecraft:porkchop) + 生猪排(minecraft:porkchop) + 生猪排(minecraft:porkchop),,,,,原始(统一基准),
万花筒烹饪,pot/porkchop_to_cooked_porkchop_4.json,熟猪排(minecraft:cooked_porkchop),4,炒锅(置于炉灶上),生猪排(minecraft:porkchop) + 生猪排(minecraft:porkchop) + 生猪排(minecraft:porkchop) + 生猪排(minecraft:porkchop),,,,,原始(统一基准),
万花筒烹饪,pot/porkchop_to_cooked_porkchop_5.json,熟猪排(minecraft:cooked_porkchop),5,炒锅(置于炉灶上),生猪排(minecraft:porkchop) + 生猪排(minecraft:porkchop) + 生猪排(minecraft:porkchop) + 生猪排(minecraft:porkchop) + 生猪排(minecraft:porkchop),,,,,原始(统一基准),
万花筒烹饪,pot/porkchop_to_cooked_porkchop_6.json,熟猪排(minecraft:cooked_porkchop),6,炒锅(置于炉灶上),生猪排(minecraft:porkchop) + 生猪排(minecraft:porkchop) + 生猪排(minecraft:porkchop) + 生猪排(minecraft:porkchop) + 生猪排(minecraft:porkchop) + 生猪排(minecraft:porkchop),,,,,原始(统一基准),
万花筒烹饪,pot/porkchop_to_cooked_porkchop_7.json,熟猪排(minecraft:cooked_porkchop),7,炒锅(置于炉灶上),生猪排(minecraft:porkchop) + 生猪排(minecraft:porkchop) + 生猪排(minecraft:porkchop) + 生猪排(minecraft:porkchop) + 生猪排(minecraft:porkchop) + 生猪排(minecraft:porkchop) + 生猪排(minecraft:porkchop),,,,,原始(统一基准),
万花筒烹饪,pot/porkchop_to_cooked_porkchop_8.json,熟猪排(minecraft:cooked_porkchop),8,炒锅(置于炉灶上),生猪排(minecraft:porkchop) + 生猪排(minecraft:porkchop) + 生猪排(minecraft:porkchop) + 生猪排(minecraft:porkchop) + 生猪排(minecraft:porkchop) + 生猪排(minecraft:porkchop) + 生猪排(minecraft:porkchop) + 生猪排(minecraft:porkchop),,,,,原始(统一基准),
万花筒烹饪,pot/porkchop_to_cooked_porkchop_9.json,熟猪排(minecraft:cooked_porkchop),9,炒锅(置于炉灶上),生猪排(minecraft:porkchop) + 生猪排(minecraft:porkchop) + 生猪排(minecraft:porkchop) + 生猪排(minecraft:porkchop) + 生猪排(minecraft:porkchop) + 生猪排(minecraft:porkchop) + 生猪排(minecraft:porkchop) + 生猪排(minecraft:porkchop) + 生猪排(minecraft:porkchop),,,,,原始(统一基准),
万花筒烹饪,pot/raw_lamb_chops_to_cooked_lamb_chops_1.json,熟羊排(kaleidoscope_cookery:cooked_lamb_chops),1,炒锅(置于炉灶上),生羊排(kaleidoscope_cookery:raw_lamb_chops),,3,4.8,,原始(统一基准),
万花筒烹饪,pot/raw_lamb_chops_to_cooked_lamb_chops_2.json,熟羊排(kaleidoscope_cookery:cooked_lamb_chops),2,炒锅(置于炉灶上),生羊排(kaleidoscope_cookery:raw_lamb_chops) + 生羊排(kaleidoscope_cookery:raw_lamb_chops),,3,4.8,,原始(统一基准),
万花筒烹饪,pot/raw_lamb_chops_to_cooked_lamb_chops_3.json,熟羊排(kaleidoscope_cookery:cooked_lamb_chops),3,炒锅(置于炉灶上),生羊排(kaleidoscope_cookery:raw_lamb_chops) + 生羊排(kaleidoscope_cookery:raw_lamb_chops) + 生羊排(kaleidoscope_cookery:raw_lamb_chops),,3,4.8,,原始(统一基准),
万花筒烹饪,pot/raw_lamb_chops_to_cooked_lamb_chops_4.json,熟羊排(kaleidoscope_cookery:cooked_lamb_chops),4,炒锅(置于炉灶上),生羊排(kaleidoscope_cookery:raw_lamb_chops) + 生羊排(kaleidoscope_cookery:raw_lamb_chops) + 生羊排(kaleidoscope_cookery:raw_lamb_chops) + 生羊排(kaleidoscope_cookery:raw_lamb_chops),,3,4.8,,原始(统一基准),
万花筒烹饪,pot/raw_lamb_chops_to_cooked_lamb_chops_5.json,熟羊排(kaleidoscope_cookery:cooked_lamb_chops),5,炒锅(置于炉灶上),生羊排(kaleidoscope_cookery:raw_lamb_chops) + 生羊排(kaleidoscope_cookery:raw_lamb_chops) + 生羊排(kaleidoscope_cookery:raw_lamb_chops) + 生羊排(kaleidoscope_cookery:raw_lamb_chops) + 生羊排(kaleidoscope_cookery:raw_lamb_chops),,3,4.8,,原始(统一基准),
万花筒烹饪,pot/raw_lamb_chops_to_cooked_lamb_chops_6.json,熟羊排(kaleidoscope_cookery:cooked_lamb_chops),6,炒锅(置于炉灶上),生羊排(kaleidoscope_cookery:raw_lamb_chops) + 生羊排(kaleidoscope_cookery:raw_lamb_chops) + 生羊排(kaleidoscope_cookery:raw_lamb_chops) + 生羊排(kaleidoscope_cookery:raw_lamb_chops) + 生羊排(kaleidoscope_cookery:raw_lamb_chops) + 生羊排(kaleidoscope_cookery:raw_lamb_chops),,3,4.8,,原始(统一基准),
万花筒烹饪,pot/raw_lamb_chops_to_cooked_lamb_chops_7.json,熟羊排(kaleidoscope_cookery:cooked_lamb_chops),7,炒锅(置于炉灶上),生羊排(kaleidoscope_cookery:raw_lamb_chops) + 生羊排(kaleidoscope_cookery:raw_lamb_chops) + 生羊排(kaleidoscope_cookery:raw_lamb_chops) + 生羊排(kaleidoscope_cookery:raw_lamb_chops) + 生羊排(kaleidoscope_cookery:raw_lamb_chops) + 生羊排(kaleidoscope_cookery:raw_lamb_chops) + 生羊排(kaleidoscope_cookery:raw_lamb_chops),,3,4.8,,原始(统一基准),
万花筒烹饪,pot/raw_lamb_chops_to_cooked_lamb_chops_8.json,熟羊排(kaleidoscope_cookery:cooked_lamb_chops),8,炒锅(置于炉灶上),生羊排(kaleidoscope_cookery:raw_lamb_chops) + 生羊排(kaleidoscope_cookery:raw_lamb_chops) + 生羊排(kaleidoscope_cookery:raw_lamb_chops) + 生羊排(kaleidoscope_cookery:raw_lamb_chops) + 生羊排(kaleidoscope_cookery:raw_lamb_chops) + 生羊排(kaleidoscope_cookery:raw_lamb_chops) + 生羊排(kaleidoscope_cookery:raw_lamb_chops) + 生羊排(kaleidoscope_cookery:raw_lamb_chops),,3,4.8,,原始(统一基准),
万花筒烹饪,pot/raw_lamb_chops_to_cooked_lamb_chops_9.json,熟羊排(kaleidoscope_cookery:cooked_lamb_chops),9,炒锅(置于炉灶上),生羊排(kaleidoscope_cookery:raw_lamb_chops) + 生羊排(kaleidoscope_cookery:raw_lamb_chops) + 生羊排(kaleidoscope_cookery:raw_lamb_chops) + 生羊排(kaleidoscope_cookery:raw_lamb_chops) + 生羊排(kaleidoscope_cookery:raw_lamb_chops) + 生羊排(kaleidoscope_cookery:raw_lamb_chops) + 生羊排(kaleidoscope_cookery:raw_lamb_chops) + 生羊排(kaleidoscope_cookery:raw_lamb_chops) + 生羊排(kaleidoscope_cookery:raw_lamb_chops),,3,4.8,,原始(统一基准),
万花筒烹饪,pot/mutton_to_cooked_mutton_1.json,熟羊肉(minecraft:cooked_mutton),1,炒锅(置于炉灶上),生羊肉(minecraft:mutton),,,,,原始(统一基准),
万花筒烹饪,pot/mutton_to_cooked_mutton_2.json,熟羊肉(minecraft:cooked_mutton),2,炒锅(置于炉灶上),生羊肉(minecraft:mutton) + 生羊肉(minecraft:mutton),,,,,原始(统一基准),
万花筒烹饪,pot/mutton_to_cooked_mutton_3.json,熟羊肉(minecraft:cooked_mutton),3,炒锅(置于炉灶上),生羊肉(minecraft:mutton) + 生羊肉(minecraft:mutton) + 生羊肉(minecraft:mutton),,,,,原始(统一基准),
万花筒烹饪,pot/mutton_to_cooked_mutton_4.json,熟羊肉(minecraft:cooked_mutton),4,炒锅(置于炉灶上),生羊肉(minecraft:mutton) + 生羊肉(minecraft:mutton) + 生羊肉(minecraft:mutton) + 生羊肉(minecraft:mutton),,,,,原始(统一基准),
万花筒烹饪,pot/mutton_to_cooked_mutton_5.json,熟羊肉(minecraft:cooked_mutton),5,炒锅(置于炉灶上),生羊肉(minecraft:mutton) + 生羊肉(minecraft:mutton) + 生羊肉(minecraft:mutton) + 生羊肉(minecraft:mutton) + 生羊肉(minecraft:mutton),,,,,原始(统一基准),
万花筒烹饪,pot/mutton_to_cooked_mutton_6.json,熟羊肉(minecraft:cooked_mutton),6,炒锅(置于炉灶上),生羊肉(minecraft:mutton) + 生羊肉(minecraft:mutton) + 生羊肉(minecraft:mutton) + 生羊肉(minecraft:mutton) + 生羊肉(minecraft:mutton) + 生羊肉(minecraft:mutton),,,,,原始(统一基准),
万花筒烹饪,pot/mutton_to_cooked_mutton_7.json,熟羊肉(minecraft:cooked_mutton),7,炒锅(置于炉灶上),生羊肉(minecraft:mutton) + 生羊肉(minecraft:mutton) + 生羊肉(minecraft:mutton) + 生羊肉(minecraft:mutton) + 生羊肉(minecraft:mutton) + 生羊肉(minecraft:mutton) + 生羊肉(minecraft:mutton),,,,,原始(统一基准),
万花筒烹饪,pot/mutton_to_cooked_mutton_8.json,熟羊肉(minecraft:cooked_mutton),8,炒锅(置于炉灶上),生羊肉(minecraft:mutton) + 生羊肉(minecraft:mutton) + 生羊肉(minecraft:mutton) + 生羊肉(minecraft:mutton) + 生羊肉(minecraft:mutton) + 生羊肉(minecraft:mutton) + 生羊肉(minecraft:mutton) + 生羊肉(minecraft:mutton),,,,,原始(统一基准),
万花筒烹饪,pot/mutton_to_cooked_mutton_9.json,熟羊肉(minecraft:cooked_mutton),9,炒锅(置于炉灶上),生羊肉(minecraft:mutton) + 生羊肉(minecraft:mutton) + 生羊肉(minecraft:mutton) + 生羊肉(minecraft:mutton) + 生羊肉(minecraft:mutton) + 生羊肉(minecraft:mutton) + 生羊肉(minecraft:mutton) + 生羊肉(minecraft:mutton) + 生羊肉(minecraft:mutton),,,,,原始(统一基准),
万花筒烹饪,pot/salmon_to_cooked_salmon_1.json,熟鲑鱼(minecraft:cooked_salmon),1,炒锅(置于炉灶上),生鲑鱼(minecraft:salmon),,,,,原始(统一基准),
万花筒烹饪,pot/salmon_to_cooked_salmon_2.json,熟鲑鱼(minecraft:cooked_salmon),2,炒锅(置于炉灶上),生鲑鱼(minecraft:salmon) + 生鲑鱼(minecraft:salmon),,,,,原始(统一基准),
万花筒烹饪,pot/salmon_to_cooked_salmon_3.json,熟鲑鱼(minecraft:cooked_salmon),3,炒锅(置于炉灶上),生鲑鱼(minecraft:salmon) + 生鲑鱼(minecraft:salmon) + 生鲑鱼(minecraft:salmon),,,,,原始(统一基准),
万花筒烹饪,pot/salmon_to_cooked_salmon_4.json,熟鲑鱼(minecraft:cooked_salmon),4,炒锅(置于炉灶上),生鲑鱼(minecraft:salmon) + 生鲑鱼(minecraft:salmon) + 生鲑鱼(minecraft:salmon) + 生鲑鱼(minecraft:salmon),,,,,原始(统一基准),
万花筒烹饪,pot/salmon_to_cooked_salmon_5.json,熟鲑鱼(minecraft:cooked_salmon),5,炒锅(置于炉灶上),生鲑鱼(minecraft:salmon) + 生鲑鱼(minecraft:salmon) + 生鲑鱼(minecraft:salmon) + 生鲑鱼(minecraft:salmon) + 生鲑鱼(minecraft:salmon),,,,,原始(统一基准),
万花筒烹饪,pot/salmon_to_cooked_salmon_6.json,熟鲑鱼(minecraft:cooked_salmon),6,炒锅(置于炉灶上),生鲑鱼(minecraft:salmon) + 生鲑鱼(minecraft:salmon) + 生鲑鱼(minecraft:salmon) + 生鲑鱼(minecraft:salmon) + 生鲑鱼(minecraft:salmon) + 生鲑鱼(minecraft:salmon),,,,,原始(统一基准),
万花筒烹饪,pot/salmon_to_cooked_salmon_7.json,熟鲑鱼(minecraft:cooked_salmon),7,炒锅(置于炉灶上),生鲑鱼(minecraft:salmon) + 生鲑鱼(minecraft:salmon) + 生鲑鱼(minecraft:salmon) + 生鲑鱼(minecraft:salmon) + 生鲑鱼(minecraft:salmon) + 生鲑鱼(minecraft:salmon) + 生鲑鱼(minecraft:salmon),,,,,原始(统一基准),
万花筒烹饪,pot/salmon_to_cooked_salmon_8.json,熟鲑鱼(minecraft:cooked_salmon),8,炒锅(置于炉灶上),生鲑鱼(minecraft:salmon) + 生鲑鱼(minecraft:salmon) + 生鲑鱼(minecraft:salmon) + 生鲑鱼(minecraft:salmon) + 生鲑鱼(minecraft:salmon) + 生鲑鱼(minecraft:salmon) + 生鲑鱼(minecraft:salmon) + 生鲑鱼(minecraft:salmon),,,,,原始(统一基准),
万花筒烹饪,pot/salmon_to_cooked_salmon_9.json,熟鲑鱼(minecraft:cooked_salmon),9,炒锅(置于炉灶上),生鲑鱼(minecraft:salmon) + 生鲑鱼(minecraft:salmon) + 生鲑鱼(minecraft:salmon) + 生鲑鱼(minecraft:salmon) + 生鲑鱼(minecraft:salmon) + 生鲑鱼(minecraft:salmon) + 生鲑鱼(minecraft:salmon) + 生鲑鱼(minecraft:salmon) + 生鲑鱼(minecraft:salmon),,,,,原始(统一基准),
农夫乐事(万花筒机器),pot/add/cooked_salmon_slice.json,熟鲑鱼片(farmersdelight:cooked_salmon_slice),1,炒锅(置于炉灶上),生鲑鱼片(farmersdelight:salmon_slice),,3,4.8,,新增(万花筒机器),用万花筒机器制作农夫乐事菜品
万花筒烹饪,pot/cod_to_cooked_cod_1.json,熟鳕鱼(minecraft:cooked_cod),1,炒锅(置于炉灶上),生鳕鱼(minecraft:cod),,,,,原始(统一基准),
万花筒烹饪,pot/cod_to_cooked_cod_2.json,熟鳕鱼(minecraft:cooked_cod),2,炒锅(置于炉灶上),生鳕鱼(minecraft:cod) + 生鳕鱼(minecraft:cod),,,,,原始(统一基准),
万花筒烹饪,pot/cod_to_cooked_cod_3.json,熟鳕鱼(minecraft:cooked_cod),3,炒锅(置于炉灶上),生鳕鱼(minecraft:cod) + 生鳕鱼(minecraft:cod) + 生鳕鱼(minecraft:cod),,,,,原始(统一基准),
万花筒烹饪,pot/cod_to_cooked_cod_4.json,熟鳕鱼(minecraft:cooked_cod),4,炒锅(置于炉灶上),生鳕鱼(minecraft:cod) + 生鳕鱼(minecraft:cod) + 生鳕鱼(minecraft:cod) + 生鳕鱼(minecraft:cod),,,,,原始(统一基准),
万花筒烹饪,pot/cod_to_cooked_cod_5.json,熟鳕鱼(minecraft:cooked_cod),5,炒锅(置于炉灶上),生鳕鱼(minecraft:cod) + 生鳕鱼(minecraft:cod) + 生鳕鱼(minecraft:cod) + 生鳕鱼(minecraft:cod) + 生鳕鱼(minecraft:cod),,,,,原始(统一基准),
万花筒烹饪,pot/cod_to_cooked_cod_6.json,熟鳕鱼(minecraft:cooked_cod),6,炒锅(置于炉灶上),生鳕鱼(minecraft:cod) + 生鳕鱼(minecraft:cod) + 生鳕鱼(minecraft:cod) + 生鳕鱼(minecraft:cod) + 生鳕鱼(minecraft:cod) + 生鳕鱼(minecraft:cod),,,,,原始(统一基准),
万花筒烹饪,pot/cod_to_cooked_cod_7.json,熟鳕鱼(minecraft:cooked_cod),7,炒锅(置于炉灶上),生鳕鱼(minecraft:cod) + 生鳕鱼(minecraft:cod) + 生鳕鱼(minecraft:cod) + 生鳕鱼(minecraft:cod) + 生鳕鱼(minecraft:cod) + 生鳕鱼(minecraft:cod) + 生鳕鱼(minecraft:cod),,,,,原始(统一基准),
万花筒烹饪,pot/cod_to_cooked_cod_8.json,熟鳕鱼(minecraft:cooked_cod),8,炒锅(置于炉灶上),生鳕鱼(minecraft:cod) + 生鳕鱼(minecraft:cod) + 生鳕鱼(minecraft:cod) + 生鳕鱼(minecraft:cod) + 生鳕鱼(minecraft:cod) + 生鳕鱼(minecraft:cod) + 生鳕鱼(minecraft:cod) + 生鳕鱼(minecraft:cod),,,,,原始(统一基准),
万花筒烹饪,pot/cod_to_cooked_cod_9.json,熟鳕鱼(minecraft:cooked_cod),9,炒锅(置于炉灶上),生鳕鱼(minecraft:cod) + 生鳕鱼(minecraft:cod) + 生鳕鱼(minecraft:cod) + 生鳕鱼(minecraft:cod) + 生鳕鱼(minecraft:cod) + 生鳕鱼(minecraft:cod) + 生鳕鱼(minecraft:cod) + 生鳕鱼(minecraft:cod) + 生鳕鱼(minecraft:cod),,,,,原始(统一基准),
农夫乐事(万花筒机器),pot/add/cooked_cod_slice.json,熟鳕鱼片(farmersdelight:cooked_cod_slice),1,炒锅(置于炉灶上),生鳕鱼片(farmersdelight:cod_slice),,3,3.0,,新增(万花筒机器),用万花筒机器制作农夫乐事菜品
万花筒烹饪,pot/chicken_to_cooked_chicken_1.json,熟鸡肉(minecraft:cooked_chicken),1,炒锅(置于炉灶上),生鸡肉(minecraft:chicken),,,,,原始(统一基准),
万花筒烹饪,pot/chicken_to_cooked_chicken_2.json,熟鸡肉(minecraft:cooked_chicken),2,炒锅(置于炉灶上),生鸡肉(minecraft:chicken) + 生鸡肉(minecraft:chicken),,,,,原始(统一基准),
万花筒烹饪,pot/chicken_to_cooked_chicken_3.json,熟鸡肉(minecraft:cooked_chicken),3,炒锅(置于炉灶上),生鸡肉(minecraft:chicken) + 生鸡肉(minecraft:chicken) + 生鸡肉(minecraft:chicken),,,,,原始(统一基准),
万花筒烹饪,pot/chicken_to_cooked_chicken_4.json,熟鸡肉(minecraft:cooked_chicken),4,炒锅(置于炉灶上),生鸡肉(minecraft:chicken) + 生鸡肉(minecraft:chicken) + 生鸡肉(minecraft:chicken) + 生鸡肉(minecraft:chicken),,,,,原始(统一基准),
万花筒烹饪,pot/chicken_to_cooked_chicken_5.json,熟鸡肉(minecraft:cooked_chicken),5,炒锅(置于炉灶上),生鸡肉(minecraft:chicken) + 生鸡肉(minecraft:chicken) + 生鸡肉(minecraft:chicken) + 生鸡肉(minecraft:chicken) + 生鸡肉(minecraft:chicken),,,,,原始(统一基准),
万花筒烹饪,pot/chicken_to_cooked_chicken_6.json,熟鸡肉(minecraft:cooked_chicken),6,炒锅(置于炉灶上),生鸡肉(minecraft:chicken) + 生鸡肉(minecraft:chicken) + 生鸡肉(minecraft:chicken) + 生鸡肉(minecraft:chicken) + 生鸡肉(minecraft:chicken) + 生鸡肉(minecraft:chicken),,,,,原始(统一基准),
万花筒烹饪,pot/chicken_to_cooked_chicken_7.json,熟鸡肉(minecraft:cooked_chicken),7,炒锅(置于炉灶上),生鸡肉(minecraft:chicken) + 生鸡肉(minecraft:chicken) + 生鸡肉(minecraft:chicken) + 生鸡肉(minecraft:chicken) + 生鸡肉(minecraft:chicken) + 生鸡肉(minecraft:chicken) + 生鸡肉(minecraft:chicken),,,,,原始(统一基准),
万花筒烹饪,pot/chicken_to_cooked_chicken_8.json,熟鸡肉(minecraft:cooked_chicken),8,炒锅(置于炉灶上),生鸡肉(minecraft:chicken) + 生鸡肉(minecraft:chicken) + 生鸡肉(minecraft:chicken) + 生鸡肉(minecraft:chicken) + 生鸡肉(minecraft:chicken) + 生鸡肉(minecraft:chicken) + 生鸡肉(minecraft:chicken) + 生鸡肉(minecraft:chicken),,,,,原始(统一基准),
万花筒烹饪,pot/chicken_to_cooked_chicken_9.json,熟鸡肉(minecraft:cooked_chicken),9,炒锅(置于炉灶上),生鸡肉(minecraft:chicken) + 生鸡肉(minecraft:chicken) + 生鸡肉(minecraft:chicken) + 生鸡肉(minecraft:chicken) + 生鸡肉(minecraft:chicken) + 生鸡肉(minecraft:chicken) + 生鸡肉(minecraft:chicken) + 生鸡肉(minecraft:chicken) + 生鸡肉(minecraft:chicken),,,,,原始(统一基准),
农夫乐事(万花筒机器),pot/add/cooked_chicken_cuts.json,熟鸡肉丁(farmersdelight:cooked_chicken_cuts),1,炒锅(置于炉灶上),生鸡肉丁(farmersdelight:chicken_cuts),,3,3.6,,新增(万花筒机器),用万花筒机器制作农夫乐事菜品
万花筒烹饪,pot/chorus_fruit_to_popped_chorus_fruit_1.json,爆裂紫颂果(minecraft:popped_chorus_fruit),1,炒锅(置于炉灶上),紫颂果(minecraft:chorus_fruit),,,,,原始(统一基准),
万花筒烹饪,pot/chorus_fruit_to_popped_chorus_fruit_2.json,爆裂紫颂果(minecraft:popped_chorus_fruit),2,炒锅(置于炉灶上),紫颂果(minecraft:chorus_fruit) + 紫颂果(minecraft:chorus_fruit),,,,,原始(统一基准),
万花筒烹饪,pot/chorus_fruit_to_popped_chorus_fruit_3.json,爆裂紫颂果(minecraft:popped_chorus_fruit),3,炒锅(置于炉灶上),紫颂果(minecraft:chorus_fruit) + 紫颂果(minecraft:chorus_fruit) + 紫颂果(minecraft:chorus_fruit),,,,,原始(统一基准),
万花筒烹饪,pot/chorus_fruit_to_popped_chorus_fruit_4.json,爆裂紫颂果(minecraft:popped_chorus_fruit),4,炒锅(置于炉灶上),紫颂果(minecraft:chorus_fruit) + 紫颂果(minecraft:chorus_fruit) + 紫颂果(minecraft:chorus_fruit) + 紫颂果(minecraft:chorus_fruit),,,,,原始(统一基准),
万花筒烹饪,pot/chorus_fruit_to_popped_chorus_fruit_5.json,爆裂紫颂果(minecraft:popped_chorus_fruit),5,炒锅(置于炉灶上),紫颂果(minecraft:chorus_fruit) + 紫颂果(minecraft:chorus_fruit) + 紫颂果(minecraft:chorus_fruit) + 紫颂果(minecraft:chorus_fruit) + 紫颂果(minecraft:chorus_fruit),,,,,原始(统一基准),
万花筒烹饪,pot/chorus_fruit_to_popped_chorus_fruit_6.json,爆裂紫颂果(minecraft:popped_chorus_fruit),6,炒锅(置于炉灶上),紫颂果(minecraft:chorus_fruit) + 紫颂果(minecraft:chorus_fruit) + 紫颂果(minecraft:chorus_fruit) + 紫颂果(minecraft:chorus_fruit) + 紫颂果(minecraft:chorus_fruit) + 紫颂果(minecraft:chorus_fruit),,,,,原始(统一基准),
万花筒烹饪,pot/chorus_fruit_to_popped_chorus_fruit_7.json,爆裂紫颂果(minecraft:popped_chorus_fruit),7,炒锅(置于炉灶上),紫颂果(minecraft:chorus_fruit) + 紫颂果(minecraft:chorus_fruit) + 紫颂果(minecraft:chorus_fruit) + 紫颂果(minecraft:chorus_fruit) + 紫颂果(minecraft:chorus_fruit) + 紫颂果(minecraft:chorus_fruit) + 紫颂果(minecraft:chorus_fruit),,,,,原始(统一基准),
万花筒烹饪,pot/chorus_fruit_to_popped_chorus_fruit_8.json,爆裂紫颂果(minecraft:popped_chorus_fruit),8,炒锅(置于炉灶上),紫颂果(minecraft:chorus_fruit) + 紫颂果(minecraft:chorus_fruit) + 紫颂果(minecraft:chorus_fruit) + 紫颂果(minecraft:chorus_fruit) + 紫颂果(minecraft:chorus_fruit) + 紫颂果(minecraft:chorus_fruit) + 紫颂果(minecraft:chorus_fruit) + 紫颂果(minecraft:chorus_fruit),,,,,原始(统一基准),
万花筒烹饪,pot/chorus_fruit_to_popped_chorus_fruit_9.json,爆裂紫颂果(minecraft:popped_chorus_fruit),9,炒锅(置于炉灶上),紫颂果(minecraft:chorus_fruit) + 紫颂果(minecraft:chorus_fruit) + 紫颂果(minecraft:chorus_fruit) + 紫颂果(minecraft:chorus_fruit) + 紫颂果(minecraft:chorus_fruit) + 紫颂果(minecraft:chorus_fruit) + 紫颂果(minecraft:chorus_fruit) + 紫颂果(minecraft:chorus_fruit) + 紫颂果(minecraft:chorus_fruit),,,,,原始(统一基准),
万花筒烹饪,pot/beef_to_cooked_beef_1.json,牛排(minecraft:cooked_beef),1,炒锅(置于炉灶上),生牛肉(minecraft:beef),,,,,原始(统一基准),
万花筒烹饪,pot/beef_to_cooked_beef_2.json,牛排(minecraft:cooked_beef),2,炒锅(置于炉灶上),生牛肉(minecraft:beef) + 生牛肉(minecraft:beef),,,,,原始(统一基准),
万花筒烹饪,pot/beef_to_cooked_beef_3.json,牛排(minecraft:cooked_beef),3,炒锅(置于炉灶上),生牛肉(minecraft:beef) + 生牛肉(minecraft:beef) + 生牛肉(minecraft:beef),,,,,原始(统一基准),
万花筒烹饪,pot/beef_to_cooked_beef_4.json,牛排(minecraft:cooked_beef),4,炒锅(置于炉灶上),生牛肉(minecraft:beef) + 生牛肉(minecraft:beef) + 生牛肉(minecraft:beef) + 生牛肉(minecraft:beef),,,,,原始(统一基准),
万花筒烹饪,pot/beef_to_cooked_beef_5.json,牛排(minecraft:cooked_beef),5,炒锅(置于炉灶上),生牛肉(minecraft:beef) + 生牛肉(minecraft:beef) + 生牛肉(minecraft:beef) + 生牛肉(minecraft:beef) + 生牛肉(minecraft:beef),,,,,原始(统一基准),
万花筒烹饪,pot/beef_to_cooked_beef_6.json,牛排(minecraft:cooked_beef),6,炒锅(置于炉灶上),生牛肉(minecraft:beef) + 生牛肉(minecraft:beef) + 生牛肉(minecraft:beef) + 生牛肉(minecraft:beef) + 生牛肉(minecraft:beef) + 生牛肉(minecraft:beef),,,,,原始(统一基准),
万花筒烹饪,pot/beef_to_cooked_beef_7.json,牛排(minecraft:cooked_beef),7,炒锅(置于炉灶上),生牛肉(minecraft:beef) + 生牛肉(minecraft:beef) + 生牛肉(minecraft:beef) + 生牛肉(minecraft:beef) + 生牛肉(minecraft:beef) + 生牛肉(minecraft:beef) + 生牛肉(minecraft:beef),,,,,原始(统一基准),
万花筒烹饪,pot/beef_to_cooked_beef_8.json,牛排(minecraft:cooked_beef),8,炒锅(置于炉灶上),生牛肉(minecraft:beef) + 生牛肉(minecraft:beef) + 生牛肉(minecraft:beef) + 生牛肉(minecraft:beef) + 生牛肉(minecraft:beef) + 生牛肉(minecraft:beef) + 生牛肉(minecraft:beef) + 生牛肉(minecraft:beef),,,,,原始(统一基准),
万花筒烹饪,pot/beef_to_cooked_beef_9.json,牛排(minecraft:cooked_beef),9,炒锅(置于炉灶上),生牛肉(minecraft:beef) + 生牛肉(minecraft:beef) + 生牛肉(minecraft:beef) + 生牛肉(minecraft:beef) + 生牛肉(minecraft:beef) + 生牛肉(minecraft:beef) + 生牛肉(minecraft:beef) + 生牛肉(minecraft:beef) + 生牛肉(minecraft:beef),,,,,原始(统一基准),
万花筒烹饪,flex_pot/sticky_candy.json,牛皮糖(kaleidoscope_cookery:sticky_candy),1,炒锅(灵活),皮革(minecraft:leather) + 糖(minecraft:sugar),,6,12.0,,原始(统一基准),
万花筒烹饪,pot/sticky_candy.json,牛皮糖(kaleidoscope_cookery:sticky_candy),1,炒锅(置于炉灶上),皮革(minecraft:leather) + 糖(minecraft:sugar) + 糖(minecraft:sugar) + 糖(minecraft:sugar) + 糖(minecraft:sugar),,6,12.0,,原始(统一基准),
农夫乐事(万花筒机器),pot/add/beef_patty.json,牛肉饼(farmersdelight:beef_patty),1,炒锅(置于炉灶上),牛肉馅(farmersdelight:minced_beef),,4,6.4,,新增(万花筒机器),用万花筒机器制作农夫乐事菜品
万花筒烹饪,flex_pot/sweet_and_sour_ender_pearls.json,珍珠咕噜肉(kaleidoscope_cookery:sweet_and_sour_ender_pearls),1,炒锅(灵活),末影珍珠(minecraft:ender_pearl) + 末影之眼(minecraft:ender_eye),载体:碗(minecraft:bowl),9,0.0,胀气 35秒,原始(统一基准),
万花筒烹饪,pot/sweet_and_sour_ender_pearls.json,珍珠咕噜肉(kaleidoscope_cookery:sweet_and_sour_ender_pearls),1,炒锅(置于炉灶上),末影珍珠(minecraft:ender_pearl) + 末影珍珠(minecraft:ender_pearl) + 末影之眼(minecraft:ender_eye),载体:碗(minecraft:bowl),9,0.0,胀气 35秒,原始(统一基准),
万花筒烹饪,flex_pot/scramble_egg_with_tomatoes.json,番茄炒蛋(kaleidoscope_cookery:scramble_egg_with_tomatoes),1,炒锅(灵活),蛋(#c:eggs) + 番茄(#c:crops/tomato),载体:碗(minecraft:bowl),9,11.0,活力 1分30秒,原始(统一基准),
万花筒烹饪,pot/scramble_egg_with_tomatoes.json,番茄炒蛋(kaleidoscope_cookery:scramble_egg_with_tomatoes),1,炒锅(置于炉灶上),蛋(#c:eggs) + 蛋(#c:eggs) + 蛋(#c:eggs) + 番茄(#c:crops/tomato) + 番茄(#c:crops/tomato) + 番茄(#c:crops/tomato),载体:碗(minecraft:bowl),9,11.0,活力 1分30秒,原始(统一基准),
万花筒烹饪,pot/cooked_rice_to_sticky_rice_cake_1.json,糍粑(kaleidoscope_cookery:sticky_rice_cake),1,炒锅(置于炉灶上),米饭(kaleidoscope_cookery:cooked_rice),,8,14.0,,原始(统一基准),
万花筒烹饪,pot/cooked_rice_to_sticky_rice_cake_2.json,糍粑(kaleidoscope_cookery:sticky_rice_cake),2,炒锅(置于炉灶上),米饭(kaleidoscope_cookery:cooked_rice) + 米饭(kaleidoscope_cookery:cooked_rice),,8,14.0,,原始(统一基准),
万花筒烹饪,pot/cooked_rice_to_sticky_rice_cake_3.json,糍粑(kaleidoscope_cookery:sticky_rice_cake),3,炒锅(置于炉灶上),米饭(kaleidoscope_cookery:cooked_rice) + 米饭(kaleidoscope_cookery:cooked_rice) + 米饭(kaleidoscope_cookery:cooked_rice),,8,14.0,,原始(统一基准),
万花筒烹饪,pot/cooked_rice_to_sticky_rice_cake_4.json,糍粑(kaleidoscope_cookery:sticky_rice_cake),4,炒锅(置于炉灶上),米饭(kaleidoscope_cookery:cooked_rice) + 米饭(kaleidoscope_cookery:cooked_rice) + 米饭(kaleidoscope_cookery:cooked_rice) + 米饭(kaleidoscope_cookery:cooked_rice),,8,14.0,,原始(统一基准),
万花筒烹饪,pot/cooked_rice_to_sticky_rice_cake_5.json,糍粑(kaleidoscope_cookery:sticky_rice_cake),5,炒锅(置于炉灶上),米饭(kaleidoscope_cookery:cooked_rice) + 米饭(kaleidoscope_cookery:cooked_rice) + 米饭(kaleidoscope_cookery:cooked_rice) + 米饭(kaleidoscope_cookery:cooked_rice) + 米饭(kaleidoscope_cookery:cooked_rice),,8,14.0,,原始(统一基准),
万花筒烹饪,pot/cooked_rice_to_sticky_rice_cake_6.json,糍粑(kaleidoscope_cookery:sticky_rice_cake),6,炒锅(置于炉灶上),米饭(kaleidoscope_cookery:cooked_rice) + 米饭(kaleidoscope_cookery:cooked_rice) + 米饭(kaleidoscope_cookery:cooked_rice) + 米饭(kaleidoscope_cookery:cooked_rice) + 米饭(kaleidoscope_cookery:cooked_rice) + 米饭(kaleidoscope_cookery:cooked_rice),,8,14.0,,原始(统一基准),
万花筒烹饪,pot/cooked_rice_to_sticky_rice_cake_7.json,糍粑(kaleidoscope_cookery:sticky_rice_cake),7,炒锅(置于炉灶上),米饭(kaleidoscope_cookery:cooked_rice) + 米饭(kaleidoscope_cookery:cooked_rice) + 米饭(kaleidoscope_cookery:cooked_rice) + 米饭(kaleidoscope_cookery:cooked_rice) + 米饭(kaleidoscope_cookery:cooked_rice) + 米饭(kaleidoscope_cookery:cooked_rice) + 米饭(kaleidoscope_cookery:cooked_rice),,8,14.0,,原始(统一基准),
万花筒烹饪,pot/cooked_rice_to_sticky_rice_cake_8.json,糍粑(kaleidoscope_cookery:sticky_rice_cake),8,炒锅(置于炉灶上),米饭(kaleidoscope_cookery:cooked_rice) + 米饭(kaleidoscope_cookery:cooked_rice) + 米饭(kaleidoscope_cookery:cooked_rice) + 米饭(kaleidoscope_cookery:cooked_rice) + 米饭(kaleidoscope_cookery:cooked_rice) + 米饭(kaleidoscope_cookery:cooked_rice) + 米饭(kaleidoscope_cookery:cooked_rice) + 米饭(kaleidoscope_cookery:cooked_rice),,8,14.0,,原始(统一基准),
万花筒烹饪,pot/cooked_rice_to_sticky_rice_cake_9.json,糍粑(kaleidoscope_cookery:sticky_rice_cake),9,炒锅(置于炉灶上),米饭(kaleidoscope_cookery:cooked_rice) + 米饭(kaleidoscope_cookery:cooked_rice) + 米饭(kaleidoscope_cookery:cooked_rice) + 米饭(kaleidoscope_cookery:cooked_rice) + 米饭(kaleidoscope_cookery:cooked_rice) + 米饭(kaleidoscope_cookery:cooked_rice) + 米饭(kaleidoscope_cookery:cooked_rice) + 米饭(kaleidoscope_cookery:cooked_rice) + 米饭(kaleidoscope_cookery:cooked_rice),,8,14.0,,原始(统一基准),
万花筒烹饪,flex_pot/sweet_and_sour_pork.json,糖醋里脊(kaleidoscope_cookery:sweet_and_sour_pork),1,炒锅(灵活),生猪排(#c:foods/raw_pork) + 糖(minecraft:sugar),载体:碗(minecraft:bowl),9,11.0,活力 1分30秒,原始(统一基准),
万花筒烹饪,pot/sweet_and_sour_pork.json,糖醋里脊(kaleidoscope_cookery:sweet_and_sour_pork),1,炒锅(置于炉灶上),糖(minecraft:sugar) + 糖(minecraft:sugar) + 糖(minecraft:sugar) + 生猪排(#c:foods/raw_pork) + 生猪排(#c:foods/raw_pork) + 生猪排(#c:foods/raw_pork),载体:碗(minecraft:bowl),9,11.0,活力 1分30秒,原始(统一基准),
万花筒烹饪,flex_pot/braised_pork_ribs.json,红烧排骨(kaleidoscope_cookery:braised_pork_ribs),1,炒锅(灵活),骨头(minecraft:bone) + 生猪排(#c:foods/raw_pork),载体:碗(minecraft:bowl),16,25.6,温暖 1分20秒,原始(统一基准),
万花筒烹饪,pot/braised_pork_ribs.json,红烧排骨(kaleidoscope_cookery:braised_pork_ribs),1,炒锅(置于炉灶上),骨头(minecraft:bone) + 骨头(minecraft:bone) + 骨头(minecraft:bone) + 骨头(minecraft:bone) + 生猪排(#c:foods/raw_pork) + 生猪排(#c:foods/raw_pork) + 生猪排(#c:foods/raw_pork) + 生猪排(#c:foods/raw_pork),载体:碗(minecraft:bowl),16,25.6,温暖 1分20秒,原始(统一基准),
万花筒烹饪,flex_pot/braised_beef.json,红烧牛肉(kaleidoscope_cookery:braised_beef),1,炒锅(灵活),生牛肉(#c:foods/raw_beef) + 辣椒(#c:crops/chilipepper),载体:碗(minecraft:bowl),9,11.0,活力 1分30秒,原始(统一基准),
万花筒烹饪,pot/braised_beef.json,红烧牛肉(kaleidoscope_cookery:braised_beef),1,炒锅(置于炉灶上),生牛肉(#c:foods/raw_beef) + 生牛肉(#c:foods/raw_beef) + 生牛肉(#c:foods/raw_beef) + 红辣椒(kaleidoscope_cookery:red_chili) + 红辣椒(kaleidoscope_cookery:red_chili) + 红辣椒(kaleidoscope_cookery:red_chili),载体:碗(minecraft:bowl),9,11.0,活力 1分30秒,原始(统一基准),
万花筒烹饪,flex_pot/fondant_pie.json,翻糖派(kaleidoscope_cookery:fondant_pie),1,炒锅(灵活),糖(minecraft:sugar) + 南瓜派(minecraft:pumpkin_pie),载体:碗(minecraft:bowl),20,22.0,饱腹代偿 1分20秒,原始(统一基准),
万花筒烹饪,pot/fondant_pie.json,翻糖派(kaleidoscope_cookery:fondant_pie),1,炒锅(置于炉灶上),糖(minecraft:sugar) + 糖(minecraft:sugar) + 糖(minecraft:sugar) + 糖(minecraft:sugar) + 南瓜派(minecraft:pumpkin_pie) + 南瓜派(minecraft:pumpkin_pie) + 南瓜派(minecraft:pumpkin_pie) + 南瓜派(minecraft:pumpkin_pie),载体:碗(minecraft:bowl),20,22.0,饱腹代偿 1分20秒,原始(统一基准),
万花筒烹饪,flex_pot/fondant_spider_eye.json,翻糖蛛眼(kaleidoscope_cookery:fondant_spider_eye),1,炒锅(灵活),糖(minecraft:sugar) + 蜘蛛眼(minecraft:spider_eye),载体:碗(minecraft:bowl),8,0.0,胀气 35秒,原始(统一基准),
万花筒烹饪,pot/fondant_spider_eye.json,翻糖蛛眼(kaleidoscope_cookery:fondant_spider_eye),1,炒锅(置于炉灶上),糖(minecraft:sugar) + 糖(minecraft:sugar) + 糖(minecraft:sugar) + 糖(minecraft:sugar) + 蜘蛛眼(minecraft:spider_eye) + 蜘蛛眼(minecraft:spider_eye) + 蜘蛛眼(minecraft:spider_eye) + 蜘蛛眼(minecraft:spider_eye),载体:碗(minecraft:bowl),8,0.0,胀气 35秒,原始(统一基准),
万花筒烹饪,flex_pot/chorus_fried_egg.json,荷包紫颂烧(kaleidoscope_cookery:chorus_fried_egg),1,炒锅(灵活),蛋(#c:eggs) + 紫颂果(minecraft:chorus_fruit),载体:碗(minecraft:bowl),9,0.0,胀气 35秒,原始(统一基准),
万花筒烹饪,pot/chorus_fried_egg.json,荷包紫颂烧(kaleidoscope_cookery:chorus_fried_egg),1,炒锅(置于炉灶上),紫颂果(minecraft:chorus_fruit) + 紫颂果(minecraft:chorus_fruit) + 紫颂果(minecraft:chorus_fruit) + 蛋(#c:eggs) + 蛋(#c:eggs) + 蛋(#c:eggs),载体:碗(minecraft:bowl),9,0.0,胀气 35秒,原始(统一基准),
万花筒烹饪,flex_pot/stuffed_tiger_skin_pepper.json,虎皮青椒酿肉(kaleidoscope_cookery:stuffed_tiger_skin_pepper),1,炒锅(灵活),青辣椒(kaleidoscope_cookery:green_chili) + 生切制小肉(kaleidoscope_cookery:raw_cut_small_meats),载体:碗(minecraft:bowl),13,16.0,温暖 1分20秒,原始(统一基准),
万花筒烹饪,pot/stuffed_tiger_skin_pepper.json,虎皮青椒酿肉(kaleidoscope_cookery:stuffed_tiger_skin_pepper),1,炒锅(置于炉灶上),青辣椒(kaleidoscope_cookery:green_chili) + 青辣椒(kaleidoscope_cookery:green_chili) + 青辣椒(kaleidoscope_cookery:green_chili) + 青辣椒(kaleidoscope_cookery:green_chili) + 生切制小肉(kaleidoscope_cookery:raw_cut_small_meats) + 生切制小肉(kaleidoscope_cookery:raw_cut_small_meats) + 生切制小肉(kaleidoscope_cookery:raw_cut_small_meats) + 生切制小肉(kaleidoscope_cookery:raw_cut_small_meats),载体:碗(minecraft:bowl),13,16.0,温暖 1分20秒,原始(统一基准),
万花筒烹饪,flex_pot/egg_fried_rice.json,蛋炒饭(kaleidoscope_cookery:egg_fried_rice),1,炒锅(灵活),蛋(#c:eggs) + 熟米饭(#c:foods/cooked_rice),载体:碗(minecraft:bowl),8,14.0,,原始(统一基准),
万花筒烹饪,pot/egg_fried_rice.json,蛋炒饭(kaleidoscope_cookery:egg_fried_rice),1,炒锅(置于炉灶上),蛋(#c:eggs) + 蛋(#c:eggs) + 熟米饭(#c:foods/cooked_rice),载体:碗(minecraft:bowl),8,14.0,,原始(统一基准),
万花筒烹饪,flex_pot/spicy_chicken.json,辣子鸡(kaleidoscope_cookery:spicy_chicken),1,炒锅(灵活),生鸡肉(#c:foods/raw_chicken) + 辣椒(#c:crops/chilipepper),载体:碗(minecraft:bowl),20,22.0,饱腹代偿 1分20秒,原始(统一基准),
万花筒烹饪,pot/spicy_chicken.json,辣子鸡(kaleidoscope_cookery:spicy_chicken),1,炒锅(置于炉灶上),生鸡肉(#c:foods/raw_chicken) + 生鸡肉(#c:foods/raw_chicken) + 生鸡肉(#c:foods/raw_chicken) + 生鸡肉(#c:foods/raw_chicken) + 辣椒(#c:crops/chilipepper) + 辣椒(#c:crops/chilipepper) + 辣椒(#c:crops/chilipepper) + 辣椒(#c:crops/chilipepper),载体:碗(minecraft:bowl),20,22.0,饱腹代偿 1分20秒,原始(统一基准),
万花筒烹饪,flex_pot/stir_fried_pork_with_peppers.json,青椒炒肉(kaleidoscope_cookery:stir_fried_pork_with_peppers),1,炒锅(灵活),生猪排(#c:foods/raw_pork) + 辣椒(#c:crops/chilipepper),载体:碗(minecraft:bowl),9,11.0,活力 1分30秒,原始(统一基准),
万花筒烹饪,pot/stir_fried_pork_with_peppers.json,青椒炒肉(kaleidoscope_cookery:stir_fried_pork_with_peppers),1,炒锅(置于炉灶上),青辣椒(kaleidoscope_cookery:green_chili) + 青辣椒(kaleidoscope_cookery:green_chili) + 青辣椒(kaleidoscope_cookery:green_chili) + 生猪排(#c:foods/raw_pork) + 生猪排(#c:foods/raw_pork) + 生猪排(#c:foods/raw_pork),载体:碗(minecraft:bowl),9,11.0,活力 1分30秒,原始(统一基准),
万花筒烹饪,pot/stuffed_dough_food_to_meat_pie_1.json,馅饼(kaleidoscope_cookery:meat_pie),1,炒锅(置于炉灶上),裹馅面食(kaleidoscope_cookery:stuffed_dough_food),,8,16.0,温暖 1分20秒,原始(统一基准),
万花筒烹饪,pot/stuffed_dough_food_to_meat_pie_2.json,馅饼(kaleidoscope_cookery:meat_pie),2,炒锅(置于炉灶上),裹馅面食(kaleidoscope_cookery:stuffed_dough_food) + 裹馅面食(kaleidoscope_cookery:stuffed_dough_food),,8,16.0,温暖 1分20秒,原始(统一基准),
万花筒烹饪,pot/stuffed_dough_food_to_meat_pie_3.json,馅饼(kaleidoscope_cookery:meat_pie),3,炒锅(置于炉灶上),裹馅面食(kaleidoscope_cookery:stuffed_dough_food) + 裹馅面食(kaleidoscope_cookery:stuffed_dough_food) + 裹馅面食(kaleidoscope_cookery:stuffed_dough_food),,8,16.0,温暖 1分20秒,原始(统一基准),
万花筒烹饪,pot/stuffed_dough_food_to_meat_pie_4.json,馅饼(kaleidoscope_cookery:meat_pie),4,炒锅(置于炉灶上),裹馅面食(kaleidoscope_cookery:stuffed_dough_food) + 裹馅面食(kaleidoscope_cookery:stuffed_dough_food) + 裹馅面食(kaleidoscope_cookery:stuffed_dough_food) + 裹馅面食(kaleidoscope_cookery:stuffed_dough_food),,8,16.0,温暖 1分20秒,原始(统一基准),
万花筒烹饪,pot/stuffed_dough_food_to_meat_pie_5.json,馅饼(kaleidoscope_cookery:meat_pie),5,炒锅(置于炉灶上),裹馅面食(kaleidoscope_cookery:stuffed_dough_food) + 裹馅面食(kaleidoscope_cookery:stuffed_dough_food) + 裹馅面食(kaleidoscope_cookery:stuffed_dough_food) + 裹馅面食(kaleidoscope_cookery:stuffed_dough_food) + 裹馅面食(kaleidoscope_cookery:stuffed_dough_food),,8,16.0,温暖 1分20秒,原始(统一基准),
万花筒烹饪,pot/stuffed_dough_food_to_meat_pie_6.json,馅饼(kaleidoscope_cookery:meat_pie),6,炒锅(置于炉灶上),裹馅面食(kaleidoscope_cookery:stuffed_dough_food) + 裹馅面食(kaleidoscope_cookery:stuffed_dough_food) + 裹馅面食(kaleidoscope_cookery:stuffed_dough_food) + 裹馅面食(kaleidoscope_cookery:stuffed_dough_food) + 裹馅面食(kaleidoscope_cookery:stuffed_dough_food) + 裹馅面食(kaleidoscope_cookery:stuffed_dough_food),,8,16.0,温暖 1分20秒,原始(统一基准),
万花筒烹饪,pot/stuffed_dough_food_to_meat_pie_7.json,馅饼(kaleidoscope_cookery:meat_pie),7,炒锅(置于炉灶上),裹馅面食(kaleidoscope_cookery:stuffed_dough_food) + 裹馅面食(kaleidoscope_cookery:stuffed_dough_food) + 裹馅面食(kaleidoscope_cookery:stuffed_dough_food) + 裹馅面食(kaleidoscope_cookery:stuffed_dough_food) + 裹馅面食(kaleidoscope_cookery:stuffed_dough_food) + 裹馅面食(kaleidoscope_cookery:stuffed_dough_food) + 裹馅面食(kaleidoscope_cookery:stuffed_dough_food),,8,16.0,温暖 1分20秒,原始(统一基准),
万花筒烹饪,pot/stuffed_dough_food_to_meat_pie_8.json,馅饼(kaleidoscope_cookery:meat_pie),8,炒锅(置于炉灶上),裹馅面食(kaleidoscope_cookery:stuffed_dough_food) + 裹馅面食(kaleidoscope_cookery:stuffed_dough_food) + 裹馅面食(kaleidoscope_cookery:stuffed_dough_food) + 裹馅面食(kaleidoscope_cookery:stuffed_dough_food) + 裹馅面食(kaleidoscope_cookery:stuffed_dough_food) + 裹馅面食(kaleidoscope_cookery:stuffed_dough_food) + 裹馅面食(kaleidoscope_cookery:stuffed_dough_food) + 裹馅面食(kaleidoscope_cookery:stuffed_dough_food),,8,16.0,温暖 1分20秒,原始(统一基准),
万花筒烹饪,pot/stuffed_dough_food_to_meat_pie_9.json,馅饼(kaleidoscope_cookery:meat_pie),9,炒锅(置于炉灶上),裹馅面食(kaleidoscope_cookery:stuffed_dough_food) + 裹馅面食(kaleidoscope_cookery:stuffed_dough_food) + 裹馅面食(kaleidoscope_cookery:stuffed_dough_food) + 裹馅面食(kaleidoscope_cookery:stuffed_dough_food) + 裹馅面食(kaleidoscope_cookery:stuffed_dough_food) + 裹馅面食(kaleidoscope_cookery:stuffed_dough_food) + 裹馅面食(kaleidoscope_cookery:stuffed_dough_food) + 裹馅面食(kaleidoscope_cookery:stuffed_dough_food) + 裹馅面食(kaleidoscope_cookery:stuffed_dough_food),,8,16.0,温暖 1分20秒,原始(统一基准),
万花筒烹饪,flex_pot/pan_seared_knight_steak.json,香煎骑士牛排(kaleidoscope_cookery:pan_seared_knight_steak),1,炒锅(灵活),甜浆果(minecraft:sweet_berries) + 生牛肉(#c:foods/raw_beef) + 骨头(minecraft:bone),载体:碗(minecraft:bowl),13,16.0,饱腹代偿 1分30秒,原始(统一基准),
万花筒烹饪,pot/pan_seared_knight_steak.json,香煎骑士牛排(kaleidoscope_cookery:pan_seared_knight_steak),1,炒锅(置于炉灶上),骨头(minecraft:bone) + 骨头(minecraft:bone) + 骨头(minecraft:bone) + 甜浆果(minecraft:sweet_berries) + 甜浆果(minecraft:sweet_berries) + 甜浆果(minecraft:sweet_berries) + 生牛肉(#c:foods/raw_beef) + 生牛肉(#c:foods/raw_beef),载体:碗(minecraft:bowl),13,16.0,饱腹代偿 1分30秒,原始(统一基准),
万花筒烹饪,flex_pot/donkey_burger.json,驴肉火烧(kaleidoscope_cookery:donkey_burger),1,炒锅(灵活),辣椒(#c:crops/chilipepper) + 面团(#c:dough) + 生切制小肉(kaleidoscope_cookery:raw_cut_small_meats),,12,19.2,饱腹代偿 45秒,原始(统一基准),
万花筒烹饪,pot/donkey_burger.json,驴肉火烧(kaleidoscope_cookery:donkey_burger),1,炒锅(置于炉灶上),辣椒(#c:crops/chilipepper) + 辣椒(#c:crops/chilipepper) + 面团(#c:dough) + 面团(#c:dough) + 生切制小肉(kaleidoscope_cookery:raw_cut_small_meats) + 生切制小肉(kaleidoscope_cookery:raw_cut_small_meats),,12,19.2,饱腹代偿 45秒,原始(统一基准),
万花筒烹饪,flex_pot/fish_flavored_shredded_pork.json,鱼香肉丝(kaleidoscope_cookery:fish_flavored_shredded_pork),1,炒锅(灵活),生猪排(#c:foods/raw_pork) + 辣椒(#c:crops/chilipepper) + 蘑菇(#c:mushrooms),载体:碗(minecraft:bowl),9,11.0,活力 1分30秒,原始(统一基准),
万花筒烹饪,pot/fish_flavored_shredded_pork.json,鱼香肉丝(kaleidoscope_cookery:fish_flavored_shredded_pork),1,炒锅(置于炉灶上),蘑菇(#c:mushrooms) + 蘑菇(#c:mushrooms) + 生猪排(#c:foods/raw_pork) + 生猪排(#c:foods/raw_pork) + 辣椒(#c:crops/chilipepper) + 辣椒(#c:crops/chilipepper),载体:碗(minecraft:bowl),9,11.0,活力 1分30秒,原始(统一基准),
万花筒烹饪,flex_pot/spicy_rabbit_head.json,麻辣兔头(kaleidoscope_cookery:spicy_rabbit_head),1,炒锅(灵活),生兔肉(minecraft:rabbit) + 辣椒(#c:crops/chilipepper),载体:碗(minecraft:bowl),13,16.0,温暖 1分20秒,原始(统一基准),
万花筒烹饪,pot/spicy_rabbit_head.json,麻辣兔头(kaleidoscope_cookery:spicy_rabbit_head),1,炒锅(置于炉灶上),生兔肉(minecraft:rabbit) + 生兔肉(minecraft:rabbit) + 生兔肉(minecraft:rabbit) + 辣椒(#c:crops/chilipepper) + 辣椒(#c:crops/chilipepper) + 辣椒(#c:crops/chilipepper),载体:碗(minecraft:bowl),13,16.0,温暖 1分20秒,原始(统一基准),
万花筒烹饪,flex_pot/slime_ball_meal.json,黏液饭(kaleidoscope_cookery:slime_ball_meal),1,炒锅(灵活),粘液球(minecraft:slime_ball),载体:碗(minecraft:bowl),9,0.0,胀气 35秒,原始(统一基准),
万花筒烹饪,pot/slime_ball_meal.json,黏液饭(kaleidoscope_cookery:slime_ball_meal),1,炒锅(置于炉灶上),粘液球(minecraft:slime_ball) + 粘液球(minecraft:slime_ball) + 粘液球(minecraft:slime_ball) + 粘液球(minecraft:slime_ball) + 粘液球(minecraft:slime_ball) + 粘液球(minecraft:slime_ball),载体:碗(minecraft:bowl),9,0.0,胀气 35秒,原始(统一基准),
万花筒烹饪,flex_stockpot/udon_noodle.json,乌冬面(kaleidoscope_cookery:udon_noodle),1,汤锅(灵活),生菜(#c:crops/lettuce) + 蛋(#c:eggs) + 生面条(kaleidoscope_cookery:raw_noodles),,14,18.0,生机 8分,原始(统一基准),
万花筒烹饪,stockpot/udon_noodle.json,乌冬面(kaleidoscope_cookery:udon_noodle),1,汤锅(盖盖煮制),生菜(#c:crops/lettuce) + 生菜(#c:crops/lettuce) + 蛋(#c:eggs) + 蛋(#c:eggs) + 生面条(kaleidoscope_cookery:raw_noodles) + 生面条(kaleidoscope_cookery:raw_noodles) + 生面条(kaleidoscope_cookery:raw_noodles),,14,18.0,生机 8分,原始(统一基准),
万花筒烹饪,flex_stockpot/buddha_jumps_over_the_wall.json,佛跳墙(kaleidoscope_cookery:buddha_jumps_over_the_wall),1,汤锅(灵活),蛋(#c:eggs) + 幻翼膜(minecraft:phantom_membrane) + 生菜(#c:crops/lettuce),载体:花盆(minecraft:flower_pot),20,22.0,饱腹代偿 3分,原始(统一基准),
万花筒烹饪,stockpot/buddha_jumps_over_the_wall.json,佛跳墙(kaleidoscope_cookery:buddha_jumps_over_the_wall),1,汤锅(盖盖煮制),蛋(#c:eggs) + 蛋(#c:eggs) + 幻翼膜(minecraft:phantom_membrane) + 幻翼膜(minecraft:phantom_membrane) + 生菜(#c:crops/lettuce) + 生菜(#c:crops/lettuce) + 生菜(#c:crops/lettuce) + 生菜(#c:crops/lettuce),载体:花盆(minecraft:flower_pot),20,22.0,饱腹代偿 3分,原始(统一基准),
农夫乐事(万花筒机器),stockpot/modify/pumpkin_soup.json,南瓜汤(farmersdelight:pumpkin_soup),1,汤锅(盖盖煮制),南瓜片(farmersdelight:pumpkin_slice) + 绿叶菜(#c:foods/leafy_green) + 生猪排(#c:foods/raw_pork),,14,21.0,营养 5分,新增(万花筒机器),用万花筒机器制作农夫乐事菜品
万花筒烹饪,flex_stockpot/four_joy_meatball_soup.json,四喜丸子汤(kaleidoscope_cookery:four_joy_meatball_soup),1,汤锅(灵活),生丸子(kaleidoscope_cookery:raw_meatball),,13,16.0,温暖 1分20秒,原始(统一基准),
万花筒烹饪,stockpot/four_joy_meatball_soup.json,四喜丸子汤(kaleidoscope_cookery:four_joy_meatball_soup),1,汤锅(盖盖煮制),生丸子(kaleidoscope_cookery:raw_meatball) + 生丸子(kaleidoscope_cookery:raw_meatball) + 生丸子(kaleidoscope_cookery:raw_meatball) + 生丸子(kaleidoscope_cookery:raw_meatball),,13,16.0,温暖 1分20秒,原始(统一基准),
万花筒烹饪,flex_stockpot/braised_beef_with_potatoes.json,土豆炖牛肉(kaleidoscope_cookery:braised_beef_with_potatoes),1,汤锅(灵活),生牛肉(#c:foods/raw_beef) + 马铃薯(minecraft:potato),,6,8.0,温暖 8分,原始(统一基准),
万花筒烹饪,stockpot/braised_beef_with_potatoes.json,土豆炖牛肉(kaleidoscope_cookery:braised_beef_with_potatoes),1,汤锅(盖盖煮制),马铃薯(minecraft:potato) + 马铃薯(minecraft:potato) + 马铃薯(minecraft:potato) + 生牛肉(#c:foods/raw_beef) + 生牛肉(#c:foods/raw_beef),,6,8.0,温暖 8分,原始(统一基准),
万花筒烹饪,flex_stockpot/pork_bone_soup.json,大骨汤(kaleidoscope_cookery:pork_bone_soup),1,汤锅(灵活),骨头(minecraft:bone),,6,8.0,活力 5分,原始(统一基准),
万花筒烹饪,stockpot/pork_bone_soup.json,大骨汤(kaleidoscope_cookery:pork_bone_soup),1,汤锅(盖盖煮制),骨头(minecraft:bone) + 骨头(minecraft:bone) + 骨头(minecraft:bone) + 骨头(minecraft:bone) + 骨头(minecraft:bone) + 骨头(minecraft:bone) + 骨头(minecraft:bone),,6,8.0,活力 5分,原始(统一基准),
万花筒烹饪,flex_stockpot/chicken_and_mushroom_stew.json,小鸡炖蘑菇(kaleidoscope_cookery:chicken_and_mushroom_stew),1,汤锅(灵活),生鸡肉(#c:foods/raw_chicken) + 蘑菇(#c:mushrooms),,6,8.0,温暖 8分,原始(统一基准),
万花筒烹饪,stockpot/chicken_and_mushroom_stew.json,小鸡炖蘑菇(kaleidoscope_cookery:chicken_and_mushroom_stew),1,汤锅(盖盖煮制),生鸡肉(#c:foods/raw_chicken) + 生鸡肉(#c:foods/raw_chicken) + 蘑菇(#c:mushrooms) + 蘑菇(#c:mushrooms) + 蘑菇(#c:mushrooms),,6,8.0,温暖 8分,原始(统一基准),
万花筒烹饪,flex_stockpot/fearsome_thick_soup.json,恐惧浓汤(kaleidoscope_cookery:fearsome_thick_soup),1,汤锅(灵活),腐肉(minecraft:rotten_flesh) + 幽匿块(minecraft:sculk),,4,0.0,硫磺 8分,原始(统一基准),
万花筒烹饪,stockpot/fearsome_thick_soup.json,恐惧浓汤(kaleidoscope_cookery:fearsome_thick_soup),1,汤锅(盖盖煮制),腐肉(minecraft:rotten_flesh) + 腐肉(minecraft:rotten_flesh) + 腐肉(minecraft:rotten_flesh) + 腐肉(minecraft:rotten_flesh) + 幽匿块(minecraft:sculk) + 幽匿块(minecraft:sculk) + 幽匿块(minecraft:sculk) + 幽匿块(minecraft:sculk) + 幽匿块(minecraft:sculk),,4,0.0,硫磺 8分,原始(统一基准),
万花筒烹饪,flex_stockpot/brown_mushroom_pot_soup.json,棕蘑菇瓦罐汤(kaleidoscope_cookery:brown_mushroom_pot_soup),1,汤锅(灵活),棕色蘑菇(minecraft:brown_mushroom),载体:花盆(minecraft:flower_pot),18,24.0,温暖 5分,原始(统一基准),
万花筒烹饪,stockpot/brown_mushroom_pot_soup.json,棕蘑菇瓦罐汤(kaleidoscope_cookery:brown_mushroom_pot_soup),1,汤锅(盖盖煮制),棕色蘑菇(minecraft:brown_mushroom) + 棕色蘑菇(minecraft:brown_mushroom) + 棕色蘑菇(minecraft:brown_mushroom) + 棕色蘑菇(minecraft:brown_mushroom) + 棕色蘑菇(minecraft:brown_mushroom) + 棕色蘑菇(minecraft:brown_mushroom),载体:花盆(minecraft:flower_pot),18,24.0,温暖 5分,原始(统一基准),
万花筒烹饪,flex_stockpot/numbing_spicy_chicken.json,椒麻鸡(kaleidoscope_cookery:numbing_spicy_chicken),1,汤锅(灵活),辣椒(#c:crops/chilipepper) + 生鸡肉(#c:foods/raw_chicken),,13,16.0,抗火 2分,原始(统一基准),
万花筒烹饪,stockpot/numbing_spicy_chicken.json,椒麻鸡(kaleidoscope_cookery:numbing_spicy_chicken),1,汤锅(盖盖煮制),辣椒(#c:crops/chilipepper) + 辣椒(#c:crops/chilipepper) + 生鸡肉(#c:foods/raw_chicken) + 生鸡肉(#c:foods/raw_chicken) + 生鸡肉(#c:foods/raw_chicken),,13,16.0,抗火 2分,原始(统一基准),
万花筒烹饪,flex_stockpot/spicy_blood_stew.json,毛血旺(kaleidoscope_cookery:spicy_blood_stew),1,汤锅(灵活),生猪排(#c:foods/raw_pork) + 辣椒(#c:crops/chilipepper) + 烈焰粉(minecraft:blaze_powder),,13,16.0,抗火 1分20秒,原始(统一基准),
万花筒烹饪,stockpot/spicy_blood_stew.json,毛血旺(kaleidoscope_cookery:spicy_blood_stew),1,汤锅(盖盖煮制),生猪排(#c:foods/raw_pork) + 生猪排(#c:foods/raw_pork) + 生猪排(#c:foods/raw_pork) + 生猪排(#c:foods/raw_pork) + 辣椒(#c:crops/chilipepper) + 辣椒(#c:crops/chilipepper) + 辣椒(#c:crops/chilipepper) + 辣椒(#c:crops/chilipepper) + 烈焰粉(minecraft:blaze_powder),,13,16.0,抗火 1分20秒,原始(统一基准),
万花筒烹饪,stockpot/shengjian_mantou_count_1.json,水煎包(kaleidoscope_cookery:shengjian_mantou),1,汤锅(盖盖煮制),裹馅面食(kaleidoscope_cookery:stuffed_dough_food),,2,4.0,温暖 5分,原始(统一基准),
万花筒烹饪,stockpot/shengjian_mantou_count_2.json,水煎包(kaleidoscope_cookery:shengjian_mantou),2,汤锅(盖盖煮制),裹馅面食(kaleidoscope_cookery:stuffed_dough_food) + 裹馅面食(kaleidoscope_cookery:stuffed_dough_food),,2,4.0,温暖 5分,原始(统一基准),
万花筒烹饪,stockpot/shengjian_mantou_count_3.json,水煎包(kaleidoscope_cookery:shengjian_mantou),3,汤锅(盖盖煮制),裹馅面食(kaleidoscope_cookery:stuffed_dough_food) + 裹馅面食(kaleidoscope_cookery:stuffed_dough_food) + 裹馅面食(kaleidoscope_cookery:stuffed_dough_food),,2,4.0,温暖 5分,原始(统一基准),
万花筒烹饪,stockpot/shengjian_mantou_count_4.json,水煎包(kaleidoscope_cookery:shengjian_mantou),4,汤锅(盖盖煮制),裹馅面食(kaleidoscope_cookery:stuffed_dough_food) + 裹馅面食(kaleidoscope_cookery:stuffed_dough_food) + 裹馅面食(kaleidoscope_cookery:stuffed_dough_food) + 裹馅面食(kaleidoscope_cookery:stuffed_dough_food),,2,4.0,温暖 5分,原始(统一基准),
万花筒烹饪,stockpot/shengjian_mantou_count_5.json,水煎包(kaleidoscope_cookery:shengjian_mantou),5,汤锅(盖盖煮制),裹馅面食(kaleidoscope_cookery:stuffed_dough_food) + 裹馅面食(kaleidoscope_cookery:stuffed_dough_food) + 裹馅面食(kaleidoscope_cookery:stuffed_dough_food) + 裹馅面食(kaleidoscope_cookery:stuffed_dough_food) + 裹馅面食(kaleidoscope_cookery:stuffed_dough_food),,2,4.0,温暖 5分,原始(统一基准),
万花筒烹饪,stockpot/shengjian_mantou_count_6.json,水煎包(kaleidoscope_cookery:shengjian_mantou),6,汤锅(盖盖煮制),裹馅面食(kaleidoscope_cookery:stuffed_dough_food) + 裹馅面食(kaleidoscope_cookery:stuffed_dough_food) + 裹馅面食(kaleidoscope_cookery:stuffed_dough_food) + 裹馅面食(kaleidoscope_cookery:stuffed_dough_food) + 裹馅面食(kaleidoscope_cookery:stuffed_dough_food) + 裹馅面食(kaleidoscope_cookery:stuffed_dough_food),,2,4.0,温暖 5分,原始(统一基准),
万花筒烹饪,stockpot/shengjian_mantou_count_7.json,水煎包(kaleidoscope_cookery:shengjian_mantou),7,汤锅(盖盖煮制),裹馅面食(kaleidoscope_cookery:stuffed_dough_food) + 裹馅面食(kaleidoscope_cookery:stuffed_dough_food) + 裹馅面食(kaleidoscope_cookery:stuffed_dough_food) + 裹馅面食(kaleidoscope_cookery:stuffed_dough_food) + 裹馅面食(kaleidoscope_cookery:stuffed_dough_food) + 裹馅面食(kaleidoscope_cookery:stuffed_dough_food) + 裹馅面食(kaleidoscope_cookery:stuffed_dough_food),,2,4.0,温暖 5分,原始(统一基准),
万花筒烹饪,stockpot/shengjian_mantou_count_8.json,水煎包(kaleidoscope_cookery:shengjian_mantou),8,汤锅(盖盖煮制),裹馅面食(kaleidoscope_cookery:stuffed_dough_food) + 裹馅面食(kaleidoscope_cookery:stuffed_dough_food) + 裹馅面食(kaleidoscope_cookery:stuffed_dough_food) + 裹馅面食(kaleidoscope_cookery:stuffed_dough_food) + 裹馅面食(kaleidoscope_cookery:stuffed_dough_food) + 裹馅面食(kaleidoscope_cookery:stuffed_dough_food) + 裹馅面食(kaleidoscope_cookery:stuffed_dough_food) + 裹馅面食(kaleidoscope_cookery:stuffed_dough_food),,2,4.0,温暖 5分,原始(统一基准),
万花筒烹饪,stockpot/shengjian_mantou_count_9.json,水煎包(kaleidoscope_cookery:shengjian_mantou),9,汤锅(盖盖煮制),裹馅面食(kaleidoscope_cookery:stuffed_dough_food) + 裹馅面食(kaleidoscope_cookery:stuffed_dough_food) + 裹馅面食(kaleidoscope_cookery:stuffed_dough_food) + 裹馅面食(kaleidoscope_cookery:stuffed_dough_food) + 裹馅面食(kaleidoscope_cookery:stuffed_dough_food) + 裹馅面食(kaleidoscope_cookery:stuffed_dough_food) + 裹馅面食(kaleidoscope_cookery:stuffed_dough_food) + 裹馅面食(kaleidoscope_cookery:stuffed_dough_food) + 裹馅面食(kaleidoscope_cookery:stuffed_dough_food),,2,4.0,温暖 5分,原始(统一基准),
万花筒烹饪,flex_stockpot/pufferfish_soup.json,河豚汤(kaleidoscope_cookery:pufferfish_soup),1,汤锅(灵活),河豚(minecraft:pufferfish) + 生菜(#c:crops/lettuce),,4,0.0,芥末 10分,原始(统一基准),
万花筒烹饪,flex_stockpot/pufferfish_soup_entity.json,河豚汤(kaleidoscope_cookery:pufferfish_soup),1,汤锅(灵活),生菜(#c:crops/lettuce),,4,0.0,芥末 10分,原始(统一基准),
万花筒烹饪,stockpot/pufferfish_soup.json,河豚汤(kaleidoscope_cookery:pufferfish_soup),1,汤锅(盖盖煮制),河豚(minecraft:pufferfish) + 河豚(minecraft:pufferfish) + 生菜(#c:crops/lettuce) + 生菜(#c:crops/lettuce) + 生菜(#c:crops/lettuce),,4,0.0,芥末 10分,原始(统一基准),
万花筒烹饪,stockpot/pufferfish_soup_entity.json,河豚汤(kaleidoscope_cookery:pufferfish_soup),1,汤锅(盖盖煮制),生菜(#c:crops/lettuce) + 生菜(#c:crops/lettuce) + 生菜(#c:crops/lettuce),,4,0.0,芥末 10分,原始(统一基准),
万花筒烹饪,flex_stockpot/seafood_miso_soup.json,海鲜味噌汤(kaleidoscope_cookery:seafood_miso_soup),1,汤锅(灵活),生鱼(#c:raw_fishes) + 生菜(#c:crops/lettuce),,6,8.0,水下呼吸 8分,原始(统一基准),
万花筒烹饪,flex_stockpot/seafood_miso_soup_cod_entity.json,海鲜味噌汤(kaleidoscope_cookery:seafood_miso_soup),1,汤锅(灵活),生菜(#c:crops/lettuce),,6,8.0,水下呼吸 8分,原始(统一基准),
万花筒烹饪,flex_stockpot/seafood_miso_soup_salmon_entity.json,海鲜味噌汤(kaleidoscope_cookery:seafood_miso_soup),1,汤锅(灵活),生菜(#c:crops/lettuce),,6,8.0,水下呼吸 8分,原始(统一基准),
万花筒烹饪,flex_stockpot/seafood_miso_soup_tropical_entity.json,海鲜味噌汤(kaleidoscope_cookery:seafood_miso_soup),1,汤锅(灵活),生菜(#c:crops/lettuce),,6,8.0,水下呼吸 8分,原始(统一基准),
万花筒烹饪,stockpot/seafood_miso_soup.json,海鲜味噌汤(kaleidoscope_cookery:seafood_miso_soup),1,汤锅(盖盖煮制),生鱼(#c:raw_fishes) + 生鱼(#c:raw_fishes) + 生菜(#c:crops/lettuce) + 生菜(#c:crops/lettuce) + 生菜(#c:crops/lettuce),,6,8.0,水下呼吸 8分,原始(统一基准),
万花筒烹饪,stockpot/seafood_miso_soup_cod_entity.json,海鲜味噌汤(kaleidoscope_cookery:seafood_miso_soup),1,汤锅(盖盖煮制),生菜(#c:crops/lettuce) + 生菜(#c:crops/lettuce) + 生菜(#c:crops/lettuce),,6,8.0,水下呼吸 8分,原始(统一基准),
万花筒烹饪,stockpot/seafood_miso_soup_salmon_entity.json,海鲜味噌汤(kaleidoscope_cookery:seafood_miso_soup),1,汤锅(盖盖煮制),生菜(#c:crops/lettuce) + 生菜(#c:crops/lettuce) + 生菜(#c:crops/lettuce),,6,8.0,水下呼吸 8分,原始(统一基准),
万花筒烹饪,stockpot/seafood_miso_soup_tropical_entity.json,海鲜味噌汤(kaleidoscope_cookery:seafood_miso_soup),1,汤锅(盖盖煮制),生菜(#c:crops/lettuce) + 生菜(#c:crops/lettuce) + 生菜(#c:crops/lettuce),,6,8.0,水下呼吸 8分,原始(统一基准),
万花筒烹饪,flex_stockpot/hot_dry_noodles.json,热干面(kaleidoscope_cookery:hot_dry_noodles),1,汤锅(灵活),辣椒(#c:crops/chilipepper) + 生面条(kaleidoscope_cookery:raw_noodles),,14,18.0,生机 8分,原始(统一基准),
万花筒烹饪,stockpot/hot_dry_noodles.json,热干面(kaleidoscope_cookery:hot_dry_noodles),1,汤锅(盖盖煮制),生面条(kaleidoscope_cookery:raw_noodles) + 生面条(kaleidoscope_cookery:raw_noodles) + 生面条(kaleidoscope_cookery:raw_noodles) + 辣椒(#c:crops/chilipepper) + 辣椒(#c:crops/chilipepper) + 辣椒(#c:crops/chilipepper),,14,18.0,生机 8分,原始(统一基准),
万花筒烹饪,stockpot/zongzi_count_1.json,熟粽子(kaleidoscope_cookery:zongzi),1,汤锅(盖盖煮制),生粽子(kaleidoscope_cookery:raw_zongzi),,8,10.0,生命恢复 20秒,原始(统一基准),
万花筒烹饪,stockpot/zongzi_count_2.json,熟粽子(kaleidoscope_cookery:zongzi),2,汤锅(盖盖煮制),生粽子(kaleidoscope_cookery:raw_zongzi) + 生粽子(kaleidoscope_cookery:raw_zongzi),,8,10.0,生命恢复 20秒,原始(统一基准),
万花筒烹饪,stockpot/zongzi_count_3.json,熟粽子(kaleidoscope_cookery:zongzi),3,汤锅(盖盖煮制),生粽子(kaleidoscope_cookery:raw_zongzi) + 生粽子(kaleidoscope_cookery:raw_zongzi) + 生粽子(kaleidoscope_cookery:raw_zongzi),,8,10.0,生命恢复 20秒,原始(统一基准),
万花筒烹饪,stockpot/zongzi_count_4.json,熟粽子(kaleidoscope_cookery:zongzi),4,汤锅(盖盖煮制),生粽子(kaleidoscope_cookery:raw_zongzi) + 生粽子(kaleidoscope_cookery:raw_zongzi) + 生粽子(kaleidoscope_cookery:raw_zongzi) + 生粽子(kaleidoscope_cookery:raw_zongzi),,8,10.0,生命恢复 20秒,原始(统一基准),
万花筒烹饪,stockpot/zongzi_count_5.json,熟粽子(kaleidoscope_cookery:zongzi),5,汤锅(盖盖煮制),生粽子(kaleidoscope_cookery:raw_zongzi) + 生粽子(kaleidoscope_cookery:raw_zongzi) + 生粽子(kaleidoscope_cookery:raw_zongzi) + 生粽子(kaleidoscope_cookery:raw_zongzi) + 生粽子(kaleidoscope_cookery:raw_zongzi),,8,10.0,生命恢复 20秒,原始(统一基准),
万花筒烹饪,stockpot/zongzi_count_6.json,熟粽子(kaleidoscope_cookery:zongzi),6,汤锅(盖盖煮制),生粽子(kaleidoscope_cookery:raw_zongzi) + 生粽子(kaleidoscope_cookery:raw_zongzi) + 生粽子(kaleidoscope_cookery:raw_zongzi) + 生粽子(kaleidoscope_cookery:raw_zongzi) + 生粽子(kaleidoscope_cookery:raw_zongzi) + 生粽子(kaleidoscope_cookery:raw_zongzi),,8,10.0,生命恢复 20秒,原始(统一基准),
万花筒烹饪,stockpot/zongzi_count_7.json,熟粽子(kaleidoscope_cookery:zongzi),7,汤锅(盖盖煮制),生粽子(kaleidoscope_cookery:raw_zongzi) + 生粽子(kaleidoscope_cookery:raw_zongzi) + 生粽子(kaleidoscope_cookery:raw_zongzi) + 生粽子(kaleidoscope_cookery:raw_zongzi) + 生粽子(kaleidoscope_cookery:raw_zongzi) + 生粽子(kaleidoscope_cookery:raw_zongzi) + 生粽子(kaleidoscope_cookery:raw_zongzi),,8,10.0,生命恢复 20秒,原始(统一基准),
万花筒烹饪,stockpot/zongzi_count_8.json,熟粽子(kaleidoscope_cookery:zongzi),8,汤锅(盖盖煮制),生粽子(kaleidoscope_cookery:raw_zongzi) + 生粽子(kaleidoscope_cookery:raw_zongzi) + 生粽子(kaleidoscope_cookery:raw_zongzi) + 生粽子(kaleidoscope_cookery:raw_zongzi) + 生粽子(kaleidoscope_cookery:raw_zongzi) + 生粽子(kaleidoscope_cookery:raw_zongzi) + 生粽子(kaleidoscope_cookery:raw_zongzi) + 生粽子(kaleidoscope_cookery:raw_zongzi),,8,10.0,生命恢复 20秒,原始(统一基准),
万花筒烹饪,stockpot/zongzi_count_9.json,熟粽子(kaleidoscope_cookery:zongzi),9,汤锅(盖盖煮制),生粽子(kaleidoscope_cookery:raw_zongzi) + 生粽子(kaleidoscope_cookery:raw_zongzi) + 生粽子(kaleidoscope_cookery:raw_zongzi) + 生粽子(kaleidoscope_cookery:raw_zongzi) + 生粽子(kaleidoscope_cookery:raw_zongzi) + 生粽子(kaleidoscope_cookery:raw_zongzi) + 生粽子(kaleidoscope_cookery:raw_zongzi) + 生粽子(kaleidoscope_cookery:raw_zongzi) + 生粽子(kaleidoscope_cookery:raw_zongzi),,8,10.0,生命恢复 20秒,原始(统一基准),
万花筒烹饪,flex_stockpot/beef_meatball_soup.json,牛丸汤(kaleidoscope_cookery:beef_meatball_soup),1,汤锅(灵活),生丸子(kaleidoscope_cookery:raw_meatball) + 生菜(#c:crops/lettuce),,6,8.0,温暖 8分,原始(统一基准),
万花筒烹饪,stockpot/beef_meatball_soup.json,牛丸汤(kaleidoscope_cookery:beef_meatball_soup),1,汤锅(盖盖煮制),生丸子(kaleidoscope_cookery:raw_meatball) + 生丸子(kaleidoscope_cookery:raw_meatball) + 生菜(#c:crops/lettuce) + 生菜(#c:crops/lettuce) + 生菜(#c:crops/lettuce),,6,8.0,温暖 8分,原始(统一基准),
万花筒烹饪,flex_stockpot/beef_noodle.json,牛肉面(kaleidoscope_cookery:beef_noodle),1,汤锅(灵活),生牛肉(#c:foods/raw_beef) + 生面条(kaleidoscope_cookery:raw_noodles),,14,18.0,生机 8分,原始(统一基准),
万花筒烹饪,stockpot/beef_noodle.json,牛肉面(kaleidoscope_cookery:beef_noodle),1,汤锅(盖盖煮制),生牛肉(#c:foods/raw_beef) + 生牛肉(#c:foods/raw_beef) + 生牛肉(#c:foods/raw_beef) + 生牛肉(#c:foods/raw_beef) + 生面条(kaleidoscope_cookery:raw_noodles) + 生面条(kaleidoscope_cookery:raw_noodles) + 生面条(kaleidoscope_cookery:raw_noodles),,14,18.0,生机 8分,原始(统一基准),
万花筒烹饪,flex_stockpot/dough_drop_soup.json,疙瘩汤(kaleidoscope_cookery:dough_drop_soup),1,汤锅(灵活),生菜(#c:crops/lettuce) + 面粉(#c:flour),,8,16.0,温暖 1分20秒,原始(统一基准),
万花筒烹饪,stockpot/dough_drop_soup.json,疙瘩汤(kaleidoscope_cookery:dough_drop_soup),1,汤锅(盖盖煮制),生菜(#c:crops/lettuce) + 生菜(#c:crops/lettuce) + 生菜(#c:crops/lettuce) + 生菜(#c:crops/lettuce) + 面粉(#c:flour) + 面粉(#c:flour),,8,16.0,温暖 1分20秒,原始(统一基准),
万花筒烹饪,stockpot/rice_1.json,米饭(kaleidoscope_cookery:cooked_rice),1,汤锅(盖盖煮制),稻米(#c:grain/rice),100 刻,6,12.0,,原始(统一基准),
万花筒烹饪,stockpot/rice_2.json,米饭(kaleidoscope_cookery:cooked_rice),2,汤锅(盖盖煮制),稻米(#c:grain/rice) + 稻米(#c:grain/rice),200 刻,6,12.0,,原始(统一基准),
万花筒烹饪,stockpot/rice_3.json,米饭(kaleidoscope_cookery:cooked_rice),3,汤锅(盖盖煮制),稻米(#c:grain/rice) + 稻米(#c:grain/rice) + 稻米(#c:grain/rice),,6,12.0,,原始(统一基准),
万花筒烹饪,stockpot/rice_4.json,米饭(kaleidoscope_cookery:cooked_rice),4,汤锅(盖盖煮制),稻米(#c:grain/rice) + 稻米(#c:grain/rice) + 稻米(#c:grain/rice) + 稻米(#c:grain/rice),400 刻,6,12.0,,原始(统一基准),
万花筒烹饪,stockpot/rice_5.json,米饭(kaleidoscope_cookery:cooked_rice),5,汤锅(盖盖煮制),稻米(#c:grain/rice) + 稻米(#c:grain/rice) + 稻米(#c:grain/rice) + 稻米(#c:grain/rice) + 稻米(#c:grain/rice),500 刻,6,12.0,,原始(统一基准),
万花筒烹饪,stockpot/rice_6.json,米饭(kaleidoscope_cookery:cooked_rice),6,汤锅(盖盖煮制),稻米(#c:grain/rice) + 稻米(#c:grain/rice) + 稻米(#c:grain/rice) + 稻米(#c:grain/rice) + 稻米(#c:grain/rice) + 稻米(#c:grain/rice),600 刻,6,12.0,,原始(统一基准),
万花筒烹饪,stockpot/rice_7.json,米饭(kaleidoscope_cookery:cooked_rice),7,汤锅(盖盖煮制),稻米(#c:grain/rice) + 稻米(#c:grain/rice) + 稻米(#c:grain/rice) + 稻米(#c:grain/rice) + 稻米(#c:grain/rice) + 稻米(#c:grain/rice) + 稻米(#c:grain/rice),700 刻,6,12.0,,原始(统一基准),
万花筒烹饪,stockpot/rice_8.json,米饭(kaleidoscope_cookery:cooked_rice),8,汤锅(盖盖煮制),稻米(#c:grain/rice) + 稻米(#c:grain/rice) + 稻米(#c:grain/rice) + 稻米(#c:grain/rice) + 稻米(#c:grain/rice) + 稻米(#c:grain/rice) + 稻米(#c:grain/rice) + 稻米(#c:grain/rice),800 刻,6,12.0,,原始(统一基准),
万花筒烹饪,stockpot/rice_9.json,米饭(kaleidoscope_cookery:cooked_rice),9,汤锅(盖盖煮制),稻米(#c:grain/rice) + 稻米(#c:grain/rice) + 稻米(#c:grain/rice) + 稻米(#c:grain/rice) + 稻米(#c:grain/rice) + 稻米(#c:grain/rice) + 稻米(#c:grain/rice) + 稻米(#c:grain/rice) + 稻米(#c:grain/rice),900 刻,6,12.0,,原始(统一基准),
万花筒烹饪,flex_stockpot/red_mushroom_pot_soup.json,红蘑菇瓦罐汤(kaleidoscope_cookery:red_mushroom_pot_soup),1,汤锅(灵活),红色蘑菇(minecraft:red_mushroom),载体:花盆(minecraft:flower_pot),18,24.0,温暖 5分,原始(统一基准),
万花筒烹饪,stockpot/red_mushroom_pot_soup.json,红蘑菇瓦罐汤(kaleidoscope_cookery:red_mushroom_pot_soup),1,汤锅(盖盖煮制),红色蘑菇(minecraft:red_mushroom) + 红色蘑菇(minecraft:red_mushroom) + 红色蘑菇(minecraft:red_mushroom) + 红色蘑菇(minecraft:red_mushroom) + 红色蘑菇(minecraft:red_mushroom) + 红色蘑菇(minecraft:red_mushroom),载体:花盆(minecraft:flower_pot),18,24.0,温暖 5分,原始(统一基准),
万花筒烹饪,flex_stockpot/crimson_fungus_pot_soup.json,绯红菌瓦罐汤(kaleidoscope_cookery:crimson_fungus_pot_soup),1,汤锅(灵活),绯红菌(minecraft:crimson_fungus),载体:花盆(minecraft:flower_pot),18,24.0,抗火 2分,原始(统一基准),
万花筒烹饪,stockpot/crimson_fungus_pot_soup.json,绯红菌瓦罐汤(kaleidoscope_cookery:crimson_fungus_pot_soup),1,汤锅(盖盖煮制),绯红菌(minecraft:crimson_fungus) + 绯红菌(minecraft:crimson_fungus) + 绯红菌(minecraft:crimson_fungus) + 绯红菌(minecraft:crimson_fungus) + 绯红菌(minecraft:crimson_fungus) + 绯红菌(minecraft:crimson_fungus),载体:花盆(minecraft:flower_pot),18,24.0,抗火 2分,原始(统一基准),
万花筒烹饪,flex_stockpot/borscht.json,罗宋汤(kaleidoscope_cookery:borscht),1,汤锅(灵活),生牛肉(#c:foods/raw_beef) + 番茄(#c:crops/tomato),,6,8.0,胀气 3分,原始(统一基准),
万花筒烹饪,stockpot/borscht.json,罗宋汤(kaleidoscope_cookery:borscht),1,汤锅(盖盖煮制),生牛肉(#c:foods/raw_beef) + 生牛肉(#c:foods/raw_beef) + 番茄(#c:crops/tomato) + 番茄(#c:crops/tomato) + 番茄(#c:crops/tomato) + 番茄(#c:crops/tomato),,6,8.0,胀气 3分,原始(统一基准),
万花筒烹饪,flex_stockpot/hui_noodle.json,羊肉烩面(kaleidoscope_cookery:hui_noodle),1,汤锅(灵活),生羊肉(#c:foods/raw_mutton) + 生面条(kaleidoscope_cookery:raw_noodles),,14,18.0,生机 8分,原始(统一基准),
万花筒烹饪,stockpot/hui_noodle.json,羊肉烩面(kaleidoscope_cookery:hui_noodle),1,汤锅(盖盖煮制),生羊肉(#c:foods/raw_mutton) + 生羊肉(#c:foods/raw_mutton) + 生羊肉(#c:foods/raw_mutton) + 生羊肉(#c:foods/raw_mutton) + 生面条(kaleidoscope_cookery:raw_noodles) + 生面条(kaleidoscope_cookery:raw_noodles) + 生面条(kaleidoscope_cookery:raw_noodles),,14,18.0,生机 8分,原始(统一基准),
万花筒烹饪,flex_stockpot/laba_congee.json,腊八粥(kaleidoscope_cookery:laba_congee),1,汤锅(灵活),种子(#c:seeds) + 糖(minecraft:sugar),,12,12.0,温暖 5分,原始(统一基准),
万花筒烹饪,stockpot/laba_congee.json,腊八粥(kaleidoscope_cookery:laba_congee),1,汤锅(盖盖煮制),种子(#c:seeds) + 种子(#c:seeds) + 种子(#c:seeds) + 种子(#c:seeds) + 种子(#c:seeds) + 种子(#c:seeds) + 糖(minecraft:sugar) + 糖(minecraft:sugar) + 糖(minecraft:sugar),,12,12.0,温暖 5分,原始(统一基准),
万花筒烹饪,flex_stockpot/lamb_and_radish_soup.json,萝卜羊肉汤(kaleidoscope_cookery:lamb_and_radish_soup),1,汤锅(灵活),生羊肉(#c:foods/raw_mutton) + 胡萝卜(minecraft:carrot),,6,8.0,寒带疾行 5分,原始(统一基准),
万花筒烹饪,stockpot/lamb_and_radish_soup.json,萝卜羊肉汤(kaleidoscope_cookery:lamb_and_radish_soup),1,汤锅(盖盖煮制),胡萝卜(minecraft:carrot) + 胡萝卜(minecraft:carrot) + 胡萝卜(minecraft:carrot) + 生羊肉(#c:foods/raw_mutton) + 生羊肉(#c:foods/raw_mutton),,6,8.0,寒带疾行 5分,原始(统一基准),
万花筒烹饪,flex_stockpot/warped_fungus_pot_soup.json,诡异菌瓦罐汤(kaleidoscope_cookery:warped_fungus_pot_soup),1,汤锅(灵活),诡异菌(minecraft:warped_fungus),载体:花盆(minecraft:flower_pot),18,24.0,抗火 2分,原始(统一基准),
万花筒烹饪,stockpot/warped_fungus_pot_soup.json,诡异菌瓦罐汤(kaleidoscope_cookery:warped_fungus_pot_soup),1,汤锅(盖盖煮制),诡异菌(minecraft:warped_fungus) + 诡异菌(minecraft:warped_fungus) + 诡异菌(minecraft:warped_fungus) + 诡异菌(minecraft:warped_fungus) + 诡异菌(minecraft:warped_fungus) + 诡异菌(minecraft:warped_fungus),载体:花盆(minecraft:flower_pot),18,24.0,抗火 2分,原始(统一基准),
万花筒烹饪,flex_stockpot/wild_mushroom_rabbit_soup.json,野菌兔肉汤(kaleidoscope_cookery:wild_mushroom_rabbit_soup),1,汤锅(灵活),生兔肉(minecraft:rabbit) + 蘑菇(#c:mushrooms),,6,8.0,速度 8分,原始(统一基准),
万花筒烹饪,stockpot/wild_mushroom_rabbit_soup.json,野菌兔肉汤(kaleidoscope_cookery:wild_mushroom_rabbit_soup),1,汤锅(盖盖煮制),蘑菇(#c:mushrooms) + 蘑菇(#c:mushrooms) + 蘑菇(#c:mushrooms) + 生兔肉(minecraft:rabbit) + 生兔肉(minecraft:rabbit),,6,8.0,速度 8分,原始(统一基准),
万花筒烹饪,stockpot/dumpling_count_1.json,饺子(kaleidoscope_cookery:dumpling),1,汤锅(盖盖煮制),裹馅面食(kaleidoscope_cookery:stuffed_dough_food),,8,16.0,温暖 1分20秒,原始(统一基准),
万花筒烹饪,stockpot/dumpling_count_2.json,饺子(kaleidoscope_cookery:dumpling),2,汤锅(盖盖煮制),裹馅面食(kaleidoscope_cookery:stuffed_dough_food) + 裹馅面食(kaleidoscope_cookery:stuffed_dough_food),,8,16.0,温暖 1分20秒,原始(统一基准),
万花筒烹饪,stockpot/dumpling_count_3.json,饺子(kaleidoscope_cookery:dumpling),3,汤锅(盖盖煮制),裹馅面食(kaleidoscope_cookery:stuffed_dough_food) + 裹馅面食(kaleidoscope_cookery:stuffed_dough_food) + 裹馅面食(kaleidoscope_cookery:stuffed_dough_food),,8,16.0,温暖 1分20秒,原始(统一基准),
万花筒烹饪,stockpot/dumpling_count_4.json,饺子(kaleidoscope_cookery:dumpling),4,汤锅(盖盖煮制),裹馅面食(kaleidoscope_cookery:stuffed_dough_food) + 裹馅面食(kaleidoscope_cookery:stuffed_dough_food) + 裹馅面食(kaleidoscope_cookery:stuffed_dough_food) + 裹馅面食(kaleidoscope_cookery:stuffed_dough_food),,8,16.0,温暖 1分20秒,原始(统一基准),
万花筒烹饪,stockpot/dumpling_count_5.json,饺子(kaleidoscope_cookery:dumpling),5,汤锅(盖盖煮制),裹馅面食(kaleidoscope_cookery:stuffed_dough_food) + 裹馅面食(kaleidoscope_cookery:stuffed_dough_food) + 裹馅面食(kaleidoscope_cookery:stuffed_dough_food) + 裹馅面食(kaleidoscope_cookery:stuffed_dough_food) + 裹馅面食(kaleidoscope_cookery:stuffed_dough_food),,8,16.0,温暖 1分20秒,原始(统一基准),
万花筒烹饪,stockpot/dumpling_count_6.json,饺子(kaleidoscope_cookery:dumpling),6,汤锅(盖盖煮制),裹馅面食(kaleidoscope_cookery:stuffed_dough_food) + 裹馅面食(kaleidoscope_cookery:stuffed_dough_food) + 裹馅面食(kaleidoscope_cookery:stuffed_dough_food) + 裹馅面食(kaleidoscope_cookery:stuffed_dough_food) + 裹馅面食(kaleidoscope_cookery:stuffed_dough_food) + 裹馅面食(kaleidoscope_cookery:stuffed_dough_food),,8,16.0,温暖 1分20秒,原始(统一基准),
万花筒烹饪,stockpot/dumpling_count_7.json,饺子(kaleidoscope_cookery:dumpling),7,汤锅(盖盖煮制),裹馅面食(kaleidoscope_cookery:stuffed_dough_food) + 裹馅面食(kaleidoscope_cookery:stuffed_dough_food) + 裹馅面食(kaleidoscope_cookery:stuffed_dough_food) + 裹馅面食(kaleidoscope_cookery:stuffed_dough_food) + 裹馅面食(kaleidoscope_cookery:stuffed_dough_food) + 裹馅面食(kaleidoscope_cookery:stuffed_dough_food) + 裹馅面食(kaleidoscope_cookery:stuffed_dough_food),,8,16.0,温暖 1分20秒,原始(统一基准),
万花筒烹饪,stockpot/dumpling_count_8.json,饺子(kaleidoscope_cookery:dumpling),8,汤锅(盖盖煮制),裹馅面食(kaleidoscope_cookery:stuffed_dough_food) + 裹馅面食(kaleidoscope_cookery:stuffed_dough_food) + 裹馅面食(kaleidoscope_cookery:stuffed_dough_food) + 裹馅面食(kaleidoscope_cookery:stuffed_dough_food) + 裹馅面食(kaleidoscope_cookery:stuffed_dough_food) + 裹馅面食(kaleidoscope_cookery:stuffed_dough_food) + 裹馅面食(kaleidoscope_cookery:stuffed_dough_food) + 裹馅面食(kaleidoscope_cookery:stuffed_dough_food),,8,16.0,温暖 1分20秒,原始(统一基准),
万花筒烹饪,stockpot/dumpling_count_9.json,饺子(kaleidoscope_cookery:dumpling),9,汤锅(盖盖煮制),裹馅面食(kaleidoscope_cookery:stuffed_dough_food) + 裹馅面食(kaleidoscope_cookery:stuffed_dough_food) + 裹馅面食(kaleidoscope_cookery:stuffed_dough_food) + 裹馅面食(kaleidoscope_cookery:stuffed_dough_food) + 裹馅面食(kaleidoscope_cookery:stuffed_dough_food) + 裹馅面食(kaleidoscope_cookery:stuffed_dough_food) + 裹馅面食(kaleidoscope_cookery:stuffed_dough_food) + 裹馅面食(kaleidoscope_cookery:stuffed_dough_food) + 裹馅面食(kaleidoscope_cookery:stuffed_dough_food),,8,16.0,温暖 1分20秒,原始(统一基准),
万花筒烹饪,millstone/quartz_from_chiseled_quartz_block.json,下界石英(minecraft:quartz),3,石磨,錾制石英块(minecraft:chiseled_quartz_block),,,,,原始(统一基准),
万花筒烹饪,millstone/quartz_from_nether_quartz_ore.json,下界石英(minecraft:quartz),3,石磨,下界石英矿石(minecraft:nether_quartz_ore),,,,,原始(统一基准),
万花筒烹饪,millstone/quartz_from_quartz_block.json,下界石英(minecraft:quartz),3,石磨,石英块(minecraft:quartz_block),,,,,原始(统一基准),
万花筒烹饪,millstone/quartz_from_quartz_bricks.json,下界石英(minecraft:quartz),3,石磨,石英砖(minecraft:quartz_bricks),,,,,原始(统一基准),
万花筒烹饪,millstone/quartz_from_quartz_pillar.json,下界石英(minecraft:quartz),3,石磨,石英柱(minecraft:quartz_pillar),,,,,原始(统一基准),
万花筒烹饪,millstone/quartz_from_smooth_quartz.json,下界石英(minecraft:quartz),3,石磨,平滑石英块(minecraft:smooth_quartz),,,,,原始(统一基准),
万花筒烹饪,millstone/magenta_dye_from_allium.json,品红色染料(minecraft:magenta_dye),2,石磨,绒球葱(minecraft:allium),,,,,原始(统一基准),
万花筒烹饪,millstone/magenta_dye_from_lilac.json,品红色染料(minecraft:magenta_dye),3,石磨,丁香(minecraft:lilac),,,,,原始(统一基准),
万花筒烹饪,millstone/cobblestone_from_stone.json,圆石(minecraft:cobblestone),1,石磨,石头(minecraft:stone),,,,,原始(统一基准),
万花筒烹饪,millstone/smooth_stone_from_cobblestone.json,平滑石头(minecraft:smooth_stone),1,石磨,圆石(minecraft:cobblestone),,,,,原始(统一基准),
万花筒烹饪,millstone/smooth_sandstone_from_sand.json,平滑砂岩(minecraft:smooth_sandstone),1,石磨,沙子(#c:sands/colorless),,,,,原始(统一基准),
万花筒烹饪,millstone/smooth_sandstone_from_sandstone.json,平滑砂岩(minecraft:smooth_sandstone),1,石磨,砂岩(minecraft:sandstone),,,,,原始(统一基准),
万花筒烹饪,millstone/smooth_red_sandstone_from_red_sand.json,平滑红砂岩(minecraft:smooth_red_sandstone),1,石磨,红沙(#c:sands/red),,,,,原始(统一基准),
万花筒烹饪,millstone/smooth_red_sandstone_from_red_sandstone.json,平滑红砂岩(minecraft:smooth_red_sandstone),1,石磨,红砂岩(minecraft:red_sandstone),,,,,原始(统一基准),
万花筒烹饪,millstone/orange_dye_from_orange_tulip.json,橙色染料(minecraft:orange_dye),2,石磨,橙色郁金香(minecraft:orange_tulip),,,,,原始(统一基准),
万花筒烹饪,millstone/orange_dye_from_torchflower.json,橙色染料(minecraft:orange_dye),2,石磨,火把花(minecraft:torchflower),,,,,原始(统一基准),
万花筒烹饪,millstone/sand_from_gravel.json,沙子(minecraft:sand),1,石磨,砂砾(#c:gravels),,,,,原始(统一基准),
万花筒烹饪,millstone/oil_from_seeds.json,油脂(kaleidoscope_cookery:oil),1,石磨,种子(#c:seeds),,,,,原始(统一基准),
万花筒烹饪,millstone/light_gray_dye_from_azure_bluet.json,淡灰色染料(minecraft:light_gray_dye),2,石磨,蓝花美耳草(minecraft:azure_bluet),,,,,原始(统一基准),
万花筒烹饪,millstone/light_gray_dye_from_oxeye_daisy.json,淡灰色染料(minecraft:light_gray_dye),2,石磨,滨菊(minecraft:oxeye_daisy),,,,,原始(统一基准),
万花筒烹饪,millstone/light_blue_dye_from_blue_orchid.json,淡蓝色染料(minecraft:light_blue_dye),2,石磨,兰花(minecraft:blue_orchid),,,,,原始(统一基准),
万花筒烹饪,millstone/gunpowder_from_flint.json,火药(minecraft:gunpowder),1,石磨,燧石(minecraft:flint),,,,,原始(统一基准),
万花筒烹饪,millstone/coal_from_coal_ore.json,煤炭(minecraft:coal),3,石磨,煤矿石(minecraft:coal_ore),,,,,原始(统一基准),
万花筒烹饪,millstone/coal_from_deepslate_coal_ore.json,煤炭(minecraft:coal),3,石磨,深层煤矿石(minecraft:deepslate_coal_ore),,,,,原始(统一基准),
万花筒烹饪,millstone/white_dye_from_lily_of_the_valley.json,白色染料(minecraft:white_dye),2,石磨,铃兰(minecraft:lily_of_the_valley),,,,,原始(统一基准),
万花筒烹饪,millstone/white_dye_from_white_tulip.json,白色染料(minecraft:white_dye),2,石磨,白色郁金香(minecraft:white_tulip),,,,,原始(统一基准),
万花筒烹饪,millstone/polished_andesite_from_andesite.json,磨制安山岩(minecraft:polished_andesite),1,石磨,安山岩(minecraft:andesite),,,,,原始(统一基准),
万花筒烹饪,millstone/polished_deepslate_from_cobbled_deepslate.json,磨制深板岩(minecraft:polished_deepslate),1,石磨,深板岩圆石(minecraft:cobbled_deepslate),,,,,原始(统一基准),
万花筒烹饪,millstone/polished_deepslate_from_deepslate.json,磨制深板岩(minecraft:polished_deepslate),1,石磨,深板岩(minecraft:deepslate),,,,,原始(统一基准),
万花筒烹饪,millstone/polished_basalt_from_basalt.json,磨制玄武岩(minecraft:polished_basalt),1,石磨,玄武岩(minecraft:basalt),,,,,原始(统一基准),
万花筒烹饪,millstone/polished_basalt_from_smooth_basalt.json,磨制玄武岩(minecraft:polished_basalt),1,石磨,平滑玄武岩(minecraft:smooth_basalt),,,,,原始(统一基准),
万花筒烹饪,millstone/polished_granite_from_granite.json,磨制花岗岩(minecraft:polished_granite),1,石磨,花岗岩(minecraft:granite),,,,,原始(统一基准),
万花筒烹饪,millstone/polished_diorite_from_diorite.json,磨制闪长岩(minecraft:polished_diorite),1,石磨,闪长岩(minecraft:diorite),,,,,原始(统一基准),
万花筒烹饪,millstone/polished_blackstone_from_blackstone.json,磨制黑石(minecraft:polished_blackstone),1,石磨,黑石(minecraft:blackstone),,,,,原始(统一基准),
万花筒烹饪,millstone/rice_from_rice_panicle.json,稻米(kaleidoscope_cookery:rice),3,石磨,稻穗(kaleidoscope_cookery:rice_panicle),,,,,原始(统一基准),
万花筒烹饪,millstone/pink_dye_from_peony.json,粉红色染料(minecraft:pink_dye),3,石磨,牡丹(minecraft:peony),,,,,原始(统一基准),
万花筒烹饪,millstone/pink_dye_from_pink_petals.json,粉红色染料(minecraft:pink_dye),2,石磨,粉红色花瓣(minecraft:pink_petals),,,,,原始(统一基准),
万花筒烹饪,millstone/pink_dye_from_pink_tulip.json,粉红色染料(minecraft:pink_dye),2,石磨,粉色郁金香(minecraft:pink_tulip),,,,,原始(统一基准),
万花筒烹饪,millstone/raw_gold_from_deepslate_gold_ore.json,粗金(minecraft:raw_gold),3,石磨,深层金矿石(minecraft:deepslate_gold_ore),,,,,原始(统一基准),
万花筒烹饪,millstone/raw_gold_from_gold_ore.json,粗金(minecraft:raw_gold),3,石磨,金矿石(minecraft:gold_ore),,,,,原始(统一基准),
万花筒烹饪,millstone/raw_iron_from_deepslate_iron_ore.json,粗铁(minecraft:raw_iron),3,石磨,深层铁矿石(minecraft:deepslate_iron_ore),,,,,原始(统一基准),
万花筒烹饪,millstone/raw_iron_from_iron_ore.json,粗铁(minecraft:raw_iron),3,石磨,铁矿石(minecraft:iron_ore),,,,,原始(统一基准),
万花筒烹饪,millstone/raw_copper_from_copper_ore.json,粗铜(minecraft:raw_copper),5,石磨,铜矿石(minecraft:copper_ore),,,,,原始(统一基准),
万花筒烹饪,millstone/raw_copper_from_deepslate_copper_ore.json,粗铜(minecraft:raw_copper),5,石磨,深层铜矿石(minecraft:deepslate_copper_ore),,,,,原始(统一基准),
万花筒烹饪,millstone/amethyst_shard_from_amethyst_block.json,紫水晶碎片(minecraft:amethyst_shard),3,石磨,紫水晶块(minecraft:amethyst_block),,,,,原始(统一基准),
万花筒烹饪,millstone/redstone_from_deepslate_redstone_ore.json,红石粉(minecraft:redstone),7,石磨,深层红石矿石(minecraft:deepslate_redstone_ore),,,,,原始(统一基准),
万花筒烹饪,millstone/redstone_from_redstone_ore.json,红石粉(minecraft:redstone),7,石磨,红石矿石(minecraft:redstone_ore),,,,,原始(统一基准),
万花筒烹饪,millstone/red_dye_from_beetroot.json,红色染料(minecraft:red_dye),2,石磨,甜菜根(minecraft:beetroot),,,,,原始(统一基准),
万花筒烹饪,millstone/red_dye_from_poppy.json,红色染料(minecraft:red_dye),2,石磨,虞美人(minecraft:poppy),,,,,原始(统一基准),
万花筒烹饪,millstone/red_dye_from_red_tulip.json,红色染料(minecraft:red_dye),2,石磨,红色郁金香(minecraft:red_tulip),,,,,原始(统一基准),
万花筒烹饪,millstone/red_dye_from_rose_bush.json,红色染料(minecraft:red_dye),3,石磨,玫瑰丛(minecraft:rose_bush),,,,,原始(统一基准),
万花筒烹饪,millstone/string_from_black_wool.json,线(minecraft:string),3,石磨,黑色羊毛(minecraft:black_wool),,,,,原始(统一基准),
万花筒烹饪,millstone/string_from_blue_wool.json,线(minecraft:string),3,石磨,蓝色羊毛(minecraft:blue_wool),,,,,原始(统一基准),
万花筒烹饪,millstone/string_from_brown_wool.json,线(minecraft:string),3,石磨,棕色羊毛(minecraft:brown_wool),,,,,原始(统一基准),
万花筒烹饪,millstone/string_from_cyan_wool.json,线(minecraft:string),3,石磨,青色羊毛(minecraft:cyan_wool),,,,,原始(统一基准),
万花筒烹饪,millstone/string_from_gray_wool.json,线(minecraft:string),3,石磨,灰色羊毛(minecraft:gray_wool),,,,,原始(统一基准),
万花筒烹饪,millstone/string_from_green_wool.json,线(minecraft:string),3,石磨,绿色羊毛(minecraft:green_wool),,,,,原始(统一基准),
万花筒烹饪,millstone/string_from_light_blue_wool.json,线(minecraft:string),3,石磨,淡蓝色羊毛(minecraft:light_blue_wool),,,,,原始(统一基准),
万花筒烹饪,millstone/string_from_light_gray_wool.json,线(minecraft:string),3,石磨,淡灰色羊毛(minecraft:light_gray_wool),,,,,原始(统一基准),
万花筒烹饪,millstone/string_from_lime_wool.json,线(minecraft:string),3,石磨,黄绿色羊毛(minecraft:lime_wool),,,,,原始(统一基准),
万花筒烹饪,millstone/string_from_magenta_wool.json,线(minecraft:string),3,石磨,品红色羊毛(minecraft:magenta_wool),,,,,原始(统一基准),
万花筒烹饪,millstone/string_from_orange_wool.json,线(minecraft:string),3,石磨,橙色羊毛(minecraft:orange_wool),,,,,原始(统一基准),
万花筒烹饪,millstone/string_from_pink_wool.json,线(minecraft:string),3,石磨,粉红色羊毛(minecraft:pink_wool),,,,,原始(统一基准),
万花筒烹饪,millstone/string_from_purple_wool.json,线(minecraft:string),3,石磨,紫色羊毛(minecraft:purple_wool),,,,,原始(统一基准),
万花筒烹饪,millstone/string_from_red_wool.json,线(minecraft:string),3,石磨,红色羊毛(minecraft:red_wool),,,,,原始(统一基准),
万花筒烹饪,millstone/string_from_white_wool.json,线(minecraft:string),3,石磨,白色羊毛(minecraft:white_wool),,,,,原始(统一基准),
万花筒烹饪,millstone/string_from_yellow_wool.json,线(minecraft:string),3,石磨,黄色羊毛(minecraft:yellow_wool),,,,,原始(统一基准),
万花筒烹饪,millstone/emerald_from_deepslate_emerald_ore.json,绿宝石(minecraft:emerald),2,石磨,深层绿宝石矿石(minecraft:deepslate_emerald_ore),,,,,原始(统一基准),
万花筒烹饪,millstone/emerald_from_emerald_ore.json,绿宝石(minecraft:emerald),2,石磨,绿宝石矿石(minecraft:emerald_ore),,,,,原始(统一基准),
万花筒烹饪,millstone/green_dye_from_cactus.json,绿色染料(minecraft:green_dye),2,石磨,仙人掌(minecraft:cactus),,,,,原始(统一基准),
万花筒烹饪,millstone/green_dye_from_fern.json,绿色染料(minecraft:green_dye),1,石磨,蕨(minecraft:fern),,,,,原始(统一基准),
万花筒烹饪,millstone/green_dye_from_large_fern.json,绿色染料(minecraft:green_dye),3,石磨,大型蕨(minecraft:large_fern),,,,,原始(统一基准),
万花筒烹饪,millstone/blue_dye_from_cornflower.json,蓝色染料(minecraft:blue_dye),2,石磨,矢车菊(minecraft:cornflower),,,,,原始(统一基准),
万花筒烹饪,millstone/gold_nugget_from_gilded_blackstone.json,金粒(minecraft:gold_nugget),3,石磨,镶金黑石(minecraft:gilded_blackstone),,,,,原始(统一基准),
万花筒烹饪,millstone/gold_nugget_from_nether_gold_ore.json,金粒(minecraft:gold_nugget),5,石磨,下界金矿石(minecraft:nether_gold_ore),,,,,原始(统一基准),
万花筒烹饪,millstone/diamond_from_deepslate_diamond_ore.json,钻石(minecraft:diamond),2,石磨,深层钻石矿石(minecraft:deepslate_diamond_ore),,,,,原始(统一基准),
万花筒烹饪,millstone/diamond_from_diamond_ore.json,钻石(minecraft:diamond),2,石磨,钻石矿石(minecraft:diamond_ore),,,,,原始(统一基准),
万花筒烹饪,millstone/cyan_dye_from_pitcher_plant.json,青色染料(minecraft:cyan_dye),2,石磨,瓶子草(minecraft:pitcher_plant),,,,,原始(统一基准),
万花筒烹饪,millstone/lapis_lazuli_from_deepslate_lapis_ore.json,青金石(minecraft:lapis_lazuli),7,石磨,深层青金石矿石(minecraft:deepslate_lapis_ore),,,,,原始(统一基准),
万花筒烹饪,millstone/lapis_lazuli_from_lapis_ore.json,青金石(minecraft:lapis_lazuli),7,石磨,青金石矿石(minecraft:lapis_ore),,,,,原始(统一基准),
万花筒烹饪,millstone/flour_from_wheat.json,面粉(kaleidoscope_cookery:flour),1,石磨,小麦(minecraft:wheat),,,,,原始(统一基准),
万花筒烹饪,millstone/bone_meal_from_bone.json,骨粉(minecraft:bone_meal),5,石磨,骨头(minecraft:bone),,,,,原始(统一基准),
万花筒烹饪,millstone/yellow_dye_from_dandelion.json,黄色染料(minecraft:yellow_dye),2,石磨,蒲公英(minecraft:dandelion),,,,,原始(统一基准),
万花筒烹饪,millstone/yellow_dye_from_sunflower.json,黄色染料(minecraft:yellow_dye),3,石磨,向日葵(minecraft:sunflower),,,,,原始(统一基准),
万花筒烹饪,millstone/black_dye_from_wither_rose.json,黑色染料(minecraft:black_dye),2,石磨,凋灵玫瑰(minecraft:wither_rose),,,,,原始(统一基准),
万花筒烹饪,chopping_board/sashimi_from_cod.json,刺身(kaleidoscope_cookery:sashimi),2,菜板,生鳕鱼(minecraft:cod),切 4 刀,1,1.0,,原始(统一基准),
万花筒烹饪,chopping_board/sashimi_from_salmon.json,刺身(kaleidoscope_cookery:sashimi),2,菜板,生鲑鱼(minecraft:salmon),切 4 刀,1,1.0,,原始(统一基准),
万花筒烹饪,chopping_board/sashimi_from_tropical_fish.json,刺身(kaleidoscope_cookery:sashimi),2,菜板,热带鱼(minecraft:tropical_fish),切 4 刀,1,1.0,,原始(统一基准),
农夫乐事(万花筒机器),chopping_board/add/pumpkin_slice.json,南瓜片(farmersdelight:pumpkin_slice),4,菜板,南瓜(minecraft:pumpkin),切 4 刀,3,1.8,,新增(万花筒机器),用万花筒机器制作农夫乐事菜品
农夫乐事(万花筒机器),chopping_board/add/cabbage_leaf.json,卷心菜叶(farmersdelight:cabbage_leaf),2,菜板,卷心菜(farmersdelight:cabbage),切 7 刀,1,0.8,,新增(万花筒机器),用万花筒机器制作农夫乐事菜品
农夫乐事(万花筒机器),chopping_board/add/chocolate_pie_slice.json,巧克力派切片(farmersdelight:chocolate_pie_slice),4,菜板,巧克力派(farmersdelight:chocolate_pie),切 2 刀,,,,新增(万花筒机器),用万花筒机器制作农夫乐事菜品
农夫乐事(万花筒机器),chopping_board/add/kelp_roll_slice.json,海带寿司(farmersdelight:kelp_roll_slice),3,菜板,海带寿司卷(farmersdelight:kelp_roll),切 2 刀,6,6.0,,新增(万花筒机器),用万花筒机器制作农夫乐事菜品
万花筒烹饪,chopping_board/cooked_pork_belly.json,熟五花肉(kaleidoscope_cookery:cooked_pork_belly),2,菜板,熟猪排(minecraft:cooked_porkchop),切 4 刀,4,6.4,,原始(统一基准),
万花筒烹饪,chopping_board/cooked_cut_small_meats_from_chicken.json,熟切制小肉(kaleidoscope_cookery:cooked_cut_small_meats),2,菜板,熟鸡肉(minecraft:cooked_chicken),切 4 刀,4,6.4,,原始(统一基准),
万花筒烹饪,chopping_board/cooked_cut_small_meats_from_rabbit.json,熟切制小肉(kaleidoscope_cookery:cooked_cut_small_meats),2,菜板,熟兔肉(minecraft:cooked_rabbit),切 4 刀,4,6.4,,原始(统一基准),
万花筒烹饪,chopping_board/cooked_cow_offal.json,熟牛杂(kaleidoscope_cookery:cooked_cow_offal),2,菜板,牛排(minecraft:cooked_beef),切 4 刀,4,6.4,,原始(统一基准),
万花筒烹饪,chopping_board/cooked_lamb_chops.json,熟羊排(kaleidoscope_cookery:cooked_lamb_chops),2,菜板,熟羊肉(minecraft:cooked_mutton),切 4 刀,3,4.8,,原始(统一基准),
农夫乐事(万花筒机器),chopping_board/add/sweet_berry_cheesecake_slice.json,甜浆果芝士派切片(farmersdelight:sweet_berry_cheesecake_slice),4,菜板,甜浆果芝士派(farmersdelight:sweet_berry_cheesecake),切 2 刀,,,,新增(万花筒机器),用万花筒机器制作农夫乐事菜品
万花筒烹饪,chopping_board/raw_pork_belly.json,生五花肉(kaleidoscope_cookery:raw_pork_belly),2,菜板,生猪排(minecraft:porkchop),切 4 刀,2,1.2,,原始(统一基准),
万花筒烹饪,chopping_board/raw_cut_small_meats_from_chicken.json,生切制小肉(kaleidoscope_cookery:raw_cut_small_meats),2,菜板,生鸡肉(minecraft:chicken),切 4 刀,2,1.2,,原始(统一基准),
万花筒烹饪,chopping_board/raw_cut_small_meats_from_rabbit.json,生切制小肉(kaleidoscope_cookery:raw_cut_small_meats),2,菜板,生兔肉(minecraft:rabbit),切 4 刀,2,1.2,,原始(统一基准),
万花筒烹饪,chopping_board/raw_cow_offal.json,生牛杂(kaleidoscope_cookery:raw_cow_offal),2,菜板,生牛肉(minecraft:beef),切 4 刀,2,1.2,,原始(统一基准),
万花筒烹饪,chopping_board/raw_lamb_chops.json,生羊排(kaleidoscope_cookery:raw_lamb_chops),2,菜板,生羊肉(minecraft:mutton),切 4 刀,1,1.0,,原始(统一基准),
万花筒烹饪,chopping_board/raw_noodles_from_raw_dough.json,生面条(kaleidoscope_cookery:raw_noodles),2,菜板,面团(#c:dough),切 4 刀,,,,原始(统一基准),
农夫乐事(万花筒机器),chopping_board/add/apple_pie_slice.json,苹果派切片(farmersdelight:apple_pie_slice),4,菜板,苹果派(farmersdelight:apple_pie),切 2 刀,,,,新增(万花筒机器),用万花筒机器制作农夫乐事菜品
农夫乐事(万花筒机器),chopping_board/add/cake_slice.json,蛋糕切片(farmersdelight:cake_slice),7,菜板,蛋糕(minecraft:cake),切 2 刀,2,0.4,速度 20秒,新增(万花筒机器),用万花筒机器制作农夫乐事菜品
万花筒烹饪,chopping_board/bone_from_cod.json,骨头(minecraft:bone),2,菜板,熟鳕鱼(minecraft:cooked_cod),切 4 刀,,,,原始(统一基准),
万花筒烹饪,chopping_board/bone_from_salmon.json,骨头(minecraft:bone),2,菜板,熟鲑鱼(minecraft:cooked_salmon),切 4 刀,,,,原始(统一基准),
万花筒烹饪,teapot/oolong.json,乌龙茶(kaleidoscope_cookery:oolong),1,茶壶,龙息(minecraft:dragon_breath),240 刻; 茶底:水(minecraft:water),,,,原始(统一基准),
万花筒烹饪,teapot/barley_tea.json,大麦茶(kaleidoscope_cookery:barley_tea),1,茶壶,小麦种子(minecraft:wheat_seeds),240 刻; 茶底:水(minecraft:water),,,,原始(统一基准),
万花筒烹饪,teapot/sakura_fubuki.json,樱吹雪(kaleidoscope_cookery:sakura_fubuki),1,茶壶,粉红色花瓣(minecraft:pink_petals),240 刻; 茶底:水(minecraft:water),,,,原始(统一基准),
万花筒烹饪,teapot/biluochun.json,碧螺春(kaleidoscope_cookery:biluochun),1,茶壶,鹦鹉螺壳(minecraft:nautilus_shell),240 刻; 茶底:水(minecraft:water),,,,原始(统一基准),
万花筒烹饪,teapot/flower_tea.json,花茶(kaleidoscope_cookery:flower_tea),1,茶壶,小花(#minecraft:small_flowers),240 刻; 茶底:水(minecraft:water),,,,原始(统一基准),
万花筒烹饪,teapot/tieguanyin.json,铁观音(kaleidoscope_cookery:tieguanyin),1,茶壶,铁粒(minecraft:iron_nugget),240 刻; 茶底:水(minecraft:water),,,,原始(统一基准),
万花筒烹饪,steamer/baozi.json,包子(kaleidoscope_cookery:baozi),1,蒸笼,裹馅面食(kaleidoscope_cookery:stuffed_dough_food),,8,16.0,伤害吸收 1分20秒,原始(统一基准),
万花筒烹饪,steamer/bamboo_tube_rice.json,熟竹筒饭(kaleidoscope_cookery:bamboo_tube_rice),1,蒸笼,生竹筒饭(kaleidoscope_cookery:raw_bamboo_tube_rice),,10,10.0,,原始(统一基准),
万花筒烹饪,steamer/qingtuan.json,青团(kaleidoscope_cookery:qingtuan),1,蒸笼,粘液球(minecraft:slime_ball),,5,6.0,,原始(统一基准),
万花筒烹饪,steamer/mantou.json,馒头(kaleidoscope_cookery:mantou),1,蒸笼,面团(#c:dough),,6,10.8,,原始(统一基准),
万花筒烹饪,scramble_egg_with_tomatoes_rice_bowl.json,番茄炒蛋盖饭(kaleidoscope_cookery:scramble_egg_with_tomatoes_rice_bowl),1,盖饭(饭碗),番茄炒蛋(kaleidoscope_cookery:scramble_egg_with_tomatoes),,14,18.0,饱腹代偿 3分,原始(统一基准),
万花筒烹饪,sweet_and_sour_pork_rice_bowl.json,糖醋里脊盖饭(kaleidoscope_cookery:sweet_and_sour_pork_rice_bowl),1,盖饭(饭碗),糖醋里脊(kaleidoscope_cookery:sweet_and_sour_pork),,14,18.0,饱腹代偿 3分,原始(统一基准),
万花筒烹饪,braised_beef_rice_bowl.json,红烧牛肉盖饭(kaleidoscope_cookery:braised_beef_rice_bowl),1,盖饭(饭碗),红烧牛肉(kaleidoscope_cookery:braised_beef),,14,18.0,饱腹代偿 3分,原始(统一基准),
万花筒烹饪,stir_fried_pork_with_peppers_rice_bowl.json,青椒炒肉盖饭(kaleidoscope_cookery:stir_fried_pork_with_peppers_rice_bowl),1,盖饭(饭碗),青椒炒肉(kaleidoscope_cookery:stir_fried_pork_with_peppers),,14,18.0,饱腹代偿 3分,原始(统一基准),
万花筒烹饪,fish_flavored_shredded_pork_rice_bowl.json,鱼香肉丝盖饭(kaleidoscope_cookery:fish_flavored_shredded_pork_rice_bowl),1,盖饭(饭碗),鱼香肉丝(kaleidoscope_cookery:fish_flavored_shredded_pork),,14,18.0,饱腹代偿 3分,原始(统一基准),
万花筒烹饪,baozi_plate.json,一盘包子(kaleidoscope_cookery:baozi_plate),1,工作台,包子(kaleidoscope_cookery:baozi) + 包子(kaleidoscope_cookery:baozi) + 包子(kaleidoscope_cookery:baozi) + 包子(kaleidoscope_cookery:baozi) + 包子(kaleidoscope_cookery:baozi) + 碗(minecraft:bowl),,,,,原始(统一基准),
万花筒烹饪,shengjian_mantou_plate.json,一盘水煎包(kaleidoscope_cookery:shengjian_mantou_plate),1,工作台,水煎包(kaleidoscope_cookery:shengjian_mantou) + 水煎包(kaleidoscope_cookery:shengjian_mantou) + 水煎包(kaleidoscope_cookery:shengjian_mantou) + 水煎包(kaleidoscope_cookery:shengjian_mantou) + 水煎包(kaleidoscope_cookery:shengjian_mantou) + 碗(minecraft:bowl),,,,,原始(统一基准),
万花筒烹饪,sticky_candy_plate.json,一盘牛皮糖(kaleidoscope_cookery:sticky_candy_plate),1,工作台,牛皮糖(kaleidoscope_cookery:sticky_candy) + 牛皮糖(kaleidoscope_cookery:sticky_candy) + 牛皮糖(kaleidoscope_cookery:sticky_candy) + 牛皮糖(kaleidoscope_cookery:sticky_candy) + 碗(minecraft:bowl),,,,,原始(统一基准),
万花筒烹饪,zongzi_plate.json,一盘粽子(kaleidoscope_cookery:zongzi_plate),1,工作台,熟粽子(kaleidoscope_cookery:zongzi) + 熟粽子(kaleidoscope_cookery:zongzi) + 熟粽子(kaleidoscope_cookery:zongzi) + 熟粽子(kaleidoscope_cookery:zongzi) + 碗(minecraft:bowl),,,,,原始(统一基准),
万花筒烹饪,sticky_rice_cake_plate.json,一盘糍粑(kaleidoscope_cookery:sticky_rice_cake_plate),1,工作台,糍粑(kaleidoscope_cookery:sticky_rice_cake) + 糍粑(kaleidoscope_cookery:sticky_rice_cake) + 糍粑(kaleidoscope_cookery:sticky_rice_cake) + 糍粑(kaleidoscope_cookery:sticky_rice_cake) + 糍粑(kaleidoscope_cookery:sticky_rice_cake) + 碗(minecraft:bowl),,,,,原始(统一基准),
万花筒烹饪,qingtuan_plate.json,一盘青团(kaleidoscope_cookery:qingtuan_plate),1,工作台,青团(kaleidoscope_cookery:qingtuan) + 青团(kaleidoscope_cookery:qingtuan) + 青团(kaleidoscope_cookery:qingtuan) + 青团(kaleidoscope_cookery:qingtuan) + 碗(minecraft:bowl),,,,,原始(统一基准),
农夫乐事,nether_salad.json,下界沙拉(farmersdelight:nether_salad),1,工作台,绯红菌(minecraft:crimson_fungus) + 诡异菌(minecraft:warped_fungus) + 碗(minecraft:bowl),,5,4.0,反胃 12秒(30%),原始,
万花筒烹饪,nether_style_sashimi.json,下界风味刺身(kaleidoscope_cookery:nether_style_sashimi),1,工作台,绯红菌(minecraft:crimson_fungus) + 诡异菌(minecraft:warped_fungus) + 刺身(kaleidoscope_cookery:sashimi) + 刺身(kaleidoscope_cookery:sashimi) + 刺身(kaleidoscope_cookery:sashimi) + 刺身(kaleidoscope_cookery:sashimi) + 碗(minecraft:bowl),,16,6.0,芥末 5分,原始(统一基准),
万花筒烹饪,cook_stool_jungle.json,丛林木厨娘凳(kaleidoscope_cookery:cook_stool_jungle),1,工作台,丛林木板(minecraft:jungle_planks)×5,,,,,原始(统一基准),
万花筒烹饪,chair_jungle.json,丛林木椅子(kaleidoscope_cookery:chair_jungle),1,工作台,丛林木栅栏(minecraft:jungle_fence)×3 + 丛林木台阶(minecraft:jungle_slab)×3,,,,,原始(统一基准),
农夫乐事,jungle_cabinet.json,丛林木橱柜(farmersdelight:jungle_cabinet),1,工作台,丛林木台阶(minecraft:jungle_slab)×6 + 丛林木活板门(minecraft:jungle_trapdoor)×2,,,,,原始,
万花筒烹饪,table_jungle.json,丛林木餐桌(kaleidoscope_cookery:table_jungle),1,工作台,丛林木台阶(minecraft:jungle_slab)×3 + 丛林木栅栏(minecraft:jungle_fence)×2,,,,,原始(统一基准),
农夫乐事,book_from_canvas.json,书(minecraft:book),1,工作台,纸(minecraft:paper) + 纸(minecraft:paper) + 纸(minecraft:paper) + 粗布(farmersdelight:canvas),,,,,原始,
万花筒烹饪,cook_stool_spruce.json,云杉木厨娘凳(kaleidoscope_cookery:cook_stool_spruce),1,工作台,云杉木板(minecraft:spruce_planks)×5,,,,,原始(统一基准),
万花筒烹饪,chair_spruce.json,云杉木椅子(kaleidoscope_cookery:chair_spruce),1,工作台,云杉木栅栏(minecraft:spruce_fence)×3 + 云杉木台阶(minecraft:spruce_slab)×3,,,,,原始(统一基准),
农夫乐事,spruce_cabinet.json,云杉木橱柜(farmersdelight:spruce_cabinet),1,工作台,云杉木台阶(minecraft:spruce_slab)×6 + 云杉木活板门(minecraft:spruce_trapdoor)×2,,,,,原始,
万花筒烹饪,table_spruce.json,云杉木餐桌(kaleidoscope_cookery:table_spruce),1,工作台,云杉木台阶(minecraft:spruce_slab)×3 + 云杉木栅栏(minecraft:spruce_fence)×2,,,,,原始(统一基准),
万花筒烹饪,farmer_chest_plate.json,农夫围裙(kaleidoscope_cookery:farmer_chest_plate),1,工作台,铁锭(#c:ingots/iron)×2 + 皮革(minecraft:leather)×6,,,,,原始(统一基准),
万花筒烹饪,farmer_boots.json,农夫皮靴(kaleidoscope_cookery:farmer_boots),1,工作台,铁锭(#c:ingots/iron)×2 + 皮革(minecraft:leather)×2,,,,,原始(统一基准),
万花筒烹饪,farmer_leggings.json,农夫长裤(kaleidoscope_cookery:farmer_leggings),1,工作台,皮革(minecraft:leather)×6 + 铁锭(#c:ingots/iron),,,,,原始(统一基准),
万花筒烹饪,cold_cut_ham_slices.json,冷切火腿片(kaleidoscope_cookery:cold_cut_ham_slices),1,工作台,熟五花肉(kaleidoscope_cookery:cooked_pork_belly) + 熟五花肉(kaleidoscope_cookery:cooked_pork_belly) + 熟五花肉(kaleidoscope_cookery:cooked_pork_belly) + 熟五花肉(kaleidoscope_cookery:cooked_pork_belly) + 熟五花肉(kaleidoscope_cookery:cooked_pork_belly) + 熟五花肉(kaleidoscope_cookery:cooked_pork_belly) + 熟五花肉(kaleidoscope_cookery:cooked_pork_belly) + 熟五花肉(kaleidoscope_cookery:cooked_pork_belly) + 碗(minecraft:bowl),,4,6.4,,原始(统一基准),
万花筒烹饪,cold_roasted_meat.json,冷肉炙(kaleidoscope_cookery:cold_roasted_meat),1,工作台,牛排(minecraft:cooked_beef) + 牛排(minecraft:cooked_beef) + 牛排(minecraft:cooked_beef) + 碗(minecraft:bowl),,16,25.6,,原始(统一基准),
农夫乐事,pumpkin_from_slices.json,南瓜(minecraft:pumpkin),1,工作台,南瓜片(farmersdelight:pumpkin_slice)×4,,,,,原始,
农夫乐事,pumpkin_pie_from_pie_crust.json,南瓜派(minecraft:pumpkin_pie),2,工作台,南瓜片(farmersdelight:pumpkin_slice)×4 + 蛋(#c:eggs) + 糖(minecraft:sugar) + 馅饼酥皮(farmersdelight:pie_crust),,,,,原始,
农夫乐事,pumpkin_pie_from_slices.json,南瓜派(minecraft:pumpkin_pie),1,工作台,南瓜派切片(farmersdelight:pumpkin_pie_slice)×4,,,,,原始,
农夫乐事,pumpkin_seeds_from_slice.json,南瓜种子(minecraft:pumpkin_seeds),1,工作台,南瓜片(farmersdelight:pumpkin_slice),,,,,原始,
农夫乐事,cabbage.json,卷心菜(farmersdelight:cabbage),9,工作台,箱装卷心菜(farmersdelight:cabbage_crate),,2,1.6,,原始,
农夫乐事,cabbage_from_leaves.json,卷心菜(farmersdelight:cabbage),1,工作台,卷心菜叶(farmersdelight:cabbage_leaf) + 卷心菜叶(farmersdelight:cabbage_leaf),,2,1.6,,原始,
万花筒烹饪,kitchenware_racks.json,厨具架(kaleidoscope_cookery:kitchenware_racks),1,工作台,木棍(minecraft:stick)×3 + 铁锭(#c:ingots/iron)×2 + 铁粒(#c:nuggets/iron),,,,,原始(统一基准),
农夫乐事,cooking_pot.json,厨锅(farmersdelight:cooking_pot),1,工作台,红砖(minecraft:brick)×2 + 木锹(minecraft:wooden_shovel) + 铁锭(#c:ingots/iron)×5 + 水桶(#c:buckets/water),,,,,原始,
农夫乐事,magenta_canvas_sign.json,品红色粗布告示牌(farmersdelight:magenta_canvas_sign),1,工作台,帆布告示牌(#farmersdelight:canvas_signs) + 品红色染料(#c:dyes/magenta),,,,,原始,
万花筒烹饪,trash_can.json,垃圾桶(kaleidoscope_cookery:trash_can),1,工作台,铁锭(#c:ingots/iron)×8 + 堆肥桶(minecraft:composter),,,,,原始(统一基准),
农夫乐事,bacon_sandwich.json,培根三明治(farmersdelight:bacon_sandwich),1,工作台,面包(#c:foods/bread) + 熟培根(#c:foods/cooked_bacon) + 绿叶菜(#c:foods/leafy_green) + 番茄(#c:crops/tomato),,10,16.0,,原始,
农夫乐事,bacon_and_eggs.json,培根蛋(farmersdelight:bacon_and_eggs),1,工作台,熟培根(#c:foods/cooked_bacon) + 熟培根(#c:foods/cooked_bacon) + 碗(minecraft:bowl) + 熟蛋(#c:foods/cooked_egg) + 熟蛋(#c:foods/cooked_egg),,10,12.0,营养 1分,原始,
农夫乐事,stuffed_potato.json,填馅马铃薯(farmersdelight:stuffed_potato),1,工作台,烤马铃薯(minecraft:baked_potato) + 熟牛肉(#c:foods/cooked_beef) + 奶(#c:drinks/milk),,10,14.0,,原始,
农夫乐事,egg_sandwich.json,夹蛋三明治(farmersdelight:egg_sandwich),1,工作台,面包(#c:foods/bread) + 熟蛋(#c:foods/cooked_egg) + 熟蛋(#c:foods/cooked_egg),,8,12.8,,原始,
农夫乐事,milk_bucket_from_bottles.json,奶桶(minecraft:milk_bucket),1,工作台,桶(minecraft:bucket) + 奶瓶(farmersdelight:milk_bottle) + 奶瓶(farmersdelight:milk_bottle) + 奶瓶(farmersdelight:milk_bottle) + 奶瓶(farmersdelight:milk_bottle),,,,,原始,
农夫乐事,milk_bottle.json,奶瓶(farmersdelight:milk_bottle),4,工作台,奶桶(minecraft:milk_bucket) + 玻璃瓶(minecraft:glass_bottle) + 玻璃瓶(minecraft:glass_bottle) + 玻璃瓶(minecraft:glass_bottle) + 玻璃瓶(minecraft:glass_bottle),,,,,原始,
万花筒烹饪,transmutation_lunch_bag.json,嬗变饭袋(kaleidoscope_cookery:transmutation_lunch_bag),1,工作台,皮革(minecraft:leather)×6 + 下界之星(minecraft:nether_star),,,,,原始(统一基准),
农夫乐事,safety_net.json,安全网(farmersdelight:safety_net),1,工作台,绳子(farmersdelight:rope)×4,,,,,原始,
万花筒烹饪,cold_style_sashimi.json,寒带风味刺身(kaleidoscope_cookery:cold_style_sashimi),1,工作台,雪球(minecraft:snowball) + 雪球(minecraft:snowball) + 雪球(minecraft:snowball) + 刺身(kaleidoscope_cookery:sashimi) + 刺身(kaleidoscope_cookery:sashimi) + 刺身(kaleidoscope_cookery:sashimi) + 刺身(kaleidoscope_cookery:sashimi) + 碗(minecraft:bowl),,16,6.0,芥末 5分,原始(统一基准),
农夫乐事,rice_roll_medley_block.json,寿司拼盘(farmersdelight:rice_roll_medley_block),1,工作台,海带寿司(farmersdelight:kelp_roll_slice) + 海带寿司(farmersdelight:kelp_roll_slice) + 海带寿司(farmersdelight:kelp_roll_slice) + 鲑鱼寿司(farmersdelight:salmon_roll) + 鲑鱼寿司(farmersdelight:salmon_roll) + 鲑鱼寿司(farmersdelight:salmon_roll) + 鳕鱼寿司(farmersdelight:cod_roll) + 碗(minecraft:bowl) + 鳕鱼寿司(farmersdelight:cod_roll),,,,,原始,
农夫乐事,chocolate_pie.json,巧克力派(farmersdelight:chocolate_pie),1,工作台,可可豆(minecraft:cocoa_beans)×3 + 奶(#c:drinks/milk)×3 + 糖(minecraft:sugar)×2 + 馅饼酥皮(farmersdelight:pie_crust),,,,,原始,
农夫乐事,chocolate_pie_from_slices.json,巧克力派(farmersdelight:chocolate_pie),1,工作台,巧克力派切片(farmersdelight:chocolate_pie_slice)×4,,,,,原始,
农夫乐事,magenta_hanging_canvas_sign.json,悬挂式品红色粗布告示牌(farmersdelight:magenta_hanging_canvas_sign),1,工作台,悬挂帆布告示牌(#farmersdelight:hanging_canvas_signs) + 品红色染料(#c:dyes/magenta),,,,,原始,
农夫乐事,brown_hanging_canvas_sign.json,悬挂式棕色粗布告示牌(farmersdelight:brown_hanging_canvas_sign),1,工作台,悬挂帆布告示牌(#farmersdelight:hanging_canvas_signs) + 棕色染料(#c:dyes/brown),,,,,原始,
农夫乐事,orange_hanging_canvas_sign.json,悬挂式橙色粗布告示牌(farmersdelight:orange_hanging_canvas_sign),1,工作台,悬挂帆布告示牌(#farmersdelight:hanging_canvas_signs) + 橙色染料(#c:dyes/orange),,,,,原始,
农夫乐事,light_gray_hanging_canvas_sign.json,悬挂式淡灰色粗布告示牌(farmersdelight:light_gray_hanging_canvas_sign),1,工作台,悬挂帆布告示牌(#farmersdelight:hanging_canvas_signs) + 淡灰色染料(#c:dyes/light_gray),,,,,原始,
农夫乐事,light_blue_hanging_canvas_sign.json,悬挂式淡蓝色粗布告示牌(farmersdelight:light_blue_hanging_canvas_sign),1,工作台,悬挂帆布告示牌(#farmersdelight:hanging_canvas_signs) + 淡蓝色染料(#c:dyes/light_blue),,,,,原始,
农夫乐事,gray_hanging_canvas_sign.json,悬挂式灰色粗布告示牌(farmersdelight:gray_hanging_canvas_sign),1,工作台,悬挂帆布告示牌(#farmersdelight:hanging_canvas_signs) + 灰色染料(#c:dyes/gray),,,,,原始,
农夫乐事,white_hanging_canvas_sign.json,悬挂式白色粗布告示牌(farmersdelight:white_hanging_canvas_sign),1,工作台,悬挂帆布告示牌(#farmersdelight:hanging_canvas_signs) + 白色染料(#c:dyes/white),,,,,原始,
农夫乐事,pink_hanging_canvas_sign.json,悬挂式粉红色粗布告示牌(farmersdelight:pink_hanging_canvas_sign),1,工作台,悬挂帆布告示牌(#farmersdelight:hanging_canvas_signs) + 粉红色染料(#c:dyes/pink),,,,,原始,
农夫乐事,hanging_canvas_sign.json,悬挂式粗布告示牌(farmersdelight:hanging_canvas_sign),6,工作台,锁链(minecraft:chain)×2 + 原木(#minecraft:logs)×4 + 粗布(farmersdelight:canvas)×2,,,,,原始,
农夫乐事,purple_hanging_canvas_sign.json,悬挂式紫色粗布告示牌(farmersdelight:purple_hanging_canvas_sign),1,工作台,悬挂帆布告示牌(#farmersdelight:hanging_canvas_signs) + 紫色染料(#c:dyes/purple),,,,,原始,
农夫乐事,red_hanging_canvas_sign.json,悬挂式红色粗布告示牌(farmersdelight:red_hanging_canvas_sign),1,工作台,悬挂帆布告示牌(#farmersdelight:hanging_canvas_signs) + 红色染料(#c:dyes/red),,,,,原始,
农夫乐事,green_hanging_canvas_sign.json,悬挂式绿色粗布告示牌(farmersdelight:green_hanging_canvas_sign),1,工作台,悬挂帆布告示牌(#farmersdelight:hanging_canvas_signs) + 绿色染料(#c:dyes/green),,,,,原始,
农夫乐事,blue_hanging_canvas_sign.json,悬挂式蓝色粗布告示牌(farmersdelight:blue_hanging_canvas_sign),1,工作台,悬挂帆布告示牌(#farmersdelight:hanging_canvas_signs) + 蓝色染料(#c:dyes/blue),,,,,原始,
农夫乐事,cyan_hanging_canvas_sign.json,悬挂式青色粗布告示牌(farmersdelight:cyan_hanging_canvas_sign),1,工作台,悬挂帆布告示牌(#farmersdelight:hanging_canvas_signs) + 青色染料(#c:dyes/cyan),,,,,原始,
农夫乐事,lime_hanging_canvas_sign.json,悬挂式黄绿色粗布告示牌(farmersdelight:lime_hanging_canvas_sign),1,工作台,悬挂帆布告示牌(#farmersdelight:hanging_canvas_signs) + 黄绿色染料(#c:dyes/lime),,,,,原始,
农夫乐事,yellow_hanging_canvas_sign.json,悬挂式黄色粗布告示牌(farmersdelight:yellow_hanging_canvas_sign),1,工作台,悬挂帆布告示牌(#farmersdelight:hanging_canvas_signs) + 黄色染料(#c:dyes/yellow),,,,,原始,
农夫乐事,black_hanging_canvas_sign.json,悬挂式黑色粗布告示牌(farmersdelight:black_hanging_canvas_sign),1,工作台,悬挂帆布告示牌(#farmersdelight:hanging_canvas_signs) + 黑色染料(#c:dyes/black),,,,,原始,
农夫乐事,lead_from_straw.json,拴绳(minecraft:lead),1,工作台,草秆(farmersdelight:straw)×5,,,,,原始,
万花筒烹饪,enamel_basin.json,搪瓷盆子(kaleidoscope_cookery:enamel_basin),1,工作台,石按钮(minecraft:stone_button) + 重型测重压力板(minecraft:heavy_weighted_pressure_plate) + 桶(minecraft:bucket),,,,,原始(统一基准),
万花筒烹饪,shawarma_spit.json,旋风烤肉塔(kaleidoscope_cookery:shawarma_spit),1,工作台,锁链(minecraft:chain)×4 + 营火(minecraft:campfire)×2,,,,,原始(统一基准),
农夫乐事,organic_compost_from_rotten_flesh.json,有机堆肥(farmersdelight:organic_compost),1,工作台,泥土(minecraft:dirt) + 腐肉(minecraft:rotten_flesh) + 腐肉(minecraft:rotten_flesh) + 草秆(farmersdelight:straw) + 草秆(farmersdelight:straw) + 骨粉(minecraft:bone_meal) + 骨粉(minecraft:bone_meal) + 骨粉(minecraft:bone_meal) + 骨粉(minecraft:bone_meal),,,,,原始,
农夫乐事,organic_compost_from_tree_bark.json,有机堆肥(farmersdelight:organic_compost),1,工作台,泥土(minecraft:dirt) + 草秆(farmersdelight:straw) + 草秆(farmersdelight:straw) + 骨粉(minecraft:bone_meal) + 骨粉(minecraft:bone_meal) + 树皮(farmersdelight:tree_bark) + 树皮(farmersdelight:tree_bark) + 树皮(farmersdelight:tree_bark) + 树皮(farmersdelight:tree_bark),,,,,原始,
农夫乐事,wooden_basket.json,木篮(farmersdelight:wooden_basket),1,工作台,木棍(minecraft:stick)×4 + 粗布(farmersdelight:canvas)×3,,,,,原始,
万花筒烹饪,end_style_sashimi.json,末地风味刺身(kaleidoscope_cookery:end_style_sashimi),1,工作台,紫颂果(minecraft:chorus_fruit) + 紫颂果(minecraft:chorus_fruit) + 紫颂果(minecraft:chorus_fruit) + 刺身(kaleidoscope_cookery:sashimi) + 刺身(kaleidoscope_cookery:sashimi) + 刺身(kaleidoscope_cookery:sashimi) + 刺身(kaleidoscope_cookery:sashimi) + 碗(minecraft:bowl),,16,6.0,芥末 5分,原始(统一基准),
万花筒烹饪,fruit_basket.json,果篮(kaleidoscope_cookery:fruit_basket),1,工作台,木棍(minecraft:stick) + 木板(#minecraft:planks)×5 + 箱子(minecraft:chest),,,,,原始(统一基准),
农夫乐事,brown_canvas_sign.json,棕色粗布告示牌(farmersdelight:brown_canvas_sign),1,工作台,帆布告示牌(#farmersdelight:canvas_signs) + 棕色染料(#c:dyes/brown),,,,,原始,
农夫乐事,tatami.json,榻榻米方块(farmersdelight:tatami),2,工作台,粗布(farmersdelight:canvas)×2 + 草秆(farmersdelight:straw)×2,,,,,原始,
农夫乐事,tatami_block_from_full.json,榻榻米方块(farmersdelight:tatami),1,工作台,长榻榻米垫(farmersdelight:full_tatami_mat) + 长榻榻米垫(farmersdelight:full_tatami_mat),,,,,原始,
万花筒烹饪,recipe_item.json,模组占位物品(kaleidoscope_cookery:recipe_item),1,工作台,纸(minecraft:paper)×4,,,,,原始(统一基准),
万花筒烹饪,cook_stool_cherry.json,樱花木厨娘凳(kaleidoscope_cookery:cook_stool_cherry),1,工作台,樱花木板(minecraft:cherry_planks)×5,,,,,原始(统一基准),
万花筒烹饪,chair_cherry.json,樱花木椅子(kaleidoscope_cookery:chair_cherry),1,工作台,樱花木栅栏(minecraft:cherry_fence)×3 + 樱花木台阶(minecraft:cherry_slab)×3,,,,,原始(统一基准),
农夫乐事,cherry_cabinet.json,樱花木橱柜(farmersdelight:cherry_cabinet),1,工作台,樱花木台阶(minecraft:cherry_slab)×6 + 樱花木活板门(minecraft:cherry_trapdoor)×2,,,,,原始,
万花筒烹饪,table_cherry.json,樱花木餐桌(kaleidoscope_cookery:table_cherry),1,工作台,樱花木台阶(minecraft:cherry_slab)×3 + 樱花木栅栏(minecraft:cherry_fence)×2,,,,,原始(统一基准),
农夫乐事,orange_canvas_sign.json,橙色粗布告示牌(farmersdelight:orange_canvas_sign),1,工作台,帆布告示牌(#farmersdelight:canvas_signs) + 橙色染料(#c:dyes/orange),,,,,原始,
万花筒烹饪,cook_stool_oak.json,橡木厨娘凳(kaleidoscope_cookery:cook_stool_oak),1,工作台,橡木木板(minecraft:oak_planks)×5,,,,,原始(统一基准),
万花筒烹饪,chair_oak.json,橡木椅子(kaleidoscope_cookery:chair_oak),1,工作台,橡木栅栏(minecraft:oak_fence)×3 + 橡木台阶(minecraft:oak_slab)×3,,,,,原始(统一基准),
农夫乐事,oak_cabinet.json,橡木橱柜(farmersdelight:oak_cabinet),1,工作台,橡木台阶(minecraft:oak_slab)×6 + 橡木活板门(minecraft:oak_trapdoor)×2,,,,,原始,
万花筒烹饪,table_oak.json,橡木餐桌(kaleidoscope_cookery:table_oak),1,工作台,橡木台阶(minecraft:oak_slab)×3 + 橡木栅栏(minecraft:oak_fence)×2,,,,,原始(统一基准),
农夫乐事,fruit_salad.json,水果沙拉(farmersdelight:fruit_salad),1,工作台,苹果(minecraft:apple) + 西瓜片(minecraft:melon_slice) + 西瓜片(minecraft:melon_slice) + 浆果(#c:foods/berry) + 浆果(#c:foods/berry) + 南瓜片(farmersdelight:pumpkin_slice) + 碗(minecraft:bowl),,6,7.2,生命恢复 5秒,原始,
农夫乐事,hamburger.json,汉堡包(farmersdelight:hamburger),1,工作台,面包(#c:foods/bread) + 牛肉饼(farmersdelight:beef_patty) + 绿叶菜(#c:foods/leafy_green) + 番茄(#c:crops/tomato) + 洋葱(#c:crops/onion),,11,17.6,,原始,
万花筒烹饪,stockpot.json,汤锅(kaleidoscope_cookery:stockpot),1,工作台,红砖(minecraft:brick)×2 + 铁锭(#c:ingots/iron)×5,,,,,原始(统一基准),
万花筒烹饪,stockpot_lid.json,汤锅盖(kaleidoscope_cookery:stockpot_lid),1,工作台,红砖(minecraft:brick) + 铁锭(#c:ingots/iron)×3,,,,,原始(统一基准),
万花筒烹饪,desert_style_sashimi.json,沙漠风味刺身(kaleidoscope_cookery:desert_style_sashimi),1,工作台,仙人掌(minecraft:cactus) + 仙人掌(minecraft:cactus) + 刺身(kaleidoscope_cookery:sashimi) + 刺身(kaleidoscope_cookery:sashimi) + 刺身(kaleidoscope_cookery:sashimi) + 刺身(kaleidoscope_cookery:sashimi) + 碗(minecraft:bowl),,16,6.0,芥末 5分,原始(统一基准),
万花筒烹饪,oil_pot.json,油壶(kaleidoscope_cookery:oil_pot),1,工作台,重型测重压力板(minecraft:heavy_weighted_pressure_plate) + 桶(minecraft:bucket) + 木棍(minecraft:stick),,,,,原始(统一基准),
万花筒烹饪,oil.json,油脂(kaleidoscope_cookery:oil),9,工作台,油脂块(kaleidoscope_cookery:oil_block),,,,,原始(统一基准),
万花筒烹饪,oil_block.json,油脂块(kaleidoscope_cookery:oil_block),1,工作台,油脂(kaleidoscope_cookery:oil)×9,,,,,原始(统一基准),
农夫乐事,packed_mud_from_straw.json,泥坯(minecraft:packed_mud),2,工作台,草秆(farmersdelight:straw) + 泥巴(minecraft:mud) + 泥巴(minecraft:mud),,,,,原始,
农夫乐事,onion.json,洋葱(farmersdelight:onion),9,工作台,箱装洋葱(farmersdelight:onion_crate),,2,1.6,,原始,
万花筒烹饪,berry_platter.json,浆果拼盘(kaleidoscope_cookery:berry_platter),1,工作台,甜浆果(minecraft:sweet_berries) + 甜浆果(minecraft:sweet_berries) + 甜浆果(minecraft:sweet_berries) + 甜浆果(minecraft:sweet_berries) + 发光浆果(minecraft:glow_berries) + 发光浆果(minecraft:glow_berries) + 发光浆果(minecraft:glow_berries) + 发光浆果(minecraft:glow_berries) + 碗(minecraft:bowl),,,,,原始(统一基准),
农夫乐事,kelp_roll.json,海带寿司卷(farmersdelight:kelp_roll),1,工作台,米饭(kaleidoscope_cookery:cooked_rice)×2 + 胡萝卜(minecraft:carrot) + 干海带(minecraft:dried_kelp)×3,,12,288.0,,已修改(UNITE),原料/产物已统一为万花筒物品
农夫乐事,light_gray_canvas_sign.json,淡灰色粗布告示牌(farmersdelight:light_gray_canvas_sign),1,工作台,帆布告示牌(#farmersdelight:canvas_signs) + 淡灰色染料(#c:dyes/light_gray),,,,,原始,
农夫乐事,light_blue_canvas_sign.json,淡蓝色粗布告示牌(farmersdelight:light_blue_canvas_sign),1,工作台,帆布告示牌(#farmersdelight:canvas_signs) + 淡蓝色染料(#c:dyes/light_blue),,,,,原始,
万花筒烹饪,cook_stool_dark_oak.json,深色橡木厨娘凳(kaleidoscope_cookery:cook_stool_dark_oak),1,工作台,深色橡木木板(minecraft:dark_oak_planks)×5,,,,,原始(统一基准),
万花筒烹饪,chair_dark_oak.json,深色橡木椅子(kaleidoscope_cookery:chair_dark_oak),1,工作台,深色橡木栅栏(minecraft:dark_oak_fence)×3 + 深色橡木台阶(minecraft:dark_oak_slab)×3,,,,,原始(统一基准),
农夫乐事,dark_oak_cabinet.json,深色橡木橱柜(farmersdelight:dark_oak_cabinet),1,工作台,深色橡木台阶(minecraft:dark_oak_slab)×6 + 深色橡木活板门(minecraft:dark_oak_trapdoor)×2,,,,,原始,
万花筒烹饪,table_dark_oak.json,深色橡木餐桌(kaleidoscope_cookery:table_dark_oak),1,工作台,深色橡木台阶(minecraft:dark_oak_slab)×3 + 深色橡木栅栏(minecraft:dark_oak_fence)×2,,,,,原始(统一基准),
农夫乐事,mixed_salad.json,混合沙拉(farmersdelight:mixed_salad),1,工作台,绿叶菜(#c:foods/leafy_green) + 番茄(#c:crops/tomato) + 甜菜根(#c:crops/beetroot) + 碗(minecraft:bowl),,6,7.2,生命恢复 5秒,原始,
农夫乐事,gray_canvas_sign.json,灰色粗布告示牌(farmersdelight:gray_canvas_sign),1,工作台,帆布告示牌(#farmersdelight:canvas_signs) + 灰色染料(#c:dyes/gray),,,,,原始,
农夫乐事,stove.json,炉灶(farmersdelight:stove),1,工作台,铁锭(#c:ingots/iron)×3 + 红砖块(minecraft:bricks)×4 + 营火(minecraft:campfire),,,,,原始,
万花筒烹饪,stove_campfire.json,炉灶(kaleidoscope_cookery:stove),1,工作台,圆石(#c:cobblestones)×8 + 营火(minecraft:campfire),,,,,原始(统一基准),
万花筒烹饪,stove_soul_campfire.json,炉灶(kaleidoscope_cookery:stove),1,工作台,圆石(#c:cobblestones)×8 + 灵魂营火(minecraft:soul_campfire),,,,,原始(统一基准),
万花筒烹饪,pot.json,炒锅(kaleidoscope_cookery:pot),1,工作台,铁锭(#c:ingots/iron)×7,,,,,原始(统一基准),
农夫乐事,roasted_mutton_chops.json,烤羊排(farmersdelight:roasted_mutton_chops),1,工作台,熟羊排(kaleidoscope_cookery:cooked_lamb_chops) + 甜菜根(minecraft:beetroot) + 碗(minecraft:bowl) + 米饭(kaleidoscope_cookery:cooked_rice) + 番茄(#c:crops/tomato),,14,21.0,营养 5分,已修改(UNITE),原料/产物已统一为万花筒物品
农夫乐事,roast_chicken_block.json,烤鸡(farmersdelight:roast_chicken_block),1,工作台,洋葱(#c:crops/onion) + 蛋(#c:eggs) + 面包(#c:foods/bread) + 胡萝卜(#c:crops/carrot) + 熟鸡肉(minecraft:cooked_chicken) + 烤马铃薯(minecraft:baked_potato) + 胡萝卜(#c:crops/carrot) + 碗(minecraft:bowl) + 烤马铃薯(minecraft:baked_potato),,,,,原始,
农夫乐事,barbecue_stick.json,烧烤串(farmersdelight:barbecue_stick),1,工作台,番茄(#c:crops/tomato) + 洋葱(#c:crops/onion) + 熟肉(#c:foods/cooked_meat) + 木棍(minecraft:stick),,8,14.4,,原始,
农夫乐事,skillet.json,煎锅(farmersdelight:skillet),1,工作台,铁锭(#c:ingots/iron)×4 + 红砖(minecraft:brick),,,,,原始,
农夫乐事,flint_knife.json,燧石刀(farmersdelight:flint_knife),1,工作台,燧石(minecraft:flint) + 木棍(minecraft:stick),,,,,原始,
农夫乐事,steak_and_potatoes.json,牛排配马铃薯(farmersdelight:steak_and_potatoes),1,工作台,烤马铃薯(minecraft:baked_potato) + 牛排(minecraft:cooked_beef) + 碗(minecraft:bowl) + 洋葱(#c:crops/onion) + 米饭(kaleidoscope_cookery:cooked_rice),,12,19.2,营养 3分,已修改(UNITE),原料/产物已统一为万花筒物品
农夫乐事,shepherds_pie_block.json,牧羊人派(farmersdelight:shepherds_pie_block),1,工作台,烤马铃薯(minecraft:baked_potato) + 奶(#c:drinks/milk) + 烤马铃薯(minecraft:baked_potato) + 熟羊肉(#c:foods/cooked_mutton) + 熟羊肉(#c:foods/cooked_mutton) + 熟羊肉(#c:foods/cooked_mutton) + 洋葱(#c:crops/onion) + 碗(minecraft:bowl) + 洋葱(#c:crops/onion),,,,,原始,
农夫乐事,sweet_berry_cookie.json,甜浆果曲奇(farmersdelight:sweet_berry_cookie),8,工作台,甜浆果(minecraft:sweet_berries) + 小麦(#c:crops/wheat) + 小麦(#c:crops/wheat),,,,,原始,
农夫乐事,sweet_berry_cheesecake.json,甜浆果芝士派(farmersdelight:sweet_berry_cheesecake),1,工作台,甜浆果(minecraft:sweet_berries)×6 + 奶(#c:drinks/milk)×2 + 馅饼酥皮(farmersdelight:pie_crust),,,,,原始,
农夫乐事,sweet_berry_cheesecake_from_slices.json,甜浆果芝士派(farmersdelight:sweet_berry_cheesecake),1,工作台,甜浆果芝士派切片(farmersdelight:sweet_berry_cheesecake_slice)×4,,,,,原始,
农夫乐事,beetroot_from_crate.json,甜菜根(minecraft:beetroot),9,工作台,箱装甜菜根(farmersdelight:beetroot_crate),,,,,原始,
万花筒烹饪,raw_meatball.json,生丸子(kaleidoscope_cookery:raw_meatball),1,工作台,生肉(#c:raw_meats) + 生肉(#c:raw_meats) + 蔬菜(#c:vegetables),,4,2.4,,原始(统一基准),
万花筒烹饪,raw_bamboo_tube_rice.json,生竹筒饭(kaleidoscope_cookery:raw_bamboo_tube_rice),1,工作台,竹子(minecraft:bamboo) + 稻米(#c:grain/rice) + 生肉(#c:raw_meats),,10,10.0,,原始(统一基准),
万花筒烹饪,raw_zongzi.json,生粽子(kaleidoscope_cookery:raw_zongzi),1,工作台,稻米(kaleidoscope_cookery:rice) + 睡莲(minecraft:lily_pad),,,,,原始(统一基准),
农夫乐事,wheat_dough_from_egg.json,生面团(kaleidoscope_cookery:raw_dough),3,工作台,面粉(kaleidoscope_cookery:flour) + 面粉(kaleidoscope_cookery:flour) + 面粉(kaleidoscope_cookery:flour) + 蛋(#c:eggs),,,,,已修改(UNITE),原料/产物已统一为万花筒物品
农夫乐事,painting_from_canvas.json,画(minecraft:painting),1,工作台,木棍(minecraft:stick)×8 + 粗布(farmersdelight:canvas),,,,,原始,
农夫乐事,tomato.json,番茄(kaleidoscope_cookery:tomato),9,工作台,箱装番茄(farmersdelight:tomato_crate),,2,2.0,,已修改(UNITE),原料/产物已统一为万花筒物品
万花筒烹饪,tomato_platter.json,番茄拼盘(kaleidoscope_cookery:tomato_platter),1,工作台,番茄(kaleidoscope_cookery:tomato) + 番茄(kaleidoscope_cookery:tomato) + 番茄(kaleidoscope_cookery:tomato) + 番茄(kaleidoscope_cookery:tomato) + 番茄(kaleidoscope_cookery:tomato) + 碗(minecraft:bowl),,,,,原始(统一基准),
农夫乐事,tomato_seeds.json,番茄种子(kaleidoscope_cookery:tomato_seed),1,工作台,烂番茄(farmersdelight:rotten_tomato),,,,,已修改(UNITE),原料/产物已统一为万花筒物品
万花筒烹饪,tomato_seed.json,番茄种子(kaleidoscope_cookery:tomato_seed),1,工作台,番茄(kaleidoscope_cookery:tomato),,,,,原始(统一基准),
万花筒烹饪,cook_stool_birch.json,白桦木厨娘凳(kaleidoscope_cookery:cook_stool_birch),1,工作台,白桦木板(minecraft:birch_planks)×5,,,,,原始(统一基准),
万花筒烹饪,chair_birch.json,白桦木椅子(kaleidoscope_cookery:chair_birch),1,工作台,白桦木栅栏(minecraft:birch_fence)×3 + 白桦木台阶(minecraft:birch_slab)×3,,,,,原始(统一基准),
农夫乐事,birch_cabinet.json,白桦木橱柜(farmersdelight:birch_cabinet),1,工作台,白桦木台阶(minecraft:birch_slab)×6 + 白桦木活板门(minecraft:birch_trapdoor)×2,,,,,原始,
万花筒烹饪,table_birch.json,白桦木餐桌(kaleidoscope_cookery:table_birch),1,工作台,白桦木台阶(minecraft:birch_slab)×3 + 白桦木栅栏(minecraft:birch_fence)×2,,,,,原始(统一基准),
农夫乐事,white_canvas_sign.json,白色粗布告示牌(farmersdelight:white_canvas_sign),1,工作台,帆布告示牌(#farmersdelight:canvas_signs) + 白色染料(#c:dyes/white),,,,,原始,
农夫乐事,half_tatami_mat.json,短榻榻米垫(farmersdelight:half_tatami_mat),2,工作台,长榻榻米垫(farmersdelight:full_tatami_mat),,,,,原始,
万花筒烹饪,millstone.json,石磨(kaleidoscope_cookery:millstone),1,工作台,木栅栏(#c:fences/wooden) + 木棍(minecraft:stick) + 砂轮(minecraft:grindstone) + 平滑石头(minecraft:smooth_stone)×3,,,,,原始(统一基准),
农夫乐事,cutting_board.json,砧板(farmersdelight:cutting_board),1,工作台,木棍(minecraft:stick)×2 + 木板(#minecraft:planks)×4,,,,,原始,
农夫乐事,rice_panicle.json,稻穗(kaleidoscope_cookery:rice_panicle),9,工作台,稻穗捆(farmersdelight:rice_bale),,,,,已修改(UNITE),原料/产物已统一为万花筒物品
万花筒烹饪,rice_panicle.json,稻穗(kaleidoscope_cookery:rice_panicle),9,工作台,稻草捆(kaleidoscope_cookery:straw_block),,,,,原始(统一基准),
农夫乐事,rice_bale.json,稻穗捆(farmersdelight:rice_bale),1,工作台,稻穗(kaleidoscope_cookery:rice_panicle)×9,,,,,已修改(UNITE),原料/产物已统一为万花筒物品
农夫乐事,rice_from_bag.json,稻米(kaleidoscope_cookery:rice),9,工作台,袋装稻米(farmersdelight:rice_bag),,,,,已修改(UNITE),原料/产物已统一为万花筒物品
万花筒烹饪,scarecrow.json,稻草人(kaleidoscope_cookery:scarecrow),1,工作台,草帽(#kaleidoscope_cookery:straw_hat) + 木棍(minecraft:stick)×2 + 南瓜(minecraft:pumpkin) + 稻草捆(#kaleidoscope_cookery:straw_bale),,,,,原始(统一基准),
万花筒烹饪,straw_block.json,稻草捆(kaleidoscope_cookery:straw_block),1,工作台,稻穗(kaleidoscope_cookery:rice_panicle)×9,,,,,原始(统一基准),
万花筒烹饪,empty_cup.json,空茶杯(kaleidoscope_cookery:empty_cup),1,工作台,花盆(minecraft:flower_pot),,,,,原始(统一基准),
万花筒烹饪,cook_stool_bamboo.json,竹厨娘凳(kaleidoscope_cookery:cook_stool_bamboo),1,工作台,竹块(minecraft:bamboo_block)×5,,,,,原始(统一基准),
万花筒烹饪,chair_bamboo.json,竹椅子(kaleidoscope_cookery:chair_bamboo),1,工作台,竹块(minecraft:bamboo_block)×3 + 竹台阶(minecraft:bamboo_slab)×3,,,,,原始(统一基准),
农夫乐事,bamboo_cabinet.json,竹橱柜(farmersdelight:bamboo_cabinet),1,工作台,竹台阶(minecraft:bamboo_slab)×6 + 竹活板门(minecraft:bamboo_trapdoor)×2,,,,,原始,
农夫乐事,bamboo_basket.json,竹篮(farmersdelight:bamboo_basket),1,工作台,竹子(minecraft:bamboo)×4 + 粗布(farmersdelight:canvas)×3,,,,,原始,
万花筒烹饪,table_bamboo.json,竹餐桌(kaleidoscope_cookery:table_bamboo),1,工作台,竹台阶(minecraft:bamboo_slab)×3 + 竹块(minecraft:bamboo_block)×2,,,,,原始(统一基准),
农夫乐事,cabbage_crate.json,箱装卷心菜(farmersdelight:cabbage_crate),1,工作台,卷心菜(farmersdelight:cabbage)×9,,,,,原始,
农夫乐事,onion_crate.json,箱装洋葱(farmersdelight:onion_crate),1,工作台,洋葱(farmersdelight:onion)×9,,,,,原始,
农夫乐事,beetroot_crate.json,箱装甜菜根(farmersdelight:beetroot_crate),1,工作台,甜菜根(minecraft:beetroot)×9,,,,,原始,
农夫乐事,tomato_crate.json,箱装番茄(farmersdelight:tomato_crate),1,工作台,番茄(kaleidoscope_cookery:tomato)×9,,,,,已修改(UNITE),原料/产物已统一为万花筒物品
农夫乐事,carrot_crate.json,箱装胡萝卜(farmersdelight:carrot_crate),1,工作台,胡萝卜(minecraft:carrot)×9,,,,,原始,
农夫乐事,potato_crate.json,箱装马铃薯(farmersdelight:potato_crate),1,工作台,马铃薯(minecraft:potato)×9,,,,,原始,
农夫乐事,pink_canvas_sign.json,粉红色粗布告示牌(farmersdelight:pink_canvas_sign),1,工作台,帆布告示牌(#farmersdelight:canvas_signs) + 粉红色染料(#c:dyes/pink),,,,,原始,
农夫乐事,canvas.json,粗布(farmersdelight:canvas),1,工作台,草秆(farmersdelight:straw)×4,,,,,原始,
农夫乐事,canvas_from_canvas_rug.json,粗布(farmersdelight:canvas),1,工作台,粗布毯(farmersdelight:canvas_rug) + 粗布毯(farmersdelight:canvas_rug),,,,,原始,
农夫乐事,canvas_sign.json,粗布告示牌(farmersdelight:canvas_sign),3,工作台,木板(#minecraft:planks)×4 + 粗布(farmersdelight:canvas)×2 + 木棍(minecraft:stick),,,,,原始,
农夫乐事,canvas_rug.json,粗布毯(farmersdelight:canvas_rug),2,工作台,粗布(farmersdelight:canvas),,,,,原始,
农夫乐事,purple_canvas_sign.json,紫色粗布告示牌(farmersdelight:purple_canvas_sign),1,工作台,帆布告示牌(#farmersdelight:canvas_signs) + 紫色染料(#c:dyes/purple),,,,,原始,
万花筒烹饪,chorus_fruit_platter.json,紫颂果拼盘(kaleidoscope_cookery:chorus_fruit_platter),1,工作台,紫颂果(minecraft:chorus_fruit) + 紫颂果(minecraft:chorus_fruit) + 紫颂果(minecraft:chorus_fruit) + 紫颂果(minecraft:chorus_fruit) + 紫颂果(minecraft:chorus_fruit) + 碗(minecraft:bowl),,,,,原始(统一基准),
万花筒烹饪,cook_stool_mangrove.json,红树木厨娘凳(kaleidoscope_cookery:cook_stool_mangrove),1,工作台,红树木板(minecraft:mangrove_planks)×5,,,,,原始(统一基准),
万花筒烹饪,chair_mangrove.json,红树木椅子(kaleidoscope_cookery:chair_mangrove),1,工作台,红树木栅栏(minecraft:mangrove_fence)×3 + 红树木台阶(minecraft:mangrove_slab)×3,,,,,原始(统一基准),
农夫乐事,mangrove_cabinet.json,红树木橱柜(farmersdelight:mangrove_cabinet),1,工作台,红树木台阶(minecraft:mangrove_slab)×6 + 红树木活板门(minecraft:mangrove_trapdoor)×2,,,,,原始,
万花筒烹饪,table_mangrove.json,红树木餐桌(kaleidoscope_cookery:table_mangrove),1,工作台,红树木台阶(minecraft:mangrove_slab)×3 + 红树木栅栏(minecraft:mangrove_fence)×2,,,,,原始(统一基准),
农夫乐事,red_canvas_sign.json,红色粗布告示牌(farmersdelight:red_canvas_sign),1,工作台,帆布告示牌(#farmersdelight:canvas_signs) + 红色染料(#c:dyes/red),,,,,原始,
农夫乐事,paper_from_tree_bark.json,纸(minecraft:paper),1,工作台,树皮(farmersdelight:tree_bark) + 树皮(farmersdelight:tree_bark) + 树皮(farmersdelight:tree_bark),,,,,原始,
万花筒烹饪,cook_stool_crimson.json,绯红木厨娘凳(kaleidoscope_cookery:cook_stool_crimson),1,工作台,绯红木板(minecraft:crimson_planks)×5,,,,,原始(统一基准),
万花筒烹饪,chair_crimson.json,绯红木椅子(kaleidoscope_cookery:chair_crimson),1,工作台,绯红木栅栏(minecraft:crimson_fence)×3 + 绯红木台阶(minecraft:crimson_slab)×3,,,,,原始(统一基准),
农夫乐事,crimson_cabinet.json,绯红木橱柜(farmersdelight:crimson_cabinet),1,工作台,绯红木台阶(minecraft:crimson_slab)×6 + 绯红木活板门(minecraft:crimson_trapdoor)×2,,,,,原始,
万花筒烹饪,table_crimson.json,绯红木餐桌(kaleidoscope_cookery:table_crimson),1,工作台,绯红木台阶(minecraft:crimson_slab)×3 + 绯红木栅栏(minecraft:crimson_fence)×2,,,,,原始(统一基准),
农夫乐事,rope.json,绳子(farmersdelight:rope),4,工作台,草秆(farmersdelight:straw)×2,,,,,原始,
农夫乐事,rope_from_safety_net.json,绳子(farmersdelight:rope),4,工作台,安全网(farmersdelight:safety_net),,,,,原始,
农夫乐事,rope_fence.json,绳栅栏(farmersdelight:rope_fence),3,工作台,绳子(farmersdelight:rope)×4 + 木棍(minecraft:stick)×2,,,,,原始,
农夫乐事,rope_fence_gate.json,绳栅栏门(farmersdelight:rope_fence_gate),1,工作台,木棍(minecraft:stick)×4 + 绳子(farmersdelight:rope)×2,,,,,原始,
农夫乐事,green_canvas_sign.json,绿色粗布告示牌(farmersdelight:green_canvas_sign),1,工作台,帆布告示牌(#farmersdelight:canvas_signs) + 绿色染料(#c:dyes/green),,,,,原始,
万花筒烹饪,straw_hat_flower.json,缀花草帽(kaleidoscope_cookery:straw_hat_flower),1,工作台,花(#minecraft:flowers)×8 + 草帽(kaleidoscope_cookery:straw_hat),,,,,原始(统一基准),
农夫乐事,mutton_wrap.json,羊肉卷饼(farmersdelight:mutton_wrap),1,工作台,面包(#c:foods/bread) + 熟羊肉(#c:foods/cooked_mutton) + 绿叶菜(#c:foods/leafy_green) + 洋葱(#c:crops/onion),,10,16.0,,原始,
农夫乐事,carrot_from_crate.json,胡萝卜(minecraft:carrot),9,工作台,箱装胡萝卜(farmersdelight:carrot_crate),,,,,原始,
农夫乐事,scaffolding_from_canvas.json,脚手架(minecraft:scaffolding),6,工作台,竹子(minecraft:bamboo)×6 + 粗布(farmersdelight:canvas),,,,,原始,
万花筒烹饪,tundra_style_sashimi.json,苔原风味刺身(kaleidoscope_cookery:tundra_style_sashimi),1,工作台,花(#minecraft:flowers) + 花(#minecraft:flowers) + 刺身(kaleidoscope_cookery:sashimi) + 刺身(kaleidoscope_cookery:sashimi) + 刺身(kaleidoscope_cookery:sashimi) + 刺身(kaleidoscope_cookery:sashimi) + 碗(minecraft:bowl),,16,6.0,芥末 5分,原始(统一基准),
万花筒烹饪,apple_platter.json,苹果拼盘(kaleidoscope_cookery:apple_platter),1,工作台,苹果(minecraft:apple) + 苹果(minecraft:apple) + 苹果(minecraft:apple) + 苹果(minecraft:apple) + 碗(minecraft:bowl),,,,,原始(统一基准),
农夫乐事,apple_pie.json,苹果派(farmersdelight:apple_pie),1,工作台,小麦(#c:crops/wheat)×3 + 苹果(minecraft:apple)×3 + 糖(minecraft:sugar)×2 + 馅饼酥皮(farmersdelight:pie_crust),,,,,原始,
农夫乐事,apple_pie_from_slices.json,苹果派(farmersdelight:apple_pie),1,工作台,苹果派切片(farmersdelight:apple_pie_slice)×4,,,,,原始,
万花筒烹饪,teapot.json,茶壶(kaleidoscope_cookery:teapot),1,工作台,铜锭(#c:ingots/copper)×6 + 桶(minecraft:bucket),,,,,原始(统一基准),
万花筒烹饪,straw_hat.json,草帽(kaleidoscope_cookery:straw_hat),1,工作台,小麦(minecraft:wheat)×4 + 线(minecraft:string),,,,,原始(统一基准),
农夫乐事,straw_bale.json,草捆(farmersdelight:straw_bale),1,工作台,草秆(farmersdelight:straw)×9,,,,,原始,
农夫乐事,straw.json,草秆(farmersdelight:straw),9,工作台,草捆(farmersdelight:straw_bale),,,,,原始,
万花筒烹饪,chopping_board.json,菜板(kaleidoscope_cookery:chopping_board),1,工作台,木压力板(#minecraft:wooden_pressure_plates)×6,,,,,原始(统一基准),
万花筒烹饪,raw_dough_steamer.json,蒸笼(kaleidoscope_cookery:steamer),1,工作台,蒸笼(kaleidoscope_cookery:steamer) + 生面团(kaleidoscope_cookery:raw_dough) + 生面团(kaleidoscope_cookery:raw_dough) + 生面团(kaleidoscope_cookery:raw_dough) + 生面团(kaleidoscope_cookery:raw_dough),,,,,原始(统一基准),
万花筒烹饪,steamer.json,蒸笼(kaleidoscope_cookery:steamer),1,工作台,竹活板门(minecraft:bamboo_trapdoor)×3 + 竹块(minecraft:bamboo_block)×3,,,,,原始(统一基准),
万花筒烹饪,stuffed_dough_food_steamer.json,蒸笼(kaleidoscope_cookery:steamer),1,工作台,蒸笼(kaleidoscope_cookery:steamer) + 裹馅面食(kaleidoscope_cookery:stuffed_dough_food) + 裹馅面食(kaleidoscope_cookery:stuffed_dough_food) + 裹馅面食(kaleidoscope_cookery:stuffed_dough_food) + 裹馅面食(kaleidoscope_cookery:stuffed_dough_food),,,,,原始(统一基准),
农夫乐事,blue_canvas_sign.json,蓝色粗布告示牌(farmersdelight:blue_canvas_sign),1,工作台,帆布告示牌(#farmersdelight:canvas_signs) + 蓝色染料(#c:dyes/blue),,,,,原始,
万花筒烹饪,strung_mushrooms.json,蘑菇串串(kaleidoscope_cookery:strung_mushrooms),1,工作台,棕色蘑菇(minecraft:brown_mushroom)×6,,,,,原始(统一基准),
农夫乐事,cake_from_milk_bottle.json,蛋糕(minecraft:cake),1,工作台,奶(#c:drinks/milk)×3 + 糖(minecraft:sugar)×2 + 蛋(#c:eggs) + 小麦(#c:crops/wheat)×3,,,,,原始,
农夫乐事,cake_from_slices.json,蛋糕(minecraft:cake),1,工作台,蛋糕切片(farmersdelight:cake_slice) + 蛋糕切片(farmersdelight:cake_slice) + 蛋糕切片(farmersdelight:cake_slice) + 蛋糕切片(farmersdelight:cake_slice) + 蛋糕切片(farmersdelight:cake_slice) + 蛋糕切片(farmersdelight:cake_slice) + 蛋糕切片(farmersdelight:cake_slice),,,,,原始,
农夫乐事,honey_cookie.json,蜂蜜曲奇(farmersdelight:honey_cookie),8,工作台,蜜瓶(minecraft:honey_bottle) + 小麦(#c:crops/wheat) + 小麦(#c:crops/wheat),,,,,原始,
农夫乐事,honey_glazed_ham_block.json,蜜汁火腿(farmersdelight:honey_glazed_ham_block),1,工作台,甜浆果(minecraft:sweet_berries) + 蜜瓶(minecraft:honey_bottle) + 甜浆果(minecraft:sweet_berries) + 甜浆果(minecraft:sweet_berries) + 烟熏火腿(farmersdelight:smoked_ham) + 甜浆果(minecraft:sweet_berries) + 米饭(kaleidoscope_cookery:cooked_rice) + 碗(minecraft:bowl) + 米饭(kaleidoscope_cookery:cooked_rice),,,,,已修改(UNITE),原料/产物已统一为万花筒物品
农夫乐事,rice_bag.json,袋装稻米(farmersdelight:rice_bag),1,工作台,稻米(kaleidoscope_cookery:rice)×9,,,,,已修改(UNITE),原料/产物已统一为万花筒物品
万花筒烹饪,stuffed_dough_food.json,裹馅面食(kaleidoscope_cookery:stuffed_dough_food),1,工作台,生肉(#c:raw_meats) + 蔬菜(#c:vegetables) + 面团(#c:dough),,,,,原始(统一基准),
农夫乐事,melon_popsicle.json,西瓜冰棍(farmersdelight:melon_popsicle),1,工作台,西瓜片(minecraft:melon_slice)×4 + 冰(minecraft:ice)×2 + 木棍(minecraft:stick),,,,,原始,
万花筒烹饪,watermelon_platter.json,西瓜拼盘(kaleidoscope_cookery:watermelon_platter),1,工作台,西瓜片(minecraft:melon_slice) + 西瓜片(minecraft:melon_slice) + 西瓜片(minecraft:melon_slice) + 碗(minecraft:bowl),,,,,原始(统一基准),
农夫乐事,melon_juice.json,西瓜汁(farmersdelight:melon_juice),1,工作台,西瓜片(minecraft:melon_slice) + 西瓜片(minecraft:melon_slice) + 糖(minecraft:sugar) + 西瓜片(minecraft:melon_slice) + 西瓜片(minecraft:melon_slice) + 玻璃瓶(minecraft:glass_bottle),,,,,原始,
万花筒烹饪,cook_stool_warped.json,诡异木厨娘凳(kaleidoscope_cookery:cook_stool_warped),1,工作台,诡异木板(minecraft:warped_planks)×5,,,,,原始(统一基准),
万花筒烹饪,chair_warped.json,诡异木椅子(kaleidoscope_cookery:chair_warped),1,工作台,诡异木栅栏(minecraft:warped_fence)×3 + 诡异木台阶(minecraft:warped_slab)×3,,,,,原始(统一基准),
农夫乐事,warped_cabinet.json,诡异木橱柜(farmersdelight:warped_cabinet),1,工作台,诡异木台阶(minecraft:warped_slab)×6 + 诡异木活板门(minecraft:warped_trapdoor)×2,,,,,原始,
万花筒烹饪,table_warped.json,诡异木餐桌(kaleidoscope_cookery:table_warped),1,工作台,诡异木台阶(minecraft:warped_slab)×3 + 诡异木栅栏(minecraft:warped_fence)×2,,,,,原始(统一基准),
万花筒烹饪,chili_ristra.json,辣椒串串(kaleidoscope_cookery:chili_ristra),1,工作台,红辣椒(kaleidoscope_cookery:red_chili)×6,,,,,原始(统一基准),
农夫乐事,golden_knife.json,金刀(farmersdelight:golden_knife),1,工作台,金锭(minecraft:gold_ingot) + 木棍(minecraft:stick),,,,,原始,
万花筒烹饪,cook_stool_acacia.json,金合欢木厨娘凳(kaleidoscope_cookery:cook_stool_acacia),1,工作台,金合欢木板(minecraft:acacia_planks)×5,,,,,原始(统一基准),
万花筒烹饪,chair_acacia.json,金合欢木椅子(kaleidoscope_cookery:chair_acacia),1,工作台,金合欢木栅栏(minecraft:acacia_fence)×3 + 金合欢木台阶(minecraft:acacia_slab)×3,,,,,原始(统一基准),
农夫乐事,acacia_cabinet.json,金合欢木橱柜(farmersdelight:acacia_cabinet),1,工作台,金合欢木台阶(minecraft:acacia_slab)×6 + 金合欢木活板门(minecraft:acacia_trapdoor)×2,,,,,原始,
万花筒烹饪,table_acacia.json,金合欢木餐桌(kaleidoscope_cookery:table_acacia),1,工作台,金合欢木台阶(minecraft:acacia_slab)×3 + 金合欢木栅栏(minecraft:acacia_fence)×2,,,,,原始(统一基准),
万花筒烹饪,gold_kitchen_knife.json,金菜刀(kaleidoscope_cookery:gold_kitchen_knife),1,工作台,金锭(#c:ingots/gold)×3 + 木棍(minecraft:stick),,,,,原始(统一基准),
农夫乐事,diamond_knife.json,钻石刀(farmersdelight:diamond_knife),1,工作台,钻石(minecraft:diamond) + 木棍(minecraft:stick),,,,,原始,
万花筒烹饪,diamond_kitchen_knife.json,钻石菜刀(kaleidoscope_cookery:diamond_kitchen_knife),1,工作台,钻石(#c:gems/diamond)×3 + 木棍(minecraft:stick),,,,,原始(统一基准),
农夫乐事,iron_knife.json,铁刀(farmersdelight:iron_knife),1,工作台,铁锭(#c:ingots/iron) + 木棍(minecraft:stick),,,,,原始,
万花筒烹饪,iron_kitchen_knife.json,铁菜刀(kaleidoscope_cookery:iron_kitchen_knife),1,工作台,铁锭(#c:ingots/iron)×3 + 木棍(minecraft:stick),,,,,原始(统一基准),
万花筒烹饪,kitchen_shovel.json,锅铲(kaleidoscope_cookery:kitchen_shovel),1,工作台,铁锭(#c:ingots/iron) + 铁粒(#c:nuggets/iron) + 木棍(minecraft:stick),,,,,原始(统一基准),
万花筒烹饪,sickle.json,镰刀(kaleidoscope_cookery:sickle),1,工作台,燧石(minecraft:flint)×3 + 线(minecraft:string) + 木棍(minecraft:stick)×2,,,,,原始(统一基准),
农夫乐事,full_tatami_mat.json,长榻榻米垫(farmersdelight:full_tatami_mat),2,工作台,榻榻米方块(farmersdelight:tatami),,,,,原始,
农夫乐事,full_tatami_mat_from_halves.json,长榻榻米垫(farmersdelight:full_tatami_mat),1,工作台,短榻榻米垫(farmersdelight:half_tatami_mat) + 短榻榻米垫(farmersdelight:half_tatami_mat),,,,,原始,
农夫乐事,gleaming_salad_block.json,闪亮沙拉(farmersdelight:gleaming_salad_block),1,工作台,发光浆果(minecraft:glow_berries) + 蜜瓶(minecraft:honey_bottle) + 发光浆果(minecraft:glow_berries) + 番茄(#c:crops/tomato) + 金胡萝卜(minecraft:golden_carrot) + 甜菜根(#c:crops/beetroot) + 卷心菜(farmersdelight:cabbage) + 碗(minecraft:bowl) + 卷心菜(farmersdelight:cabbage),,,,,原始,
农夫乐事,cyan_canvas_sign.json,青色粗布告示牌(farmersdelight:cyan_canvas_sign),1,工作台,帆布告示牌(#farmersdelight:canvas_signs) + 青色染料(#c:dyes/cyan),,,,,原始,
农夫乐事,pie_crust.json,馅饼酥皮(farmersdelight:pie_crust),1,工作台,小麦(#c:crops/wheat)×3 + 奶(#c:drinks/milk),,2,0.8,,原始,
农夫乐事,grilled_salmon.json,香烤鲑鱼(farmersdelight:grilled_salmon),1,工作台,熟鲑鱼(#c:foods/cooked_salmon) + 甜浆果(minecraft:sweet_berries) + 碗(minecraft:bowl) + 卷心菜(#c:crops/cabbage) + 洋葱(#c:crops/onion),,14,21.0,营养 3分,原始,
农夫乐事,potato_from_crate.json,马铃薯(minecraft:potato),9,工作台,箱装马铃薯(farmersdelight:potato_crate),,,,,原始,
农夫乐事,horse_feed.json,马食(farmersdelight:horse_feed),1,工作台,任选其一:[干草块(minecraft:hay_block) | 稻穗捆(farmersdelight:rice_bale)] + 苹果(minecraft:apple) + 苹果(minecraft:apple) + 金胡萝卜(minecraft:golden_carrot),,,,,原始,
农夫乐事,salmon_roll.json,鲑鱼寿司(farmersdelight:salmon_roll),2,工作台,生鲑鱼片(farmersdelight:salmon_slice) + 生鲑鱼片(farmersdelight:salmon_slice) + 米饭(kaleidoscope_cookery:cooked_rice),,7,8.4,,已修改(UNITE),原料/产物已统一为万花筒物品
农夫乐事,cod_roll.json,鳕鱼寿司(farmersdelight:cod_roll),2,工作台,生鳕鱼片(farmersdelight:cod_slice) + 生鳕鱼片(farmersdelight:cod_slice) + 米饭(kaleidoscope_cookery:cooked_rice),,7,8.4,,已修改(UNITE),原料/产物已统一为万花筒物品
农夫乐事,chicken_sandwich.json,鸡肉三明治(farmersdelight:chicken_sandwich),1,工作台,面包(#c:foods/bread) + 熟鸡肉(#c:foods/cooked_chicken) + 绿叶菜(#c:foods/leafy_green) + 胡萝卜(#c:crops/carrot),,10,16.0,,原始,
农夫乐事,lime_canvas_sign.json,黄绿色粗布告示牌(farmersdelight:lime_canvas_sign),1,工作台,帆布告示牌(#farmersdelight:canvas_signs) + 黄绿色染料(#c:dyes/lime),,,,,原始,
农夫乐事,yellow_canvas_sign.json,黄色粗布告示牌(farmersdelight:yellow_canvas_sign),1,工作台,帆布告示牌(#farmersdelight:canvas_signs) + 黄色染料(#c:dyes/yellow),,,,,原始,
万花筒烹饪,golden_salad.json,黄金沙拉(kaleidoscope_cookery:golden_salad),1,工作台,金苹果(minecraft:golden_apple) + 金苹果(minecraft:golden_apple) + 金胡萝卜(minecraft:golden_carrot) + 金胡萝卜(minecraft:golden_carrot) + 闪烁的西瓜片(minecraft:glistering_melon_slice) + 闪烁的西瓜片(minecraft:glistering_melon_slice) + 碗(minecraft:bowl),,20,22.0,抗性提升 1分40秒、生命恢复 10秒,原始(统一基准),
农夫乐事,black_canvas_sign.json,黑色粗布告示牌(farmersdelight:black_canvas_sign),1,工作台,帆布告示牌(#farmersdelight:canvas_signs) + 黑色染料(#c:dyes/black),,,,,原始,
农夫乐事,food_serving.json,{},1,厨锅(分装机制),{},,,,,原始,
农夫乐事,cooking/rabbit_stew.json,兔肉煲(minecraft:rabbit_stew),1,"厨锅(烹饪锅,置于炉灶上)",马铃薯(#c:crops/potato) + 生兔肉(minecraft:rabbit) + 胡萝卜(#c:crops/carrot) + 任选其一:[棕色蘑菇(minecraft:brown_mushroom) | 红色蘑菇(minecraft:red_mushroom)],200刻; 经验1.0,,,,原始,
农夫乐事,cooking/pumpkin_soup.json,南瓜汤(farmersdelight:pumpkin_soup),1,"厨锅(烹饪锅,置于炉灶上)",南瓜片(farmersdelight:pumpkin_slice) + 绿叶菜(#c:foods/leafy_green) + 生猪排(#c:foods/raw_pork) + 奶(#c:drinks/milk),200刻; 经验1.0,14,21.0,营养 5分,原始,
农夫乐事,cooking/cabbage_rolls.json,卷心菜卷(farmersdelight:cabbage_rolls),1,"厨锅(烹饪锅,置于炉灶上)",卷心菜(#c:crops/cabbage) + 任选其一:[生肉(#c:foods/raw_meat) | 安全生鱼(不含河豚)(#c:foods/safe_raw_fish) | 蔬菜(#c:foods/vegetable) | 蘑菇(#c:mushrooms)],100刻; 经验0.35,5,5.0,,原始,
农夫乐事,cooking/glow_berry_custard.json,发光浆果蛋奶沙司(farmersdelight:glow_berry_custard),1,"厨锅(烹饪锅,置于炉灶上)",发光浆果(minecraft:glow_berries) + 奶(#c:drinks/milk) + 蛋(#c:eggs) + 糖(minecraft:sugar),200刻; 经验1.0,7,8.4,发光 5秒,原始,
农夫乐事,cooking/stuffed_pumpkin_block.json,填馅南瓜(farmersdelight:stuffed_pumpkin_block),1,"厨锅(烹饪锅,置于炉灶上)",稻米(#c:crops/rice) + 洋葱(#c:crops/onion) + 棕色蘑菇(minecraft:brown_mushroom) + 马铃薯(#c:crops/potato) + 浆果(#c:foods/berry) + 蔬菜(#c:foods/vegetable)(除西瓜片(minecraft:melon_slice)),400刻; 经验2.0,,,,原始,
农夫乐事,cooking/bone_broth.json,大骨汤(farmersdelight:bone_broth),1,"厨锅(烹饪锅,置于炉灶上)",骨头(#c:bones) + 任选其一:[发光浆果(minecraft:glow_berries) | 蘑菇(#c:mushrooms) | 垂根(minecraft:hanging_roots) | 发光地衣(minecraft:glow_lichen)],200刻; 经验0.35,8,11.2,营养 1分,原始,
农夫乐事,cooking/onion_soup.json,洋葱汤(farmersdelight:onion_soup),1,"厨锅(烹饪锅,置于炉灶上)",洋葱(#c:crops/onion) + 洋葱(#c:crops/onion) + 面包(#c:foods/bread) + 奶(#c:drinks/milk),200刻; 经验1.0,12,19.2,营养 3分,原始,
农夫乐事,cooking/fried_rice.json,炒饭(farmersdelight:fried_rice),1,"厨锅(烹饪锅,置于炉灶上)",稻米(#c:crops/rice) + 蛋(#c:eggs) + 胡萝卜(#c:crops/carrot) + 洋葱(#c:crops/onion),200刻; 经验1.0,12,19.2,营养 3分,原始,
农夫乐事,cooking/baked_cod_stew.json,烘焙鳕鱼炖(farmersdelight:baked_cod_stew),1,"厨锅(烹饪锅,置于炉灶上)",生鳕鱼(#c:foods/raw_cod) + 马铃薯(#c:crops/potato) + 蛋(#c:eggs) + 番茄(#c:crops/tomato),200刻; 经验1.0,14,21.0,营养 5分,原始,
农夫乐事,cooking/hot_cocoa.json,热可可(farmersdelight:hot_cocoa),1,"厨锅(烹饪锅,置于炉灶上)",奶(#c:drinks/milk) + 糖(minecraft:sugar) + 可可豆(minecraft:cocoa_beans) + 可可豆(minecraft:cocoa_beans),200刻; 经验1.0,,,,原始,
农夫乐事,cooking/beef_stew.json,牛肉炖(farmersdelight:beef_stew),1,"厨锅(烹饪锅,置于炉灶上)",生牛肉(#c:foods/raw_beef) + 胡萝卜(#c:crops/carrot) + 马铃薯(#c:crops/potato),200刻; 经验1.0,12,19.2,营养 3分,原始,
农夫乐事,cooking/dog_food.json,狗粮(farmersdelight:dog_food),1,"厨锅(烹饪锅,置于炉灶上)",腐肉(minecraft:rotten_flesh) + 骨粉(minecraft:bone_meal) + 生肉(#c:foods/raw_meat) + 稻米(#c:crops/rice),200刻; 经验1.0,4,1.6,,原始,
农夫乐事,cooking/beetroot_soup.json,甜菜汤(minecraft:beetroot_soup),1,"厨锅(烹饪锅,置于炉灶上)",甜菜根(#c:crops/beetroot) + 甜菜根(#c:crops/beetroot) + 甜菜根(#c:crops/beetroot),200刻; 经验1.0,,,,原始,
农夫乐事,cooking/tomato_sauce.json,番茄酱(farmersdelight:tomato_sauce),1,"厨锅(烹饪锅,置于炉灶上)",番茄(#c:crops/tomato) + 番茄(#c:crops/tomato),100刻; 经验0.35,4,3.2,,原始,
农夫乐事,cooking/cooked_rice.json,米饭(farmersdelight:cooked_rice),1,"厨锅(烹饪锅,置于炉灶上)",稻米(#c:crops/rice),100刻; 经验0.35,6,4.8,营养 30秒,原始,
农夫乐事,cooking/pasta_with_mutton_chop.json,羊排意面(farmersdelight:pasta_with_mutton_chop),1,"厨锅(烹饪锅,置于炉灶上)",生羊肉(#c:foods/raw_mutton) + 意面(#c:foods/pasta) + 番茄酱(farmersdelight:tomato_sauce),200刻; 经验1.0,12,19.2,营养 3分,原始,
农夫乐事,cooking/pasta_with_meatballs.json,肉丸意面(farmersdelight:pasta_with_meatballs),1,"厨锅(烹饪锅,置于炉灶上)",牛肉馅(farmersdelight:minced_beef) + 意面(#c:foods/pasta) + 番茄酱(farmersdelight:tomato_sauce),200刻; 经验1.0,12,19.2,营养 3分,原始,
农夫乐事,cooking/apple_cider.json,苹果酒(farmersdelight:apple_cider),1,"厨锅(烹饪锅,置于炉灶上)",苹果(minecraft:apple) + 苹果(minecraft:apple) + 糖(minecraft:sugar),200刻; 经验1.0,,,伤害吸收 1分,原始,
农夫乐事,cooking/ratatouille.json,蔬菜杂烩(farmersdelight:ratatouille),1,"厨锅(烹饪锅,置于炉灶上)",番茄(#c:crops/tomato) + 洋葱(#c:crops/onion) + 甜菜根(#c:crops/beetroot) + 蔬菜(#c:foods/vegetable)(除西瓜片(minecraft:melon_slice)),200刻; 经验1.0,10,12.0,营养 1分,原始,
农夫乐事,cooking/vegetable_soup.json,蔬菜汤(farmersdelight:vegetable_soup),1,"厨锅(烹饪锅,置于炉灶上)",胡萝卜(#c:crops/carrot) + 马铃薯(#c:crops/potato) + 甜菜根(#c:crops/beetroot) + 绿叶菜(#c:foods/leafy_green),200刻; 经验1.0,12,19.2,营养 3分,原始,
农夫乐事,cooking/vegetable_noodles.json,蔬菜面(farmersdelight:vegetable_noodles),1,"厨锅(烹饪锅,置于炉灶上)",胡萝卜(#c:crops/carrot) + 蘑菇(#c:mushrooms) + 意面(#c:foods/pasta) + 绿叶菜(#c:foods/leafy_green) + 蔬菜(#c:foods/vegetable)(除西瓜片(minecraft:melon_slice)),200刻; 经验1.0,14,21.0,营养 5分,原始,
农夫乐事,cooking/mushroom_stew.json,蘑菇煲(minecraft:mushroom_stew),1,"厨锅(烹饪锅,置于炉灶上)",棕色蘑菇(minecraft:brown_mushroom) + 红色蘑菇(minecraft:red_mushroom),200刻; 经验1.0,,,,原始,
农夫乐事,cooking/mushroom_rice.json,蘑菇饭(farmersdelight:mushroom_rice),1,"厨锅(烹饪锅,置于炉灶上)",棕色蘑菇(minecraft:brown_mushroom) + 红色蘑菇(minecraft:red_mushroom) + 稻米(#c:crops/rice) + 任选其一:[胡萝卜(minecraft:carrot) | 马铃薯(minecraft:potato)],200刻; 经验1.0,12,19.2,营养 3分,原始,
农夫乐事,cooking/noodle_soup.json,面条汤(farmersdelight:noodle_soup),1,"厨锅(烹饪锅,置于炉灶上)",意面(#c:foods/pasta) + 蛋(#c:eggs) + 干海带(minecraft:dried_kelp) + 生猪排(#c:foods/raw_pork),200刻; 经验1.0,14,21.0,营养 5分,原始,
农夫乐事,cooking/dumplings.json,饺子(farmersdelight:dumplings),2,"厨锅(烹饪锅,置于炉灶上)",面团(#c:dough) + 卷心菜(#c:crops/cabbage) + 洋葱(#c:crops/onion) + 任选其一:[生鸡肉(#c:foods/raw_chicken) | 生猪排(#c:foods/raw_pork) | 生牛肉(#c:foods/raw_beef) | 棕色蘑菇(minecraft:brown_mushroom)],200刻; 经验1.0,8,12.8,,已修改(UNITE),原料/产物已统一为万花筒物品
农夫乐事,cooking/fish_stew.json,鱼肉炖(farmersdelight:fish_stew),1,"厨锅(烹饪锅,置于炉灶上)",安全生鱼(不含河豚)(#c:foods/safe_raw_fish) + 番茄酱(farmersdelight:tomato_sauce) + 洋葱(#c:crops/onion),200刻; 经验1.0,12,19.2,营养 3分,原始,
农夫乐事,cooking/squid_ink_pasta.json,鱿鱼墨面(farmersdelight:squid_ink_pasta),1,"厨锅(烹饪锅,置于炉灶上)",安全生鱼(不含河豚)(#c:foods/safe_raw_fish) + 意面(#c:foods/pasta) + 番茄(#c:crops/tomato) + 墨囊(minecraft:ink_sac),200刻; 经验1.0,14,21.0,营养 5分,原始,
农夫乐事,cooking/chicken_soup.json,鸡肉汤(farmersdelight:chicken_soup),1,"厨锅(烹饪锅,置于炉灶上)",生鸡肉(#c:foods/raw_chicken) + 胡萝卜(#c:crops/carrot) + 绿叶菜(#c:foods/leafy_green) + 蔬菜(#c:foods/vegetable)(除西瓜片(minecraft:melon_slice)),200刻; 经验1.0,12,19.2,营养 3分,原始,
农夫乐事,salvaging/quartz_block.json,下界石英(minecraft:quartz),4,砧板,石英块(minecraft:quartz_block),工具:镐或镐(#minecraft:pickaxes),,,,原始,
农夫乐事,salvaging/nether_bricks.json,下界砖(minecraft:nether_brick),4,砧板,下界砖块(minecraft:nether_bricks),工具:镐或镐(#minecraft:pickaxes),,,,原始,
农夫乐事,salvaging/jungle_furniture.json,丛林木板(minecraft:jungle_planks),1,砧板,任选其一:[丛林木门(minecraft:jungle_door) | 丛林木活板门(minecraft:jungle_trapdoor) | 丛林木告示牌(minecraft:jungle_sign) | 丛林木悬挂牌(minecraft:jungle_hanging_sign) | 丛林木栅栏(minecraft:jungle_fence) | 丛林木栅栏门(minecraft:jungle_fence_gate) | 丛林木压力板(minecraft:jungle_pressure_plate) | 丛林木按钮(minecraft:jungle_button) | 丛林木船(minecraft:jungle_boat) | 丛林木橱柜(farmersdelight:jungle_cabinet)],工具:斧或斧(#minecraft:axes); 掉落率75%,,,,原始,
农夫乐事,salvaging/jungle_chest_boat.json,丛林木船(minecraft:jungle_boat) + 箱子(minecraft:chest),1,砧板,丛林木储物船(minecraft:jungle_chest_boat),工具:锄或锄(#minecraft:hoes),,,,原始,
农夫乐事,salvaging/spruce_furniture.json,云杉木板(minecraft:spruce_planks),1,砧板,任选其一:[云杉木门(minecraft:spruce_door) | 云杉木活板门(minecraft:spruce_trapdoor) | 云杉木告示牌(minecraft:spruce_sign) | 云杉木悬挂牌(minecraft:spruce_hanging_sign) | 云杉木栅栏(minecraft:spruce_fence) | 云杉木栅栏门(minecraft:spruce_fence_gate) | 云杉木压力板(minecraft:spruce_pressure_plate) | 云杉木按钮(minecraft:spruce_button) | 云杉木船(minecraft:spruce_boat) | 云杉木橱柜(farmersdelight:spruce_cabinet)],工具:斧或斧(#minecraft:axes); 掉落率75%,,,,原始,
农夫乐事,salvaging/spruce_chest_boat.json,云杉木船(minecraft:spruce_boat) + 箱子(minecraft:chest),1,砧板,云杉木储物船(minecraft:spruce_chest_boat),工具:锄或锄(#minecraft:hoes),,,,原始,
农夫乐事,cutting/pumpkin_pie.json,南瓜派切片(farmersdelight:pumpkin_pie_slice),4,砧板,南瓜派(minecraft:pumpkin_pie),工具:knife_dig或刀(#c:tools/knife),,,,原始,
农夫乐事,cutting/pumpkin.json,南瓜片(farmersdelight:pumpkin_slice),4,砧板,南瓜(minecraft:pumpkin),工具:knife_dig或刀(#c:tools/knife),3,1.8,,原始,
农夫乐事,cutting/cabbage.json,卷心菜叶(farmersdelight:cabbage_leaf),2,砧板,卷心菜(farmersdelight:cabbage),工具:knife_dig或刀(#c:tools/knife),1,0.8,,原始,
农夫乐事,cutting/wild_cabbages.json,卷心菜种子(farmersdelight:cabbage_seeds) + 黄色染料(minecraft:yellow_dye),1,砧板,野生卷心菜(farmersdelight:wild_cabbages),工具:knife_dig或刀(#c:tools/knife),,,,原始,
农夫乐事,cutting/jungle_wood.json,去皮丛林木(minecraft:stripped_jungle_wood) + 树皮(farmersdelight:tree_bark),1,砧板,丛林木(minecraft:jungle_wood),工具:斧(剥皮)或斧(#minecraft:axes),,,,原始,
农夫乐事,cutting/jungle_log.json,去皮丛林木原木(minecraft:stripped_jungle_log) + 树皮(farmersdelight:tree_bark),1,砧板,丛林原木(minecraft:jungle_log),工具:斧(剥皮)或斧(#minecraft:axes),,,,原始,
农夫乐事,cutting/spruce_wood.json,去皮云杉木(minecraft:stripped_spruce_wood) + 树皮(farmersdelight:tree_bark),1,砧板,云杉木(minecraft:spruce_wood),工具:斧(剥皮)或斧(#minecraft:axes),,,,原始,
农夫乐事,cutting/spruce_log.json,去皮云杉木原木(minecraft:stripped_spruce_log) + 树皮(farmersdelight:tree_bark),1,砧板,云杉原木(minecraft:spruce_log),工具:斧(剥皮)或斧(#minecraft:axes),,,,原始,
农夫乐事,cutting/cherry_wood.json,去皮樱花木(minecraft:stripped_cherry_wood) + 树皮(farmersdelight:tree_bark),1,砧板,樱花木(minecraft:cherry_wood),工具:斧(剥皮)或斧(#minecraft:axes),,,,原始,
农夫乐事,cutting/cherry_log.json,去皮樱花木原木(minecraft:stripped_cherry_log) + 树皮(farmersdelight:tree_bark),1,砧板,樱花原木(minecraft:cherry_log),工具:斧(剥皮)或斧(#minecraft:axes),,,,原始,
农夫乐事,cutting/oak_wood.json,去皮橡木(minecraft:stripped_oak_wood) + 树皮(farmersdelight:tree_bark),1,砧板,橡木(minecraft:oak_wood),工具:斧(剥皮)或斧(#minecraft:axes),,,,原始,
农夫乐事,cutting/oak_log.json,去皮橡木原木(minecraft:stripped_oak_log) + 树皮(farmersdelight:tree_bark),1,砧板,橡木原木(minecraft:oak_log),工具:斧(剥皮)或斧(#minecraft:axes),,,,原始,
农夫乐事,cutting/dark_oak_wood.json,去皮深色橡木(minecraft:stripped_dark_oak_wood) + 树皮(farmersdelight:tree_bark),1,砧板,深色橡木(minecraft:dark_oak_wood),工具:斧(剥皮)或斧(#minecraft:axes),,,,原始,
农夫乐事,cutting/dark_oak_log.json,去皮深色橡木原木(minecraft:stripped_dark_oak_log) + 树皮(farmersdelight:tree_bark),1,砧板,深色橡木原木(minecraft:dark_oak_log),工具:斧(剥皮)或斧(#minecraft:axes),,,,原始,
农夫乐事,cutting/birch_wood.json,去皮白桦木(minecraft:stripped_birch_wood) + 树皮(farmersdelight:tree_bark),1,砧板,白桦木(minecraft:birch_wood),工具:斧(剥皮)或斧(#minecraft:axes),,,,原始,
农夫乐事,cutting/birch_log.json,去皮白桦木原木(minecraft:stripped_birch_log) + 树皮(farmersdelight:tree_bark),1,砧板,白桦原木(minecraft:birch_log),工具:斧(剥皮)或斧(#minecraft:axes),,,,原始,
农夫乐事,cutting/bamboo_block.json,去皮竹块(minecraft:stripped_bamboo_block) + 草秆(farmersdelight:straw),1,砧板,竹块(minecraft:bamboo_block),工具:斧(剥皮)或斧(#minecraft:axes),,,,原始,
农夫乐事,cutting/mangrove_wood.json,去皮红树木(minecraft:stripped_mangrove_wood) + 树皮(farmersdelight:tree_bark),1,砧板,红树木(minecraft:mangrove_wood),工具:斧(剥皮)或斧(#minecraft:axes),,,,原始,
农夫乐事,cutting/mangrove_log.json,去皮红树木原木(minecraft:stripped_mangrove_log) + 树皮(farmersdelight:tree_bark),1,砧板,红树木原木(minecraft:mangrove_log),工具:斧(剥皮)或斧(#minecraft:axes),,,,原始,
农夫乐事,cutting/crimson_stem.json,去皮绯红木菌柄(minecraft:stripped_crimson_stem) + 树皮(farmersdelight:tree_bark),1,砧板,绯红菌柄(minecraft:crimson_stem),工具:斧(剥皮)或斧(#minecraft:axes),,,,原始,
农夫乐事,cutting/crimson_hyphae.json,去皮绯红木菌核(minecraft:stripped_crimson_hyphae) + 树皮(farmersdelight:tree_bark),1,砧板,绯红菌核(minecraft:crimson_hyphae),工具:斧(剥皮)或斧(#minecraft:axes),,,,原始,
农夫乐事,cutting/warped_stem.json,去皮诡异木菌柄(minecraft:stripped_warped_stem) + 树皮(farmersdelight:tree_bark),1,砧板,诡异菌柄(minecraft:warped_stem),工具:斧(剥皮)或斧(#minecraft:axes),,,,原始,
农夫乐事,cutting/warped_hyphae.json,去皮诡异木菌核(minecraft:stripped_warped_hyphae) + 树皮(farmersdelight:tree_bark),1,砧板,诡异菌核(minecraft:warped_hyphae),工具:斧(剥皮)或斧(#minecraft:axes),,,,原始,
农夫乐事,cutting/acacia_wood.json,去皮金合欢木(minecraft:stripped_acacia_wood) + 树皮(farmersdelight:tree_bark),1,砧板,金合欢木(minecraft:acacia_wood),工具:斧(剥皮)或斧(#minecraft:axes),,,,原始,
农夫乐事,cutting/acacia_log.json,去皮金合欢木原木(minecraft:stripped_acacia_log) + 树皮(farmersdelight:tree_bark),1,砧板,金合欢原木(minecraft:acacia_log),工具:斧(剥皮)或斧(#minecraft:axes),,,,原始,
农夫乐事,cutting/allium.json,品红色染料(minecraft:magenta_dye),2,砧板,绒球葱(minecraft:allium),工具:knife_dig或刀(#c:tools/knife),,,,原始,
农夫乐事,salvaging/stone.json,圆石(minecraft:cobblestone),1,砧板,石头(minecraft:stone),工具:镐或镐(#minecraft:pickaxes),,,,原始,
农夫乐事,cutting/chocolate_pie.json,巧克力派切片(farmersdelight:chocolate_pie_slice),4,砧板,巧克力派(farmersdelight:chocolate_pie),工具:knife_dig或刀(#c:tools/knife),,,,原始,
农夫乐事,cutting/brown_mushroom_colony.json,棕色蘑菇(minecraft:brown_mushroom),5,砧板,棕色蘑菇菌落(farmersdelight:brown_mushroom_colony),工具:knife_dig或刀(#c:tools/knife),,,,原始,
农夫乐事,salvaging/cherry_furniture.json,樱花木板(minecraft:cherry_planks),1,砧板,任选其一:[樱花木门(minecraft:cherry_door) | 樱花木活板门(minecraft:cherry_trapdoor) | 樱花木告示牌(minecraft:cherry_sign) | 樱花木悬挂牌(minecraft:cherry_hanging_sign) | 樱花木栅栏(minecraft:cherry_fence) | 樱花木栅栏门(minecraft:cherry_fence_gate) | 樱花木压力板(minecraft:cherry_pressure_plate) | 樱花木按钮(minecraft:cherry_button) | 樱花木船(minecraft:cherry_boat) | 樱花木橱柜(farmersdelight:cherry_cabinet)],工具:斧或斧(#minecraft:axes); 掉落率75%,,,,原始,
农夫乐事,salvaging/cherry_chest_boat.json,樱花木船(minecraft:cherry_boat) + 箱子(minecraft:chest),1,砧板,樱花木储物船(minecraft:cherry_chest_boat),工具:锄或锄(#minecraft:hoes),,,,原始,
农夫乐事,cutting/orange_tulip.json,橙色染料(minecraft:orange_dye),2,砧板,橙色郁金香(minecraft:orange_tulip),工具:knife_dig或刀(#c:tools/knife),,,,原始,
农夫乐事,cutting/torchflower.json,橙色染料(minecraft:orange_dye),2,砧板,火把花(minecraft:torchflower),工具:knife_dig或刀(#c:tools/knife),,,,原始,
农夫乐事,salvaging/oak_furniture.json,橡木木板(minecraft:oak_planks),1,砧板,任选其一:[橡木门(minecraft:oak_door) | 橡木活板门(minecraft:oak_trapdoor) | 橡木告示牌(minecraft:oak_sign) | 橡木悬挂牌(minecraft:oak_hanging_sign) | 橡木栅栏(minecraft:oak_fence) | 橡木栅栏门(minecraft:oak_fence_gate) | 橡木压力板(minecraft:oak_pressure_plate) | 橡木按钮(minecraft:oak_button) | 橡木船(minecraft:oak_boat) | 橡木橱柜(farmersdelight:oak_cabinet)],工具:斧或斧(#minecraft:axes); 掉落率75%,,,,原始,
农夫乐事,salvaging/oak_chest_boat.json,橡木船(minecraft:oak_boat) + 箱子(minecraft:chest),1,砧板,橡木储物船(minecraft:oak_chest_boat),工具:锄或锄(#minecraft:hoes),,,,原始,
农夫乐事,cutting/wild_onions.json,洋葱(farmersdelight:onion) + 品红色染料(minecraft:magenta_dye) + 黄绿色染料(minecraft:lime_dye),1,砧板,野生洋葱(farmersdelight:wild_onions),工具:knife_dig或刀(#c:tools/knife),,,,原始,
农夫乐事,cutting/kelp_roll.json,海带寿司(farmersdelight:kelp_roll_slice),3,砧板,海带寿司卷(farmersdelight:kelp_roll),工具:knife_dig或刀(#c:tools/knife),6,6.0,,原始,
农夫乐事,cutting/azure_bluet.json,淡灰色染料(minecraft:light_gray_dye),2,砧板,蓝花美耳草(minecraft:azure_bluet),工具:knife_dig或刀(#c:tools/knife),,,,原始,
农夫乐事,cutting/oxeye_daisy.json,淡灰色染料(minecraft:light_gray_dye),2,砧板,滨菊(minecraft:oxeye_daisy),工具:knife_dig或刀(#c:tools/knife),,,,原始,
农夫乐事,cutting/white_tulip.json,淡灰色染料(minecraft:light_gray_dye),2,砧板,白色郁金香(minecraft:white_tulip),工具:knife_dig或刀(#c:tools/knife),,,,原始,
农夫乐事,cutting/blue_orchid.json,淡蓝色染料(minecraft:light_blue_dye),2,砧板,兰花(minecraft:blue_orchid),工具:knife_dig或刀(#c:tools/knife),,,,原始,
农夫乐事,salvaging/deepslate.json,深板岩圆石(minecraft:cobbled_deepslate),1,砧板,深板岩(minecraft:deepslate),工具:镐或镐(#minecraft:pickaxes),,,,原始,
农夫乐事,salvaging/dark_oak_furniture.json,深色橡木木板(minecraft:dark_oak_planks),1,砧板,任选其一:[深色橡木门(minecraft:dark_oak_door) | 深色橡木活板门(minecraft:dark_oak_trapdoor) | 深色橡木告示牌(minecraft:dark_oak_sign) | 深色橡木悬挂牌(minecraft:dark_oak_hanging_sign) | 深色橡木栅栏(minecraft:dark_oak_fence) | 深色橡木栅栏门(minecraft:dark_oak_fence_gate) | 深色橡木压力板(minecraft:dark_oak_pressure_plate) | 深色橡木按钮(minecraft:dark_oak_button) | 深色橡木船(minecraft:dark_oak_boat) | 深色橡木橱柜(farmersdelight:dark_oak_cabinet)],工具:斧或斧(#minecraft:axes); 掉落率75%,,,,原始,
农夫乐事,salvaging/dark_oak_chest_boat.json,深色橡木船(minecraft:dark_oak_boat) + 箱子(minecraft:chest),1,砧板,深色橡木储物船(minecraft:dark_oak_chest_boat),工具:锄或锄(#minecraft:hoes),,,,原始,
农夫乐事,cutting/smoked_ham.json,熟猪排(minecraft:cooked_porkchop) + 骨头(minecraft:bone),2,砧板,烟熏火腿(farmersdelight:smoked_ham),工具:knife_dig或刀(#c:tools/knife),,,,原始,
农夫乐事,cutting/cooked_salmon.json,熟鲑鱼片(farmersdelight:cooked_salmon_slice) + 骨粉(minecraft:bone_meal),2,砧板,熟鲑鱼(minecraft:cooked_salmon),工具:knife_dig或刀(#c:tools/knife),,,,原始,
农夫乐事,cutting/cooked_cod.json,熟鳕鱼片(farmersdelight:cooked_cod_slice) + 骨粉(minecraft:bone_meal),2,砧板,熟鳕鱼(minecraft:cooked_cod),工具:knife_dig或刀(#c:tools/knife),,,,原始,
农夫乐事,cutting/cooked_chicken.json,熟鸡肉丁(farmersdelight:cooked_chicken_cuts) + 骨粉(minecraft:bone_meal),2,砧板,熟鸡肉(minecraft:cooked_chicken),工具:knife_dig或刀(#c:tools/knife),,,,原始,
农夫乐事,cutting/beef.json,牛肉馅(farmersdelight:minced_beef),2,砧板,生牛肉(minecraft:beef),工具:knife_dig或刀(#c:tools/knife),2,1.2,,原始,
农夫乐事,cutting/sweet_berry_cheesecake.json,甜浆果芝士派切片(farmersdelight:sweet_berry_cheesecake_slice),4,砧板,甜浆果芝士派(farmersdelight:sweet_berry_cheesecake),工具:knife_dig或刀(#c:tools/knife),,,,原始,
农夫乐事,cutting/wild_beetroots.json,甜菜种子(minecraft:beetroot_seeds) + 红色染料(minecraft:red_dye),1,砧板,海甜菜(farmersdelight:wild_beetroots),工具:knife_dig或刀(#c:tools/knife),,,,原始,
农夫乐事,cutting/porkchop.json,生培根(farmersdelight:bacon),2,砧板,生猪排(minecraft:porkchop),工具:knife_dig或刀(#c:tools/knife),2,1.2,,原始,
农夫乐事,cutting/tag_dough.json,生意面(farmersdelight:raw_pasta),1,砧板,面团(#c:dough),工具:knife_dig或刀(#c:tools/knife),2,1.2,饥饿 30秒(30%),已修改(UNITE),原料/产物已统一为万花筒物品
农夫乐事,cutting/ham.json,生猪排(minecraft:porkchop) + 骨头(minecraft:bone),2,砧板,火腿(farmersdelight:ham),工具:knife_dig或刀(#c:tools/knife),,,,原始,
农夫乐事,cutting/salmon.json,生鲑鱼片(farmersdelight:salmon_slice) + 骨粉(minecraft:bone_meal),2,砧板,生鲑鱼(minecraft:salmon),工具:knife_dig或刀(#c:tools/knife),,,,原始,
农夫乐事,cutting/cod.json,生鳕鱼片(farmersdelight:cod_slice) + 骨粉(minecraft:bone_meal),2,砧板,生鳕鱼(minecraft:cod),工具:knife_dig或刀(#c:tools/knife),,,,原始,
农夫乐事,cutting/chicken.json,生鸡肉丁(farmersdelight:chicken_cuts) + 骨粉(minecraft:bone_meal),2,砧板,生鸡肉(minecraft:chicken),工具:knife_dig或刀(#c:tools/knife),,,,原始,
农夫乐事,cutting/wild_tomatoes.json,番茄种子(kaleidoscope_cookery:tomato_seed) + 番茄(kaleidoscope_cookery:tomato) + 绿色染料(minecraft:green_dye),1,砧板,番茄灌木(farmersdelight:wild_tomatoes),工具:刀(#c:tools/knife),,,,已修改(UNITE),原料/产物已统一为万花筒物品
农夫乐事,salvaging/birch_furniture.json,白桦木板(minecraft:birch_planks),1,砧板,任选其一:[白桦木门(minecraft:birch_door) | 白桦木活板门(minecraft:birch_trapdoor) | 白桦木告示牌(minecraft:birch_sign) | 白桦木悬挂牌(minecraft:birch_hanging_sign) | 白桦木栅栏(minecraft:birch_fence) | 白桦木栅栏门(minecraft:birch_fence_gate) | 白桦木压力板(minecraft:birch_pressure_plate) | 白桦木按钮(minecraft:birch_button) | 白桦木船(minecraft:birch_boat) | 白桦木橱柜(farmersdelight:birch_cabinet)],工具:斧或斧(#minecraft:axes); 掉落率75%,,,,原始,
农夫乐事,salvaging/birch_chest_boat.json,白桦木船(minecraft:birch_boat) + 箱子(minecraft:chest),1,砧板,白桦木储物船(minecraft:birch_chest_boat),工具:锄或锄(#minecraft:hoes),,,,原始,
农夫乐事,cutting/lily_of_the_valley.json,白色染料(minecraft:white_dye),2,砧板,铃兰(minecraft:lily_of_the_valley),工具:knife_dig或刀(#c:tools/knife),,,,原始,
农夫乐事,salvaging/leather_armor.json,皮革(minecraft:leather),1,砧板,任选其一:[皮革头盔(minecraft:leather_helmet) | 皮革胸甲(minecraft:leather_chestplate) | 皮革护腿(minecraft:leather_leggings) | 皮革靴(minecraft:leather_boots)],工具:剪刀或剪刀(#c:tools/shear),,,,原始,
农夫乐事,salvaging/leather_horse_armor.json,皮革(minecraft:leather),2,砧板,皮革马铠(minecraft:leather_horse_armor),工具:剪刀或剪刀(#c:tools/shear),,,,原始,
农夫乐事,salvaging/saddle.json,皮革(minecraft:leather) + 铁粒(minecraft:iron_nugget),2,砧板,鞍(minecraft:saddle),工具:剪刀或剪刀(#c:tools/shear),,,,原始,
农夫乐事,salvaging/tnt_minecart.json,矿车(minecraft:minecart) + TNT(minecraft:tnt),1,砧板,TNT 矿车(minecraft:tnt_minecart),工具:锄或锄(#minecraft:hoes),,,,原始,
农夫乐事,salvaging/hopper_minecart.json,矿车(minecraft:minecart) + 漏斗(minecraft:hopper),1,砧板,漏斗矿车(minecraft:hopper_minecart),工具:锄或锄(#minecraft:hoes),,,,原始,
农夫乐事,salvaging/furnace_minecart.json,矿车(minecraft:minecart) + 熔炉(minecraft:furnace),1,砧板,动力矿车(minecraft:furnace_minecart),工具:锄或锄(#minecraft:hoes),,,,原始,
农夫乐事,salvaging/chest_minecart.json,矿车(minecraft:minecart) + 箱子(minecraft:chest),1,砧板,箱子矿车(minecraft:chest_minecart),工具:锄或锄(#minecraft:hoes),,,,原始,
农夫乐事,cutting/gravel.json,砂砾(minecraft:gravel) + 燧石(minecraft:flint),1,砧板,砂砾(minecraft:gravel),工具:锹或锹(#minecraft:shovels),,,,原始,
农夫乐事,cutting/rice_panicle.json,稻米(kaleidoscope_cookery:rice) + 草秆(farmersdelight:straw),1,砧板,稻穗(kaleidoscope_cookery:rice_panicle),工具:刀(#c:tools/knife),,,,已修改(UNITE),原料/产物已统一为万花筒物品
农夫乐事,cutting/wild_rice.json,稻米(kaleidoscope_cookery:rice) + 草秆(farmersdelight:straw),1,砧板,野生稻米(farmersdelight:wild_rice),工具:刀(#c:tools/knife),,,,已修改(UNITE),原料/产物已统一为万花筒物品
农夫乐事,salvaging/bamboo_furniture.json,竹板(minecraft:bamboo_planks),1,砧板,任选其一:[竹门(minecraft:bamboo_door) | 竹活板门(minecraft:bamboo_trapdoor) | 竹告示牌(minecraft:bamboo_sign) | 竹悬挂牌(minecraft:bamboo_hanging_sign) | 竹栅栏(minecraft:bamboo_fence) | 竹栅栏门(minecraft:bamboo_fence_gate) | 竹压力板(minecraft:bamboo_pressure_plate) | 竹按钮(minecraft:bamboo_button) | 竹竹筏(minecraft:bamboo_raft) | 竹橱柜(farmersdelight:bamboo_cabinet)],工具:斧或斧(#minecraft:axes); 掉落率75%,,,,原始,
农夫乐事,salvaging/bamboo_chest_raft.json,竹竹筏(minecraft:bamboo_raft) + 箱子(minecraft:chest),1,砧板,竹储物竹筏(minecraft:bamboo_chest_raft),工具:锄或锄(#minecraft:hoes),,,,原始,
农夫乐事,cutting/pink_tulip.json,粉红色染料(minecraft:pink_dye),2,砧板,粉色郁金香(minecraft:pink_tulip),工具:knife_dig或刀(#c:tools/knife),,,,原始,
农夫乐事,cutting/wooden_basket.json,粗布(farmersdelight:canvas) + 木棍(minecraft:stick),1,砧板,木篮(farmersdelight:wooden_basket),工具:斧或斧(#minecraft:axes),,,,原始,
农夫乐事,cutting/bamboo_basket.json,粗布(farmersdelight:canvas) + 竹子(minecraft:bamboo),1,砧板,竹篮(farmersdelight:bamboo_basket),工具:斧或斧(#minecraft:axes),,,,原始,
农夫乐事,salvaging/amethyst_block.json,紫水晶碎片(minecraft:amethyst_shard),4,砧板,紫水晶块(minecraft:amethyst_block),工具:镐或镐(#minecraft:pickaxes),,,,原始,
农夫乐事,salvaging/mangrove_furniture.json,红树木板(minecraft:mangrove_planks),1,砧板,任选其一:[红树木门(minecraft:mangrove_door) | 红树木活板门(minecraft:mangrove_trapdoor) | 红树木告示牌(minecraft:mangrove_sign) | 红树木悬挂牌(minecraft:mangrove_hanging_sign) | 红树木栅栏(minecraft:mangrove_fence) | 红树木栅栏门(minecraft:mangrove_fence_gate) | 红树木压力板(minecraft:mangrove_pressure_plate) | 红树木按钮(minecraft:mangrove_button) | 红树木船(minecraft:mangrove_boat) | 红树木橱柜(farmersdelight:mangrove_cabinet)],工具:斧或斧(#minecraft:axes); 掉落率75%,,,,原始,
农夫乐事,salvaging/mangrove_chest_boat.json,红树木船(minecraft:mangrove_boat) + 箱子(minecraft:chest),1,砧板,红树木储物船(minecraft:mangrove_chest_boat),工具:锄或锄(#minecraft:hoes),,,,原始,
农夫乐事,salvaging/bricks.json,红砖(minecraft:brick),4,砧板,红砖块(minecraft:bricks),工具:镐或镐(#minecraft:pickaxes),,,,原始,
农夫乐事,cutting/poppy.json,红色染料(minecraft:red_dye),2,砧板,虞美人(minecraft:poppy),工具:knife_dig或刀(#c:tools/knife),,,,原始,
农夫乐事,cutting/red_tulip.json,红色染料(minecraft:red_dye),2,砧板,红色郁金香(minecraft:red_tulip),工具:knife_dig或刀(#c:tools/knife),,,,原始,
农夫乐事,cutting/red_mushroom_colony.json,红色蘑菇(minecraft:red_mushroom),5,砧板,红色蘑菇菌落(farmersdelight:red_mushroom_colony),工具:knife_dig或刀(#c:tools/knife),,,,原始,
农夫乐事,salvaging/crimson_furniture.json,绯红木板(minecraft:crimson_planks),1,砧板,任选其一:[绯红木门(minecraft:crimson_door) | 绯红木活板门(minecraft:crimson_trapdoor) | 绯红木告示牌(minecraft:crimson_sign) | 绯红木悬挂牌(minecraft:crimson_hanging_sign) | 绯红木栅栏(minecraft:crimson_fence) | 绯红木栅栏门(minecraft:crimson_fence_gate) | 绯红木压力板(minecraft:crimson_pressure_plate) | 绯红木按钮(minecraft:crimson_button) | 绯红木橱柜(farmersdelight:crimson_cabinet)],工具:斧或斧(#minecraft:axes); 掉落率75%,,,,原始,
农夫乐事,cutting/wild_carrots.json,胡萝卜(minecraft:carrot) + 淡灰色染料(minecraft:light_gray_dye),1,砧板,野生胡萝卜(farmersdelight:wild_carrots),工具:knife_dig或刀(#c:tools/knife),,,,原始,
农夫乐事,cutting/apple_pie.json,苹果派切片(farmersdelight:apple_pie_slice),4,砧板,苹果派(farmersdelight:apple_pie),工具:knife_dig或刀(#c:tools/knife),,,,原始,
农夫乐事,cutting/cornflower.json,蓝色染料(minecraft:blue_dye),2,砧板,矢车菊(minecraft:cornflower),工具:knife_dig或刀(#c:tools/knife),,,,原始,
农夫乐事,cutting/cake.json,蛋糕切片(farmersdelight:cake_slice),7,砧板,蛋糕(minecraft:cake),工具:knife_dig或刀(#c:tools/knife),2,0.4,速度 20秒,原始,
农夫乐事,cutting/melon.json,西瓜片(minecraft:melon_slice),9,砧板,西瓜(minecraft:melon),工具:knife_dig或刀(#c:tools/knife),,,,原始,
农夫乐事,salvaging/warped_furniture.json,诡异木板(minecraft:warped_planks),1,砧板,任选其一:[诡异木门(minecraft:warped_door) | 诡异木活板门(minecraft:warped_trapdoor) | 诡异木告示牌(minecraft:warped_sign) | 诡异木悬挂牌(minecraft:warped_hanging_sign) | 诡异木栅栏(minecraft:warped_fence) | 诡异木栅栏门(minecraft:warped_fence_gate) | 诡异木压力板(minecraft:warped_pressure_plate) | 诡异木按钮(minecraft:warped_button) | 诡异木橱柜(farmersdelight:warped_cabinet)],工具:斧或斧(#minecraft:axes); 掉落率75%,,,,原始,
农夫乐事,salvaging/acacia_furniture.json,金合欢木板(minecraft:acacia_planks),1,砧板,任选其一:[金合欢木门(minecraft:acacia_door) | 金合欢木活板门(minecraft:acacia_trapdoor) | 金合欢木告示牌(minecraft:acacia_sign) | 金合欢木悬挂牌(minecraft:acacia_hanging_sign) | 金合欢木栅栏(minecraft:acacia_fence) | 金合欢木栅栏门(minecraft:acacia_fence_gate) | 金合欢木压力板(minecraft:acacia_pressure_plate) | 金合欢木按钮(minecraft:acacia_button) | 金合欢木船(minecraft:acacia_boat) | 金合欢木橱柜(farmersdelight:acacia_cabinet)],工具:斧或斧(#minecraft:axes); 掉落率75%,,,,原始,
农夫乐事,salvaging/acacia_chest_boat.json,金合欢木船(minecraft:acacia_boat) + 箱子(minecraft:chest),1,砧板,金合欢木储物船(minecraft:acacia_chest_boat),工具:锄或锄(#minecraft:hoes),,,,原始,
农夫乐事,cutting/wild_potatoes.json,马铃薯(minecraft:potato) + 紫色染料(minecraft:purple_dye),1,砧板,野生马铃薯(farmersdelight:wild_potatoes),工具:knife_dig或刀(#c:tools/knife),,,,原始,
农夫乐事,cutting/dandelion.json,黄色染料(minecraft:yellow_dye),2,砧板,蒲公英(minecraft:dandelion),工具:knife_dig或刀(#c:tools/knife),,,,原始,
农夫乐事,cutting/clay.json,黏土球(minecraft:clay_ball),4,砧板,黏土块(minecraft:clay),工具:锹或锹(#minecraft:shovels),,,,原始,
农夫乐事,cutting/ink_sac.json,黑色染料(minecraft:black_dye),2,砧板,墨囊(minecraft:ink_sac),工具:knife_dig或刀(#c:tools/knife),,,,原始,
农夫乐事,cutting/wither_rose.json,黑色染料(minecraft:black_dye),2,砧板,凋灵玫瑰(minecraft:wither_rose),工具:knife_dig或刀(#c:tools/knife),,,,原始,
农夫乐事,fried_egg.json,煎蛋(kaleidoscope_cookery:fried_egg),1,熔炉,蛋(#c:eggs),200刻; 经验0.35,4,4.0,,已修改(UNITE),原料/产物已统一为万花筒物品
农夫乐事,cooked_bacon.json,熟培根(farmersdelight:cooked_bacon),1,熔炉,生培根(farmersdelight:bacon),200刻; 经验0.35,4,6.4,,原始,
农夫乐事,cooked_salmon_slice.json,熟鲑鱼片(farmersdelight:cooked_salmon_slice),1,熔炉,生鲑鱼片(farmersdelight:salmon_slice),200刻; 经验0.35,3,4.8,,原始,
农夫乐事,cooked_cod_slice.json,熟鳕鱼片(farmersdelight:cooked_cod_slice),1,熔炉,生鳕鱼片(farmersdelight:cod_slice),200刻; 经验0.35,3,3.0,,原始,
农夫乐事,cooked_chicken_cuts.json,熟鸡肉丁(farmersdelight:cooked_chicken_cuts),1,熔炉,生鸡肉丁(farmersdelight:chicken_cuts),200刻; 经验0.35,3,3.6,,原始,
农夫乐事,beef_patty.json,牛肉饼(farmersdelight:beef_patty),1,熔炉,牛肉馅(farmersdelight:minced_beef),200刻; 经验0.35,4,6.4,,原始,
农夫乐事,gold_nugget_from_smelting_knife.json,金粒(minecraft:gold_nugget),1,熔炉,金刀(farmersdelight:golden_knife),200刻; 经验0.1,,,,原始,
农夫乐事,iron_nugget_from_smelting_knife.json,铁粒(minecraft:iron_nugget),1,熔炉,铁刀(farmersdelight:iron_knife),200刻; 经验0.1,,,,原始,
农夫乐事,smoked_ham.json,烟熏火腿(farmersdelight:smoked_ham),1,烟熏炉,火腿(farmersdelight:ham),200刻; 经验0.35,10,16.0,,原始,
农夫乐事,fried_egg_from_smoking.json,煎蛋(kaleidoscope_cookery:fried_egg),1,烟熏炉,蛋(#c:eggs),100刻; 经验0.35,4,4.0,,已修改(UNITE),原料/产物已统一为万花筒物品
农夫乐事,cooked_bacon_from_smoking.json,熟培根(farmersdelight:cooked_bacon),1,烟熏炉,生培根(farmersdelight:bacon),100刻; 经验0.35,4,6.4,,原始,
农夫乐事,cooked_salmon_slice_from_smoking.json,熟鲑鱼片(farmersdelight:cooked_salmon_slice),1,烟熏炉,生鲑鱼片(farmersdelight:salmon_slice),100刻; 经验0.35,3,4.8,,原始,
农夫乐事,cooked_cod_slice_from_smoking.json,熟鳕鱼片(farmersdelight:cooked_cod_slice),1,烟熏炉,生鳕鱼片(farmersdelight:cod_slice),100刻; 经验0.35,3,3.0,,原始,
农夫乐事,cooked_chicken_cuts_from_smoking.json,熟鸡肉丁(farmersdelight:cooked_chicken_cuts),1,烟熏炉,生鸡肉丁(farmersdelight:chicken_cuts),100刻; 经验0.35,3,3.6,,原始,
农夫乐事,beef_patty_from_smoking.json,牛肉饼(farmersdelight:beef_patty),1,烟熏炉,牛肉馅(farmersdelight:minced_beef),100刻; 经验0.35,4,6.4,,原始,
农夫乐事,fried_egg_from_campfire_cooking.json,煎蛋(kaleidoscope_cookery:fried_egg),1,营火,蛋(#c:eggs),600刻; 经验0.35,4,4.0,,已修改(UNITE),原料/产物已统一为万花筒物品
农夫乐事,cooked_bacon_from_campfire_cooking.json,熟培根(farmersdelight:cooked_bacon),1,营火,生培根(farmersdelight:bacon),600刻; 经验0.35,4,6.4,,原始,
农夫乐事,cooked_salmon_slice_from_campfire_cooking.json,熟鲑鱼片(farmersdelight:cooked_salmon_slice),1,营火,生鲑鱼片(farmersdelight:salmon_slice),600刻; 经验0.35,3,4.8,,原始,
农夫乐事,cooked_cod_slice_from_campfire_cooking.json,熟鳕鱼片(farmersdelight:cooked_cod_slice),1,营火,生鳕鱼片(farmersdelight:cod_slice),600刻; 经验0.35,3,3.0,,原始,
农夫乐事,cooked_chicken_cuts_from_campfire_cooking.json,熟鸡肉丁(farmersdelight:cooked_chicken_cuts),1,营火,生鸡肉丁(farmersdelight:chicken_cuts),600刻; 经验0.35,3,3.6,,原始,
农夫乐事,beef_patty_from_campfire_cooking.json,牛肉饼(farmersdelight:beef_patty),1,营火,牛肉馅(farmersdelight:minced_beef),600刻; 经验0.35,4,6.4,,原始,
农夫乐事,gold_nugget_from_blasting_knife.json,金粒(minecraft:gold_nugget),1,高炉,金刀(farmersdelight:golden_knife),100刻; 经验0.1,,,,原始,
农夫乐事,iron_nugget_from_blasting_knife.json,铁粒(minecraft:iron_nugget),1,高炉,铁刀(farmersdelight:iron_knife),100刻; 经验0.1,,,,原始,
农夫乐事,netherite_knife_smithing.json,下界合金刀(farmersdelight:netherite_knife),1,锻造台,下界合金升级锻造模板(minecraft:netherite_upgrade_smithing_template) + 钻石刀(farmersdelight:diamond_knife) + 下界合金锭(minecraft:netherite_ingot),,,,,原始,
农夫乐事,integration/create/mixing/cabbage_slice_from_mixing.json,卷心菜叶(farmersdelight:cabbage_leaf),2,动力搅拌(Create),卷心菜(farmersdelight:cabbage),,1,0.8,,原始,
农夫乐事,integration/create/milling/wild_cabbages.json,卷心菜种子(farmersdelight:cabbage_seeds) + 黄色染料(minecraft:yellow_dye),1,动力磨盘(Create),野生卷心菜(farmersdelight:wild_cabbages),,,,,原始,
农夫乐事,integration/create/milling/wild_onions.json,品红色染料(minecraft:magenta_dye) + 品红色染料(minecraft:magenta_dye) + 黄绿色染料(minecraft:lime_dye),1,动力磨盘(Create),野生洋葱(farmersdelight:wild_onions),,,,,原始,
农夫乐事,integration/create/filling/chocolate_pie.json,巧克力派(farmersdelight:chocolate_pie),1,动力注液(Create),馅饼酥皮(farmersdelight:pie_crust),,,,,原始,
农夫乐事,integration/create/milling/wild_carrots.json,淡灰色染料(minecraft:light_gray_dye) + 黄绿色染料(minecraft:lime_dye),2,动力磨盘(Create),野生胡萝卜(farmersdelight:wild_carrots),,,,,原始,
农夫乐事,integration/create/milling/wild_beetroots.json,甜菜种子(minecraft:beetroot_seeds) + 红色染料(minecraft:red_dye),1,动力磨盘(Create),海甜菜(farmersdelight:wild_beetroots),,,,,原始,
农夫乐事,integration/create/milling/wild_tomatoes.json,番茄种子(kaleidoscope_cookery:tomato_seed) + 绿色染料(minecraft:green_dye),1,动力磨盘(Create),番茄灌木(farmersdelight:wild_tomatoes),,,,,已修改(UNITE),原料/产物已统一为万花筒物品
农夫乐事,integration/create/mixing/tomato_sauce_from_mixing.json,番茄酱(farmersdelight:tomato_sauce),1,动力搅拌(Create),番茄(#c:crops/tomato),,4,3.2,,原始,
农夫乐事,integration/create/milling/rice_panicle.json,稻米(kaleidoscope_cookery:rice) + 草秆(farmersdelight:straw),1,动力磨盘(Create),稻穗(kaleidoscope_cookery:rice_panicle),,,,,已修改(UNITE),原料/产物已统一为万花筒物品
农夫乐事,integration/create/milling/wild_rice.json,稻米(kaleidoscope_cookery:rice) + 草秆(farmersdelight:straw),1,动力磨盘(Create),野生稻米(farmersdelight:wild_rice),,,,,已修改(UNITE),原料/产物已统一为万花筒物品
农夫乐事,integration/create/milling/wild_potatoes.json,紫色染料(minecraft:purple_dye) + 黄绿色染料(minecraft:lime_dye),2,动力磨盘(Create),野生马铃薯(farmersdelight:wild_potatoes),,,,,原始,
农夫乐事,integration/create/mixing/pie_crust_from_mixing.json,馅饼酥皮(farmersdelight:pie_crust),1,动力搅拌(Create),面粉(Create)(create:wheat_flour),,2,0.8,,原始,
